0,Skill_1,Skill_2,Skill_3,Skill_4,Skill_5,Skill_6,Skill_7,Skill_8,Skill_9,Skill_10,Skill_11,Skill_12,Skill_13,Skill_14,Skill_15,Skill_16,Skill_17,Skill_18,Skill_19,Skill_20,Skill_21,Skill_22,Skill_23,Skill_24,Skill_25,Skill_26,Skill_27,Skill_28,Skill_29,Skill_30,Skill_31
"Creative Writing
Writing
Scriptwriting
Content Writing",Creative Writing,Writing,Scriptwriting,Content Writing,,,,,,,,,,,,,,,,,,,,,,,,,,,
"Google Analytics
PHP
MySQL
Amazon Web Services
JavaScript
API
Laravel
Magento 2",Google Analytics,PHP,MySQL,Amazon Web Services,JavaScript,API,Laravel,Magento 2,,,,,,,,,,,,,,,,,,,,,,,
"Spanish
Portuguese
Translation
English
French",Spanish,Portuguese,Translation,English,French,,,,,,,,,,,,,,,,,,,,,,,,,,
"Arabic
Voice-Over
Voice Acting",Arabic,Voice-Over,Voice Acting,,,,,,,,,,,,,,,,,,,,,,,,,,,,
"Neural Network
Python
Artificial Intelligence
Machine Learning
Natural Language Processing
Data Analysis",Neural Network,Python,Artificial Intelligence,Machine Learning,Natural Language Processing,Data Analysis,,,,,,,,,,,,,,,,,,,,,,,,,
"Typing
Data Entry
Microsoft Excel
Database
Writing
Microsoft Word",Typing,Data Entry,Microsoft Excel,Database,Writing,Microsoft Word,,,,,,,,,,,,,,,,,,,,,,,,,
"Marketing Automation
Email Marketing
Lead Generation
ActiveCampaign
Email Campaign Setup",Marketing Automation,Email Marketing,Lead Generation,ActiveCampaign,Email Campaign Setup,,,,,,,,,,,,,,,,,,,,,,,,,,
"PDF Conversion
Data Entry
PDF
Typing",PDF Conversion,Data Entry,PDF,Typing,,,,,,,,,,,,,,,,,,,,,,,,,,,
"Creative Writing
Content Writing
Scriptwriting
Copywriting
Article Writing
Writing
Screenwriting
Scripting
Blog Writing
Researcher",Creative Writing,Content Writing,Scriptwriting,Copywriting,Article Writing,Writing,Screenwriting,Scripting,Blog Writing,Researcher,,,,,,,,,,,,,,,,,,,,,
"English to Spanish Translation
Translation
English
Spanish",English to Spanish Translation,Translation,English,Spanish,,,,,,,,,,,,,,,,,,,,,,,,,,,
"English to Spanish Translation
Translation
English
Spanish",English to Spanish Translation,Translation,English,Spanish,,,,,,,,,,,,,,,,,,,,,,,,,,,
"British English Accent
Voice Acting
Narration
Female",British English Accent,Voice Acting,Narration,Female,,,,,,,,,,,,,,,,,,,,,,,,,,,
Facebook,Facebook,,,,,,,,,,,,,,,,,,,,,,,,,,,,,,
"Adobe Photoshop
Photo Retouching
Photo Editing",Adobe Photoshop,Photo Retouching,Photo Editing,,,,,,,,,,,,,,,,,,,,,,,,,,,,
"Business with 1-9 Employees
Mockup
Web Design
Adobe Illustrator
Adobe Photoshop
Infographic
Graphic Design
Minimalist
Adobe InDesign
Illustration",Business with 1-9 Employees,Mockup,Web Design,Adobe Illustrator,Adobe Photoshop,Infographic,Graphic Design,Minimalist,Adobe InDesign,Illustration,,,,,,,,,,,,,,,,,,,,,
"Instagram
Social Media Imagery
Graphic Design",Instagram,Social Media Imagery,Graphic Design,,,,,,,,,,,,,,,,,,,,,,,,,,,,
Cybersecurity Tool,Cybersecurity Tool,,,,,,,,,,,,,,,,,,,,,,,,,,,,,,
"Graphic Design
Web Design
Presentations
Logo Design",Graphic Design,Web Design,Presentations,Logo Design,,,,,,,,,,,,,,,,,,,,,,,,,,,
"Copywriting
Typing
Data Entry",Copywriting,Typing,Data Entry,,,,,,,,,,,,,,,,,,,,,,,,,,,,
"Content Writing
Creative Writing
Article Writing",Content Writing,Creative Writing,Article Writing,,,,,,,,,,,,,,,,,,,,,,,,,,,,
Lead Generation,Lead Generation,,,,,,,,,,,,,,,,,,,,,,,,,,,,,,
"Japanese
General Transcription
Japanese to English Translation
Translation",Japanese,General Transcription,Japanese to English Translation,Translation,,,,,,,,,,,,,,,,,,,,,,,,,,,
"Data Entry
PDF
PDF Conversion
Typing",Data Entry,PDF,PDF Conversion,Typing,,,,,,,,,,,,,,,,,,,,,,,,,,,
"Mockup
Wireframing",Mockup,Wireframing,,,,,,,,,,,,,,,,,,,,,,,,,,,,,
"Narrative Video
Stock Footage
Social Media Video
Documentary
Video Intro & Outro
Video Editing
Adobe Premiere Pro
Explainer Video
Education
Motion Graphics",Narrative Video,Stock Footage,Social Media Video,Documentary,Video Intro & Outro,Video Editing,Adobe Premiere Pro,Explainer Video,Education,Motion Graphics,,,,,,,,,,,,,,,,,,,,,
"Content Writing
Article Writing
Blog Writing
Researcher
Blog Content
SEO Writing
Copywriting
Writing
Article",Content Writing,Article Writing,Blog Writing,Researcher,Blog Content,SEO Writing,Copywriting,Writing,Article,,,,,,,,,,,,,,,,,,,,,,
"User Interface Design
Mobile App Design
User Experience Design
Wireframing
Interaction Design
Mockup",User Interface Design,Mobile App Design,User Experience Design,Wireframing,Interaction Design,Mockup,,,,,,,,,,,,,,,,,,,,,,,,,
"Database Development
Java
Python
Django
HTML
Web Development
JavaScript
CSS
API
Database Design",Database Development,Java,Python,Django,HTML,Web Development,JavaScript,CSS,API,Database Design,,,,,,,,,,,,,,,,,,,,,
"WordPress
PHP
JavaScript
WordPress Plugin",WordPress,PHP,JavaScript,WordPress Plugin,,,,,,,,,,,,,,,,,,,,,,,,,,,
"Video Editing
Adobe Premiere Pro
Video Production",Video Editing,Adobe Premiere Pro,Video Production,,,,,,,,,,,,,,,,,,,,,,,,,,,,
"Video Editing
Adobe Premiere Pro
Video Production",Video Editing,Adobe Premiere Pro,Video Production,,,,,,,,,,,,,,,,,,,,,,,,,,,,
"Data Entry
Typing
Microsoft Word
Microsoft Excel",Data Entry,Typing,Microsoft Word,Microsoft Excel,,,,,,,,,,,,,,,,,,,,,,,,,,,
"Data Entry
Typing
Database
Writing
Microsoft Word",Data Entry,Typing,Database,Writing,Microsoft Word,,,,,,,,,,,,,,,,,,,,,,,,,,
"Adobe Illustrator
Mobile App Design
Mobile UI Design",Adobe Illustrator,Mobile App Design,Mobile UI Design,,,,,,,,,,,,,,,,,,,,,,,,,,,,
"Content SEO
Search Engine Optimization
SEO Writing
Article
Content Writing
On-Page SEO",Content SEO,Search Engine Optimization,SEO Writing,Article,Content Writing,On-Page SEO,,,,,,,,,,,,,,,,,,,,,,,,,
"Influencer Marketing
Content Marketing
Advertising Strategy
Marketing Strategy
Marketing Analytics
Facebook
Twitter",Influencer Marketing,Content Marketing,Advertising Strategy,Marketing Strategy,Marketing Analytics,Facebook,Twitter,,,,,,,,,,,,,,,,,,,,,,,,
"Social Media Management
Social Media Marketing Strategy
Copyright
Automation",Social Media Management,Social Media Marketing Strategy,Copyright,Automation,,,,,,,,,,,,,,,,,,,,,,,,,,,
"Lead Generation
Cold Calling
Outbound Sales
Telemarketing
List Building
Italian",Lead Generation,Cold Calling,Outbound Sales,Telemarketing,List Building,Italian,,,,,,,,,,,,,,,,,,,,,,,,,
"Final Cut Pro X
Narrative Video
Digital Video
Video Editing
Adobe Premiere Pro",Final Cut Pro X,Narrative Video,Digital Video,Video Editing,Adobe Premiere Pro,,,,,,,,,,,,,,,,,,,,,,,,,,
Figma,Figma,,,,,,,,,,,,,,,,,,,,,,,,,,,,,,
"US English Dialect
Creative Writing
Content Writing
Writing",US English Dialect,Creative Writing,Content Writing,Writing,,,,,,,,,,,,,,,,,,,,,,,,,,,
"Graphic Design
Social Media Imagery
Infographic
Layout Design
Illustration
Instagram
Marketing Strategy
Comparison Infographic
Informational Infographic
Poster",Graphic Design,Social Media Imagery,Infographic,Layout Design,Illustration,Instagram,Marketing Strategy,Comparison Infographic,Informational Infographic,Poster,,,,,,,,,,,,,,,,,,,,,
"Django
Python
MySQL
JavaScript
CSS
HTML
Bootstrap
Git
Web Development
Landing Page",Django,Python,MySQL,JavaScript,CSS,HTML,Bootstrap,Git,Web Development,Landing Page,,,,,,,,,,,,,,,,,,,,,
Web Design,Web Design,,,,,,,,,,,,,,,,,,,,,,,,,,,,,,
"Amazon Web Services
API
Amazon S3
Database
AWS Lambda
MongoDB
Amazon EC2",Amazon Web Services,API,Amazon S3,Database,AWS Lambda,MongoDB,Amazon EC2,,,,,,,,,,,,,,,,,,,,,,,,
"Paid Media
Social Media Advertising
Facebook Advertising
Facebook Ads Manager
Lead Generation",Paid Media,Social Media Advertising,Facebook Advertising,Facebook Ads Manager,Lead Generation,,,,,,,,,,,,,,,,,,,,,,,,,,
iOS,iOS,,,,,,,,,,,,,,,,,,,,,,,,,,,,,,
"Microsoft SQL Server
API
Microsoft Azure
Machine Learning
Python
.NET Framework",Microsoft SQL Server,API,Microsoft Azure,Machine Learning,Python,.NET Framework,,,,,,,,,,,,,,,,,,,,,,,,,
"Video Editing
YouTube
TikTok",Video Editing,YouTube,TikTok,,,,,,,,,,,,,,,,,,,,,,,,,,,,
"Social Media Management
Instagram
Facebook
Content Writing
Pinterest
Social Media Content
Social Media Content Creation",Social Media Management,Instagram,Facebook,Content Writing,Pinterest,Social Media Content,Social Media Content Creation,,,,,,,,,,,,,,,,,,,,,,,,
"GoDaddy
Web Design
Wix
WordPress
Web Development",GoDaddy,Web Design,Wix,WordPress,Web Development,,,,,,,,,,,,,,,,,,,,,,,,,,
"Presentation Design
PPTX
Business Presentation
Pitchbook",Presentation Design,PPTX,Business Presentation,Pitchbook,,,,,,,,,,,,,,,,,,,,,,,,,,,
"Retail & Consumer Goods
Branding
Brand Research
Creative Writing
Mission Statement
Brand Positioning
Brand Naming
Marketing",Retail & Consumer Goods,Branding,Brand Research,Creative Writing,Mission Statement,Brand Positioning,Brand Naming,Marketing,,,,,,,,,,,,,,,,,,,,,,,
"three.js
WebGL
JavaScript
3D Rendering",three.js,WebGL,JavaScript,3D Rendering,,,,,,,,,,,,,,,,,,,,,,,,,,,
"Researcher
YouTube",Researcher,YouTube,,,,,,,,,,,,,,,,,,,,,,,,,,,,,
"Accounting
Bookkeeping",Accounting,Bookkeeping,,,,,,,,,,,,,,,,,,,,,,,,,,,,,
"Software Architecture & Design
API Integration",Software Architecture & Design,API Integration,,,,,,,,,,,,,,,,,,,,,,,,,,,,,
Logo Design,Logo Design,,,,,,,,,,,,,,,,,,,,,,,,,,,,,,
"Calming Tone
Narration
US English Dialect
Male
Voice-Over",Calming Tone,Narration,US English Dialect,Male,Voice-Over,,,,,,,,,,,,,,,,,,,,,,,,,,
"Twitter
Pinterest
LinkedIn
Social Media Account Setup
Social Media Management
Instagram
Facebook
Social Media Content
Social Media Content Creation",Twitter,Pinterest,LinkedIn,Social Media Account Setup,Social Media Management,Instagram,Facebook,Social Media Content,Social Media Content Creation,,,,,,,,,,,,,,,,,,,,,,
"English
Article Writing
Content Writing
Creative Writing",English,Article Writing,Content Writing,Creative Writing,,,,,,,,,,,,,,,,,,,,,,,,,,,
"Screencasting Video
Explainer Video
Video Editing
Video Production",Screencasting Video,Explainer Video,Video Editing,Video Production,,,,,,,,,,,,,,,,,,,,,,,,,,,
"English
Community Moderation
Content Moderation
Latin American English Accent
African American English Accent
Community Management",English,Community Moderation,Content Moderation,Latin American English Accent,African American English Accent,Community Management,,,,,,,,,,,,,,,,,,,,,,,,,
"Social Media Marketing
Social Media Management
Instagram
Social Media Content
LinkedIn
Social Media Content Creation
Facebook",Social Media Marketing,Social Media Management,Instagram,Social Media Content,LinkedIn,Social Media Content Creation,Facebook,,,,,,,,,,,,,,,,,,,,,,,,
"Trailer
Video Post-Editing
Video Commercial
Explainer Video
Video Production",Trailer,Video Post-Editing,Video Commercial,Explainer Video,Video Production,,,,,,,,,,,,,,,,,,,,,,,,,,
"Graphic Design
Podcast",Graphic Design,Podcast,,,,,,,,,,,,,,,,,,,,,,,,,,,,,
"US English Dialect
General Transcription
English",US English Dialect,General Transcription,English,,,,,,,,,,,,,,,,,,,,,,,,,,,,
"Translation
English to Bulgarian Translation
Subtitling",Translation,English to Bulgarian Translation,Subtitling,,,,,,,,,,,,,,,,,,,,,,,,,,,,
"Virtual Assistance
Virtual Assistant
Email Communication
Scheduling
Communications
File Management
Personal Administration
Administrative Support
Data Entry
Accounting",Virtual Assistance,Virtual Assistant,Email Communication,Scheduling,Communications,File Management,Personal Administration,Administrative Support,Data Entry,Accounting,,,,,,,,,,,,,,,,,,,,,
"Data Entry
Microsoft Excel
Microsoft Word
Administrative Support
Typing
Accuracy Verification
Database",Data Entry,Microsoft Excel,Microsoft Word,Administrative Support,Typing,Accuracy Verification,Database,,,,,,,,,,,,,,,,,,,,,,,,
"Android App Development
Android Studio
Java",Android App Development,Android Studio,Java,,,,,,,,,,,,,,,,,,,,,,,,,,,,
"Social Media Marketing
Internet Marketing
Marketing Strategy",Social Media Marketing,Internet Marketing,Marketing Strategy,,,,,,,,,,,,,,,,,,,,,,,,,,,,
"Figma
Web Design
Wireframing
Responsive Design
Mockup",Figma,Web Design,Wireframing,Responsive Design,Mockup,,,,,,,,,,,,,,,,,,,,,,,,,,
Visualization,Visualization,,,,,,,,,,,,,,,,,,,,,,,,,,,,,,
"English
Customer Service
Phone Support
Email Communication",English,Customer Service,Phone Support,Email Communication,,,,,,,,,,,,,,,,,,,,,,,,,,,
"Google Docs
Google Sheets
Zapier
Automation",Google Docs,Google Sheets,Zapier,Automation,,,,,,,,,,,,,,,,,,,,,,,,,,,
"Documentary
Scriptwriting
Content Writing
Screenwriting
Script",Documentary,Scriptwriting,Content Writing,Screenwriting,Script,,,,,,,,,,,,,,,,,,,,,,,,,,
"Community Management
Content Moderation
Community Outreach
Customer Support
Community Engagement
Community Strategy
Customer Engagement",Community Management,Content Moderation,Community Outreach,Customer Support,Community Engagement,Community Strategy,Customer Engagement,,,,,,,,,,,,,,,,,,,,,,,,
"Press Distribution
Outreach Strategy
Media Pitch
Tech & IT
Public Relations
Media Relations",Press Distribution,Outreach Strategy,Media Pitch,Tech & IT,Public Relations,Media Relations,,,,,,,,,,,,,,,,,,,,,,,,,
"Python
JavaScript",Python,JavaScript,,,,,,,,,,,,,,,,,,,,,,,,,,,,,
"Python
JavaScript",Python,JavaScript,,,,,,,,,,,,,,,,,,,,,,,,,,,,,
"Audio Conversion
Dutch
Content Writing
Audio Transcription",Audio Conversion,Dutch,Content Writing,Audio Transcription,,,,,,,,,,,,,,,,,,,,,,,,,,,
"Web Design
Adobe Illustrator
User Experience Design
Software Design
User Interface Design
Graphic Design",Web Design,Adobe Illustrator,User Experience Design,Software Design,User Interface Design,Graphic Design,,,,,,,,,,,,,,,,,,,,,,,,,
"Data Entry
German",Data Entry,German,,,,,,,,,,,,,,,,,,,,,,,,,,,,,
"Data Entry
Typing
Microsoft Word
Accuracy Verification
Photo Editing",Data Entry,Typing,Microsoft Word,Accuracy Verification,Photo Editing,,,,,,,,,,,,,,,,,,,,,,,,,,
"Email Communication
Communications
Virtual Assistant
Social Media Marketing
Researcher",Email Communication,Communications,Virtual Assistant,Social Media Marketing,Researcher,,,,,,,,,,,,,,,,,,,,,,,,,,
"Social Media Marketing
Virtual Assistant
Social Media Management
Social Media Content Creation
Social Media Advertising",Social Media Marketing,Virtual Assistant,Social Media Management,Social Media Content Creation,Social Media Advertising,,,,,,,,,,,,,,,,,,,,,,,,,,
"Graphic Design
Streaming Graphics Design
Twitch
Twitch Interactive, Inc.
Overlay Design
Overlay Integration
Live Streaming Setup
Live Stream Customization
OBS Studio",Graphic Design,Streaming Graphics Design,Twitch,"Twitch Interactive, Inc.",Overlay Design,Overlay Integration,Live Streaming Setup,Live Stream Customization,OBS Studio,,,,,,,,,,,,,,,,,,,,,,
"Social Media Marketing
Instagram
Facebook
Social Media Content
Social Media Content Creation
Social Media Advertising",Social Media Marketing,Instagram,Facebook,Social Media Content,Social Media Content Creation,Social Media Advertising,,,,,,,,,,,,,,,,,,,,,,,,,
"Logo Design
Graphic Design
Layout Design",Logo Design,Graphic Design,Layout Design,,,,,,,,,,,,,,,,,,,,,,,,,,,,
"Logo Design
Graphic Design
Layout Design",Logo Design,Graphic Design,Layout Design,,,,,,,,,,,,,,,,,,,,,,,,,,,,
"English
Grammar
Pattern Recognition
Computer Basics",English,Grammar,Pattern Recognition,Computer Basics,,,,,,,,,,,,,,,,,,,,,,,,,,,
Content Creation,Content Creation,,,,,,,,,,,,,,,,,,,,,,,,,,,,,,
"Banner Ad Design
Cover Art Design
Logo Design
Art & Design
Logo Designer
Graphic Designer
Adobe Illustrator
Adobe Photoshop
Procreate
Graphic Design",Banner Ad Design,Cover Art Design,Logo Design,Art & Design,Logo Designer,Graphic Designer,Adobe Illustrator,Adobe Photoshop,Procreate,Graphic Design,,,,,,,,,,,,,,,,,,,,,
"German
Proofreading
Voice Recording
Audio Transcription",German,Proofreading,Voice Recording,Audio Transcription,,,,,,,,,,,,,,,,,,,,,,,,,,,
"Character Design
Illustration
Anime",Character Design,Illustration,Anime,,,,,,,,,,,,,,,,,,,,,,,,,,,,
"Music Video
Social Media Video
Travel Video
Color Grading
Audio Editing
Compositing
Highlighting Effects
Video Editing
Final Cut Pro X
Video Post-Editing",Music Video,Social Media Video,Travel Video,Color Grading,Audio Editing,Compositing,Highlighting Effects,Video Editing,Final Cut Pro X,Video Post-Editing,,,,,,,,,,,,,,,,,,,,,
"Data Entry
Instagram
Social Media Marketing",Data Entry,Instagram,Social Media Marketing,,,,,,,,,,,,,,,,,,,,,,,,,,,,
"Sketching
Drawing
Character Design
Playful Tone
Minimalist
Illustration",Sketching,Drawing,Character Design,Playful Tone,Minimalist,Illustration,,,,,,,,,,,,,,,,,,,,,,,,,
"Hybrid App Development
React Native
Node.js
Redux
React
JavaScript
TypeScript
Firebase
HTML5",Hybrid App Development,React Native,Node.js,Redux,React,JavaScript,TypeScript,Firebase,HTML5,,,,,,,,,,,,,,,,,,,,,,
"Hybrid App Development
React Native
Node.js
Redux
React
JavaScript
TypeScript
Firebase
HTML5",Hybrid App Development,React Native,Node.js,Redux,React,JavaScript,TypeScript,Firebase,HTML5,,,,,,,,,,,,,,,,,,,,,,
"Data Entry
Content Writing
Microsoft Word
PDF Conversion
Writing
Typing
Copywriting
English",Data Entry,Content Writing,Microsoft Word,PDF Conversion,Writing,Typing,Copywriting,English,,,,,,,,,,,,,,,,,,,,,,,
"CFD Analysis
Finite Element Analysis
Computational Fluid Dynamics",CFD Analysis,Finite Element Analysis,Computational Fluid Dynamics,,,,,,,,,,,,,,,,,,,,,,,,,,,,
Photography,Photography,,,,,,,,,,,,,,,,,,,,,,,,,,,,,,
"Corporate Video
Demo Video
Video Editing
Video Production
Explainer Video
2D Animation
Motion Graphics
Video Commercial",Corporate Video,Demo Video,Video Editing,Video Production,Explainer Video,2D Animation,Motion Graphics,Video Commercial,,,,,,,,,,,,,,,,,,,,,,,
"VMWare
Virtualization
Citrix
VMware ESX Server",VMWare,Virtualization,Citrix,VMware ESX Server,,,,,,,,,,,,,,,,,,,,,,,,,,,
"Photo Editing
Adobe Photoshop
Photo Retouching
Image Editing
Graphic Design",Photo Editing,Adobe Photoshop,Photo Retouching,Image Editing,Graphic Design,,,,,,,,,,,,,,,,,,,,,,,,,,
"Bot Development
Reddit Marketing",Bot Development,Reddit Marketing,,,,,,,,,,,,,,,,,,,,,,,,,,,,,
"Social Media Marketing
Content Writing
Content Creation
Social Media Content",Social Media Marketing,Content Writing,Content Creation,Social Media Content,,,,,,,,,,,,,,,,,,,,,,,,,,,
"Virtualization
Ubuntu
Network Administration
Linux System Administration",Virtualization,Ubuntu,Network Administration,Linux System Administration,,,,,,,,,,,,,,,,,,,,,,,,,,,
"Adobe Photoshop
Logo Design
Graphic Design
Photo Editing
Image Editing",Adobe Photoshop,Logo Design,Graphic Design,Photo Editing,Image Editing,,,,,,,,,,,,,,,,,,,,,,,,,,
"Sales
Relationship Management
Lead Generation
Cold Calling
Telemarketing
Virtual Assistant
Customer Service
Scheduling
Communications
Marketing Strategy",Sales,Relationship Management,Lead Generation,Cold Calling,Telemarketing,Virtual Assistant,Customer Service,Scheduling,Communications,Marketing Strategy,,,,,,,,,,,,,,,,,,,,,
"Virtual Assistant
Instagram",Virtual Assistant,Instagram,,,,,,,,,,,,,,,,,,,,,,,,,,,,,
"Article
Press Release
Travel & Hospitality
SEO Backlinking
Public Relations
Content Writing",Article,Press Release,Travel & Hospitality,SEO Backlinking,Public Relations,Content Writing,,,,,,,,,,,,,,,,,,,,,,,,,
"Residential Design
Interior Design
SketchUp
3D Design
3D Rendering",Residential Design,Interior Design,SketchUp,3D Design,3D Rendering,,,,,,,,,,,,,,,,,,,,,,,,,,
"Customer Relationship Management
API Integration
Web Development
Web Application",Customer Relationship Management,API Integration,Web Development,Web Application,,,,,,,,,,,,,,,,,,,,,,,,,,,
"Social Media Marketing
Marketing Strategy
Copywriting
Creative Direction
Creative Writing
Creative Strategy
Ad Creative
Scriptwriting
Research & Strategy",Social Media Marketing,Marketing Strategy,Copywriting,Creative Direction,Creative Writing,Creative Strategy,Ad Creative,Scriptwriting,Research & Strategy,,,,,,,,,,,,,,,,,,,,,,
"Python
Blender",Python,Blender,,,,,,,,,,,,,,,,,,,,,,,,,,,,,
"TikTok Ad
TikTok Marketing
Social Media Marketing",TikTok Ad,TikTok Marketing,Social Media Marketing,,,,,,,,,,,,,,,,,,,,,,,,,,,,
"Web Design
Web Development
WordPress",Web Design,Web Development,WordPress,,,,,,,,,,,,,,,,,,,,,,,,,,,,
"Data Entry
Accuracy Verification
English
Typing
Microsoft Word",Data Entry,Accuracy Verification,English,Typing,Microsoft Word,,,,,,,,,,,,,,,,,,,,,,,,,,
"Usability Testing
Mobile App Testing
iOS
Swift
iOS Development
Apple Xcode
Apple Watch
Apple Watch Application
Smartphone",Usability Testing,Mobile App Testing,iOS,Swift,iOS Development,Apple Xcode,Apple Watch,Apple Watch Application,Smartphone,,,,,,,,,,,,,,,,,,,,,,
"Information Security
Vulnerability Assessment
Security Analysis
Academic Writing
Risk Management",Information Security,Vulnerability Assessment,Security Analysis,Academic Writing,Risk Management,,,,,,,,,,,,,,,,,,,,,,,,,,
"Forex Trading
Financial Analysis
MetaTrader 4
Investment Strategy
MQL 4
Financial Projection",Forex Trading,Financial Analysis,MetaTrader 4,Investment Strategy,MQL 4,Financial Projection,,,,,,,,,,,,,,,,,,,,,,,,,
"On-Page SEO
Content SEO
Government & Public Sector
Search Engine Optimization
Organic Traffic Growth
Google Analytics
Marketing
Web Design
Conversion Rate Optimization
Storytelling",On-Page SEO,Content SEO,Government & Public Sector,Search Engine Optimization,Organic Traffic Growth,Google Analytics,Marketing,Web Design,Conversion Rate Optimization,Storytelling,,,,,,,,,,,,,,,,,,,,,
"User Flow
Web Development
Web Design
WordPress
CSS
JavaScript
PHP
HTML
Graphic Design
HTML5",User Flow,Web Development,Web Design,WordPress,CSS,JavaScript,PHP,HTML,Graphic Design,HTML5,,,,,,,,,,,,,,,,,,,,,
"Social Media Content
Social Media Management
Social Media Marketing
Social Media Content Creation",Social Media Content,Social Media Management,Social Media Marketing,Social Media Content Creation,,,,,,,,,,,,,,,,,,,,,,,,,,,
"Swift
iOS Development",Swift,iOS Development,,,,,,,,,,,,,,,,,,,,,,,,,,,,,
"Search Engine Optimization
Local SEO",Search Engine Optimization,Local SEO,,,,,,,,,,,,,,,,,,,,,,,,,,,,,
"Lead Generation Analysis
Media & Entertainment
Lead Generation
Prospect List
Market Research
Data Entry
Prospect Research",Lead Generation Analysis,Media & Entertainment,Lead Generation,Prospect List,Market Research,Data Entry,Prospect Research,,,,,,,,,,,,,,,,,,,,,,,,
"Web Application
Database Development
Website Redesign
WordPress",Web Application,Database Development,Website Redesign,WordPress,,,,,,,,,,,,,,,,,,,,,,,,,,,
"JavaScript
Landing Page
Style Guide
Adobe XD
Figma
Web Design
HTML
CSS",JavaScript,Landing Page,Style Guide,Adobe XD,Figma,Web Design,HTML,CSS,,,,,,,,,,,,,,,,,,,,,,,
"Market Analysis
Market Research
Competitive Analysis
Audience Segmentation & Targeting",Market Analysis,Market Research,Competitive Analysis,Audience Segmentation & Targeting,,,,,,,,,,,,,,,,,,,,,,,,,,,
"Label & Package Design
Organic & Natural Style
Layout Design
Minimalist
Product Design
Covers & Packaging",Label & Package Design,Organic & Natural Style,Layout Design,Minimalist,Product Design,Covers & Packaging,,,,,,,,,,,,,,,,,,,,,,,,,
Video Production,Video Production,,,,,,,,,,,,,,,,,,,,,,,,,,,,,,
"Data Visualization
Data Analysis
Microsoft Excel",Data Visualization,Data Analysis,Microsoft Excel,,,,,,,,,,,,,,,,,,,,,,,,,,,,
"Landing Page
Front-End Development
Responsive Design
HubSpot
HTML
CSS
HTML5
Web Design
Web Development",Landing Page,Front-End Development,Responsive Design,HubSpot,HTML,CSS,HTML5,Web Design,Web Development,,,,,,,,,,,,,,,,,,,,,,
"Audience Research
Campaign Management
Facebook
Facebook Advertising
Social Media Marketing
Instagram
Social Media Advertising
Retargeting
Social Media Management
Conversion Rate Optimization",Audience Research,Campaign Management,Facebook,Facebook Advertising,Social Media Marketing,Instagram,Social Media Advertising,Retargeting,Social Media Management,Conversion Rate Optimization,,,,,,,,,,,,,,,,,,,,,
Ansible,Ansible,,,,,,,,,,,,,,,,,,,,,,,,,,,,,,
"Website Migration
WordPress
WooCommerce
PHP
Virus Removal
Security Analysis
CSS
MySQL
WordPress Plugin
Domain Migration",Website Migration,WordPress,WooCommerce,PHP,Virus Removal,Security Analysis,CSS,MySQL,WordPress Plugin,Domain Migration,,,,,,,,,,,,,,,,,,,,,
"ClickFunnels
Lead Generation
Marketing Strategy
Copywriting
Facebook
Webinar Jam",ClickFunnels,Lead Generation,Marketing Strategy,Copywriting,Facebook,Webinar Jam,,,,,,,,,,,,,,,,,,,,,,,,,
"Action
Adventure
Science Fiction
Scriptwriting
Scripting
Writing
Creative Writing
Content Writing
Script",Action,Adventure,Science Fiction,Scriptwriting,Scripting,Writing,Creative Writing,Content Writing,Script,,,,,,,,,,,,,,,,,,,,,,
Affiliate Marketing,Affiliate Marketing,,,,,,,,,,,,,,,,,,,,,,,,,,,,,,
"Unreal Engine
C++",Unreal Engine,C++,,,,,,,,,,,,,,,,,,,,,,,,,,,,,
"2D Design
3D Design
Autodesk AutoCAD",2D Design,3D Design,Autodesk AutoCAD,,,,,,,,,,,,,,,,,,,,,,,,,,,,
"Customer Service
Data Entry
Relationship Management",Customer Service,Data Entry,Relationship Management,,,,,,,,,,,,,,,,,,,,,,,,,,,,
Python,Python,,,,,,,,,,,,,,,,,,,,,,,,,,,,,,
"Social Media Content Creation
Campaign Management
Audience Research
Social Media Marketing Strategy
Facebook
Instagram
Social Media Marketing
Social Media Advertising
Facebook Advertising
Social Media Management",Social Media Content Creation,Campaign Management,Audience Research,Social Media Marketing Strategy,Facebook,Instagram,Social Media Marketing,Social Media Advertising,Facebook Advertising,Social Media Management,,,,,,,,,,,,,,,,,,,,,
"Video Commercial
Graphic Design
Motion Graphics
Adobe After Effects",Video Commercial,Graphic Design,Motion Graphics,Adobe After Effects,,,,,,,,,,,,,,,,,,,,,,,,,,,
"Business with 1-9 Employees
Shopify
Flowchart",Business with 1-9 Employees,Shopify,Flowchart,,,,,,,,,,,,,,,,,,,,,,,,,,,,
"Data Cleansing
Lead Generation Analysis
Researcher
Lead Generation
List Building
Prospect List
Data Entry
Web Scraping
Data Scraping",Data Cleansing,Lead Generation Analysis,Researcher,Lead Generation,List Building,Prospect List,Data Entry,Web Scraping,Data Scraping,,,,,,,,,,,,,,,,,,,,,,
PostgreSQL,PostgreSQL,,,,,,,,,,,,,,,,,,,,,,,,,,,,,,
"Graduate School
Adult Education
Basic Fluency
Conversational
Fluent
Native
French English Accent
Translation
French
Voice-Over",Graduate School,Adult Education,Basic Fluency,Conversational,Fluent,Native,French English Accent,Translation,French,Voice-Over,,,,,,,,,,,,,,,,,,,,,
"Near-Native
Native
English
French
Website Localization
Marketing
Copywriting
Transcreation",Near-Native,Native,English,French,Website Localization,Marketing,Copywriting,Transcreation,,,,,,,,,,,,,,,,,,,,,,,
"Unity
C#
WebGL",Unity,C#,WebGL,,,,,,,,,,,,,,,,,,,,,,,,,,,,
"Google Ads
Google Analytics
Search Engine Marketing
PPC Campaign Setup & Management",Google Ads,Google Analytics,Search Engine Marketing,PPC Campaign Setup & Management,,,,,,,,,,,,,,,,,,,,,,,,,,,
"Mobile Advertising
Display Ad
Product Listing Ad
Retail & Consumer Goods
Facebook
Facebook Advertising
Social Media Marketing
Retargeting
Social Media Advertising
Instagram",Mobile Advertising,Display Ad,Product Listing Ad,Retail & Consumer Goods,Facebook,Facebook Advertising,Social Media Marketing,Retargeting,Social Media Advertising,Instagram,,,,,,,,,,,,,,,,,,,,,
"React Native
JavaScript
Android
iOS
Mobile App Development",React Native,JavaScript,Android,iOS,Mobile App Development,,,,,,,,,,,,,,,,,,,,,,,,,,
"Presentation Design
Graphic Design
Illustration
Animation
Elearning Design",Presentation Design,Graphic Design,Illustration,Animation,Elearning Design,,,,,,,,,,,,,,,,,,,,,,,,,,
"Photo Editing
Photo Manipulation",Photo Editing,Photo Manipulation,,,,,,,,,,,,,,,,,,,,,,,,,,,,,
"Urdu
English to Urdu Translation
Urdu to English Translation
Translation",Urdu,English to Urdu Translation,Urdu to English Translation,Translation,,,,,,,,,,,,,,,,,,,,,,,,,,,
"HubSpot
Web Development
HTML
Web Design
CSS
JavaScript
Website",HubSpot,Web Development,HTML,Web Design,CSS,JavaScript,Website,,,,,,,,,,,,,,,,,,,,,,,,
"Photography
Digital Photography",Photography,Digital Photography,,,,,,,,,,,,,,,,,,,,,,,,,,,,,
NodeJS Framework,NodeJS Framework,,,,,,,,,,,,,,,,,,,,,,,,,,,,,,
"Unity
Virtual Reality
C#",Unity,Virtual Reality,C#,,,,,,,,,,,,,,,,,,,,,,,,,,,,
"React Native
iOS
Android
iOS Development
Mobile App Development
Android App Development
Redux
Social Media Account Integration",React Native,iOS,Android,iOS Development,Mobile App Development,Android App Development,Redux,Social Media Account Integration,,,,,,,,,,,,,,,,,,,,,,,
"Adobe InDesign
Graphic Design
Adobe Illustrator
Pitchbook
Layout Design
Business Presentation",Adobe InDesign,Graphic Design,Adobe Illustrator,Pitchbook,Layout Design,Business Presentation,,,,,,,,,,,,,,,,,,,,,,,,,
"Phone Support
German
Virtual Assistant",Phone Support,German,Virtual Assistant,,,,,,,,,,,,,,,,,,,,,,,,,,,,
"Webflow
SEO Setup & Configuration
Mixpanel
Web Development
Web Design
Adobe Photoshop
HTML5
Sketch
Firebase
CSS",Webflow,SEO Setup & Configuration,Mixpanel,Web Development,Web Design,Adobe Photoshop,HTML5,Sketch,Firebase,CSS,,,,,,,,,,,,,,,,,,,,,
Video Production,Video Production,,,,,,,,,,,,,,,,,,,,,,,,,,,,,,
"Web Design
Web Development
Brand Identity & Guidelines",Web Design,Web Development,Brand Identity & Guidelines,,,,,,,,,,,,,,,,,,,,,,,,,,,,
"Web Design
WordPress
Graphic Design
Adobe Photoshop
Commercial Design
Interior Design
Visual Communication
Information Architecture
Social Media Imagery",Web Design,WordPress,Graphic Design,Adobe Photoshop,Commercial Design,Interior Design,Visual Communication,Information Architecture,Social Media Imagery,,,,,,,,,,,,,,,,,,,,,,
"Data Entry
Microsoft Excel
Microsoft Word
Administrative Support
Marketing Strategy
Accuracy Verification
Google Docs
Database",Data Entry,Microsoft Excel,Microsoft Word,Administrative Support,Marketing Strategy,Accuracy Verification,Google Docs,Database,,,,,,,,,,,,,,,,,,,,,,,
"Figma
Prototyping
User Flow
Wireframing",Figma,Prototyping,User Flow,Wireframing,,,,,,,,,,,,,,,,,,,,,,,,,,,
Pinterest Ads Manager,Pinterest Ads Manager,,,,,,,,,,,,,,,,,,,,,,,,,,,,,,
"Qualitative Research
Dropshipping
Market Research
AliExpress
Product Research
Dropshipping Product Researcher",Qualitative Research,Dropshipping,Market Research,AliExpress,Product Research,Dropshipping Product Researcher,,,,,,,,,,,,,,,,,,,,,,,,,
"Graphic Design
Web Design
Adobe Photoshop
Web Development
HTML5
Photo Manipulation
User Flow",Graphic Design,Web Design,Adobe Photoshop,Web Development,HTML5,Photo Manipulation,User Flow,,,,,,,,,,,,,,,,,,,,,,,,
"Project Management
Event Management
Communications
Event Planning
Internal Communications",Project Management,Event Management,Communications,Event Planning,Internal Communications,,,,,,,,,,,,,,,,,,,,,,,,,,
"Image Editing
Photo Editing
Graphic Design",Image Editing,Photo Editing,Graphic Design,,,,,,,,,,,,,,,,,,,,,,,,,,,,
"SQL
JavaScript
HTML
CSS
Web Development
WordPress
Spanish
Bilingual Education",SQL,JavaScript,HTML,CSS,Web Development,WordPress,Spanish,Bilingual Education,,,,,,,,,,,,,,,,,,,,,,,
"Adobe After Effects
Graphic Design
Animation
Illustration
Lottie
Webflow Expert
Motion Graphics",Adobe After Effects,Graphic Design,Animation,Illustration,Lottie,Webflow Expert,Motion Graphics,,,,,,,,,,,,,,,,,,,,,,,,
"Data Entry
Typing
Microsoft Word
Accuracy Verification",Data Entry,Typing,Microsoft Word,Accuracy Verification,,,,,,,,,,,,,,,,,,,,,,,,,,,
"Shopify Templates
Shopify
Ecommerce Platform Development
Shopify Apps
Shopify Theme
Ecommerce",Shopify Templates,Shopify,Ecommerce Platform Development,Shopify Apps,Shopify Theme,Ecommerce,,,,,,,,,,,,,,,,,,,,,,,,,
"React
JavaScript
Web Development",React,JavaScript,Web Development,,,,,,,,,,,,,,,,,,,,,,,,,,,,
"Hybrid App Development
Dart
Flutter
iOS
Hybrid App",Hybrid App Development,Dart,Flutter,iOS,Hybrid App,,,,,,,,,,,,,,,,,,,,,,,,,,
"Affiliate Marketing
Researcher
Marketing Strategy
Sales
Internet Marketing",Affiliate Marketing,Researcher,Marketing Strategy,Sales,Internet Marketing,,,,,,,,,,,,,,,,,,,,,,,,,,
"Smartphone
Hybrid App Development
Business with 1-9 Employees
User Authentication
User Profile Creation
Social Media Account Integration
Map Integration
Location-Based Service
TypeScript
styled-components",Smartphone,Hybrid App Development,Business with 1-9 Employees,User Authentication,User Profile Creation,Social Media Account Integration,Map Integration,Location-Based Service,TypeScript,styled-components,,,,,,,,,,,,,,,,,,,,,
"Figma
User Interface Design
Wireframing
User Experience Design
Web Design
Web3
Responsive Design
User Flow
Prototyping
Pitch Deck",Figma,User Interface Design,Wireframing,User Experience Design,Web Design,Web3,Responsive Design,User Flow,Prototyping,Pitch Deck,,,,,,,,,,,,,,,,,,,,,
"Web Development
Shopify
WordPress
Web Design
CSS
JavaScript",Web Development,Shopify,WordPress,Web Design,CSS,JavaScript,,,,,,,,,,,,,,,,,,,,,,,,,
"Architectural Design
3D Design
2D Design & Drawings",Architectural Design,3D Design,2D Design & Drawings,,,,,,,,,,,,,,,,,,,,,,,,,,,,
"Accuracy Verification
Computer Skills
Typing
Time Management
Critical Thinking Skills
Virtual Assistant",Accuracy Verification,Computer Skills,Typing,Time Management,Critical Thinking Skills,Virtual Assistant,,,,,,,,,,,,,,,,,,,,,,,,,
"Extreme Networks
Cisco Meraki
Cisco Prime
Network Administration
Network Equipment
Computer Network
Virtual LAN
System Administration
Network Security
Cisco Certified Network Professional",Extreme Networks,Cisco Meraki,Cisco Prime,Network Administration,Network Equipment,Computer Network,Virtual LAN,System Administration,Network Security,Cisco Certified Network Professional,,,,,,,,,,,,,,,,,,,,,
"French
Translation
SEO Writing
Blog Content
Article
Ghostwriting
Editor",French,Translation,SEO Writing,Blog Content,Article,Ghostwriting,Editor,,,,,,,,,,,,,,,,,,,,,,,,
"Architectural Design
Architectural Framework",Architectural Design,Architectural Framework,,,,,,,,,,,,,,,,,,,,,,,,,,,,,
"Fashion & Beauty
Organic Traffic Growth
Search Engine Optimization
SEO Keyword Research
SEO Performance
SEO Backlinking",Fashion & Beauty,Organic Traffic Growth,Search Engine Optimization,SEO Keyword Research,SEO Performance,SEO Backlinking,,,,,,,,,,,,,,,,,,,,,,,,,
"Data Entry
Accuracy Verification
Typing
Microsoft Excel
Microsoft Word",Data Entry,Accuracy Verification,Typing,Microsoft Excel,Microsoft Word,,,,,,,,,,,,,,,,,,,,,,,,,,
"Marketing Strategy
Social Media Marketing
Lead Generation
Business with 1-9 Employees
Internet Marketing",Marketing Strategy,Social Media Marketing,Lead Generation,Business with 1-9 Employees,Internet Marketing,,,,,,,,,,,,,,,,,,,,,,,,,,
"RESTful API
Microsoft SharePoint Development",RESTful API,Microsoft SharePoint Development,,,,,,,,,,,,,,,,,,,,,,,,,,,,,
"Calligraphy
Graphic Design
Adobe Photoshop",Calligraphy,Graphic Design,Adobe Photoshop,,,,,,,,,,,,,,,,,,,,,,,,,,,,
"Brand Identity & Guidelines
Banner Ad Design
Adobe Photoshop
Graphic Design",Brand Identity & Guidelines,Banner Ad Design,Adobe Photoshop,Graphic Design,,,,,,,,,,,,,,,,,,,,,,,,,,,
"Data Scraping
Data Mining
Web Crawling
Automation",Data Scraping,Data Mining,Web Crawling,Automation,,,,,,,,,,,,,,,,,,,,,,,,,,,
"Video Commercial
Videography
Video Production
Acting",Video Commercial,Videography,Video Production,Acting,,,,,,,,,,,,,,,,,,,,,,,,,,,
"Banner Ad Design
Logo Design
Web Design
Brochure Design
Canva
Instructure CANVAS",Banner Ad Design,Logo Design,Web Design,Brochure Design,Canva,Instructure CANVAS,,,,,,,,,,,,,,,,,,,,,,,,,
"Content SEO
Google Analytics
Google Ads
WordPress SEO Plugins
Google Trends
Organic Traffic Growth
SEO Backlinking
SEO Keyword Research
Search Engine Optimization
SEO Performance",Content SEO,Google Analytics,Google Ads,WordPress SEO Plugins,Google Trends,Organic Traffic Growth,SEO Backlinking,SEO Keyword Research,Search Engine Optimization,SEO Performance,,,,,,,,,,,,,,,,,,,,,
"Microsoft Azure
Business with 1-9 Employees
Kubernetes
DevOps
Amazon Web Services
Google Cloud Platform
Oracle Cloud",Microsoft Azure,Business with 1-9 Employees,Kubernetes,DevOps,Amazon Web Services,Google Cloud Platform,Oracle Cloud,,,,,,,,,,,,,,,,,,,,,,,,
"Web Design
Web Development",Web Design,Web Development,,,,,,,,,,,,,,,,,,,,,,,,,,,,,
"WordPress
PHP",WordPress,PHP,,,,,,,,,,,,,,,,,,,,,,,,,,,,,
"Content Marketing Strategy
Blog Content
Article
Business Writing
Italian
Copywriting
Creative Writing
Content Writing
SEO Writing",Content Marketing Strategy,Blog Content,Article,Business Writing,Italian,Copywriting,Creative Writing,Content Writing,SEO Writing,,,,,,,,,,,,,,,,,,,,,,
"Web Design
Webflow
Web Hosting
Web Development
Marketing Strategy
Search Engine Optimization
Webflow Expert",Web Design,Webflow,Web Hosting,Web Development,Marketing Strategy,Search Engine Optimization,Webflow Expert,,,,,,,,,,,,,,,,,,,,,,,,
"Native
Audiovisual Translation
Subtitles
Closed Captioning
Translation
German to English Translation
French
German
Caption",Native,Audiovisual Translation,Subtitles,Closed Captioning,Translation,German to English Translation,French,German,Caption,,,,,,,,,,,,,,,,,,,,,,
"Web Design
Web Development",Web Design,Web Development,,,,,,,,,,,,,,,,,,,,,,,,,,,,,
"Content Writing
Writing
Creative Writing
English
Article Writing",Content Writing,Writing,Creative Writing,English,Article Writing,,,,,,,,,,,,,,,,,,,,,,,,,,
"Social Media Management
Social Media Marketing
Instagram
Social Media Content Creation
Social Media Content
Facebook",Social Media Management,Social Media Marketing,Instagram,Social Media Content Creation,Social Media Content,Facebook,,,,,,,,,,,,,,,,,,,,,,,,,
"WordPress
PHP
HTML
CSS",WordPress,PHP,HTML,CSS,,,,,,,,,,,,,,,,,,,,,,,,,,,
"Hybrid App Development
Smartphone
Android
iOS",Hybrid App Development,Smartphone,Android,iOS,,,,,,,,,,,,,,,,,,,,,,,,,,,
"Extreme Networks
Cisco Meraki
Cisco Prime
Network Administration
Network Equipment
Computer Network
Cisco Certified Network Professional
Virtual LAN
Network Security",Extreme Networks,Cisco Meraki,Cisco Prime,Network Administration,Network Equipment,Computer Network,Cisco Certified Network Professional,Virtual LAN,Network Security,,,,,,,,,,,,,,,,,,,,,,
"Social Media Management
Social Media Marketing
Facebook
Social Media Content Creation
Social Media Content
Instagram",Social Media Management,Social Media Marketing,Facebook,Social Media Content Creation,Social Media Content,Instagram,,,,,,,,,,,,,,,,,,,,,,,,,
SEO Backlinking,SEO Backlinking,,,,,,,,,,,,,,,,,,,,,,,,,,,,,,
"Vue.js
Vuetify
BootstrapVue
Vuex",Vue.js,Vuetify,BootstrapVue,Vuex,,,,,,,,,,,,,,,,,,,,,,,,,,,
"Logo Design
Adobe Photoshop",Logo Design,Adobe Photoshop,,,,,,,,,,,,,,,,,,,,,,,,,,,,,
"Cold Calling
Telemarketing
Outbound Sales
Sales
Lead Generation",Cold Calling,Telemarketing,Outbound Sales,Sales,Lead Generation,,,,,,,,,,,,,,,,,,,,,,,,,,
"Blockchain
Cryptocurrency
Solidity",Blockchain,Cryptocurrency,Solidity,,,,,,,,,,,,,,,,,,,,,,,,,,,,
"Web Application
Database Development
Node.js
SaaS
MongoDB
API
Mail Server Implementation
Google APIs",Web Application,Database Development,Node.js,SaaS,MongoDB,API,Mail Server Implementation,Google APIs,,,,,,,,,,,,,,,,,,,,,,,
"Facebook Advertising
Facebook Pixel Setup & Optimization
Sales Funnel",Facebook Advertising,Facebook Pixel Setup & Optimization,Sales Funnel,,,,,,,,,,,,,,,,,,,,,,,,,,,,
"API Integration
Data Integration
API
Microsoft Power BI
JavaScript",API Integration,Data Integration,API,Microsoft Power BI,JavaScript,,,,,,,,,,,,,,,,,,,,,,,,,,
"Search Engine Optimization
On-Page SEO
SEO Backlinking",Search Engine Optimization,On-Page SEO,SEO Backlinking,,,,,,,,,,,,,,,,,,,,,,,,,,,,
"Social Media Manager
Virtual Assistant
Administrative Support
Scheduling
Podcast Marketing",Social Media Manager,Virtual Assistant,Administrative Support,Scheduling,Podcast Marketing,,,,,,,,,,,,,,,,,,,,,,,,,,
"Git
PostgreSQL
Database
Web Service
C#
ASP.NET MVC
.NET Core
API
API Integration",Git,PostgreSQL,Database,Web Service,C#,ASP.NET MVC,.NET Core,API,API Integration,,,,,,,,,,,,,,,,,,,,,,
"Virtual Assistant
Customer Service
Virtual Assistance
Communications
Customer Support
Data Entry",Virtual Assistant,Customer Service,Virtual Assistance,Communications,Customer Support,Data Entry,,,,,,,,,,,,,,,,,,,,,,,,,
"3D Design
3D Animation
Graphic Design
Jewelry Design
3D Modeling
Jewelry
Photo Editing
3Design
3D Rendering",3D Design,3D Animation,Graphic Design,Jewelry Design,3D Modeling,Jewelry,Photo Editing,3Design,3D Rendering,,,,,,,,,,,,,,,,,,,,,,
"German
Accounting
Accounting Basics
Financial Accounting",German,Accounting,Accounting Basics,Financial Accounting,,,,,,,,,,,,,,,,,,,,,,,,,,,
"Editor
Content Writing
Proofreading
English
Writing",Editor,Content Writing,Proofreading,English,Writing,,,,,,,,,,,,,,,,,,,,,,,,,,
"Surface Modeling
UV Mapping
Mobile App
Unreal Engine
Virtual Reality
3D Design
Animation",Surface Modeling,UV Mapping,Mobile App,Unreal Engine,Virtual Reality,3D Design,Animation,,,,,,,,,,,,,,,,,,,,,,,,
"Social Media Management
Social Media Marketing
Social Media Content",Social Media Management,Social Media Marketing,Social Media Content,,,,,,,,,,,,,,,,,,,,,,,,,,,,
"Android
iOS
Unity
C#
Game Development
Mobile App Development
Android App Development",Android,iOS,Unity,C#,Game Development,Mobile App Development,Android App Development,,,,,,,,,,,,,,,,,,,,,,,,
"Data Extraction
Automation
Scripting",Data Extraction,Automation,Scripting,,,,,,,,,,,,,,,,,,,,,,,,,,,,
"Market Research Interviewer
Research Interviews
English
Communications
Market Research",Market Research Interviewer,Research Interviews,English,Communications,Market Research,,,,,,,,,,,,,,,,,,,,,,,,,,
"Video Editing
Editor
Video Production
Adobe Photoshop",Video Editing,Editor,Video Production,Adobe Photoshop,,,,,,,,,,,,,,,,,,,,,,,,,,,
"Amazon FBA
Amazon Listing Optimization
Amazon PPC
Amazon
Amazon Listing
Amazon Seller Central",Amazon FBA,Amazon Listing Optimization,Amazon PPC,Amazon,Amazon Listing,Amazon Seller Central,,,,,,,,,,,,,,,,,,,,,,,,,
"Facebook
Facebook Advertising
Social Media Marketing
Retargeting
Instagram
Social Media Advertising",Facebook,Facebook Advertising,Social Media Marketing,Retargeting,Instagram,Social Media Advertising,,,,,,,,,,,,,,,,,,,,,,,,,
"Video Production
Video Editing
Video Commercial
Videography
Video Post-Editing
Explainer Video",Video Production,Video Editing,Video Commercial,Videography,Video Post-Editing,Explainer Video,,,,,,,,,,,,,,,,,,,,,,,,,
"Business Applications Development
Product Design",Business Applications Development,Product Design,,,,,,,,,,,,,,,,,,,,,,,,,,,,,
"Google Ads
PPC Campaign Setup & Management
Google Analytics
Pay Per Click Advertising
Google Shopping",Google Ads,PPC Campaign Setup & Management,Google Analytics,Pay Per Click Advertising,Google Shopping,,,,,,,,,,,,,,,,,,,,,,,,,,
"JavaScript
HTML",JavaScript,HTML,,,,,,,,,,,,,,,,,,,,,,,,,,,,,
"Researcher
English
Journalism
Outreach Strategy
Press Distribution",Researcher,English,Journalism,Outreach Strategy,Press Distribution,,,,,,,,,,,,,,,,,,,,,,,,,,
"Image Editing
Photo Editing
Photo Manipulation
Graphic Design",Image Editing,Photo Editing,Photo Manipulation,Graphic Design,,,,,,,,,,,,,,,,,,,,,,,,,,,
"Social Media Advertising
Fashion & Beauty
Instagram
Facebook
Content Writing
Copywriting
Social Media Marketing",Social Media Advertising,Fashion & Beauty,Instagram,Facebook,Content Writing,Copywriting,Social Media Marketing,,,,,,,,,,,,,,,,,,,,,,,,
"3D Design
3D Animation
3D Rendering
Visual Effects
Virtual Reality
Mixed Reality
3D Modeling
Motion Graphics
Augmented Reality
Video Editing",3D Design,3D Animation,3D Rendering,Visual Effects,Virtual Reality,Mixed Reality,3D Modeling,Motion Graphics,Augmented Reality,Video Editing,,,,,,,,,,,,,,,,,,,,,
"Social Media Marketing
Lead Generation
Marketing Strategy
Facebook Advertising",Social Media Marketing,Lead Generation,Marketing Strategy,Facebook Advertising,,,,,,,,,,,,,,,,,,,,,,,,,,,
"Brochure
Color Theory
Color Palette
Catalog Design
Figma
Visme
Health & Fitness
Figma Expert",Brochure,Color Theory,Color Palette,Catalog Design,Figma,Visme,Health & Fitness,Figma Expert,,,,,,,,,,,,,,,,,,,,,,,
"Brochure
Color Theory
Color Palette
Catalog Design
Figma
Visme
Health & Fitness
Figma Expert",Brochure,Color Theory,Color Palette,Catalog Design,Figma,Visme,Health & Fitness,Figma Expert,,,,,,,,,,,,,,,,,,,,,,,
Researcher,Researcher,,,,,,,,,,,,,,,,,,,,,,,,,,,,,,
"Social Media Marketing
Instagram
Content Writing
Social Media Content Creation
Facebook
Social Media Management
Marketing Strategy
Internet Marketing",Social Media Marketing,Instagram,Content Writing,Social Media Content Creation,Facebook,Social Media Management,Marketing Strategy,Internet Marketing,,,,,,,,,,,,,,,,,,,,,,,
"Essay Writing
Writing
Academic Writing
Creative Writing
English",Essay Writing,Writing,Academic Writing,Creative Writing,English,,,,,,,,,,,,,,,,,,,,,,,,,,
"Push Notifications
iOS
Android
iOS Development
Mobile App Development
Android App Development",Push Notifications,iOS,Android,iOS Development,Mobile App Development,Android App Development,,,,,,,,,,,,,,,,,,,,,,,,,
"Russian
Estonian",Russian,Estonian,,,,,,,,,,,,,,,,,,,,,,,,,,,,,
"Castilian Spanish
Translation
English to French Translation",Castilian Spanish,Translation,English to French Translation,,,,,,,,,,,,,,,,,,,,,,,,,,,,
"Virtual Assistant
Data Entry
Virtual Assistance
File Management
Microsoft Excel",Virtual Assistant,Data Entry,Virtual Assistance,File Management,Microsoft Excel,,,,,,,,,,,,,,,,,,,,,,,,,,
"Web Development
WordPress
Web Design
Landing Page
CSS
HTML
WooCommerce",Web Development,WordPress,Web Design,Landing Page,CSS,HTML,WooCommerce,,,,,,,,,,,,,,,,,,,,,,,,
"English
Functional Testing
Manual Testing
Bug Reports
Web Testing
Cryptocurrency",English,Functional Testing,Manual Testing,Bug Reports,Web Testing,Cryptocurrency,,,,,,,,,,,,,,,,,,,,,,,,,
"Image Editing
Adobe Photoshop
Automation
Image File Format",Image Editing,Adobe Photoshop,Automation,Image File Format,,,,,,,,,,,,,,,,,,,,,,,,,,,
"Legal Writing
Translation
English to Spanish Translation
Proofreading",Legal Writing,Translation,English to Spanish Translation,Proofreading,,,,,,,,,,,,,,,,,,,,,,,,,,,
"Data Entry
PDF Conversion
Typing",Data Entry,PDF Conversion,Typing,,,,,,,,,,,,,,,,,,,,,,,,,,,,
"Machine Learning
Building Information Modeling
Civil Engineering",Machine Learning,Building Information Modeling,Civil Engineering,,,,,,,,,,,,,,,,,,,,,,,,,,,,
"Illustration
Character Design
Drawing
Graphic Design",Illustration,Character Design,Drawing,Graphic Design,,,,,,,,,,,,,,,,,,,,,,,,,,,
"Off-Page SEO
Content SEO
Legal
Google Ads
SEO Keyword Research
Search Engine Marketing
Search Engine Optimization
SEO Backlinking
Organic Traffic Growth",Off-Page SEO,Content SEO,Legal,Google Ads,SEO Keyword Research,Search Engine Marketing,Search Engine Optimization,SEO Backlinking,Organic Traffic Growth,,,,,,,,,,,,,,,,,,,,,,
"JavaScript
Figma
Web Design
Web Development
HTML
CSS
UX & UI",JavaScript,Figma,Web Design,Web Development,HTML,CSS,UX & UI,,,,,,,,,,,,,,,,,,,,,,,,
"Web Application
Database Development
C#
C++
JavaScript
Python
MySQL
MongoDB
Apache HTTP Server
Angular",Web Application,Database Development,C#,C++,JavaScript,Python,MySQL,MongoDB,Apache HTTP Server,Angular,,,,,,,,,,,,,,,,,,,,,
"Unity
Game Development",Unity,Game Development,,,,,,,,,,,,,,,,,,,,,,,,,,,,,
"Integromat
API Integration
Xero
Automation
PandaDoc",Integromat,API Integration,Xero,Automation,PandaDoc,,,,,,,,,,,,,,,,,,,,,,,,,,
"Web Application
React
JavaScript
API",Web Application,React,JavaScript,API,,,,,,,,,,,,,,,,,,,,,,,,,,,
"Illustration
Line Drawing
Adobe Illustrator
Freestyle Drawing",Illustration,Line Drawing,Adobe Illustrator,Freestyle Drawing,,,,,,,,,,,,,,,,,,,,,,,,,,,
"Node.js
JavaScript
Business with 1-9 Employees
Web Application
API Integration
Web Design
NodeJS Framework",Node.js,JavaScript,Business with 1-9 Employees,Web Application,API Integration,Web Design,NodeJS Framework,,,,,,,,,,,,,,,,,,,,,,,,
"Shopify Apps
API
API Integration",Shopify Apps,API,API Integration,,,,,,,,,,,,,,,,,,,,,,,,,,,,
"Icon Design
Brand Identity Design
Logo Design
Adobe Illustrator
Packaging Design
Graphic Design
Brand Identity & Guidelines
Adobe Photoshop
Covers & Packaging
Corporate Brand Identity",Icon Design,Brand Identity Design,Logo Design,Adobe Illustrator,Packaging Design,Graphic Design,Brand Identity & Guidelines,Adobe Photoshop,Covers & Packaging,Corporate Brand Identity,,,,,,,,,,,,,,,,,,,,,
"Logo Design
Calligraphy
Graffiti
Hand-Drawn Style",Logo Design,Calligraphy,Graffiti,Hand-Drawn Style,,,,,,,,,,,,,,,,,,,,,,,,,,,
"Acting
Female
Middle-Aged Adult
Content Creation
Product Review
English",Acting,Female,Middle-Aged Adult,Content Creation,Product Review,English,,,,,,,,,,,,,,,,,,,,,,,,,
"Python
Italian",Python,Italian,,,,,,,,,,,,,,,,,,,,,,,,,,,,,
"CAD
3D Design",CAD,3D Design,,,,,,,,,,,,,,,,,,,,,,,,,,,,,
"Stripe
WordPress Plugin
Payment Gateway Integration",Stripe,WordPress Plugin,Payment Gateway Integration,,,,,,,,,,,,,,,,,,,,,,,,,,,,
"Shopify
Social Media Marketing
Marketing Strategy
Facebook
Internet Marketing
Instagram
Conversion Rate Optimization
Lead Generation
Social Media Management
Search Engine Optimization",Shopify,Social Media Marketing,Marketing Strategy,Facebook,Internet Marketing,Instagram,Conversion Rate Optimization,Lead Generation,Social Media Management,Search Engine Optimization,,,,,,,,,,,,,,,,,,,,,
"CSS
JavaScript
HTML
WooCommerce
WordPress
Web Development",CSS,JavaScript,HTML,WooCommerce,WordPress,Web Development,,,,,,,,,,,,,,,,,,,,,,,,,
"Cold Calling
Scheduling
Telemarketing
Phone Communication
Outbound Sales
Lead Generation
Sales
List Building",Cold Calling,Scheduling,Telemarketing,Phone Communication,Outbound Sales,Lead Generation,Sales,List Building,,,,,,,,,,,,,,,,,,,,,,,
"API Integration
Platform Plugin",API Integration,Platform Plugin,,,,,,,,,,,,,,,,,,,,,,,,,,,,,
"Mystery Shopping
Market Research
Hungarian",Mystery Shopping,Market Research,Hungarian,,,,,,,,,,,,,,,,,,,,,,,,,,,,
"Accounting Basics
Accounting Software
Balance Sheet
Quickbooks
Intuit QuickBooks
Bookkeeping
Xero
Financial Reporting
QuickBooks Online
Financial Accounting
Taxes
Accounting",Accounting Basics,Accounting Software,Balance Sheet,Quickbooks,Intuit QuickBooks,Bookkeeping,Xero,Financial Reporting,QuickBooks Online,Financial Accounting,Taxes,Accounting,,,,,,,,,,,,,,,,,,,
"Microsoft Windows
Customer Service
Virtual Assistant
Desktop Application
Administrative Support
Python
Customer Support
Communication Etiquette
Email Communication
Data Entry",Microsoft Windows,Customer Service,Virtual Assistant,Desktop Application,Administrative Support,Python,Customer Support,Communication Etiquette,Email Communication,Data Entry,,,,,,,,,,,,,,,,,,,,,
"Electrical Engineering
Wind Turbine Simulation",Electrical Engineering,Wind Turbine Simulation,,,,,,,,,,,,,,,,,,,,,,,,,,,,,
"C#
Autodesk Revit
Windows Presentation Foundation
.NET Framework",C#,Autodesk Revit,Windows Presentation Foundation,.NET Framework,,,,,,,,,,,,,,,,,,,,,,,,,,,
"Competitive Analysis
Customer Experience Research
Market Research Interview
Market Research Interviewer
Qualitative Research
English
Market Research",Competitive Analysis,Customer Experience Research,Market Research Interview,Market Research Interviewer,Qualitative Research,English,Market Research,,,,,,,,,,,,,,,,,,,,,,,,
"Competitive Analysis
Customer Experience Research
Market Research Interview
Market Research Interviewer
Qualitative Research
English
Market Research",Competitive Analysis,Customer Experience Research,Market Research Interview,Market Research Interviewer,Qualitative Research,English,Market Research,,,,,,,,,,,,,,,,,,,,,,,,
"English
Functional Testing
Manual Testing
Bug Reports
Web Testing",English,Functional Testing,Manual Testing,Bug Reports,Web Testing,,,,,,,,,,,,,,,,,,,,,,,,,,
"WordPress
WooCommerce
Web Development
Web Design",WordPress,WooCommerce,Web Development,Web Design,,,,,,,,,,,,,,,,,,,,,,,,,,,
"Webflow
Web Design
CSS
Animation
Website
HTML",Webflow,Web Design,CSS,Animation,Website,HTML,,,,,,,,,,,,,,,,,,,,,,,,,
"ActiveCampaign
Email Automation
Email Copywriting
Email Campaign Setup
Email Marketing
Lead Generation
Campaign Management
Campaign Monitor
Sales Funnel Builder
Sales Funnel Implementation",ActiveCampaign,Email Automation,Email Copywriting,Email Campaign Setup,Email Marketing,Lead Generation,Campaign Management,Campaign Monitor,Sales Funnel Builder,Sales Funnel Implementation,,,,,,,,,,,,,,,,,,,,,
"WordPress
CSS
Web Development
Web Design
HTML
JavaScript
HTML5
CSS 3",WordPress,CSS,Web Development,Web Design,HTML,JavaScript,HTML5,CSS 3,,,,,,,,,,,,,,,,,,,,,,,
"Altium Designer
PCB Design
Eagle
Circuit Design",Altium Designer,PCB Design,Eagle,Circuit Design,,,,,,,,,,,,,,,,,,,,,,,,,,,
Reddit Marketing,Reddit Marketing,,,,,,,,,,,,,,,,,,,,,,,,,,,,,,
"Online Research
Data Entry
Data Mining
Lead Generation
Data Scraping
Topic Research
Virtual Assistant
Search Tool",Online Research,Data Entry,Data Mining,Lead Generation,Data Scraping,Topic Research,Virtual Assistant,Search Tool,,,,,,,,,,,,,,,,,,,,,,,
"Mobile App Design
Graphic Design
Adobe Illustrator
Animation
Web Design",Mobile App Design,Graphic Design,Adobe Illustrator,Animation,Web Design,,,,,,,,,,,,,,,,,,,,,,,,,,
"Office 365
Office Administration
Microsoft Teams Expert",Office 365,Office Administration,Microsoft Teams Expert,,,,,,,,,,,,,,,,,,,,,,,,,,,,
"Custom PHP
API Integration
WordPress
React Native
CSS",Custom PHP,API Integration,WordPress,React Native,CSS,,,,,,,,,,,,,,,,,,,,,,,,,,
Web Development,Web Development,,,,,,,,,,,,,,,,,,,,,,,,,,,,,,
"Voice-Over
Danish",Voice-Over,Danish,,,,,,,,,,,,,,,,,,,,,,,,,,,,,
"Virtual Assistant
Social Media Management
Internet Marketing
Content Writing
Social Media Content",Virtual Assistant,Social Media Management,Internet Marketing,Content Writing,Social Media Content,,,,,,,,,,,,,,,,,,,,,,,,,,
"Lead Generation
Market Research
Prospect List",Lead Generation,Market Research,Prospect List,,,,,,,,,,,,,,,,,,,,,,,,,,,,
"Google Ads
Google Analytics
Ecommerce
Mobile Advertising
Display Ad
Desktop Ad
Video Advertising
Google Merchant Center
B2B Marketing
B2C Marketing",Google Ads,Google Analytics,Ecommerce,Mobile Advertising,Display Ad,Desktop Ad,Video Advertising,Google Merchant Center,B2B Marketing,B2C Marketing,,,,,,,,,,,,,,,,,,,,,
"Typing
Microsoft Word
Microsoft Excel",Typing,Microsoft Word,Microsoft Excel,,,,,,,,,,,,,,,,,,,,,,,,,,,,
"Email Marketing
SMS",Email Marketing,SMS,,,,,,,,,,,,,,,,,,,,,,,,,,,,,
"Docker
DevOps
Kubernetes
Microservice
Ansible
CI/CD",Docker,DevOps,Kubernetes,Microservice,Ansible,CI/CD,,,,,,,,,,,,,,,,,,,,,,,,,
"Docker
DevOps
Kubernetes
Microservice
Ansible
CI/CD",Docker,DevOps,Kubernetes,Microservice,Ansible,CI/CD,,,,,,,,,,,,,,,,,,,,,,,,,
"Facebook Advertising
Social Media Marketing
Social Media Content",Facebook Advertising,Social Media Marketing,Social Media Content,,,,,,,,,,,,,,,,,,,,,,,,,,,,
"Google Ads
PPC Campaign Setup & Management
Google Analytics
Pay Per Click Advertising
Search Engine Marketing
Google Tag Manager",Google Ads,PPC Campaign Setup & Management,Google Analytics,Pay Per Click Advertising,Search Engine Marketing,Google Tag Manager,,,,,,,,,,,,,,,,,,,,,,,,,
"Fiddler
English
Functional Testing
Manual Testing
Bug Reports
Web Testing",Fiddler,English,Functional Testing,Manual Testing,Bug Reports,Web Testing,,,,,,,,,,,,,,,,,,,,,,,,,
"Legal Writing
Translation
English to French Translation",Legal Writing,Translation,English to French Translation,,,,,,,,,,,,,,,,,,,,,,,,,,,,
"Content SEO
SEO Strategy
SEO Writing
Media & Entertainment
WordPress SEO Plugins
WordPress
Search Engine Optimization
SEO Keyword Research
Organic Traffic Growth",Content SEO,SEO Strategy,SEO Writing,Media & Entertainment,WordPress SEO Plugins,WordPress,Search Engine Optimization,SEO Keyword Research,Organic Traffic Growth,,,,,,,,,,,,,,,,,,,,,,
"Lead Generation
Market Research
List Building
B2B Marketing
Outbound Sales
Data Scraping
Cold Email",Lead Generation,Market Research,List Building,B2B Marketing,Outbound Sales,Data Scraping,Cold Email,,,,,,,,,,,,,,,,,,,,,,,,
"Website Content
Email Communication
Copywriting
Newsletter
Content Writing",Website Content,Email Communication,Copywriting,Newsletter,Content Writing,,,,,,,,,,,,,,,,,,,,,,,,,,
"Media & Entertainment
3D Design",Media & Entertainment,3D Design,,,,,,,,,,,,,,,,,,,,,,,,,,,,,
"WordPress
WooCommerce
Web Design
Web Development",WordPress,WooCommerce,Web Design,Web Development,,,,,,,,,,,,,,,,,,,,,,,,,,,
"Poster
Graphic Design
Adobe Photoshop
Adobe Illustrator",Poster,Graphic Design,Adobe Photoshop,Adobe Illustrator,,,,,,,,,,,,,,,,,,,,,,,,,,,
"CAD
Infographic
Illustration
Data Visualization
Layout Design",CAD,Infographic,Illustration,Data Visualization,Layout Design,,,,,,,,,,,,,,,,,,,,,,,,,,
"3D Design
3D Modeling
Graphic Design
Illustration
Activewear
Adobe Illustrator",3D Design,3D Modeling,Graphic Design,Illustration,Activewear,Adobe Illustrator,,,,,,,,,,,,,,,,,,,,,,,,,
"English
Screenwriting
Scriptwriting",English,Screenwriting,Scriptwriting,,,,,,,,,,,,,,,,,,,,,,,,,,,,
"Requirement Analysis
Business Process Modeling
Business Analysis",Requirement Analysis,Business Process Modeling,Business Analysis,,,,,,,,,,,,,,,,,,,,,,,,,,,,
"Instagram
Facebook
Graphic Design
Social Media Advertising",Instagram,Facebook,Graphic Design,Social Media Advertising,,,,,,,,,,,,,,,,,,,,,,,,,,,
"Sales Development
Tech & IT
Lead Generation
Sales
Cold Calling
Outbound Sales
Scheduling
Business Development
B2B Lead Generation",Sales Development,Tech & IT,Lead Generation,Sales,Cold Calling,Outbound Sales,Scheduling,Business Development,B2B Lead Generation,,,,,,,,,,,,,,,,,,,,,,
"Cold Calling
Virtual Assistant
Data Entry
Communications",Cold Calling,Virtual Assistant,Data Entry,Communications,,,,,,,,,,,,,,,,,,,,,,,,,,,
Lead Generation,Lead Generation,,,,,,,,,,,,,,,,,,,,,,,,,,,,,,
"Arabic
English to Chinese Translation
English
Translation
Chinese
Documentation",Arabic,English to Chinese Translation,English,Translation,Chinese,Documentation,,,,,,,,,,,,,,,,,,,,,,,,,
"Article Writing
Content Writing
Researcher
SEO Writing
Blog Content",Article Writing,Content Writing,Researcher,SEO Writing,Blog Content,,,,,,,,,,,,,,,,,,,,,,,,,,
"Mobile App Testing
Software Testing
Software QA
Jira
Bug Reports
Web Testing
Regression Test Script
Functional Testing
Test Case Design
Task Creation",Mobile App Testing,Software Testing,Software QA,Jira,Bug Reports,Web Testing,Regression Test Script,Functional Testing,Test Case Design,Task Creation,,,,,,,,,,,,,,,,,,,,,
Instagram,Instagram,,,,,,,,,,,,,,,,,,,,,,,,,,,,,,
"Shopify
Product Listings
Data Entry
Virtual Assistant
Web Development
Content Writing",Shopify,Product Listings,Data Entry,Virtual Assistant,Web Development,Content Writing,,,,,,,,,,,,,,,,,,,,,,,,,
"Education
Candidate Interviewing
Interpersonal Skills
Virtual Assistant
Communications
Recruiting
Candidate Management",Education,Candidate Interviewing,Interpersonal Skills,Virtual Assistant,Communications,Recruiting,Candidate Management,,,,,,,,,,,,,,,,,,,,,,,,
"JavaScript
Unit Testing
Automated Testing
Node.js",JavaScript,Unit Testing,Automated Testing,Node.js,,,,,,,,,,,,,,,,,,,,,,,,,,,
"Communications
Employee Relations
Human Resource Management
Recruiting
Candidate Sourcing
Candidate Management
Candidate Recommendation
Candidate Interviewing
Technical Recruiter
Candidate Evaluation",Communications,Employee Relations,Human Resource Management,Recruiting,Candidate Sourcing,Candidate Management,Candidate Recommendation,Candidate Interviewing,Technical Recruiter,Candidate Evaluation,,,,,,,,,,,,,,,,,,,,,
"Google Ads
Google Analytics
Search Engine Marketing",Google Ads,Google Analytics,Search Engine Marketing,,,,,,,,,,,,,,,,,,,,,,,,,,,,
"WordPress
WooCommerce",WordPress,WooCommerce,,,,,,,,,,,,,,,,,,,,,,,,,,,,,
"Shopify
CSS
HTML
Shopify Templates
Shopify Theme",Shopify,CSS,HTML,Shopify Templates,Shopify Theme,,,,,,,,,,,,,,,,,,,,,,,,,,
"WordPress
CSS
Web Development
Web Design
HTML
Elementor",WordPress,CSS,Web Development,Web Design,HTML,Elementor,,,,,,,,,,,,,,,,,,,,,,,,,
"Shopify
Shopify Templates
Web Development
Marketing Strategy",Shopify,Shopify Templates,Web Development,Marketing Strategy,,,,,,,,,,,,,,,,,,,,,,,,,,,
"Web Application
MySQL
MySQL Programming
PHP
Custom PHP
SQL
Web Development
PHP Script
HTML",Web Application,MySQL,MySQL Programming,PHP,Custom PHP,SQL,Web Development,PHP Script,HTML,,,,,,,,,,,,,,,,,,,,,,
"Writing
Data Entry
English",Writing,Data Entry,English,,,,,,,,,,,,,,,,,,,,,,,,,,,,
"Java
Redis
Android App Development
iOS Development
React Native
Apple Xcode
RabbitMQ",Java,Redis,Android App Development,iOS Development,React Native,Apple Xcode,RabbitMQ,,,,,,,,,,,,,,,,,,,,,,,,
"Male
Voice-Over
Voice Acting
American English Accent",Male,Voice-Over,Voice Acting,American English Accent,,,,,,,,,,,,,,,,,,,,,,,,,,,
Local Operations,Local Operations,,,,,,,,,,,,,,,,,,,,,,,,,,,,,,
"Finance & Accounting
Email Automation
Email Template Development
Campaign Management
HubSpot
Customer Relationship Management
CRM Software
Database
Email Campaign Setup
Email Communication",Finance & Accounting,Email Automation,Email Template Development,Campaign Management,HubSpot,Customer Relationship Management,CRM Software,Database,Email Campaign Setup,Email Communication,,,,,,,,,,,,,,,,,,,,,
"DevOps
Amazon Web Services
GitHub",DevOps,Amazon Web Services,GitHub,,,,,,,,,,,,,,,,,,,,,,,,,,,,
"Copywriting
Article Writing
Editing & Proofreading",Copywriting,Article Writing,Editing & Proofreading,,,,,,,,,,,,,,,,,,,,,,,,,,,,
"Web Development
Web Design",Web Development,Web Design,,,,,,,,,,,,,,,,,,,,,,,,,,,,,
"Content Writing
Press Release
Article
Fashion & Beauty
Finance & Accounting",Content Writing,Press Release,Article,Fashion & Beauty,Finance & Accounting,,,,,,,,,,,,,,,,,,,,,,,,,,
"Financial Analysis
Forex Trading
Cryptocurrency
MetaTrader 4
Python
MetaTrader 5
Research & Development",Financial Analysis,Forex Trading,Cryptocurrency,MetaTrader 4,Python,MetaTrader 5,Research & Development,,,,,,,,,,,,,,,,,,,,,,,,
"Flutter
In-App Purchases
Flutter Developer
Business with 1-9 Employees
Swift
Native App Development
iOS
Smartphone
Mobile App Development
iOS Development",Flutter,In-App Purchases,Flutter Developer,Business with 1-9 Employees,Swift,Native App Development,iOS,Smartphone,Mobile App Development,iOS Development,,,,,,,,,,,,,,,,,,,,,
"Blockchain
Blockchain Architecture
Ethereum
DApps
Smart Contract
Solidity
Web Development",Blockchain,Blockchain Architecture,Ethereum,DApps,Smart Contract,Solidity,Web Development,,,,,,,,,,,,,,,,,,,,,,,,
"Node.js
Next.js
Web Application
Database Development
Desktop Application
Google Analytics
SaaS
Web Development
Web3",Node.js,Next.js,Web Application,Database Development,Desktop Application,Google Analytics,SaaS,Web Development,Web3,,,,,,,,,,,,,,,,,,,,,,
Local Operations,Local Operations,,,,,,,,,,,,,,,,,,,,,,,,,,,,,,
"React Native
JavaScript
Android
iOS
Mobile App Development",React Native,JavaScript,Android,iOS,Mobile App Development,,,,,,,,,,,,,,,,,,,,,,,,,,
SEO Backlinking,SEO Backlinking,,,,,,,,,,,,,,,,,,,,,,,,,,,,,,
"Contract Law
Legal Consulting",Contract Law,Legal Consulting,,,,,,,,,,,,,,,,,,,,,,,,,,,,,
"Contract Law
Legal Consulting",Contract Law,Legal Consulting,,,,,,,,,,,,,,,,,,,,,,,,,,,,,
"Floor Plan Design
Architectural Design
Microsoft Word
Microsoft Excel",Floor Plan Design,Architectural Design,Microsoft Word,Microsoft Excel,,,,,,,,,,,,,,,,,,,,,,,,,,,
"WooCommerce
Web Development
Ecommerce Website
WordPress
Web Design
SEO Performance",WooCommerce,Web Development,Ecommerce Website,WordPress,Web Design,SEO Performance,,,,,,,,,,,,,,,,,,,,,,,,,
"Strategy
Business Change
Business Coaching",Strategy,Business Change,Business Coaching,,,,,,,,,,,,,,,,,,,,,,,,,,,,
"Event Marketing
Business with 1-9 Employees
Marketing Strategy
English
Social Media Marketing",Event Marketing,Business with 1-9 Employees,Marketing Strategy,English,Social Media Marketing,,,,,,,,,,,,,,,,,,,,,,,,,,
"Comparison Infographic
Photo Editing
Photo Manipulation
Adobe Photoshop
Image Editing
Product Photography
Graphic Design
Photo Retouching",Comparison Infographic,Photo Editing,Photo Manipulation,Adobe Photoshop,Image Editing,Product Photography,Graphic Design,Photo Retouching,,,,,,,,,,,,,,,,,,,,,,,
"Shopify
Product Listings
Data Entry
Virtual Assistant
Web Development
Content Writing",Shopify,Product Listings,Data Entry,Virtual Assistant,Web Development,Content Writing,,,,,,,,,,,,,,,,,,,,,,,,,
"Terraform
Amazon Web Services",Terraform,Amazon Web Services,,,,,,,,,,,,,,,,,,,,,,,,,,,,,
"LinkedIn
LinkedIn Campaign Manager
Lead Generation",LinkedIn,LinkedIn Campaign Manager,Lead Generation,,,,,,,,,,,,,,,,,,,,,,,,,,,,
"Informational Infographic
Infographic",Informational Infographic,Infographic,,,,,,,,,,,,,,,,,,,,,,,,,,,,,
"Ghostwriting
Nonfiction
Ebook Writing
Storytelling",Ghostwriting,Nonfiction,Ebook Writing,Storytelling,,,,,,,,,,,,,,,,,,,,,,,,,,,
"Portuguese
Content Writing
Creative Writing
Copywriting
Article Writing
Writing",Portuguese,Content Writing,Creative Writing,Copywriting,Article Writing,Writing,,,,,,,,,,,,,,,,,,,,,,,,,
"Drupal
Web Application
Learning Management System
HTML
JavaScript
CSS
HTML5
PHP",Drupal,Web Application,Learning Management System,HTML,JavaScript,CSS,HTML5,PHP,,,,,,,,,,,,,,,,,,,,,,,
"Floor Plan Design
2D Design & Drawings",Floor Plan Design,2D Design & Drawings,,,,,,,,,,,,,,,,,,,,,,,,,,,,,
"Male
Female
Elearning
Voice-Over
Narration
Oromo",Male,Female,Elearning,Voice-Over,Narration,Oromo,,,,,,,,,,,,,,,,,,,,,,,,,
"German
English
Translation
Proofreading
Teaching",German,English,Translation,Proofreading,Teaching,,,,,,,,,,,,,,,,,,,,,,,,,,
"Architectural Design
2D Design & Drawings
Floor Plan Design
Architectural Rendering",Architectural Design,2D Design & Drawings,Floor Plan Design,Architectural Rendering,,,,,,,,,,,,,,,,,,,,,,,,,,,
"Database Design
Database Administration
SQL
MySQL
Moodle",Database Design,Database Administration,SQL,MySQL,Moodle,,,,,,,,,,,,,,,,,,,,,,,,,,
"Tablet
iPadOS
In-App Purchases
iOS Developer
iOS
Smartphone
iOS Development
Swift
Apple Xcode
Mobile App Development",Tablet,iPadOS,In-App Purchases,iOS Developer,iOS,Smartphone,iOS Development,Swift,Apple Xcode,Mobile App Development,,,,,,,,,,,,,,,,,,,,,
"Next.js
React
Tailwind CSS
PostCSS
Performance Optimization",Next.js,React,Tailwind CSS,PostCSS,Performance Optimization,,,,,,,,,,,,,,,,,,,,,,,,,,
"DIY
Landing Page
SEO Writing
Content Writing
Website Content
Blog Writing
SEO Keyword Research
Article Writing
Copywriting
Blog Content",DIY,Landing Page,SEO Writing,Content Writing,Website Content,Blog Writing,SEO Keyword Research,Article Writing,Copywriting,Blog Content,,,,,,,,,,,,,,,,,,,,,
"Graphic Design
Adobe Photoshop
Logo Design
Adobe InDesign
Adobe Illustrator
Layout Design",Graphic Design,Adobe Photoshop,Logo Design,Adobe InDesign,Adobe Illustrator,Layout Design,,,,,,,,,,,,,,,,,,,,,,,,,
"Video Editing
Video Production
Education
Audio Editing
Finance
Video Intro & Outro
Video Post-Editing",Video Editing,Video Production,Education,Audio Editing,Finance,Video Intro & Outro,Video Post-Editing,,,,,,,,,,,,,,,,,,,,,,,,
"Concept Video
Corporate Video
Video Editing
Explainer Video",Concept Video,Corporate Video,Video Editing,Explainer Video,,,,,,,,,,,,,,,,,,,,,,,,,,,
"Photo Slideshow
Video Production",Photo Slideshow,Video Production,,,,,,,,,,,,,,,,,,,,,,,,,,,,,
"TikTok
TikTok Marketing
TikTok Ad
Content Writing
Social Media Content",TikTok,TikTok Marketing,TikTok Ad,Content Writing,Social Media Content,,,,,,,,,,,,,,,,,,,,,,,,,,
"Article
Writing
English
Article Writing",Article,Writing,English,Article Writing,,,,,,,,,,,,,,,,,,,,,,,,,,,
Proofreading,Proofreading,,,,,,,,,,,,,,,,,,,,,,,,,,,,,,
"In-App Search
Map Integration
Payment Functionality
Motion Sensor
Location-Based Service
Chat & Messaging Software
Android
iOS
In-App Purchases
Smartphone",In-App Search,Map Integration,Payment Functionality,Motion Sensor,Location-Based Service,Chat & Messaging Software,Android,iOS,In-App Purchases,Smartphone,,,,,,,,,,,,,,,,,,,,,
"Oracle Database
SQL",Oracle Database,SQL,,,,,,,,,,,,,,,,,,,,,,,,,,,,,
"Web Design
Web Development
HTML
CSS
Landing Page",Web Design,Web Development,HTML,CSS,Landing Page,,,,,,,,,,,,,,,,,,,,,,,,,,
Bulgarian to English Translation,Bulgarian to English Translation,,,,,,,,,,,,,,,,,,,,,,,,,,,,,,
"WordPress
Blog
Blog Writing
Blog Content
Web Design",WordPress,Blog,Blog Writing,Blog Content,Web Design,,,,,,,,,,,,,,,,,,,,,,,,,,
"Content Creation
Content Strategy
Content Guidelines
Research & Strategy
Creative Writing
Content Writing
Marketing
TikTok
TikTok Marketing",Content Creation,Content Strategy,Content Guidelines,Research & Strategy,Creative Writing,Content Writing,Marketing,TikTok,TikTok Marketing,,,,,,,,,,,,,,,,,,,,,,
"Webflow
HubSpot
API Integration",Webflow,HubSpot,API Integration,,,,,,,,,,,,,,,,,,,,,,,,,,,,
"Voice-Over
Video Production",Voice-Over,Video Production,,,,,,,,,,,,,,,,,,,,,,,,,,,,,
"Laravel
PHP Script
Back-End Development
MySQL
MySQL Programming
PHP
SQL
Database
Database Architecture
Laravel Developer",Laravel,PHP Script,Back-End Development,MySQL,MySQL Programming,PHP,SQL,Database,Database Architecture,Laravel Developer,,,,,,,,,,,,,,,,,,,,,
"SEO Audit
SEO Keyword Research
SEO Backlinking
Search Engine Optimization
On-Page SEO
Google Analytics
Organic Traffic Growth",SEO Audit,SEO Keyword Research,SEO Backlinking,Search Engine Optimization,On-Page SEO,Google Analytics,Organic Traffic Growth,,,,,,,,,,,,,,,,,,,,,,,,
"Video Editing
Spanish",Video Editing,Spanish,,,,,,,,,,,,,,,,,,,,,,,,,,,,,
"TikTok Ad
Facebook Advertising",TikTok Ad,Facebook Advertising,,,,,,,,,,,,,,,,,,,,,,,,,,,,,
"Organic Traffic Growth
Search Engine Optimization",Organic Traffic Growth,Search Engine Optimization,,,,,,,,,,,,,,,,,,,,,,,,,,,,,
"Laravel
JavaScript
jQuery
HTML
Web Development
PHP
API
MySQL",Laravel,JavaScript,jQuery,HTML,Web Development,PHP,API,MySQL,,,,,,,,,,,,,,,,,,,,,,,
"Partnership Development
Business Planning & Strategy
Competitive Analysis
Sales Development
Sales
Communications
Lead Generation
Relationship Management
Customer Service
Price & Quote Negotiation",Partnership Development,Business Planning & Strategy,Competitive Analysis,Sales Development,Sales,Communications,Lead Generation,Relationship Management,Customer Service,Price & Quote Negotiation,,,,,,,,,,,,,,,,,,,,,
"Canva
Video Editing
Video Production
Explainer Video",Canva,Video Editing,Video Production,Explainer Video,,,,,,,,,,,,,,,,,,,,,,,,,,,
"Illustration
Concept Artistry
Graphic Design
Scientific Illustration",Illustration,Concept Artistry,Graphic Design,Scientific Illustration,,,,,,,,,,,,,,,,,,,,,,,,,,,
"Smartphone
Tablet
iPadOS
In-App Purchases
iOS Developer
Business with 1-9 Employees
iOS
Swift
iOS Development
Mobile App Development",Smartphone,Tablet,iPadOS,In-App Purchases,iOS Developer,Business with 1-9 Employees,iOS,Swift,iOS Development,Mobile App Development,,,,,,,,,,,,,,,,,,,,,
"Web Application
API Integration
Laravel
Web Development",Web Application,API Integration,Laravel,Web Development,,,,,,,,,,,,,,,,,,,,,,,,,,,
"Planning Permission Preparation
Industrial Architecture
Building Regulation Preparation
2D Design
3D Rendering
Adobe Photoshop
French
Microsoft Word
Architecture",Planning Permission Preparation,Industrial Architecture,Building Regulation Preparation,2D Design,3D Rendering,Adobe Photoshop,French,Microsoft Word,Architecture,,,,,,,,,,,,,,,,,,,,,,
"API
API Integration
API Development",API,API Integration,API Development,,,,,,,,,,,,,,,,,,,,,,,,,,,,
"Content Localization
Proofreading
Fluent
English
Spanish
English to Spanish Translation
Translation
Press Release Writing",Content Localization,Proofreading,Fluent,English,Spanish,English to Spanish Translation,Translation,Press Release Writing,,,,,,,,,,,,,,,,,,,,,,,
Logistics Management,Logistics Management,,,,,,,,,,,,,,,,,,,,,,,,,,,,,,
Video Editing,Video Editing,,,,,,,,,,,,,,,,,,,,,,,,,,,,,,
"Content Marketing
Social Media Management
Email Marketing
Campaign Setup
Campaign Management
Marketing Analytics
Social Media Marketing
Marketing Strategy",Content Marketing,Social Media Management,Email Marketing,Campaign Setup,Campaign Management,Marketing Analytics,Social Media Marketing,Marketing Strategy,,,,,,,,,,,,,,,,,,,,,,,
"React Native
Mobile App Development",React Native,Mobile App Development,,,,,,,,,,,,,,,,,,,,,,,,,,,,,
"API
Pipedrive
API Development
RESTful API
API Integration",API,Pipedrive,API Development,RESTful API,API Integration,,,,,,,,,,,,,,,,,,,,,,,,,,
"Search Engine Optimization
Blog Content
Content Writing
SEO Backlinking
SEO Writing",Search Engine Optimization,Blog Content,Content Writing,SEO Backlinking,SEO Writing,,,,,,,,,,,,,,,,,,,,,,,,,,
"Digital Marketing
Presentations
Google Suite
Virtual Assistance
Virtual Assistant
Email Communication
Image Processing
Administrative Support
Outreach Email Copywriting
Partnership & Collaborations Outreach",Digital Marketing,Presentations,Google Suite,Virtual Assistance,Virtual Assistant,Email Communication,Image Processing,Administrative Support,Outreach Email Copywriting,Partnership & Collaborations Outreach,,,,,,,,,,,,,,,,,,,,,
"Canva
Buffer
Social Media Management
Social Media Content Creation
Social Media Marketing
Facebook
Instagram
Content Writing
Adobe Photoshop",Canva,Buffer,Social Media Management,Social Media Content Creation,Social Media Marketing,Facebook,Instagram,Content Writing,Adobe Photoshop,,,,,,,,,,,,,,,,,,,,,,
"Adobe Illustrator
2D Animation
SVG",Adobe Illustrator,2D Animation,SVG,,,,,,,,,,,,,,,,,,,,,,,,,,,,
"Laravel
PHP
JavaScript
Web Development
CSS
HTML
jQuery
API",Laravel,PHP,JavaScript,Web Development,CSS,HTML,jQuery,API,,,,,,,,,,,,,,,,,,,,,,,
"Flask
Python
API
Python Script",Flask,Python,API,Python Script,,,,,,,,,,,,,,,,,,,,,,,,,,,
"WordPress
Search Engine Optimization
Google Analytics",WordPress,Search Engine Optimization,Google Analytics,,,,,,,,,,,,,,,,,,,,,,,,,,,,
"Tech & IT
Sales",Tech & IT,Sales,,,,,,,,,,,,,,,,,,,,,,,,,,,,,
"WordPress
Page Speed Optimization
PHP
CSS
HTML
WordPress Development
Web Development",WordPress,Page Speed Optimization,PHP,CSS,HTML,WordPress Development,Web Development,,,,,,,,,,,,,,,,,,,,,,,,
"Lead Generation
Sales
Sales Analytics
Lead Generation Strategy",Lead Generation,Sales,Sales Analytics,Lead Generation Strategy,,,,,,,,,,,,,,,,,,,,,,,,,,,
"XML
API Integration
WordPress
Web Design
Web Development
HTML
CSS
PHP
JavaScript",XML,API Integration,WordPress,Web Design,Web Development,HTML,CSS,PHP,JavaScript,,,,,,,,,,,,,,,,,,,,,,
"Python
Web Development",Python,Web Development,,,,,,,,,,,,,,,,,,,,,,,,,,,,,
"Social Media Marketing
Marketing Strategy
Instagram
Facebook",Social Media Marketing,Marketing Strategy,Instagram,Facebook,,,,,,,,,,,,,,,,,,,,,,,,,,,
"Layout Design
PDF Conversion
Graphic Design
Microsoft Word",Layout Design,PDF Conversion,Graphic Design,Microsoft Word,,,,,,,,,,,,,,,,,,,,,,,,,,,
"Content Writing
Creative Writing
Writing
English
Scriptwriting
Script
US English Dialect",Content Writing,Creative Writing,Writing,English,Scriptwriting,Script,US English Dialect,,,,,,,,,,,,,,,,,,,,,,,,
"Appium
Desktop Application Testing
C#
Desktop Application
Automation
Microsoft Windows",Appium,Desktop Application Testing,C#,Desktop Application,Automation,Microsoft Windows,,,,,,,,,,,,,,,,,,,,,,,,,
"Copywriting
Content Writing
Researcher
Article Writing
Blog Content
English
Website Content
Article
Blog Writing
Search Engine Optimization",Copywriting,Content Writing,Researcher,Article Writing,Blog Content,English,Website Content,Article,Blog Writing,Search Engine Optimization,,,,,,,,,,,,,,,,,,,,,
"German
Translation
Proofreading
French to German Translation",German,Translation,Proofreading,French to German Translation,,,,,,,,,,,,,,,,,,,,,,,,,,,
"Female
Voice Acting
Voice-Over
Young Adult
Middle-Aged Adult
Gujarati",Female,Voice Acting,Voice-Over,Young Adult,Middle-Aged Adult,Gujarati,,,,,,,,,,,,,,,,,,,,,,,,,
"WordPress
WordPress Plugin
PHP
Plugin Development
JavaScript
CSS
WooCommerce
MySQL",WordPress,WordPress Plugin,PHP,Plugin Development,JavaScript,CSS,WooCommerce,MySQL,,,,,,,,,,,,,,,,,,,,,,,
JavaScript,JavaScript,,,,,,,,,,,,,,,,,,,,,,,,,,,,,,
"Unreal Engine
Game Development
Game Design",Unreal Engine,Game Development,Game Design,,,,,,,,,,,,,,,,,,,,,,,,,,,,
"System Administration
Technical Support
Microsoft Windows",System Administration,Technical Support,Microsoft Windows,,,,,,,,,,,,,,,,,,,,,,,,,,,,
"Illustration
Sketch
Character Design
Adobe Illustrator
Graphic Design
Concept Artistry",Illustration,Sketch,Character Design,Adobe Illustrator,Graphic Design,Concept Artistry,,,,,,,,,,,,,,,,,,,,,,,,,
"WordPress SEO Plugins
Off-Page SEO
Search Engine Optimization
SEO Audit
WordPress",WordPress SEO Plugins,Off-Page SEO,Search Engine Optimization,SEO Audit,WordPress,,,,,,,,,,,,,,,,,,,,,,,,,,
WordPress,WordPress,,,,,,,,,,,,,,,,,,,,,,,,,,,,,,
"Web Application
Mobile App
Unreal Engine",Web Application,Mobile App,Unreal Engine,,,,,,,,,,,,,,,,,,,,,,,,,,,,
"Letter
Email Communication
Writing
English
Copywriting
Business Writing",Letter,Email Communication,Writing,English,Copywriting,Business Writing,,,,,,,,,,,,,,,,,,,,,,,,,
Application Installer,Application Installer,,,,,,,,,,,,,,,,,,,,,,,,,,,,,,
"Email Automation
Email Campaign Setup
Campaign Management
Email Marketing Strategy
Audience Segmentation & Targeting
Copywriting
Email Marketing
Marketing Strategy
Market Research
Content Writing",Email Automation,Email Campaign Setup,Campaign Management,Email Marketing Strategy,Audience Segmentation & Targeting,Copywriting,Email Marketing,Marketing Strategy,Market Research,Content Writing,,,,,,,,,,,,,,,,,,,,,
"Telemarketing
Customer Support
B2B Marketing
Customer Relationship Management
Phone Support
Customer Service
Phone Communication",Telemarketing,Customer Support,B2B Marketing,Customer Relationship Management,Phone Support,Customer Service,Phone Communication,,,,,,,,,,,,,,,,,,,,,,,,
"Adobe Photoshop
Figma
WordPress
Adobe Illustrator",Adobe Photoshop,Figma,WordPress,Adobe Illustrator,,,,,,,,,,,,,,,,,,,,,,,,,,,
"Android
Android App Development
Kotlin
Git
Java",Android,Android App Development,Kotlin,Git,Java,,,,,,,,,,,,,,,,,,,,,,,,,,
"Differential Calculus
Mathematics
LaTeX
Equations
Calculus
Algorithm Development
Statistics
Mathematica
Julia",Differential Calculus,Mathematics,LaTeX,Equations,Calculus,Algorithm Development,Statistics,Mathematica,Julia,,,,,,,,,,,,,,,,,,,,,,
"Linux System Administration
Cloudflare
Web Hosting
System Administration",Linux System Administration,Cloudflare,Web Hosting,System Administration,,,,,,,,,,,,,,,,,,,,,,,,,,,
"TypeScript
AngularJS
Node.js
Angular
HTML
CSS
Web Development
JavaScript
User Experience",TypeScript,AngularJS,Node.js,Angular,HTML,CSS,Web Development,JavaScript,User Experience,,,,,,,,,,,,,,,,,,,,,,
"JavaScript
PDF
PDF Conversion
PHP
Ebook
Java",JavaScript,PDF,PDF Conversion,PHP,Ebook,Java,,,,,,,,,,,,,,,,,,,,,,,,,
"Forex Trading
Cryptocurrency
Investment Strategy
Financial Projection
Financial Analysis
MetaTrader 4",Forex Trading,Cryptocurrency,Investment Strategy,Financial Projection,Financial Analysis,MetaTrader 4,,,,,,,,,,,,,,,,,,,,,,,,,
"DaVinci Resolve
Audio Editing
Visual Effects
Digital Video
360-Degree Video Editing
Video Editing
Video Post-Editing
Podcast Editing
YouTube Marketing",DaVinci Resolve,Audio Editing,Visual Effects,Digital Video,360-Degree Video Editing,Video Editing,Video Post-Editing,Podcast Editing,YouTube Marketing,,,,,,,,,,,,,,,,,,,,,,
"CAD
HVAC System Design
AutoCAD HVAC Loads Calculations
SolidWorks
Mechanical Engineering",CAD,HVAC System Design,AutoCAD HVAC Loads Calculations,SolidWorks,Mechanical Engineering,,,,,,,,,,,,,,,,,,,,,,,,,,
Social Media Marketing,Social Media Marketing,,,,,,,,,,,,,,,,,,,,,,,,,,,,,,
"Video Editing
Adobe Premiere Pro",Video Editing,Adobe Premiere Pro,,,,,,,,,,,,,,,,,,,,,,,,,,,,,
"Education
Product Management
Product Roadmap
Implementation Plan
Product Development
Project Management
LinkedIn
PandaDoc",Education,Product Management,Product Roadmap,Implementation Plan,Product Development,Project Management,LinkedIn,PandaDoc,,,,,,,,,,,,,,,,,,,,,,,
"Search Engine Optimization
SEO Writing
Content Writing
Researcher
Writing
Article Writing",Search Engine Optimization,SEO Writing,Content Writing,Researcher,Writing,Article Writing,,,,,,,,,,,,,,,,,,,,,,,,,
"PDF Conversion
Web Development",PDF Conversion,Web Development,,,,,,,,,,,,,,,,,,,,,,,,,,,,,
"PDF Conversion
Web Development",PDF Conversion,Web Development,,,,,,,,,,,,,,,,,,,,,,,,,,,,,
"Bug Fix
Shopify
CSS
JavaScript
HTML",Bug Fix,Shopify,CSS,JavaScript,HTML,,,,,,,,,,,,,,,,,,,,,,,,,,
"Lead Generation
Email Communication
Email Campaign Setup
Lead Nurturing
Email Marketing
Content Writing",Lead Generation,Email Communication,Email Campaign Setup,Lead Nurturing,Email Marketing,Content Writing,,,,,,,,,,,,,,,,,,,,,,,,,
Web Design,Web Design,,,,,,,,,,,,,,,,,,,,,,,,,,,,,,
"Adobe Photoshop
Adobe Illustrator
Brand Identity Design
Banner
3D Design",Adobe Photoshop,Adobe Illustrator,Brand Identity Design,Banner,3D Design,,,,,,,,,,,,,,,,,,,,,,,,,,
"Native
Fluent
Translation
Dutch
English
Writing",Native,Fluent,Translation,Dutch,English,Writing,,,,,,,,,,,,,,,,,,,,,,,,,
"Graphic Design
Web Design
Wix",Graphic Design,Web Design,Wix,,,,,,,,,,,,,,,,,,,,,,,,,,,,
"WordPress
Web Development
PHP
JavaScript
CSS
Web Design
HTML",WordPress,Web Development,PHP,JavaScript,CSS,Web Design,HTML,,,,,,,,,,,,,,,,,,,,,,,,
"iOS
In-App Purchases
User Profile Creation
Bluetooth
API Integration
JavaScript
Web Development
WordPress",iOS,In-App Purchases,User Profile Creation,Bluetooth,API Integration,JavaScript,Web Development,WordPress,,,,,,,,,,,,,,,,,,,,,,,
Article Writing,Article Writing,,,,,,,,,,,,,,,,,,,,,,,,,,,,,,
"WordPress
Web Development
Web Design
Website
Website Customization",WordPress,Web Development,Web Design,Website,Website Customization,,,,,,,,,,,,,,,,,,,,,,,,,,
"Social Media Account Setup
Digital Marketing
Google Suite
Administrative Support
Virtual Assistant
Executive Support
Email Communication
Data Entry
Virtual Assistance
Customer Service",Social Media Account Setup,Digital Marketing,Google Suite,Administrative Support,Virtual Assistant,Executive Support,Email Communication,Data Entry,Virtual Assistance,Customer Service,,,,,,,,,,,,,,,,,,,,,
"Instagram
YouTube
TikTok
YouTube Marketing
Digital Marketing
Social Media Strategy
Marketing Strategy
Social Media Marketing
Content Marketing Strategy",Instagram,YouTube,TikTok,YouTube Marketing,Digital Marketing,Social Media Strategy,Marketing Strategy,Social Media Marketing,Content Marketing Strategy,,,,,,,,,,,,,,,,,,,,,,
Italian,Italian,,,,,,,,,,,,,,,,,,,,,,,,,,,,,,
"Smartphone
iOS
Android
Mobile App Development",Smartphone,iOS,Android,Mobile App Development,,,,,,,,,,,,,,,,,,,,,,,,,,,
"WiFi
Embedded C
Embedded System
Firmware
Microcontroller Programming
C
C++
Internet of Things
Firmware Programming",WiFi,Embedded C,Embedded System,Firmware,Microcontroller Programming,C,C++,Internet of Things,Firmware Programming,,,,,,,,,,,,,,,,,,,,,,
"Facebook Advertising
Social Media Advertising
Social Media Management",Facebook Advertising,Social Media Advertising,Social Media Management,,,,,,,,,,,,,,,,,,,,,,,,,,,,
"Blockchain
React Native
Smart Contract
JavaScript
Solidity",Blockchain,React Native,Smart Contract,JavaScript,Solidity,,,,,,,,,,,,,,,,,,,,,,,,,,
German,German,,,,,,,,,,,,,,,,,,,,,,,,,,,,,,
"Algorithm Development
Java
Mathematics
Data Science",Algorithm Development,Java,Mathematics,Data Science,,,,,,,,,,,,,,,,,,,,,,,,,,,
"Male
US English Dialect
Voice-Over",Male,US English Dialect,Voice-Over,,,,,,,,,,,,,,,,,,,,,,,,,,,,
"Off-Page SEO
Technical SEO
SEO Keyword Research
Amusement & Gambling
SEO Backlinking
On-Page SEO
Organic Traffic Growth
SEO Performance",Off-Page SEO,Technical SEO,SEO Keyword Research,Amusement & Gambling,SEO Backlinking,On-Page SEO,Organic Traffic Growth,SEO Performance,,,,,,,,,,,,,,,,,,,,,,,
"Real Estate
RAW
JPG
Architectural Photography
Photo Editing
Adobe Photoshop
Photo Retouching
Adobe Photoshop Lightroom
Photo Manipulation
Photo Color Correction",Real Estate,RAW,JPG,Architectural Photography,Photo Editing,Adobe Photoshop,Photo Retouching,Adobe Photoshop Lightroom,Photo Manipulation,Photo Color Correction,,,,,,,,,,,,,,,,,,,,,
"Mockup
Wireframing
User Interface Design
User Flow
Mobile App Design",Mockup,Wireframing,User Interface Design,User Flow,Mobile App Design,,,,,,,,,,,,,,,,,,,,,,,,,,
"SEO Keyword Research
Search Engine Optimization
On-Page SEO
SEO Audit",SEO Keyword Research,Search Engine Optimization,On-Page SEO,SEO Audit,,,,,,,,,,,,,,,,,,,,,,,,,,,
Guerrilla Marketing,Guerrilla Marketing,,,,,,,,,,,,,,,,,,,,,,,,,,,,,,
"Microsoft Windows
.NET Framework
PHP
JavaScript
Python
Ubuntu
Bash
Linux System Administration
Linux",Microsoft Windows,.NET Framework,PHP,JavaScript,Python,Ubuntu,Bash,Linux System Administration,Linux,,,,,,,,,,,,,,,,,,,,,,
"Email Communication
Customer Service
Writing
File Management
Phone Communication
Scheduling
Task Coordination",Email Communication,Customer Service,Writing,File Management,Phone Communication,Scheduling,Task Coordination,,,,,,,,,,,,,,,,,,,,,,,,
"Content Marketing Strategy
SEO Writing
Blog Content
Content Writing
Blog Writing
Search Engine Optimization
Copywriting
Norwegian
Writing
Article Writing",Content Marketing Strategy,SEO Writing,Blog Content,Content Writing,Blog Writing,Search Engine Optimization,Copywriting,Norwegian,Writing,Article Writing,,,,,,,,,,,,,,,,,,,,,
"Content Writing
Copywriting
Blog Content
Researcher
Search Engine Optimization
Article Writing
Article
Blog Writing
Creative Writing
Website Content",Content Writing,Copywriting,Blog Content,Researcher,Search Engine Optimization,Article Writing,Article,Blog Writing,Creative Writing,Website Content,,,,,,,,,,,,,,,,,,,,,
"Content Writing
Copywriting
Blog Content
Researcher
Search Engine Optimization
Article Writing
Article
Blog Writing
Creative Writing
Website Content",Content Writing,Copywriting,Blog Content,Researcher,Search Engine Optimization,Article Writing,Article,Blog Writing,Creative Writing,Website Content,,,,,,,,,,,,,,,,,,,,,
"Marketing Strategy
SEO Setup & Configuration
Researcher
Lead Generation
Social Media Marketing",Marketing Strategy,SEO Setup & Configuration,Researcher,Lead Generation,Social Media Marketing,,,,,,,,,,,,,,,,,,,,,,,,,,
Google Analytics,Google Analytics,,,,,,,,,,,,,,,,,,,,,,,,,,,,,,
"HTML
CSS
jQuery
JavaScript",HTML,CSS,jQuery,JavaScript,,,,,,,,,,,,,,,,,,,,,,,,,,,
"Twitter Marketing
Twitter
Social Media Content Creation",Twitter Marketing,Twitter,Social Media Content Creation,,,,,,,,,,,,,,,,,,,,,,,,,,,,
"Google Ads
PPC Campaign Setup & Management
Pay Per Click Advertising
Campaign Reporting
Search Engine Marketing
Campaign Optimization",Google Ads,PPC Campaign Setup & Management,Pay Per Click Advertising,Campaign Reporting,Search Engine Marketing,Campaign Optimization,,,,,,,,,,,,,,,,,,,,,,,,,
"Graphic Design
Colorful Style
Adobe Photoshop
Adobe Illustrator
Contemporary Style",Graphic Design,Colorful Style,Adobe Photoshop,Adobe Illustrator,Contemporary Style,,,,,,,,,,,,,,,,,,,,,,,,,,
"Marketing Automation
Email Marketing
Sales
Lead Generation",Marketing Automation,Email Marketing,Sales,Lead Generation,,,,,,,,,,,,,,,,,,,,,,,,,,,
"WordPress
PHP
HTML
Web Development
WordPress Development
WooCommerce
Contact Form 7",WordPress,PHP,HTML,Web Development,WordPress Development,WooCommerce,Contact Form 7,,,,,,,,,,,,,,,,,,,,,,,,
"Audience Segmentation & Targeting
Campaign Management
Email Automation
Email Campaign Setup
HubSpot
A/B Testing
Marketing Automation
Lead Generation
Email Marketing
Marketing Automation Strategy",Audience Segmentation & Targeting,Campaign Management,Email Automation,Email Campaign Setup,HubSpot,A/B Testing,Marketing Automation,Lead Generation,Email Marketing,Marketing Automation Strategy,,,,,,,,,,,,,,,,,,,,,
"Content Marketing Strategy
SEO Writing
Blog Content
Content Writing
Blog Writing
Search Engine Optimization
Copywriting
Norwegian
Writing
Article Writing",Content Marketing Strategy,SEO Writing,Blog Content,Content Writing,Blog Writing,Search Engine Optimization,Copywriting,Norwegian,Writing,Article Writing,,,,,,,,,,,,,,,,,,,,,
"Content Writing
Copywriting
Blog Content
Researcher
Search Engine Optimization
Article Writing
Article
Blog Writing
Creative Writing
Website Content",Content Writing,Copywriting,Blog Content,Researcher,Search Engine Optimization,Article Writing,Article,Blog Writing,Creative Writing,Website Content,,,,,,,,,,,,,,,,,,,,,
"Marketing Strategy
SEO Setup & Configuration
Researcher
Lead Generation
Social Media Marketing",Marketing Strategy,SEO Setup & Configuration,Researcher,Lead Generation,Social Media Marketing,,,,,,,,,,,,,,,,,,,,,,,,,,
Google Analytics,Google Analytics,,,,,,,,,,,,,,,,,,,,,,,,,,,,,,
"HTML
CSS
jQuery
JavaScript",HTML,CSS,jQuery,JavaScript,,,,,,,,,,,,,,,,,,,,,,,,,,,
"Twitter Marketing
Twitter
Social Media Content Creation",Twitter Marketing,Twitter,Social Media Content Creation,,,,,,,,,,,,,,,,,,,,,,,,,,,,
"Google Ads
PPC Campaign Setup & Management
Pay Per Click Advertising
Campaign Reporting
Search Engine Marketing
Campaign Optimization",Google Ads,PPC Campaign Setup & Management,Pay Per Click Advertising,Campaign Reporting,Search Engine Marketing,Campaign Optimization,,,,,,,,,,,,,,,,,,,,,,,,,
"Graphic Design
Colorful Style
Adobe Photoshop
Adobe Illustrator
Contemporary Style",Graphic Design,Colorful Style,Adobe Photoshop,Adobe Illustrator,Contemporary Style,,,,,,,,,,,,,,,,,,,,,,,,,,
"Marketing Automation
Email Marketing
Sales
Lead Generation",Marketing Automation,Email Marketing,Sales,Lead Generation,,,,,,,,,,,,,,,,,,,,,,,,,,,
"WordPress
PHP
HTML
Web Development
WordPress Development
WooCommerce
Contact Form 7",WordPress,PHP,HTML,Web Development,WordPress Development,WooCommerce,Contact Form 7,,,,,,,,,,,,,,,,,,,,,,,,
"WordPress
PHP
HTML
Web Development
WordPress Development
WooCommerce
Contact Form 7",WordPress,PHP,HTML,Web Development,WordPress Development,WooCommerce,Contact Form 7,,,,,,,,,,,,,,,,,,,,,,,,
"Audience Segmentation & Targeting
Campaign Management
Email Automation
Email Campaign Setup
HubSpot
A/B Testing
Marketing Automation
Lead Generation
Email Marketing
Marketing Automation Strategy",Audience Segmentation & Targeting,Campaign Management,Email Automation,Email Campaign Setup,HubSpot,A/B Testing,Marketing Automation,Lead Generation,Email Marketing,Marketing Automation Strategy,,,,,,,,,,,,,,,,,,,,,
"Social Media Video
Video Production
Content Creation
Podcast
Video Editing
Audio Editing
Video Intro & Outro
Trailer",Social Media Video,Video Production,Content Creation,Podcast,Video Editing,Audio Editing,Video Intro & Outro,Trailer,,,,,,,,,,,,,,,,,,,,,,,
"PNG
Adobe Photoshop Lightroom
Adobe Photoshop Elements
Adobe Photoshop
Photo Editing
Photo Manipulation
Adobe Illustrator",PNG,Adobe Photoshop Lightroom,Adobe Photoshop Elements,Adobe Photoshop,Photo Editing,Photo Manipulation,Adobe Illustrator,,,,,,,,,,,,,,,,,,,,,,,,
"Brand Identity & Guidelines
Advertising Design
Banner Ad Design
Web Design
Graphic Design
Adobe Photoshop
Illustration
Adobe Illustrator
Logo Design
Brand Guidelines",Brand Identity & Guidelines,Advertising Design,Banner Ad Design,Web Design,Graphic Design,Adobe Photoshop,Illustration,Adobe Illustrator,Logo Design,Brand Guidelines,,,,,,,,,,,,,,,,,,,,,
"Tax Law
Tax Preparation",Tax Law,Tax Preparation,,,,,,,,,,,,,,,,,,,,,,,,,,,,,
"On-Page SEO
SEO Audit",On-Page SEO,SEO Audit,,,,,,,,,,,,,,,,,,,,,,,,,,,,,
"Photo Editing
Product Photography
Image Editing
Fashion & Beauty
Photography
Photo Retouching
Adobe Photoshop",Photo Editing,Product Photography,Image Editing,Fashion & Beauty,Photography,Photo Retouching,Adobe Photoshop,,,,,,,,,,,,,,,,,,,,,,,,
PrestaShop,PrestaShop,,,,,,,,,,,,,,,,,,,,,,,,,,,,,,
"Ruby on Rails
Ruby
TypeScript
JavaScript
Golang
React
Web Development",Ruby on Rails,Ruby,TypeScript,JavaScript,Golang,React,Web Development,,,,,,,,,,,,,,,,,,,,,,,,
"Health & Fitness
Copywriting
Headline
Landing Page
Product Description",Health & Fitness,Copywriting,Headline,Landing Page,Product Description,,,,,,,,,,,,,,,,,,,,,,,,,,
"Logo Design
Graphic Design
Adobe Illustrator
Adobe Photoshop
Illustration
Brand Identity & Guidelines
Photo Editing",Logo Design,Graphic Design,Adobe Illustrator,Adobe Photoshop,Illustration,Brand Identity & Guidelines,Photo Editing,,,,,,,,,,,,,,,,,,,,,,,,
"Landing Page
Webflow
Figma
Web Development
ClickFunnels
CSS",Landing Page,Webflow,Figma,Web Development,ClickFunnels,CSS,,,,,,,,,,,,,,,,,,,,,,,,,
"Video Commercial
Video Production
Explainer Video",Video Commercial,Video Production,Explainer Video,,,,,,,,,,,,,,,,,,,,,,,,,,,,
"Wikipedia
Content Writing
English",Wikipedia,Content Writing,English,,,,,,,,,,,,,,,,,,,,,,,,,,,,
"Google AdSense
YouTube Marketing
Google Ads
YouTube
YouTube Development
Social Media Marketing
Search Engine Optimization
YouTube Monetization
YouTube Subscribers",Google AdSense,YouTube Marketing,Google Ads,YouTube,YouTube Development,Social Media Marketing,Search Engine Optimization,YouTube Monetization,YouTube Subscribers,,,,,,,,,,,,,,,,,,,,,,
"Off-Page SEO
Technical SEO
SEO Keyword Research
On-Page SEO
SEO Backlinking",Off-Page SEO,Technical SEO,SEO Keyword Research,On-Page SEO,SEO Backlinking,,,,,,,,,,,,,,,,,,,,,,,,,,
"WordPress
PHP
WooCommerce
WordPress Plugin
JavaScript",WordPress,PHP,WooCommerce,WordPress Plugin,JavaScript,,,,,,,,,,,,,,,,,,,,,,,,,,
"Desktop Application
Standalone Application",Desktop Application,Standalone Application,,,,,,,,,,,,,,,,,,,,,,,,,,,,,
Civil Engineering,Civil Engineering,,,,,,,,,,,,,,,,,,,,,,,,,,,,,,
"SketchUp
Architectural Design
Autodesk AutoCAD",SketchUp,Architectural Design,Autodesk AutoCAD,,,,,,,,,,,,,,,,,,,,,,,,,,,,
"English
Video Editing
Video Production
Explainer Video
Adobe Premiere Pro",English,Video Editing,Video Production,Explainer Video,Adobe Premiere Pro,,,,,,,,,,,,,,,,,,,,,,,,,,
"PHP
HTML
CSS
WordPress",PHP,HTML,CSS,WordPress,,,,,,,,,,,,,,,,,,,,,,,,,,,
"Project Management
Communications
Project Scheduling
Decision Making
Milestones
Product Management
Resolves Conflict
Critical Thinking Skills
Account Management
Client Management",Project Management,Communications,Project Scheduling,Decision Making,Milestones,Product Management,Resolves Conflict,Critical Thinking Skills,Account Management,Client Management,,,,,,,,,,,,,,,,,,,,,
"Translation
Shopify",Translation,Shopify,,,,,,,,,,,,,,,,,,,,,,,,,,,,,
"Content Writing
Blog Content
English
SEO Writing
Creative Writing
Copywriting
Blog Writing
Ghostwriting",Content Writing,Blog Content,English,SEO Writing,Creative Writing,Copywriting,Blog Writing,Ghostwriting,,,,,,,,,,,,,,,,,,,,,,,
"Accounting
AccountAbility
Management Accounting
NFT",Accounting,AccountAbility,Management Accounting,NFT,,,,,,,,,,,,,,,,,,,,,,,,,,,
"Shopify
Web Development
GoDaddy",Shopify,Web Development,GoDaddy,,,,,,,,,,,,,,,,,,,,,,,,,,,,
"Canva
Buffer
Social Media Management
Social Media Content Creation
Social Media Marketing
Facebook
Instagram
Content Writing
Adobe Photoshop",Canva,Buffer,Social Media Management,Social Media Content Creation,Social Media Marketing,Facebook,Instagram,Content Writing,Adobe Photoshop,,,,,,,,,,,,,,,,,,,,,,
Keyword Research,Keyword Research,,,,,,,,,,,,,,,,,,,,,,,,,,,,,,
"Zoho CRM
Customer Relationship Management
Web Service
API Development
Zoho Creator",Zoho CRM,Customer Relationship Management,Web Service,API Development,Zoho Creator,,,,,,,,,,,,,,,,,,,,,,,,,,
"Influencer Marketing
Marketing Strategy
Social Media Marketing
Facebook
Instagram
Google Ads
Twitter
Discord",Influencer Marketing,Marketing Strategy,Social Media Marketing,Facebook,Instagram,Google Ads,Twitter,Discord,,,,,,,,,,,,,,,,,,,,,,,
"Researcher
Data Entry",Researcher,Data Entry,,,,,,,,,,,,,,,,,,,,,,,,,,,,,
"Video Editing
Video Post-Editing
Adobe After Effects
Audio Editing",Video Editing,Video Post-Editing,Adobe After Effects,Audio Editing,,,,,,,,,,,,,,,,,,,,,,,,,,,
"Shopify
Web Design
Web Development",Shopify,Web Design,Web Development,,,,,,,,,,,,,,,,,,,,,,,,,,,,
Video Editing,Video Editing,,,,,,,,,,,,,,,,,,,,,,,,,,,,,,
"Data Entry
Typing
Microsoft Word
Image Editing
Photo Editing
Microsoft Excel",Data Entry,Typing,Microsoft Word,Image Editing,Photo Editing,Microsoft Excel,,,,,,,,,,,,,,,,,,,,,,,,,
Graphic Design,Graphic Design,,,,,,,,,,,,,,,,,,,,,,,,,,,,,,
"Social Media Content Creation
Video Advertising
Sports & Recreation
Food & Beverage
Instagram
Facebook
Social Media Marketing
Social Media Content
Video Production
Video Editing",Social Media Content Creation,Video Advertising,Sports & Recreation,Food & Beverage,Instagram,Facebook,Social Media Marketing,Social Media Content,Video Production,Video Editing,,,,,,,,,,,,,,,,,,,,,
"Python
JavaScript
Data Scraping
PHP
Bot Development
Twitter",Python,JavaScript,Data Scraping,PHP,Bot Development,Twitter,,,,,,,,,,,,,,,,,,,,,,,,,
"Video Editing
Video Production
Adobe After Effects
Maxon Cinema 4D
Adobe Premiere Pro
Motion Graphics
Animation
Final Cut Pro X
Explainer Video
Video Post-Editing",Video Editing,Video Production,Adobe After Effects,Maxon Cinema 4D,Adobe Premiere Pro,Motion Graphics,Animation,Final Cut Pro X,Explainer Video,Video Post-Editing,,,,,,,,,,,,,,,,,,,,,
"Spanish
German
Translation
Russian
Polish
French
Portuguese
Brazilian Portuguese Dialect",Spanish,German,Translation,Russian,Polish,French,Portuguese,Brazilian Portuguese Dialect,,,,,,,,,,,,,,,,,,,,,,,
Video Editing,Video Editing,,,,,,,,,,,,,,,,,,,,,,,,,,,,,,
Canva,Canva,,,,,,,,,,,,,,,,,,,,,,,,,,,,,,
English to German Translation,English to German Translation,,,,,,,,,,,,,,,,,,,,,,,,,,,,,,
"Prototyping
Wireframing
Bubble.io",Prototyping,Wireframing,Bubble.io,,,,,,,,,,,,,,,,,,,,,,,,,,,,
"Female
Male",Female,Male,,,,,,,,,,,,,,,,,,,,,,,,,,,,,
"Social Media Management
Social Media Marketing",Social Media Management,Social Media Marketing,,,,,,,,,,,,,,,,,,,,,,,,,,,,,
"Voice-Over
Male
Narration
Middle-Aged Adult
Young Adult",Voice-Over,Male,Narration,Middle-Aged Adult,Young Adult,,,,,,,,,,,,,,,,,,,,,,,,,,
"Wix
Web Design
Web Development
Graphic Design
Visual Communication",Wix,Web Design,Web Development,Graphic Design,Visual Communication,,,,,,,,,,,,,,,,,,,,,,,,,,
"Wix
Web Design
Web Development
Graphic Design
Visual Communication",Wix,Web Design,Web Development,Graphic Design,Visual Communication,,,,,,,,,,,,,,,,,,,,,,,,,,
"Web Design
Interaction Design
WordPress
WooCommerce
WordPress Plugin
Web Development",Web Design,Interaction Design,WordPress,WooCommerce,WordPress Plugin,Web Development,,,,,,,,,,,,,,,,,,,,,,,,,
"Market Research
Researcher
Dropshipping
Virtual Assistant",Market Research,Researcher,Dropshipping,Virtual Assistant,,,,,,,,,,,,,,,,,,,,,,,,,,,
English to French Translation,English to French Translation,,,,,,,,,,,,,,,,,,,,,,,,,,,,,,
"English
Website Content
Education
Video Editing
Video Production
Content Writing
Explainer Video",English,Website Content,Education,Video Editing,Video Production,Content Writing,Explainer Video,,,,,,,,,,,,,,,,,,,,,,,,
"Salesforce CRM
Salesforce Lightning
Apex
Salesforce Sales Cloud
Salesforce Expert",Salesforce CRM,Salesforce Lightning,Apex,Salesforce Sales Cloud,Salesforce Expert,,,,,,,,,,,,,,,,,,,,,,,,,,
"Indoor Lifestyle Photography
Outdoor Lifestyle Photography
JPG
PSD
Product Photography
Photography
Food Photography",Indoor Lifestyle Photography,Outdoor Lifestyle Photography,JPG,PSD,Product Photography,Photography,Food Photography,,,,,,,,,,,,,,,,,,,,,,,,
English to Italian Translation,English to Italian Translation,,,,,,,,,,,,,,,,,,,,,,,,,,,,,,
"Video Editing
Dropshipping
Video Post-Editing
TikTok Ad
Facebook Advertising",Video Editing,Dropshipping,Video Post-Editing,TikTok Ad,Facebook Advertising,,,,,,,,,,,,,,,,,,,,,,,,,,
"MySQL
Android
iOS
PHP
JavaScript
Java
API",MySQL,Android,iOS,PHP,JavaScript,Java,API,,,,,,,,,,,,,,,,,,,,,,,,
"Essay Writing
Writing
Academic Writing
Creative Writing
English",Essay Writing,Writing,Academic Writing,Creative Writing,English,,,,,,,,,,,,,,,,,,,,,,,,,,
"Chemistry
Product Development
Manufacturing & Construction",Chemistry,Product Development,Manufacturing & Construction,,,,,,,,,,,,,,,,,,,,,,,,,,,,
"Graphic Design
Animation
Video Editing",Graphic Design,Animation,Video Editing,,,,,,,,,,,,,,,,,,,,,,,,,,,,
"Korean
English
Proofreading
Translation
Arabic",Korean,English,Proofreading,Translation,Arabic,,,,,,,,,,,,,,,,,,,,,,,,,,
"WordPress
Web Design
Web Development",WordPress,Web Design,Web Development,,,,,,,,,,,,,,,,,,,,,,,,,,,,
"JavaScript
HTML
CSS
Image Compression
Search Engine Optimization
On-Page SEO",JavaScript,HTML,CSS,Image Compression,Search Engine Optimization,On-Page SEO,,,,,,,,,,,,,,,,,,,,,,,,,
"Video Editing
Editor",Video Editing,Editor,,,,,,,,,,,,,,,,,,,,,,,,,,,,,
Graphic Design,Graphic Design,,,,,,,,,,,,,,,,,,,,,,,,,,,,,,
"Data Scraping
Data Entry
Data Extraction
TikTok Marketing
Researcher
Lead Generation",Data Scraping,Data Entry,Data Extraction,TikTok Marketing,Researcher,Lead Generation,,,,,,,,,,,,,,,,,,,,,,,,,
Data Entry,Data Entry,,,,,,,,,,,,,,,,,,,,,,,,,,,,,,
"Facebook
Instagram
Social Media Advertising
Social Media Management
Social Media Marketing",Facebook,Instagram,Social Media Advertising,Social Media Management,Social Media Marketing,,,,,,,,,,,,,,,,,,,,,,,,,,
"Wix
Web Design
Graphic Design
User Flow
Search Engine Optimization",Wix,Web Design,Graphic Design,User Flow,Search Engine Optimization,,,,,,,,,,,,,,,,,,,,,,,,,,
"Proofreading
Translation
English
French
German
Italian
Simplified Chinese
English to Italian Translation",Proofreading,Translation,English,French,German,Italian,Simplified Chinese,English to Italian Translation,,,,,,,,,,,,,,,,,,,,,,,
"Graphic Design
Adobe Photoshop
Social Media Marketing
Banner Ad Design
Internet Marketing",Graphic Design,Adobe Photoshop,Social Media Marketing,Banner Ad Design,Internet Marketing,,,,,,,,,,,,,,,,,,,,,,,,,,
"Web Development
Web Design",Web Development,Web Design,,,,,,,,,,,,,,,,,,,,,,,,,,,,,
"VoIP
3CX
VoIP Administration
FreePBX
VoIP Software",VoIP,3CX,VoIP Administration,FreePBX,VoIP Software,,,,,,,,,,,,,,,,,,,,,,,,,,
"2D Animation
Unity",2D Animation,Unity,,,,,,,,,,,,,,,,,,,,,,,,,,,,,
"Google Analytics
PHP
MySQL
Amazon Web Services
JavaScript
API
Laravel
Magento 2",Google Analytics,PHP,MySQL,Amazon Web Services,JavaScript,API,Laravel,Magento 2,,,,,,,,,,,,,,,,,,,,,,,
"Spanish
Portuguese
Translation
English
French",Spanish,Portuguese,Translation,English,French,,,,,,,,,,,,,,,,,,,,,,,,,,
"Arabic
Voice-Over
Voice Acting",Arabic,Voice-Over,Voice Acting,,,,,,,,,,,,,,,,,,,,,,,,,,,,
"Neural Network
Python
Artificial Intelligence
Machine Learning
Natural Language Processing
Data Analysis",Neural Network,Python,Artificial Intelligence,Machine Learning,Natural Language Processing,Data Analysis,,,,,,,,,,,,,,,,,,,,,,,,,
"Marketing Automation
Email Marketing
Lead Generation
ActiveCampaign
Email Campaign Setup",Marketing Automation,Email Marketing,Lead Generation,ActiveCampaign,Email Campaign Setup,,,,,,,,,,,,,,,,,,,,,,,,,,
"Creative Writing
Content Writing
Scriptwriting
Copywriting
Article Writing
Writing
Screenwriting
Scripting
Blog Writing
Researcher",Creative Writing,Content Writing,Scriptwriting,Copywriting,Article Writing,Writing,Screenwriting,Scripting,Blog Writing,Researcher,,,,,,,,,,,,,,,,,,,,,
"English to Spanish Translation
Translation
English
Spanish",English to Spanish Translation,Translation,English,Spanish,,,,,,,,,,,,,,,,,,,,,,,,,,,
"British English Accent
Voice Acting
Narration
Female",British English Accent,Voice Acting,Narration,Female,,,,,,,,,,,,,,,,,,,,,,,,,,,
Facebook,Facebook,,,,,,,,,,,,,,,,,,,,,,,,,,,,,,
"Business with 1-9 Employees
Mockup
Web Design
Adobe Illustrator
Adobe Photoshop
Infographic
Graphic Design
Minimalist
Adobe InDesign
Illustration",Business with 1-9 Employees,Mockup,Web Design,Adobe Illustrator,Adobe Photoshop,Infographic,Graphic Design,Minimalist,Adobe InDesign,Illustration,,,,,,,,,,,,,,,,,,,,,
"Instagram
Social Media Imagery
Graphic Design",Instagram,Social Media Imagery,Graphic Design,,,,,,,,,,,,,,,,,,,,,,,,,,,,
Cybersecurity Tool,Cybersecurity Tool,,,,,,,,,,,,,,,,,,,,,,,,,,,,,,
"Graphic Design
Web Design
Presentations
Logo Design",Graphic Design,Web Design,Presentations,Logo Design,,,,,,,,,,,,,,,,,,,,,,,,,,,
"Graphic Design
Web Design
Presentations
Logo Design",Graphic Design,Web Design,Presentations,Logo Design,,,,,,,,,,,,,,,,,,,,,,,,,,,
Lead Generation,Lead Generation,,,,,,,,,,,,,,,,,,,,,,,,,,,,,,
"Japanese
General Transcription
Japanese to English Translation
Translation",Japanese,General Transcription,Japanese to English Translation,Translation,,,,,,,,,,,,,,,,,,,,,,,,,,,
"Mockup
Wireframing",Mockup,Wireframing,,,,,,,,,,,,,,,,,,,,,,,,,,,,,
"Narrative Video
Stock Footage
Social Media Video
Documentary
Video Intro & Outro
Video Editing
Adobe Premiere Pro
Explainer Video
Education
Motion Graphics",Narrative Video,Stock Footage,Social Media Video,Documentary,Video Intro & Outro,Video Editing,Adobe Premiere Pro,Explainer Video,Education,Motion Graphics,,,,,,,,,,,,,,,,,,,,,
"Content Writing
Article Writing
Blog Writing
Researcher
Blog Content
SEO Writing
Copywriting
Writing
Article",Content Writing,Article Writing,Blog Writing,Researcher,Blog Content,SEO Writing,Copywriting,Writing,Article,,,,,,,,,,,,,,,,,,,,,,
"User Interface Design
Mobile App Design
User Experience Design
Wireframing
Interaction Design
Mockup",User Interface Design,Mobile App Design,User Experience Design,Wireframing,Interaction Design,Mockup,,,,,,,,,,,,,,,,,,,,,,,,,
"Database Development
Java
Python
Django
HTML
Web Development
JavaScript
CSS
API
Database Design",Database Development,Java,Python,Django,HTML,Web Development,JavaScript,CSS,API,Database Design,,,,,,,,,,,,,,,,,,,,,
"WordPress
PHP
JavaScript
WordPress Plugin",WordPress,PHP,JavaScript,WordPress Plugin,,,,,,,,,,,,,,,,,,,,,,,,,,,
"Video Editing
Adobe Premiere Pro
Video Production",Video Editing,Adobe Premiere Pro,Video Production,,,,,,,,,,,,,,,,,,,,,,,,,,,,
"Video Editing
Adobe Premiere Pro
Video Production",Video Editing,Adobe Premiere Pro,Video Production,,,,,,,,,,,,,,,,,,,,,,,,,,,,
"Adobe Illustrator
Mobile App Design
Mobile UI Design",Adobe Illustrator,Mobile App Design,Mobile UI Design,,,,,,,,,,,,,,,,,,,,,,,,,,,,
"Content SEO
Search Engine Optimization
SEO Writing
Article
Content Writing
On-Page SEO",Content SEO,Search Engine Optimization,SEO Writing,Article,Content Writing,On-Page SEO,,,,,,,,,,,,,,,,,,,,,,,,,
"Social Media Management
Social Media Marketing Strategy
Copyright
Automation",Social Media Management,Social Media Marketing Strategy,Copyright,Automation,,,,,,,,,,,,,,,,,,,,,,,,,,,
"Lead Generation
Cold Calling
Outbound Sales
Telemarketing
List Building
Italian",Lead Generation,Cold Calling,Outbound Sales,Telemarketing,List Building,Italian,,,,,,,,,,,,,,,,,,,,,,,,,
"Final Cut Pro X
Narrative Video
Digital Video
Video Editing
Adobe Premiere Pro",Final Cut Pro X,Narrative Video,Digital Video,Video Editing,Adobe Premiere Pro,,,,,,,,,,,,,,,,,,,,,,,,,,
Figma,Figma,,,,,,,,,,,,,,,,,,,,,,,,,,,,,,
"US English Dialect
Creative Writing
Content Writing
Writing",US English Dialect,Creative Writing,Content Writing,Writing,,,,,,,,,,,,,,,,,,,,,,,,,,,
"Graphic Design
Social Media Imagery
Infographic
Layout Design
Illustration
Instagram
Marketing Strategy
Comparison Infographic
Informational Infographic
Poster",Graphic Design,Social Media Imagery,Infographic,Layout Design,Illustration,Instagram,Marketing Strategy,Comparison Infographic,Informational Infographic,Poster,,,,,,,,,,,,,,,,,,,,,
"Django
Python
MySQL
JavaScript
CSS
HTML
Bootstrap
Git
Web Development
Landing Page",Django,Python,MySQL,JavaScript,CSS,HTML,Bootstrap,Git,Web Development,Landing Page,,,,,,,,,,,,,,,,,,,,,
Web Design,Web Design,,,,,,,,,,,,,,,,,,,,,,,,,,,,,,
"Amazon Web Services
API
Amazon S3
Database
AWS Lambda
MongoDB
Amazon EC2",Amazon Web Services,API,Amazon S3,Database,AWS Lambda,MongoDB,Amazon EC2,,,,,,,,,,,,,,,,,,,,,,,,
"Paid Media
Social Media Advertising
Facebook Advertising
Facebook Ads Manager
Lead Generation",Paid Media,Social Media Advertising,Facebook Advertising,Facebook Ads Manager,Lead Generation,,,,,,,,,,,,,,,,,,,,,,,,,,
iOS,iOS,,,,,,,,,,,,,,,,,,,,,,,,,,,,,,
"Microsoft SQL Server
API
Microsoft Azure
Machine Learning
Python
.NET Framework",Microsoft SQL Server,API,Microsoft Azure,Machine Learning,Python,.NET Framework,,,,,,,,,,,,,,,,,,,,,,,,,
"Video Editing
YouTube
TikTok",Video Editing,YouTube,TikTok,,,,,,,,,,,,,,,,,,,,,,,,,,,,
"Social Media Management
Instagram
Facebook
Content Writing
Pinterest
Social Media Content
Social Media Content Creation",Social Media Management,Instagram,Facebook,Content Writing,Pinterest,Social Media Content,Social Media Content Creation,,,,,,,,,,,,,,,,,,,,,,,,
"GoDaddy
Web Design
Wix
WordPress
Web Development",GoDaddy,Web Design,Wix,WordPress,Web Development,,,,,,,,,,,,,,,,,,,,,,,,,,
"Presentation Design
PPTX
Business Presentation
Pitchbook",Presentation Design,PPTX,Business Presentation,Pitchbook,,,,,,,,,,,,,,,,,,,,,,,,,,,
"Retail & Consumer Goods
Branding
Brand Research
Creative Writing
Mission Statement
Brand Positioning
Brand Naming
Marketing",Retail & Consumer Goods,Branding,Brand Research,Creative Writing,Mission Statement,Brand Positioning,Brand Naming,Marketing,,,,,,,,,,,,,,,,,,,,,,,
"Presentation Design
PPTX
Business Presentation
Pitchbook",Presentation Design,PPTX,Business Presentation,Pitchbook,,,,,,,,,,,,,,,,,,,,,,,,,,,
"Retail & Consumer Goods
Branding
Brand Research
Creative Writing
Mission Statement
Brand Positioning
Brand Naming
Marketing",Retail & Consumer Goods,Branding,Brand Research,Creative Writing,Mission Statement,Brand Positioning,Brand Naming,Marketing,,,,,,,,,,,,,,,,,,,,,,,
"three.js
WebGL
JavaScript
3D Rendering",three.js,WebGL,JavaScript,3D Rendering,,,,,,,,,,,,,,,,,,,,,,,,,,,
"Researcher
YouTube",Researcher,YouTube,,,,,,,,,,,,,,,,,,,,,,,,,,,,,
"Accounting
Bookkeeping",Accounting,Bookkeeping,,,,,,,,,,,,,,,,,,,,,,,,,,,,,
"Software Architecture & Design
API Integration",Software Architecture & Design,API Integration,,,,,,,,,,,,,,,,,,,,,,,,,,,,,
Logo Design,Logo Design,,,,,,,,,,,,,,,,,,,,,,,,,,,,,,
"Calming Tone
Narration
US English Dialect
Male
Voice-Over",Calming Tone,Narration,US English Dialect,Male,Voice-Over,,,,,,,,,,,,,,,,,,,,,,,,,,
"Twitter
Pinterest
LinkedIn
Social Media Account Setup
Social Media Management
Instagram
Facebook
Social Media Content
Social Media Content Creation",Twitter,Pinterest,LinkedIn,Social Media Account Setup,Social Media Management,Instagram,Facebook,Social Media Content,Social Media Content Creation,,,,,,,,,,,,,,,,,,,,,,
"English
Article Writing
Content Writing
Creative Writing",English,Article Writing,Content Writing,Creative Writing,,,,,,,,,,,,,,,,,,,,,,,,,,,
"English
Article Writing
Content Writing
Creative Writing",English,Article Writing,Content Writing,Creative Writing,,,,,,,,,,,,,,,,,,,,,,,,,,,
"Screencasting Video
Explainer Video
Video Editing
Video Production",Screencasting Video,Explainer Video,Video Editing,Video Production,,,,,,,,,,,,,,,,,,,,,,,,,,,
"English
Community Moderation
Content Moderation
Latin American English Accent
African American English Accent
Community Management",English,Community Moderation,Content Moderation,Latin American English Accent,African American English Accent,Community Management,,,,,,,,,,,,,,,,,,,,,,,,,
"Social Media Marketing
Social Media Management
Instagram
Social Media Content
LinkedIn
Social Media Content Creation
Facebook",Social Media Marketing,Social Media Management,Instagram,Social Media Content,LinkedIn,Social Media Content Creation,Facebook,,,,,,,,,,,,,,,,,,,,,,,,
"Trailer
Video Post-Editing
Video Commercial
Explainer Video
Video Production",Trailer,Video Post-Editing,Video Commercial,Explainer Video,Video Production,,,,,,,,,,,,,,,,,,,,,,,,,,
"Graphic Design
Podcast",Graphic Design,Podcast,,,,,,,,,,,,,,,,,,,,,,,,,,,,,
"Translation
English to Bulgarian Translation
Subtitling",Translation,English to Bulgarian Translation,Subtitling,,,,,,,,,,,,,,,,,,,,,,,,,,,,
"Virtual Assistance
Virtual Assistant
Email Communication
Scheduling
Communications
File Management
Personal Administration
Administrative Support
Data Entry
Accounting",Virtual Assistance,Virtual Assistant,Email Communication,Scheduling,Communications,File Management,Personal Administration,Administrative Support,Data Entry,Accounting,,,,,,,,,,,,,,,,,,,,,
"Android App Development
Android Studio
Java",Android App Development,Android Studio,Java,,,,,,,,,,,,,,,,,,,,,,,,,,,,
"Social Media Marketing
Internet Marketing
Marketing Strategy",Social Media Marketing,Internet Marketing,Marketing Strategy,,,,,,,,,,,,,,,,,,,,,,,,,,,,
Visualization,Visualization,,,,,,,,,,,,,,,,,,,,,,,,,,,,,,
"English
Customer Service
Phone Support
Email Communication",English,Customer Service,Phone Support,Email Communication,,,,,,,,,,,,,,,,,,,,,,,,,,,
"Google Docs
Google Sheets
Zapier
Automation",Google Docs,Google Sheets,Zapier,Automation,,,,,,,,,,,,,,,,,,,,,,,,,,,
"Documentary
Scriptwriting
Content Writing
Screenwriting
Script",Documentary,Scriptwriting,Content Writing,Screenwriting,Script,,,,,,,,,,,,,,,,,,,,,,,,,,
"Community Management
Content Moderation
Community Outreach
Customer Support
Community Engagement
Community Strategy
Customer Engagement",Community Management,Content Moderation,Community Outreach,Customer Support,Community Engagement,Community Strategy,Customer Engagement,,,,,,,,,,,,,,,,,,,,,,,,
"Press Distribution
Outreach Strategy
Media Pitch
Tech & IT
Public Relations
Media Relations",Press Distribution,Outreach Strategy,Media Pitch,Tech & IT,Public Relations,Media Relations,,,,,,,,,,,,,,,,,,,,,,,,,
"Python
JavaScript",Python,JavaScript,,,,,,,,,,,,,,,,,,,,,,,,,,,,,
"Audio Conversion
Dutch
Content Writing
Audio Transcription",Audio Conversion,Dutch,Content Writing,Audio Transcription,,,,,,,,,,,,,,,,,,,,,,,,,,,
"Web Design
Adobe Illustrator
User Experience Design
Software Design
User Interface Design
Graphic Design",Web Design,Adobe Illustrator,User Experience Design,Software Design,User Interface Design,Graphic Design,,,,,,,,,,,,,,,,,,,,,,,,,
"Data Entry
German",Data Entry,German,,,,,,,,,,,,,,,,,,,,,,,,,,,,,
"Community Management
Content Moderation
Community Outreach
Customer Support
Community Engagement
Community Strategy
Customer Engagement",Community Management,Content Moderation,Community Outreach,Customer Support,Community Engagement,Community Strategy,Customer Engagement,,,,,,,,,,,,,,,,,,,,,,,,
"Press Distribution
Outreach Strategy
Media Pitch
Tech & IT
Public Relations
Media Relations",Press Distribution,Outreach Strategy,Media Pitch,Tech & IT,Public Relations,Media Relations,,,,,,,,,,,,,,,,,,,,,,,,,
"Python
JavaScript",Python,JavaScript,,,,,,,,,,,,,,,,,,,,,,,,,,,,,
"Audio Conversion
Dutch
Content Writing
Audio Transcription",Audio Conversion,Dutch,Content Writing,Audio Transcription,,,,,,,,,,,,,,,,,,,,,,,,,,,
"Web Design
Adobe Illustrator
User Experience Design
Software Design
User Interface Design
Graphic Design",Web Design,Adobe Illustrator,User Experience Design,Software Design,User Interface Design,Graphic Design,,,,,,,,,,,,,,,,,,,,,,,,,
"Data Entry
German",Data Entry,German,,,,,,,,,,,,,,,,,,,,,,,,,,,,,
"Data Entry
Typing
Microsoft Word
Accuracy Verification
Photo Editing",Data Entry,Typing,Microsoft Word,Accuracy Verification,Photo Editing,,,,,,,,,,,,,,,,,,,,,,,,,,
"Email Communication
Communications
Virtual Assistant
Social Media Marketing
Researcher",Email Communication,Communications,Virtual Assistant,Social Media Marketing,Researcher,,,,,,,,,,,,,,,,,,,,,,,,,,
"Social Media Marketing
Virtual Assistant
Social Media Management
Social Media Content Creation
Social Media Advertising",Social Media Marketing,Virtual Assistant,Social Media Management,Social Media Content Creation,Social Media Advertising,,,,,,,,,,,,,,,,,,,,,,,,,,
"Graphic Design
Streaming Graphics Design
Twitch
Twitch Interactive, Inc.
Overlay Design
Overlay Integration
Live Streaming Setup
Live Stream Customization
OBS Studio",Graphic Design,Streaming Graphics Design,Twitch,"Twitch Interactive, Inc.",Overlay Design,Overlay Integration,Live Streaming Setup,Live Stream Customization,OBS Studio,,,,,,,,,,,,,,,,,,,,,,
"Logo Design
Graphic Design
Layout Design",Logo Design,Graphic Design,Layout Design,,,,,,,,,,,,,,,,,,,,,,,,,,,,
"English
Grammar
Pattern Recognition
Computer Basics",English,Grammar,Pattern Recognition,Computer Basics,,,,,,,,,,,,,,,,,,,,,,,,,,,
Content Creation,Content Creation,,,,,,,,,,,,,,,,,,,,,,,,,,,,,,
"Banner Ad Design
Cover Art Design
Logo Design
Art & Design
Logo Designer
Graphic Designer
Adobe Illustrator
Adobe Photoshop
Procreate
Graphic Design",Banner Ad Design,Cover Art Design,Logo Design,Art & Design,Logo Designer,Graphic Designer,Adobe Illustrator,Adobe Photoshop,Procreate,Graphic Design,,,,,,,,,,,,,,,,,,,,,
"German
Proofreading
Voice Recording
Audio Transcription",German,Proofreading,Voice Recording,Audio Transcription,,,,,,,,,,,,,,,,,,,,,,,,,,,
"Character Design
Illustration
Anime",Character Design,Illustration,Anime,,,,,,,,,,,,,,,,,,,,,,,,,,,,
"Music Video
Social Media Video
Travel Video
Color Grading
Audio Editing
Compositing
Highlighting Effects
Video Editing
Final Cut Pro X
Video Post-Editing",Music Video,Social Media Video,Travel Video,Color Grading,Audio Editing,Compositing,Highlighting Effects,Video Editing,Final Cut Pro X,Video Post-Editing,,,,,,,,,,,,,,,,,,,,,
"Data Entry
Instagram
Social Media Marketing",Data Entry,Instagram,Social Media Marketing,,,,,,,,,,,,,,,,,,,,,,,,,,,,
"Sketching
Drawing
Character Design
Playful Tone
Minimalist
Illustration",Sketching,Drawing,Character Design,Playful Tone,Minimalist,Illustration,,,,,,,,,,,,,,,,,,,,,,,,,
"Hybrid App Development
React Native
Node.js
Redux
React
JavaScript
TypeScript
Firebase
HTML5",Hybrid App Development,React Native,Node.js,Redux,React,JavaScript,TypeScript,Firebase,HTML5,,,,,,,,,,,,,,,,,,,,,,
"Data Entry
Content Writing
Microsoft Word
PDF Conversion
Writing
Typing
Copywriting
English",Data Entry,Content Writing,Microsoft Word,PDF Conversion,Writing,Typing,Copywriting,English,,,,,,,,,,,,,,,,,,,,,,,
"CFD Analysis
Finite Element Analysis
Computational Fluid Dynamics",CFD Analysis,Finite Element Analysis,Computational Fluid Dynamics,,,,,,,,,,,,,,,,,,,,,,,,,,,,
Photography,Photography,,,,,,,,,,,,,,,,,,,,,,,,,,,,,,
"Corporate Video
Demo Video
Video Editing
Video Production
Explainer Video
2D Animation
Motion Graphics
Video Commercial",Corporate Video,Demo Video,Video Editing,Video Production,Explainer Video,2D Animation,Motion Graphics,Video Commercial,,,,,,,,,,,,,,,,,,,,,,,
"VMWare
Virtualization
Citrix
VMware ESX Server",VMWare,Virtualization,Citrix,VMware ESX Server,,,,,,,,,,,,,,,,,,,,,,,,,,,
"Photo Editing
Adobe Photoshop
Photo Retouching
Image Editing
Graphic Design",Photo Editing,Adobe Photoshop,Photo Retouching,Image Editing,Graphic Design,,,,,,,,,,,,,,,,,,,,,,,,,,
"Bot Development
Reddit Marketing",Bot Development,Reddit Marketing,,,,,,,,,,,,,,,,,,,,,,,,,,,,,
"Social Media Marketing
Content Writing
Content Creation
Social Media Content",Social Media Marketing,Content Writing,Content Creation,Social Media Content,,,,,,,,,,,,,,,,,,,,,,,,,,,
"Virtualization
Ubuntu
Network Administration
Linux System Administration",Virtualization,Ubuntu,Network Administration,Linux System Administration,,,,,,,,,,,,,,,,,,,,,,,,,,,
Copywriting,Copywriting,,,,,,,,,,,,,,,,,,,,,,,,,,,,,,
Copywriting,Copywriting,,,,,,,,,,,,,,,,,,,,,,,,,,,,,,
"Adobe Photoshop
Logo Design
Graphic Design
Photo Editing
Image Editing",Adobe Photoshop,Logo Design,Graphic Design,Photo Editing,Image Editing,,,,,,,,,,,,,,,,,,,,,,,,,,
"Virtual Assistant
Instagram",Virtual Assistant,Instagram,,,,,,,,,,,,,,,,,,,,,,,,,,,,,
"Article
Press Release
Travel & Hospitality
SEO Backlinking
Public Relations
Content Writing",Article,Press Release,Travel & Hospitality,SEO Backlinking,Public Relations,Content Writing,,,,,,,,,,,,,,,,,,,,,,,,,
"Residential Design
Interior Design
SketchUp
3D Design
3D Rendering",Residential Design,Interior Design,SketchUp,3D Design,3D Rendering,,,,,,,,,,,,,,,,,,,,,,,,,,
"Customer Relationship Management
API Integration
Web Development
Web Application",Customer Relationship Management,API Integration,Web Development,Web Application,,,,,,,,,,,,,,,,,,,,,,,,,,,
"Social Media Marketing
Marketing Strategy
Copywriting
Creative Direction
Creative Writing
Creative Strategy
Ad Creative
Scriptwriting
Research & Strategy",Social Media Marketing,Marketing Strategy,Copywriting,Creative Direction,Creative Writing,Creative Strategy,Ad Creative,Scriptwriting,Research & Strategy,,,,,,,,,,,,,,,,,,,,,,
"Python
Blender",Python,Blender,,,,,,,,,,,,,,,,,,,,,,,,,,,,,
"TikTok Ad
TikTok Marketing
Social Media Marketing",TikTok Ad,TikTok Marketing,Social Media Marketing,,,,,,,,,,,,,,,,,,,,,,,,,,,,
"Web Design
Web Development
WordPress",Web Design,Web Development,WordPress,,,,,,,,,,,,,,,,,,,,,,,,,,,,
"Python
Blender",Python,Blender,,,,,,,,,,,,,,,,,,,,,,,,,,,,,
"TikTok Ad
TikTok Marketing
Social Media Marketing",TikTok Ad,TikTok Marketing,Social Media Marketing,,,,,,,,,,,,,,,,,,,,,,,,,,,,
"Web Design
Web Development
WordPress",Web Design,Web Development,WordPress,,,,,,,,,,,,,,,,,,,,,,,,,,,,
"Usability Testing
Mobile App Testing
iOS
Swift
iOS Development
Apple Xcode
Apple Watch
Apple Watch Application
Smartphone",Usability Testing,Mobile App Testing,iOS,Swift,iOS Development,Apple Xcode,Apple Watch,Apple Watch Application,Smartphone,,,,,,,,,,,,,,,,,,,,,,
"Information Security
Vulnerability Assessment
Security Analysis
Academic Writing
Risk Management",Information Security,Vulnerability Assessment,Security Analysis,Academic Writing,Risk Management,,,,,,,,,,,,,,,,,,,,,,,,,,
"Forex Trading
Financial Analysis
MetaTrader 4
Investment Strategy
MQL 4
Financial Projection",Forex Trading,Financial Analysis,MetaTrader 4,Investment Strategy,MQL 4,Financial Projection,,,,,,,,,,,,,,,,,,,,,,,,,
"On-Page SEO
Content SEO
Government & Public Sector
Search Engine Optimization
Organic Traffic Growth
Google Analytics
Marketing
Web Design
Conversion Rate Optimization
Storytelling",On-Page SEO,Content SEO,Government & Public Sector,Search Engine Optimization,Organic Traffic Growth,Google Analytics,Marketing,Web Design,Conversion Rate Optimization,Storytelling,,,,,,,,,,,,,,,,,,,,,
"User Flow
Web Development
Web Design
WordPress
CSS
JavaScript
PHP
HTML
Graphic Design
HTML5",User Flow,Web Development,Web Design,WordPress,CSS,JavaScript,PHP,HTML,Graphic Design,HTML5,,,,,,,,,,,,,,,,,,,,,
"Social Media Content
Social Media Management
Social Media Marketing
Social Media Content Creation",Social Media Content,Social Media Management,Social Media Marketing,Social Media Content Creation,,,,,,,,,,,,,,,,,,,,,,,,,,,
"Swift
iOS Development",Swift,iOS Development,,,,,,,,,,,,,,,,,,,,,,,,,,,,,
"Search Engine Optimization
Local SEO",Search Engine Optimization,Local SEO,,,,,,,,,,,,,,,,,,,,,,,,,,,,,
"Lead Generation Analysis
Media & Entertainment
Lead Generation
Prospect List
Market Research
Data Entry
Prospect Research",Lead Generation Analysis,Media & Entertainment,Lead Generation,Prospect List,Market Research,Data Entry,Prospect Research,,,,,,,,,,,,,,,,,,,,,,,,
"Web Application
Database Development
Website Redesign
WordPress",Web Application,Database Development,Website Redesign,WordPress,,,,,,,,,,,,,,,,,,,,,,,,,,,
"JavaScript
Landing Page
Style Guide
Adobe XD
Figma
Web Design
HTML
CSS",JavaScript,Landing Page,Style Guide,Adobe XD,Figma,Web Design,HTML,CSS,,,,,,,,,,,,,,,,,,,,,,,
"Market Analysis
Market Research
Competitive Analysis
Audience Segmentation & Targeting",Market Analysis,Market Research,Competitive Analysis,Audience Segmentation & Targeting,,,,,,,,,,,,,,,,,,,,,,,,,,,
"Label & Package Design
Organic & Natural Style
Layout Design
Minimalist
Product Design
Covers & Packaging",Label & Package Design,Organic & Natural Style,Layout Design,Minimalist,Product Design,Covers & Packaging,,,,,,,,,,,,,,,,,,,,,,,,,
Video Production,Video Production,,,,,,,,,,,,,,,,,,,,,,,,,,,,,,
"Data Visualization
Data Analysis
Microsoft Excel",Data Visualization,Data Analysis,Microsoft Excel,,,,,,,,,,,,,,,,,,,,,,,,,,,,
"Landing Page
Front-End Development
Responsive Design
HubSpot
HTML
CSS
HTML5
Web Design
Web Development",Landing Page,Front-End Development,Responsive Design,HubSpot,HTML,CSS,HTML5,Web Design,Web Development,,,,,,,,,,,,,,,,,,,,,,
"Audience Research
Campaign Management
Facebook
Facebook Advertising
Social Media Marketing
Instagram
Social Media Advertising
Retargeting
Social Media Management
Conversion Rate Optimization",Audience Research,Campaign Management,Facebook,Facebook Advertising,Social Media Marketing,Instagram,Social Media Advertising,Retargeting,Social Media Management,Conversion Rate Optimization,,,,,,,,,,,,,,,,,,,,,
"Action
Adventure
Science Fiction
Scriptwriting
Scripting
Writing
Creative Writing
Content Writing
Script",Action,Adventure,Science Fiction,Scriptwriting,Scripting,Writing,Creative Writing,Content Writing,Script,,,,,,,,,,,,,,,,,,,,,,
Affiliate Marketing,Affiliate Marketing,,,,,,,,,,,,,,,,,,,,,,,,,,,,,,
"Unreal Engine
C++",Unreal Engine,C++,,,,,,,,,,,,,,,,,,,,,,,,,,,,,
"2D Design
3D Design
Autodesk AutoCAD",2D Design,3D Design,Autodesk AutoCAD,,,,,,,,,,,,,,,,,,,,,,,,,,,,
"Customer Service
Data Entry
Relationship Management",Customer Service,Data Entry,Relationship Management,,,,,,,,,,,,,,,,,,,,,,,,,,,,
Python,Python,,,,,,,,,,,,,,,,,,,,,,,,,,,,,,
"Social Media Content Creation
Campaign Management
Audience Research
Social Media Marketing Strategy
Facebook
Instagram
Social Media Marketing
Social Media Advertising
Facebook Advertising
Social Media Management",Social Media Content Creation,Campaign Management,Audience Research,Social Media Marketing Strategy,Facebook,Instagram,Social Media Marketing,Social Media Advertising,Facebook Advertising,Social Media Management,,,,,,,,,,,,,,,,,,,,,
"Business with 1-9 Employees
Shopify
Flowchart",Business with 1-9 Employees,Shopify,Flowchart,,,,,,,,,,,,,,,,,,,,,,,,,,,,
"Graduate School
Adult Education
Basic Fluency
Conversational
Fluent
Native
French English Accent
Translation
French
Voice-Over",Graduate School,Adult Education,Basic Fluency,Conversational,Fluent,Native,French English Accent,Translation,French,Voice-Over,,,,,,,,,,,,,,,,,,,,,
"Unity
C#
WebGL",Unity,C#,WebGL,,,,,,,,,,,,,,,,,,,,,,,,,,,,
"Google Ads
Google Analytics
Search Engine Marketing
PPC Campaign Setup & Management",Google Ads,Google Analytics,Search Engine Marketing,PPC Campaign Setup & Management,,,,,,,,,,,,,,,,,,,,,,,,,,,
"Mobile Advertising
Display Ad
Product Listing Ad
Retail & Consumer Goods
Facebook
Facebook Advertising
Social Media Marketing
Retargeting
Social Media Advertising
Instagram",Mobile Advertising,Display Ad,Product Listing Ad,Retail & Consumer Goods,Facebook,Facebook Advertising,Social Media Marketing,Retargeting,Social Media Advertising,Instagram,,,,,,,,,,,,,,,,,,,,,
"React Native
JavaScript
Android
iOS
Mobile App Development",React Native,JavaScript,Android,iOS,Mobile App Development,,,,,,,,,,,,,,,,,,,,,,,,,,
"Presentation Design
Graphic Design
Illustration
Animation
Elearning Design",Presentation Design,Graphic Design,Illustration,Animation,Elearning Design,,,,,,,,,,,,,,,,,,,,,,,,,,
"Photo Editing
Photo Manipulation",Photo Editing,Photo Manipulation,,,,,,,,,,,,,,,,,,,,,,,,,,,,,
"HubSpot
Web Development
HTML
Web Design
CSS
JavaScript
Website",HubSpot,Web Development,HTML,Web Design,CSS,JavaScript,Website,,,,,,,,,,,,,,,,,,,,,,,,
"Photography
Digital Photography",Photography,Digital Photography,,,,,,,,,,,,,,,,,,,,,,,,,,,,,
NodeJS Framework,NodeJS Framework,,,,,,,,,,,,,,,,,,,,,,,,,,,,,,
"Unity
Virtual Reality
C#",Unity,Virtual Reality,C#,,,,,,,,,,,,,,,,,,,,,,,,,,,,
"React Native
iOS
Android
iOS Development
Mobile App Development
Android App Development
Redux
Social Media Account Integration",React Native,iOS,Android,iOS Development,Mobile App Development,Android App Development,Redux,Social Media Account Integration,,,,,,,,,,,,,,,,,,,,,,,
"Adobe InDesign
Graphic Design
Adobe Illustrator
Pitchbook
Layout Design
Business Presentation",Adobe InDesign,Graphic Design,Adobe Illustrator,Pitchbook,Layout Design,Business Presentation,,,,,,,,,,,,,,,,,,,,,,,,,
"Phone Support
German
Virtual Assistant",Phone Support,German,Virtual Assistant,,,,,,,,,,,,,,,,,,,,,,,,,,,,
"Webflow
SEO Setup & Configuration
Mixpanel
Web Development
Web Design
Adobe Photoshop
HTML5
Sketch
Firebase
CSS",Webflow,SEO Setup & Configuration,Mixpanel,Web Development,Web Design,Adobe Photoshop,HTML5,Sketch,Firebase,CSS,,,,,,,,,,,,,,,,,,,,,
Video Production,Video Production,,,,,,,,,,,,,,,,,,,,,,,,,,,,,,
"Web Design
Web Development
Brand Identity & Guidelines",Web Design,Web Development,Brand Identity & Guidelines,,,,,,,,,,,,,,,,,,,,,,,,,,,,
"Web Design
WordPress
Graphic Design
Adobe Photoshop
Commercial Design
Interior Design
Visual Communication
Information Architecture
Social Media Imagery",Web Design,WordPress,Graphic Design,Adobe Photoshop,Commercial Design,Interior Design,Visual Communication,Information Architecture,Social Media Imagery,,,,,,,,,,,,,,,,,,,,,,
"Figma
Prototyping
User Flow
Wireframing",Figma,Prototyping,User Flow,Wireframing,,,,,,,,,,,,,,,,,,,,,,,,,,,
Pinterest Ads Manager,Pinterest Ads Manager,,,,,,,,,,,,,,,,,,,,,,,,,,,,,,
"Qualitative Research
Dropshipping
Market Research
AliExpress
Product Research
Dropshipping Product Researcher",Qualitative Research,Dropshipping,Market Research,AliExpress,Product Research,Dropshipping Product Researcher,,,,,,,,,,,,,,,,,,,,,,,,,
"Graphic Design
Web Design
Adobe Photoshop
Web Development
HTML5
Photo Manipulation
User Flow",Graphic Design,Web Design,Adobe Photoshop,Web Development,HTML5,Photo Manipulation,User Flow,,,,,,,,,,,,,,,,,,,,,,,,
"Project Management
Event Management
Communications
Event Planning
Internal Communications",Project Management,Event Management,Communications,Event Planning,Internal Communications,,,,,,,,,,,,,,,,,,,,,,,,,,
"Image Editing
Photo Editing
Graphic Design",Image Editing,Photo Editing,Graphic Design,,,,,,,,,,,,,,,,,,,,,,,,,,,,
"SQL
JavaScript
HTML
CSS
Web Development
WordPress
Spanish
Bilingual Education",SQL,JavaScript,HTML,CSS,Web Development,WordPress,Spanish,Bilingual Education,,,,,,,,,,,,,,,,,,,,,,,
"Adobe After Effects
Graphic Design
Animation
Illustration
Lottie
Webflow Expert
Motion Graphics",Adobe After Effects,Graphic Design,Animation,Illustration,Lottie,Webflow Expert,Motion Graphics,,,,,,,,,,,,,,,,,,,,,,,,
"Shopify Templates
Shopify
Ecommerce Platform Development
Shopify Apps
Shopify Theme
Ecommerce",Shopify Templates,Shopify,Ecommerce Platform Development,Shopify Apps,Shopify Theme,Ecommerce,,,,,,,,,,,,,,,,,,,,,,,,,
"React
JavaScript
Web Development",React,JavaScript,Web Development,,,,,,,,,,,,,,,,,,,,,,,,,,,,
"Hybrid App Development
Dart
Flutter
iOS
Hybrid App",Hybrid App Development,Dart,Flutter,iOS,Hybrid App,,,,,,,,,,,,,,,,,,,,,,,,,,
"Affiliate Marketing
Researcher
Marketing Strategy
Sales
Internet Marketing",Affiliate Marketing,Researcher,Marketing Strategy,Sales,Internet Marketing,,,,,,,,,,,,,,,,,,,,,,,,,,
"Smartphone
Hybrid App Development
Business with 1-9 Employees
User Authentication
User Profile Creation
Social Media Account Integration
Map Integration
Location-Based Service
TypeScript
styled-components",Smartphone,Hybrid App Development,Business with 1-9 Employees,User Authentication,User Profile Creation,Social Media Account Integration,Map Integration,Location-Based Service,TypeScript,styled-components,,,,,,,,,,,,,,,,,,,,,
"Figma
User Interface Design
Wireframing
User Experience Design
Web Design
Web3
Responsive Design
User Flow
Prototyping
Pitch Deck",Figma,User Interface Design,Wireframing,User Experience Design,Web Design,Web3,Responsive Design,User Flow,Prototyping,Pitch Deck,,,,,,,,,,,,,,,,,,,,,
"Figma
User Interface Design
Wireframing
User Experience Design
Web Design
Web3
Responsive Design
User Flow
Prototyping
Pitch Deck",Figma,User Interface Design,Wireframing,User Experience Design,Web Design,Web3,Responsive Design,User Flow,Prototyping,Pitch Deck,,,,,,,,,,,,,,,,,,,,,
"Web Development
Shopify
WordPress
Web Design
CSS
JavaScript",Web Development,Shopify,WordPress,Web Design,CSS,JavaScript,,,,,,,,,,,,,,,,,,,,,,,,,
"Architectural Design
3D Design
2D Design & Drawings",Architectural Design,3D Design,2D Design & Drawings,,,,,,,,,,,,,,,,,,,,,,,,,,,,
"User Interface Design
Mobile App Design
Responsive Design
Web Design",User Interface Design,Mobile App Design,Responsive Design,Web Design,,,,,,,,,,,,,,,,,,,,,,,,,,,
"Accuracy Verification
Computer Skills
Typing
Time Management
Critical Thinking Skills
Virtual Assistant",Accuracy Verification,Computer Skills,Typing,Time Management,Critical Thinking Skills,Virtual Assistant,,,,,,,,,,,,,,,,,,,,,,,,,
"Extreme Networks
Cisco Meraki
Cisco Prime
Network Administration
Network Equipment
Computer Network
Virtual LAN
System Administration
Network Security
Cisco Certified Network Professional",Extreme Networks,Cisco Meraki,Cisco Prime,Network Administration,Network Equipment,Computer Network,Virtual LAN,System Administration,Network Security,Cisco Certified Network Professional,,,,,,,,,,,,,,,,,,,,,
"French
Translation
SEO Writing
Blog Content
Article
Ghostwriting
Editor",French,Translation,SEO Writing,Blog Content,Article,Ghostwriting,Editor,,,,,,,,,,,,,,,,,,,,,,,,
"Architectural Design
Architectural Framework",Architectural Design,Architectural Framework,,,,,,,,,,,,,,,,,,,,,,,,,,,,,
"Fashion & Beauty
Organic Traffic Growth
Search Engine Optimization
SEO Keyword Research
SEO Performance
SEO Backlinking",Fashion & Beauty,Organic Traffic Growth,Search Engine Optimization,SEO Keyword Research,SEO Performance,SEO Backlinking,,,,,,,,,,,,,,,,,,,,,,,,,
"Data Entry
Accuracy Verification
Typing
Microsoft Excel
Microsoft Word",Data Entry,Accuracy Verification,Typing,Microsoft Excel,Microsoft Word,,,,,,,,,,,,,,,,,,,,,,,,,,
"Marketing Strategy
Social Media Marketing
Lead Generation
Business with 1-9 Employees
Internet Marketing",Marketing Strategy,Social Media Marketing,Lead Generation,Business with 1-9 Employees,Internet Marketing,,,,,,,,,,,,,,,,,,,,,,,,,,
"RESTful API
Microsoft SharePoint Development",RESTful API,Microsoft SharePoint Development,,,,,,,,,,,,,,,,,,,,,,,,,,,,,
"Calligraphy
Graphic Design
Adobe Photoshop",Calligraphy,Graphic Design,Adobe Photoshop,,,,,,,,,,,,,,,,,,,,,,,,,,,,
"Brand Identity & Guidelines
Banner Ad Design
Adobe Photoshop
Graphic Design",Brand Identity & Guidelines,Banner Ad Design,Adobe Photoshop,Graphic Design,,,,,,,,,,,,,,,,,,,,,,,,,,,
"Data Scraping
Data Mining
Web Crawling
Automation",Data Scraping,Data Mining,Web Crawling,Automation,,,,,,,,,,,,,,,,,,,,,,,,,,,
"Video Commercial
Videography
Video Production
Acting",Video Commercial,Videography,Video Production,Acting,,,,,,,,,,,,,,,,,,,,,,,,,,,
"Banner Ad Design
Logo Design
Web Design
Brochure Design
Canva
Instructure CANVAS",Banner Ad Design,Logo Design,Web Design,Brochure Design,Canva,Instructure CANVAS,,,,,,,,,,,,,,,,,,,,,,,,,
"Content SEO
Google Analytics
Google Ads
WordPress SEO Plugins
Google Trends
Organic Traffic Growth
SEO Backlinking
SEO Keyword Research
Search Engine Optimization
SEO Performance",Content SEO,Google Analytics,Google Ads,WordPress SEO Plugins,Google Trends,Organic Traffic Growth,SEO Backlinking,SEO Keyword Research,Search Engine Optimization,SEO Performance,,,,,,,,,,,,,,,,,,,,,
"Content Marketing Strategy
Blog Content
Article
Business Writing
Italian
Copywriting
Creative Writing
Content Writing
SEO Writing",Content Marketing Strategy,Blog Content,Article,Business Writing,Italian,Copywriting,Creative Writing,Content Writing,SEO Writing,,,,,,,,,,,,,,,,,,,,,,
"Web Design
Webflow
Web Hosting
Web Development
Marketing Strategy
Search Engine Optimization
Webflow Expert",Web Design,Webflow,Web Hosting,Web Development,Marketing Strategy,Search Engine Optimization,Webflow Expert,,,,,,,,,,,,,,,,,,,,,,,,
"Native
Audiovisual Translation
Subtitles
Closed Captioning
Translation
German to English Translation
French
German
Caption",Native,Audiovisual Translation,Subtitles,Closed Captioning,Translation,German to English Translation,French,German,Caption,,,,,,,,,,,,,,,,,,,,,,
"WooCommerce
PHP
API
WordPress
API Integration",WooCommerce,PHP,API,WordPress,API Integration,,,,,,,,,,,,,,,,,,,,,,,,,,
"Social Media Marketing
Email Marketing
Social Media Management
Instagram
Facebook",Social Media Marketing,Email Marketing,Social Media Management,Instagram,Facebook,,,,,,,,,,,,,,,,,,,,,,,,,,
"Web Design
Web Development",Web Design,Web Development,,,,,,,,,,,,,,,,,,,,,,,,,,,,,
"Content Writing
Writing
Creative Writing
English
Article Writing",Content Writing,Writing,Creative Writing,English,Article Writing,,,,,,,,,,,,,,,,,,,,,,,,,,
"Social Media Management
Social Media Marketing
Instagram
Social Media Content Creation
Social Media Content
Facebook",Social Media Management,Social Media Marketing,Instagram,Social Media Content Creation,Social Media Content,Facebook,,,,,,,,,,,,,,,,,,,,,,,,,
"WordPress
PHP
HTML
CSS",WordPress,PHP,HTML,CSS,,,,,,,,,,,,,,,,,,,,,,,,,,,
"Hybrid App Development
Smartphone
Android
iOS",Hybrid App Development,Smartphone,Android,iOS,,,,,,,,,,,,,,,,,,,,,,,,,,,
"Extreme Networks
Cisco Meraki
Cisco Prime
Network Administration
Network Equipment
Computer Network
Cisco Certified Network Professional
Virtual LAN
Network Security",Extreme Networks,Cisco Meraki,Cisco Prime,Network Administration,Network Equipment,Computer Network,Cisco Certified Network Professional,Virtual LAN,Network Security,,,,,,,,,,,,,,,,,,,,,,
"Social Media Management
Social Media Marketing
Facebook
Social Media Content Creation
Social Media Content
Instagram",Social Media Management,Social Media Marketing,Facebook,Social Media Content Creation,Social Media Content,Instagram,,,,,,,,,,,,,,,,,,,,,,,,,
"Social Media Management
Social Media Marketing
Facebook
Social Media Content Creation
Social Media Content
Instagram",Social Media Management,Social Media Marketing,Facebook,Social Media Content Creation,Social Media Content,Instagram,,,,,,,,,,,,,,,,,,,,,,,,,
SEO Backlinking,SEO Backlinking,,,,,,,,,,,,,,,,,,,,,,,,,,,,,,
"Vue.js
Vuetify
BootstrapVue
Vuex",Vue.js,Vuetify,BootstrapVue,Vuex,,,,,,,,,,,,,,,,,,,,,,,,,,,
"Logo Design
Adobe Photoshop",Logo Design,Adobe Photoshop,,,,,,,,,,,,,,,,,,,,,,,,,,,,,
"Cold Calling
Telemarketing
Outbound Sales
Sales
Lead Generation",Cold Calling,Telemarketing,Outbound Sales,Sales,Lead Generation,,,,,,,,,,,,,,,,,,,,,,,,,,
"Blockchain
Cryptocurrency
Solidity",Blockchain,Cryptocurrency,Solidity,,,,,,,,,,,,,,,,,,,,,,,,,,,,
"Web Application
Database Development
Node.js
SaaS
MongoDB
API
Mail Server Implementation
Google APIs",Web Application,Database Development,Node.js,SaaS,MongoDB,API,Mail Server Implementation,Google APIs,,,,,,,,,,,,,,,,,,,,,,,
"Facebook Advertising
Facebook Pixel Setup & Optimization
Sales Funnel",Facebook Advertising,Facebook Pixel Setup & Optimization,Sales Funnel,,,,,,,,,,,,,,,,,,,,,,,,,,,,
"API Integration
Data Integration
API
Microsoft Power BI
JavaScript",API Integration,Data Integration,API,Microsoft Power BI,JavaScript,,,,,,,,,,,,,,,,,,,,,,,,,,
"Search Engine Optimization
On-Page SEO
SEO Backlinking",Search Engine Optimization,On-Page SEO,SEO Backlinking,,,,,,,,,,,,,,,,,,,,,,,,,,,,
"Social Media Manager
Virtual Assistant
Administrative Support
Scheduling
Podcast Marketing",Social Media Manager,Virtual Assistant,Administrative Support,Scheduling,Podcast Marketing,,,,,,,,,,,,,,,,,,,,,,,,,,
"Git
PostgreSQL
Database
Web Service
C#
ASP.NET MVC
.NET Core
API
API Integration",Git,PostgreSQL,Database,Web Service,C#,ASP.NET MVC,.NET Core,API,API Integration,,,,,,,,,,,,,,,,,,,,,,
"Virtual Assistant
Customer Service
Virtual Assistance
Communications
Customer Support
Data Entry",Virtual Assistant,Customer Service,Virtual Assistance,Communications,Customer Support,Data Entry,,,,,,,,,,,,,,,,,,,,,,,,,
"3D Design
3D Animation
Graphic Design
Jewelry Design
3D Modeling
Jewelry
Photo Editing
3Design
3D Rendering",3D Design,3D Animation,Graphic Design,Jewelry Design,3D Modeling,Jewelry,Photo Editing,3Design,3D Rendering,,,,,,,,,,,,,,,,,,,,,,
"German
Accounting
Accounting Basics
Financial Accounting",German,Accounting,Accounting Basics,Financial Accounting,,,,,,,,,,,,,,,,,,,,,,,,,,,
"Editor
Content Writing
Proofreading
English
Writing",Editor,Content Writing,Proofreading,English,Writing,,,,,,,,,,,,,,,,,,,,,,,,,,
"Surface Modeling
UV Mapping
Mobile App
Unreal Engine
Virtual Reality
3D Design
Animation",Surface Modeling,UV Mapping,Mobile App,Unreal Engine,Virtual Reality,3D Design,Animation,,,,,,,,,,,,,,,,,,,,,,,,
"Social Media Management
Social Media Marketing
Social Media Content",Social Media Management,Social Media Marketing,Social Media Content,,,,,,,,,,,,,,,,,,,,,,,,,,,,
"Android
iOS
Unity
C#
Game Development
Mobile App Development
Android App Development",Android,iOS,Unity,C#,Game Development,Mobile App Development,Android App Development,,,,,,,,,,,,,,,,,,,,,,,,
"Data Extraction
Automation
Scripting",Data Extraction,Automation,Scripting,,,,,,,,,,,,,,,,,,,,,,,,,,,,
"Data Extraction
Automation
Scripting",Data Extraction,Automation,Scripting,,,,,,,,,,,,,,,,,,,,,,,,,,,,
"Market Research Interviewer
Research Interviews
English
Communications
Market Research",Market Research Interviewer,Research Interviews,English,Communications,Market Research,,,,,,,,,,,,,,,,,,,,,,,,,,
"Video Editing
Editor
Video Production
Adobe Photoshop",Video Editing,Editor,Video Production,Adobe Photoshop,,,,,,,,,,,,,,,,,,,,,,,,,,,
"Amazon FBA
Amazon Listing Optimization
Amazon PPC
Amazon
Amazon Listing
Amazon Seller Central",Amazon FBA,Amazon Listing Optimization,Amazon PPC,Amazon,Amazon Listing,Amazon Seller Central,,,,,,,,,,,,,,,,,,,,,,,,,
"Facebook
Facebook Advertising
Social Media Marketing
Retargeting
Instagram
Social Media Advertising",Facebook,Facebook Advertising,Social Media Marketing,Retargeting,Instagram,Social Media Advertising,,,,,,,,,,,,,,,,,,,,,,,,,
"Video Production
Video Editing
Video Commercial
Videography
Video Post-Editing
Explainer Video",Video Production,Video Editing,Video Commercial,Videography,Video Post-Editing,Explainer Video,,,,,,,,,,,,,,,,,,,,,,,,,
"Business Applications Development
Product Design",Business Applications Development,Product Design,,,,,,,,,,,,,,,,,,,,,,,,,,,,,
"Google Ads
PPC Campaign Setup & Management
Google Analytics
Pay Per Click Advertising
Google Shopping",Google Ads,PPC Campaign Setup & Management,Google Analytics,Pay Per Click Advertising,Google Shopping,,,,,,,,,,,,,,,,,,,,,,,,,,
"JavaScript
HTML",JavaScript,HTML,,,,,,,,,,,,,,,,,,,,,,,,,,,,,
"Researcher
English
Journalism
Outreach Strategy
Press Distribution",Researcher,English,Journalism,Outreach Strategy,Press Distribution,,,,,,,,,,,,,,,,,,,,,,,,,,
"Image Editing
Photo Editing
Photo Manipulation
Graphic Design",Image Editing,Photo Editing,Photo Manipulation,Graphic Design,,,,,,,,,,,,,,,,,,,,,,,,,,,
"Social Media Advertising
Fashion & Beauty
Instagram
Facebook
Content Writing
Copywriting
Social Media Marketing",Social Media Advertising,Fashion & Beauty,Instagram,Facebook,Content Writing,Copywriting,Social Media Marketing,,,,,,,,,,,,,,,,,,,,,,,,
"3D Design
3D Animation
3D Rendering
Visual Effects
Virtual Reality
Mixed Reality
3D Modeling
Motion Graphics
Augmented Reality
Video Editing",3D Design,3D Animation,3D Rendering,Visual Effects,Virtual Reality,Mixed Reality,3D Modeling,Motion Graphics,Augmented Reality,Video Editing,,,,,,,,,,,,,,,,,,,,,
"Social Media Marketing
Lead Generation
Marketing Strategy
Facebook Advertising",Social Media Marketing,Lead Generation,Marketing Strategy,Facebook Advertising,,,,,,,,,,,,,,,,,,,,,,,,,,,
"Brochure
Color Theory
Color Palette
Catalog Design
Figma
Visme
Health & Fitness
Figma Expert",Brochure,Color Theory,Color Palette,Catalog Design,Figma,Visme,Health & Fitness,Figma Expert,,,,,,,,,,,,,,,,,,,,,,,
"Social Media Marketing
Instagram
Content Writing
Social Media Content Creation
Facebook
Social Media Management
Marketing Strategy
Internet Marketing",Social Media Marketing,Instagram,Content Writing,Social Media Content Creation,Facebook,Social Media Management,Marketing Strategy,Internet Marketing,,,,,,,,,,,,,,,,,,,,,,,
"Push Notifications
iOS
Android
iOS Development
Mobile App Development
Android App Development",Push Notifications,iOS,Android,iOS Development,Mobile App Development,Android App Development,,,,,,,,,,,,,,,,,,,,,,,,,
"Russian
Estonian",Russian,Estonian,,,,,,,,,,,,,,,,,,,,,,,,,,,,,
"Virtual Assistant
Data Entry
Virtual Assistance
File Management
Microsoft Excel",Virtual Assistant,Data Entry,Virtual Assistance,File Management,Microsoft Excel,,,,,,,,,,,,,,,,,,,,,,,,,,
"Web Development
WordPress
Web Design
Landing Page
CSS
HTML
WooCommerce",Web Development,WordPress,Web Design,Landing Page,CSS,HTML,WooCommerce,,,,,,,,,,,,,,,,,,,,,,,,
"English
Functional Testing
Manual Testing
Bug Reports
Web Testing
Cryptocurrency",English,Functional Testing,Manual Testing,Bug Reports,Web Testing,Cryptocurrency,,,,,,,,,,,,,,,,,,,,,,,,,
"Image Editing
Adobe Photoshop
Automation
Image File Format",Image Editing,Adobe Photoshop,Automation,Image File Format,,,,,,,,,,,,,,,,,,,,,,,,,,,
"Legal Writing
Translation
English to Spanish Translation
Proofreading",Legal Writing,Translation,English to Spanish Translation,Proofreading,,,,,,,,,,,,,,,,,,,,,,,,,,,
"Machine Learning
Building Information Modeling
Civil Engineering",Machine Learning,Building Information Modeling,Civil Engineering,,,,,,,,,,,,,,,,,,,,,,,,,,,,
"Illustration
Character Design
Drawing
Graphic Design",Illustration,Character Design,Drawing,Graphic Design,,,,,,,,,,,,,,,,,,,,,,,,,,,
"Off-Page SEO
Content SEO
Legal
Google Ads
SEO Keyword Research
Search Engine Marketing
Search Engine Optimization
SEO Backlinking
Organic Traffic Growth",Off-Page SEO,Content SEO,Legal,Google Ads,SEO Keyword Research,Search Engine Marketing,Search Engine Optimization,SEO Backlinking,Organic Traffic Growth,,,,,,,,,,,,,,,,,,,,,,
"JavaScript
Figma
Web Design
Web Development
HTML
CSS
UX & UI",JavaScript,Figma,Web Design,Web Development,HTML,CSS,UX & UI,,,,,,,,,,,,,,,,,,,,,,,,
"Web Application
Database Development
C#
C++
JavaScript
Python
MySQL
MongoDB
Apache HTTP Server
Angular",Web Application,Database Development,C#,C++,JavaScript,Python,MySQL,MongoDB,Apache HTTP Server,Angular,,,,,,,,,,,,,,,,,,,,,
"Unity
Game Development",Unity,Game Development,,,,,,,,,,,,,,,,,,,,,,,,,,,,,
"Integromat
API Integration
Xero
Automation
PandaDoc",Integromat,API Integration,Xero,Automation,PandaDoc,,,,,,,,,,,,,,,,,,,,,,,,,,
"Web Application
React
JavaScript
API",Web Application,React,JavaScript,API,,,,,,,,,,,,,,,,,,,,,,,,,,,
"Illustration
Line Drawing
Adobe Illustrator
Freestyle Drawing",Illustration,Line Drawing,Adobe Illustrator,Freestyle Drawing,,,,,,,,,,,,,,,,,,,,,,,,,,,
"Node.js
JavaScript
Business with 1-9 Employees
Web Application
API Integration
Web Design
NodeJS Framework",Node.js,JavaScript,Business with 1-9 Employees,Web Application,API Integration,Web Design,NodeJS Framework,,,,,,,,,,,,,,,,,,,,,,,,
"Shopify Apps
API
API Integration",Shopify Apps,API,API Integration,,,,,,,,,,,,,,,,,,,,,,,,,,,,
"Icon Design
Brand Identity Design
Logo Design
Adobe Illustrator
Packaging Design
Graphic Design
Brand Identity & Guidelines
Adobe Photoshop
Covers & Packaging
Corporate Brand Identity",Icon Design,Brand Identity Design,Logo Design,Adobe Illustrator,Packaging Design,Graphic Design,Brand Identity & Guidelines,Adobe Photoshop,Covers & Packaging,Corporate Brand Identity,,,,,,,,,,,,,,,,,,,,,
"Logo Design
Calligraphy
Graffiti
Hand-Drawn Style",Logo Design,Calligraphy,Graffiti,Hand-Drawn Style,,,,,,,,,,,,,,,,,,,,,,,,,,,
"Acting
Female
Middle-Aged Adult
Content Creation
Product Review
English",Acting,Female,Middle-Aged Adult,Content Creation,Product Review,English,,,,,,,,,,,,,,,,,,,,,,,,,
"Python
Italian",Python,Italian,,,,,,,,,,,,,,,,,,,,,,,,,,,,,
"CAD
3D Design",CAD,3D Design,,,,,,,,,,,,,,,,,,,,,,,,,,,,,
"Stripe
WordPress Plugin
Payment Gateway Integration",Stripe,WordPress Plugin,Payment Gateway Integration,,,,,,,,,,,,,,,,,,,,,,,,,,,,
"Shopify
Social Media Marketing
Marketing Strategy
Facebook
Internet Marketing
Instagram
Conversion Rate Optimization
Lead Generation
Social Media Management
Search Engine Optimization",Shopify,Social Media Marketing,Marketing Strategy,Facebook,Internet Marketing,Instagram,Conversion Rate Optimization,Lead Generation,Social Media Management,Search Engine Optimization,,,,,,,,,,,,,,,,,,,,,
"CSS
JavaScript
HTML
WooCommerce
WordPress
Web Development",CSS,JavaScript,HTML,WooCommerce,WordPress,Web Development,,,,,,,,,,,,,,,,,,,,,,,,,
"Cold Calling
Scheduling
Telemarketing
Phone Communication
Outbound Sales
Lead Generation
Sales
List Building",Cold Calling,Scheduling,Telemarketing,Phone Communication,Outbound Sales,Lead Generation,Sales,List Building,,,,,,,,,,,,,,,,,,,,,,,
"API Integration
Platform Plugin",API Integration,Platform Plugin,,,,,,,,,,,,,,,,,,,,,,,,,,,,,
"Mystery Shopping
Market Research
Hungarian",Mystery Shopping,Market Research,Hungarian,,,,,,,,,,,,,,,,,,,,,,,,,,,,
"Accounting Basics
Accounting Software
Balance Sheet
Quickbooks
Intuit QuickBooks
Bookkeeping
Xero
Financial Reporting
QuickBooks Online
Financial Accounting
Taxes
Accounting",Accounting Basics,Accounting Software,Balance Sheet,Quickbooks,Intuit QuickBooks,Bookkeeping,Xero,Financial Reporting,QuickBooks Online,Financial Accounting,Taxes,Accounting,,,,,,,,,,,,,,,,,,,
"Microsoft Windows
Customer Service
Virtual Assistant
Desktop Application
Administrative Support
Python
Customer Support
Communication Etiquette
Email Communication
Data Entry",Microsoft Windows,Customer Service,Virtual Assistant,Desktop Application,Administrative Support,Python,Customer Support,Communication Etiquette,Email Communication,Data Entry,,,,,,,,,,,,,,,,,,,,,
"Electrical Engineering
Wind Turbine Simulation",Electrical Engineering,Wind Turbine Simulation,,,,,,,,,,,,,,,,,,,,,,,,,,,,,
"C#
Autodesk Revit
Windows Presentation Foundation
.NET Framework",C#,Autodesk Revit,Windows Presentation Foundation,.NET Framework,,,,,,,,,,,,,,,,,,,,,,,,,,,
"Competitive Analysis
Customer Experience Research
Market Research Interview
Market Research Interviewer
Qualitative Research
English
Market Research",Competitive Analysis,Customer Experience Research,Market Research Interview,Market Research Interviewer,Qualitative Research,English,Market Research,,,,,,,,,,,,,,,,,,,,,,,,
"English
Functional Testing
Manual Testing
Bug Reports
Web Testing",English,Functional Testing,Manual Testing,Bug Reports,Web Testing,,,,,,,,,,,,,,,,,,,,,,,,,,
"WordPress
WooCommerce
Web Development
Web Design",WordPress,WooCommerce,Web Development,Web Design,,,,,,,,,,,,,,,,,,,,,,,,,,,
"Webflow
Web Design
CSS
Animation
Website
HTML",Webflow,Web Design,CSS,Animation,Website,HTML,,,,,,,,,,,,,,,,,,,,,,,,,
"ActiveCampaign
Email Automation
Email Copywriting
Email Campaign Setup
Email Marketing
Lead Generation
Campaign Management
Campaign Monitor
Sales Funnel Builder
Sales Funnel Implementation",ActiveCampaign,Email Automation,Email Copywriting,Email Campaign Setup,Email Marketing,Lead Generation,Campaign Management,Campaign Monitor,Sales Funnel Builder,Sales Funnel Implementation,,,,,,,,,,,,,,,,,,,,,
"WordPress
CSS
Web Development
Web Design
HTML
JavaScript
HTML5
CSS 3",WordPress,CSS,Web Development,Web Design,HTML,JavaScript,HTML5,CSS 3,,,,,,,,,,,,,,,,,,,,,,,
Reddit Marketing,Reddit Marketing,,,,,,,,,,,,,,,,,,,,,,,,,,,,,,
"Online Research
Data Entry
Data Mining
Lead Generation
Data Scraping
Topic Research
Virtual Assistant
Search Tool",Online Research,Data Entry,Data Mining,Lead Generation,Data Scraping,Topic Research,Virtual Assistant,Search Tool,,,,,,,,,,,,,,,,,,,,,,,
"Mobile App Design
Graphic Design
Adobe Illustrator
Animation
Web Design",Mobile App Design,Graphic Design,Adobe Illustrator,Animation,Web Design,,,,,,,,,,,,,,,,,,,,,,,,,,
"Office 365
Office Administration
Microsoft Teams Expert",Office 365,Office Administration,Microsoft Teams Expert,,,,,,,,,,,,,,,,,,,,,,,,,,,,
"Custom PHP
API Integration
WordPress
React Native
CSS",Custom PHP,API Integration,WordPress,React Native,CSS,,,,,,,,,,,,,,,,,,,,,,,,,,
"Custom PHP
API Integration
WordPress
React Native
CSS",Custom PHP,API Integration,WordPress,React Native,CSS,,,,,,,,,,,,,,,,,,,,,,,,,,
Web Development,Web Development,,,,,,,,,,,,,,,,,,,,,,,,,,,,,,
"Voice-Over
Danish",Voice-Over,Danish,,,,,,,,,,,,,,,,,,,,,,,,,,,,,
"Virtual Assistant
Social Media Management
Internet Marketing
Content Writing
Social Media Content",Virtual Assistant,Social Media Management,Internet Marketing,Content Writing,Social Media Content,,,,,,,,,,,,,,,,,,,,,,,,,,
"Lead Generation
Market Research
Prospect List",Lead Generation,Market Research,Prospect List,,,,,,,,,,,,,,,,,,,,,,,,,,,,
"Google Ads
Google Analytics
Ecommerce
Mobile Advertising
Display Ad
Desktop Ad
Video Advertising
Google Merchant Center
B2B Marketing
B2C Marketing",Google Ads,Google Analytics,Ecommerce,Mobile Advertising,Display Ad,Desktop Ad,Video Advertising,Google Merchant Center,B2B Marketing,B2C Marketing,,,,,,,,,,,,,,,,,,,,,
"Email Marketing
SMS",Email Marketing,SMS,,,,,,,,,,,,,,,,,,,,,,,,,,,,,
"Docker
DevOps
Kubernetes
Microservice
Ansible
CI/CD",Docker,DevOps,Kubernetes,Microservice,Ansible,CI/CD,,,,,,,,,,,,,,,,,,,,,,,,,
"Facebook Advertising
Social Media Marketing
Social Media Content",Facebook Advertising,Social Media Marketing,Social Media Content,,,,,,,,,,,,,,,,,,,,,,,,,,,,
"Google Ads
PPC Campaign Setup & Management
Google Analytics
Pay Per Click Advertising
Search Engine Marketing
Google Tag Manager",Google Ads,PPC Campaign Setup & Management,Google Analytics,Pay Per Click Advertising,Search Engine Marketing,Google Tag Manager,,,,,,,,,,,,,,,,,,,,,,,,,
"Fiddler
English
Functional Testing
Manual Testing
Bug Reports
Web Testing",Fiddler,English,Functional Testing,Manual Testing,Bug Reports,Web Testing,,,,,,,,,,,,,,,,,,,,,,,,,
"Legal Writing
Translation
English to French Translation",Legal Writing,Translation,English to French Translation,,,,,,,,,,,,,,,,,,,,,,,,,,,,
"Content SEO
SEO Strategy
SEO Writing
Media & Entertainment
WordPress SEO Plugins
WordPress
Search Engine Optimization
SEO Keyword Research
Organic Traffic Growth",Content SEO,SEO Strategy,SEO Writing,Media & Entertainment,WordPress SEO Plugins,WordPress,Search Engine Optimization,SEO Keyword Research,Organic Traffic Growth,,,,,,,,,,,,,,,,,,,,,,
"Lead Generation
Market Research
List Building
B2B Marketing
Outbound Sales
Data Scraping
Cold Email",Lead Generation,Market Research,List Building,B2B Marketing,Outbound Sales,Data Scraping,Cold Email,,,,,,,,,,,,,,,,,,,,,,,,
"Website Content
Email Communication
Copywriting
Newsletter
Content Writing",Website Content,Email Communication,Copywriting,Newsletter,Content Writing,,,,,,,,,,,,,,,,,,,,,,,,,,
"Media & Entertainment
3D Design",Media & Entertainment,3D Design,,,,,,,,,,,,,,,,,,,,,,,,,,,,,
"WordPress
WooCommerce
Web Design
Web Development",WordPress,WooCommerce,Web Design,Web Development,,,,,,,,,,,,,,,,,,,,,,,,,,,
"Poster
Graphic Design
Adobe Photoshop
Adobe Illustrator",Poster,Graphic Design,Adobe Photoshop,Adobe Illustrator,,,,,,,,,,,,,,,,,,,,,,,,,,,
"CAD
Infographic
Illustration
Data Visualization
Layout Design",CAD,Infographic,Illustration,Data Visualization,Layout Design,,,,,,,,,,,,,,,,,,,,,,,,,,
"3D Design
3D Modeling
Graphic Design
Illustration
Activewear
Adobe Illustrator",3D Design,3D Modeling,Graphic Design,Illustration,Activewear,Adobe Illustrator,,,,,,,,,,,,,,,,,,,,,,,,,
"English
Screenwriting
Scriptwriting",English,Screenwriting,Scriptwriting,,,,,,,,,,,,,,,,,,,,,,,,,,,,
"Requirement Analysis
Business Process Modeling
Business Analysis",Requirement Analysis,Business Process Modeling,Business Analysis,,,,,,,,,,,,,,,,,,,,,,,,,,,,
"Instagram
Facebook
Graphic Design
Social Media Advertising",Instagram,Facebook,Graphic Design,Social Media Advertising,,,,,,,,,,,,,,,,,,,,,,,,,,,
"Sales Development
Tech & IT
Lead Generation
Sales
Cold Calling
Outbound Sales
Scheduling
Business Development
B2B Lead Generation",Sales Development,Tech & IT,Lead Generation,Sales,Cold Calling,Outbound Sales,Scheduling,Business Development,B2B Lead Generation,,,,,,,,,,,,,,,,,,,,,,
"Cold Calling
Virtual Assistant
Data Entry
Communications",Cold Calling,Virtual Assistant,Data Entry,Communications,,,,,,,,,,,,,,,,,,,,,,,,,,,
Lead Generation,Lead Generation,,,,,,,,,,,,,,,,,,,,,,,,,,,,,,
"Article Writing
Content Writing
Researcher
SEO Writing
Blog Content",Article Writing,Content Writing,Researcher,SEO Writing,Blog Content,,,,,,,,,,,,,,,,,,,,,,,,,,
"Mobile App Testing
Software Testing
Software QA
Jira
Bug Reports
Web Testing
Regression Test Script
Functional Testing
Test Case Design
Task Creation",Mobile App Testing,Software Testing,Software QA,Jira,Bug Reports,Web Testing,Regression Test Script,Functional Testing,Test Case Design,Task Creation,,,,,,,,,,,,,,,,,,,,,
Instagram,Instagram,,,,,,,,,,,,,,,,,,,,,,,,,,,,,,
"Shopify
Product Listings
Data Entry
Virtual Assistant
Web Development
Content Writing",Shopify,Product Listings,Data Entry,Virtual Assistant,Web Development,Content Writing,,,,,,,,,,,,,,,,,,,,,,,,,
"JavaScript
Unit Testing
Automated Testing
Node.js",JavaScript,Unit Testing,Automated Testing,Node.js,,,,,,,,,,,,,,,,,,,,,,,,,,,
"Communications
Employee Relations
Human Resource Management
Recruiting
Candidate Sourcing
Candidate Management
Candidate Recommendation
Candidate Interviewing
Technical Recruiter
Candidate Evaluation",Communications,Employee Relations,Human Resource Management,Recruiting,Candidate Sourcing,Candidate Management,Candidate Recommendation,Candidate Interviewing,Technical Recruiter,Candidate Evaluation,,,,,,,,,,,,,,,,,,,,,
"Google Ads
Google Analytics
Search Engine Marketing",Google Ads,Google Analytics,Search Engine Marketing,,,,,,,,,,,,,,,,,,,,,,,,,,,,
"WordPress
WooCommerce",WordPress,WooCommerce,,,,,,,,,,,,,,,,,,,,,,,,,,,,,
"Shopify
CSS
HTML
Shopify Templates
Shopify Theme",Shopify,CSS,HTML,Shopify Templates,Shopify Theme,,,,,,,,,,,,,,,,,,,,,,,,,,
"WordPress
CSS
Web Development
Web Design
HTML
Elementor",WordPress,CSS,Web Development,Web Design,HTML,Elementor,,,,,,,,,,,,,,,,,,,,,,,,,
"Shopify
Shopify Templates
Web Development
Marketing Strategy",Shopify,Shopify Templates,Web Development,Marketing Strategy,,,,,,,,,,,,,,,,,,,,,,,,,,,
"Web Application
MySQL
MySQL Programming
PHP
Custom PHP
SQL
Web Development
PHP Script
HTML",Web Application,MySQL,MySQL Programming,PHP,Custom PHP,SQL,Web Development,PHP Script,HTML,,,,,,,,,,,,,,,,,,,,,,
"Java
Redis
Android App Development
iOS Development
React Native
Apple Xcode
RabbitMQ",Java,Redis,Android App Development,iOS Development,React Native,Apple Xcode,RabbitMQ,,,,,,,,,,,,,,,,,,,,,,,,
"Male
Voice-Over
Voice Acting
American English Accent",Male,Voice-Over,Voice Acting,American English Accent,,,,,,,,,,,,,,,,,,,,,,,,,,,
Local Operations,Local Operations,,,,,,,,,,,,,,,,,,,,,,,,,,,,,,
"Finance & Accounting
Email Automation
Email Template Development
Campaign Management
HubSpot
Customer Relationship Management
CRM Software
Database
Email Campaign Setup
Email Communication",Finance & Accounting,Email Automation,Email Template Development,Campaign Management,HubSpot,Customer Relationship Management,CRM Software,Database,Email Campaign Setup,Email Communication,,,,,,,,,,,,,,,,,,,,,
"DevOps
Amazon Web Services
GitHub",DevOps,Amazon Web Services,GitHub,,,,,,,,,,,,,,,,,,,,,,,,,,,,
"Copywriting
Article Writing
Editing & Proofreading",Copywriting,Article Writing,Editing & Proofreading,,,,,,,,,,,,,,,,,,,,,,,,,,,,
"Web Development
Web Design",Web Development,Web Design,,,,,,,,,,,,,,,,,,,,,,,,,,,,,
"Content Writing
Press Release
Article
Fashion & Beauty
Finance & Accounting",Content Writing,Press Release,Article,Fashion & Beauty,Finance & Accounting,,,,,,,,,,,,,,,,,,,,,,,,,,
"Financial Analysis
Forex Trading
Cryptocurrency
MetaTrader 4
Python
MetaTrader 5
Research & Development",Financial Analysis,Forex Trading,Cryptocurrency,MetaTrader 4,Python,MetaTrader 5,Research & Development,,,,,,,,,,,,,,,,,,,,,,,,
"Flutter
In-App Purchases
Flutter Developer
Business with 1-9 Employees
Swift
Native App Development
iOS
Smartphone
Mobile App Development
iOS Development",Flutter,In-App Purchases,Flutter Developer,Business with 1-9 Employees,Swift,Native App Development,iOS,Smartphone,Mobile App Development,iOS Development,,,,,,,,,,,,,,,,,,,,,
"Blockchain
Blockchain Architecture
Ethereum
DApps
Smart Contract
Solidity
Web Development",Blockchain,Blockchain Architecture,Ethereum,DApps,Smart Contract,Solidity,Web Development,,,,,,,,,,,,,,,,,,,,,,,,
"Node.js
Next.js
Web Application
Database Development
Desktop Application
Google Analytics
SaaS
Web Development
Web3",Node.js,Next.js,Web Application,Database Development,Desktop Application,Google Analytics,SaaS,Web Development,Web3,,,,,,,,,,,,,,,,,,,,,,
"Node.js
Next.js
Web Application
Database Development
Desktop Application
Google Analytics
SaaS
Web Development
Web3",Node.js,Next.js,Web Application,Database Development,Desktop Application,Google Analytics,SaaS,Web Development,Web3,,,,,,,,,,,,,,,,,,,,,,
Local Operations,Local Operations,,,,,,,,,,,,,,,,,,,,,,,,,,,,,,
"React Native
JavaScript
Android
iOS
Mobile App Development",React Native,JavaScript,Android,iOS,Mobile App Development,,,,,,,,,,,,,,,,,,,,,,,,,,
SEO Backlinking,SEO Backlinking,,,,,,,,,,,,,,,,,,,,,,,,,,,,,,
"Contract Law
Legal Consulting",Contract Law,Legal Consulting,,,,,,,,,,,,,,,,,,,,,,,,,,,,,
"Floor Plan Design
Architectural Design
Microsoft Word
Microsoft Excel",Floor Plan Design,Architectural Design,Microsoft Word,Microsoft Excel,,,,,,,,,,,,,,,,,,,,,,,,,,,
"WooCommerce
Web Development
Ecommerce Website
WordPress
Web Design
SEO Performance",WooCommerce,Web Development,Ecommerce Website,WordPress,Web Design,SEO Performance,,,,,,,,,,,,,,,,,,,,,,,,,
"Strategy
Business Change
Business Coaching",Strategy,Business Change,Business Coaching,,,,,,,,,,,,,,,,,,,,,,,,,,,,
"Event Marketing
Business with 1-9 Employees
Marketing Strategy
English
Social Media Marketing",Event Marketing,Business with 1-9 Employees,Marketing Strategy,English,Social Media Marketing,,,,,,,,,,,,,,,,,,,,,,,,,,
"Comparison Infographic
Photo Editing
Photo Manipulation
Adobe Photoshop
Image Editing
Product Photography
Graphic Design
Photo Retouching",Comparison Infographic,Photo Editing,Photo Manipulation,Adobe Photoshop,Image Editing,Product Photography,Graphic Design,Photo Retouching,,,,,,,,,,,,,,,,,,,,,,,
"Shopify
Product Listings
Data Entry
Virtual Assistant
Web Development
Content Writing",Shopify,Product Listings,Data Entry,Virtual Assistant,Web Development,Content Writing,,,,,,,,,,,,,,,,,,,,,,,,,
"Terraform
Amazon Web Services",Terraform,Amazon Web Services,,,,,,,,,,,,,,,,,,,,,,,,,,,,,
"LinkedIn
LinkedIn Campaign Manager
Lead Generation",LinkedIn,LinkedIn Campaign Manager,Lead Generation,,,,,,,,,,,,,,,,,,,,,,,,,,,,
"Informational Infographic
Infographic",Informational Infographic,Infographic,,,,,,,,,,,,,,,,,,,,,,,,,,,,,
"Video Commercial
Video Intro & Outro
Elearning Video
Scriptwriting
Documentary
Researcher
Creative Writing
Script
Explainer Video
Storytelling",Video Commercial,Video Intro & Outro,Elearning Video,Scriptwriting,Documentary,Researcher,Creative Writing,Script,Explainer Video,Storytelling,,,,,,,,,,,,,,,,,,,,,
"Ghostwriting
Nonfiction
Ebook Writing
Storytelling",Ghostwriting,Nonfiction,Ebook Writing,Storytelling,,,,,,,,,,,,,,,,,,,,,,,,,,,
"Portuguese
Content Writing
Creative Writing
Copywriting
Article Writing
Writing",Portuguese,Content Writing,Creative Writing,Copywriting,Article Writing,Writing,,,,,,,,,,,,,,,,,,,,,,,,,
"Drupal
Web Application
Learning Management System
HTML
JavaScript
CSS
HTML5
PHP",Drupal,Web Application,Learning Management System,HTML,JavaScript,CSS,HTML5,PHP,,,,,,,,,,,,,,,,,,,,,,,
"Floor Plan Design
2D Design & Drawings",Floor Plan Design,2D Design & Drawings,,,,,,,,,,,,,,,,,,,,,,,,,,,,,
"Male
Female
Elearning
Voice-Over
Narration
Oromo",Male,Female,Elearning,Voice-Over,Narration,Oromo,,,,,,,,,,,,,,,,,,,,,,,,,
"Male
Female
Elearning
Voice-Over
Narration
Oromo",Male,Female,Elearning,Voice-Over,Narration,Oromo,,,,,,,,,,,,,,,,,,,,,,,,,
"German
English
Translation
Proofreading
Teaching",German,English,Translation,Proofreading,Teaching,,,,,,,,,,,,,,,,,,,,,,,,,,
"Architectural Design
2D Design & Drawings
Floor Plan Design
Architectural Rendering",Architectural Design,2D Design & Drawings,Floor Plan Design,Architectural Rendering,,,,,,,,,,,,,,,,,,,,,,,,,,,
"Database Design
Database Administration
SQL
MySQL
Moodle",Database Design,Database Administration,SQL,MySQL,Moodle,,,,,,,,,,,,,,,,,,,,,,,,,,
"Tablet
iPadOS
In-App Purchases
iOS Developer
iOS
Smartphone
iOS Development
Swift
Apple Xcode
Mobile App Development",Tablet,iPadOS,In-App Purchases,iOS Developer,iOS,Smartphone,iOS Development,Swift,Apple Xcode,Mobile App Development,,,,,,,,,,,,,,,,,,,,,
"DIY
Landing Page
SEO Writing
Content Writing
Website Content
Blog Writing
SEO Keyword Research
Article Writing
Copywriting
Blog Content",DIY,Landing Page,SEO Writing,Content Writing,Website Content,Blog Writing,SEO Keyword Research,Article Writing,Copywriting,Blog Content,,,,,,,,,,,,,,,,,,,,,
"Graphic Design
Adobe Photoshop
Logo Design
Adobe InDesign
Adobe Illustrator
Layout Design",Graphic Design,Adobe Photoshop,Logo Design,Adobe InDesign,Adobe Illustrator,Layout Design,,,,,,,,,,,,,,,,,,,,,,,,,
"Video Editing
Video Production
Education
Audio Editing
Finance
Video Intro & Outro
Video Post-Editing",Video Editing,Video Production,Education,Audio Editing,Finance,Video Intro & Outro,Video Post-Editing,,,,,,,,,,,,,,,,,,,,,,,,
"Concept Video
Corporate Video
Video Editing
Explainer Video",Concept Video,Corporate Video,Video Editing,Explainer Video,,,,,,,,,,,,,,,,,,,,,,,,,,,
"Photo Slideshow
Video Production",Photo Slideshow,Video Production,,,,,,,,,,,,,,,,,,,,,,,,,,,,,
"TikTok
TikTok Marketing
TikTok Ad
Content Writing
Social Media Content",TikTok,TikTok Marketing,TikTok Ad,Content Writing,Social Media Content,,,,,,,,,,,,,,,,,,,,,,,,,,
"Article
Writing
English
Article Writing",Article,Writing,English,Article Writing,,,,,,,,,,,,,,,,,,,,,,,,,,,
Proofreading,Proofreading,,,,,,,,,,,,,,,,,,,,,,,,,,,,,,
"In-App Search
Map Integration
Payment Functionality
Motion Sensor
Location-Based Service
Chat & Messaging Software
Android
iOS
In-App Purchases
Smartphone",In-App Search,Map Integration,Payment Functionality,Motion Sensor,Location-Based Service,Chat & Messaging Software,Android,iOS,In-App Purchases,Smartphone,,,,,,,,,,,,,,,,,,,,,
"Oracle Database
SQL",Oracle Database,SQL,,,,,,,,,,,,,,,,,,,,,,,,,,,,,
"Web Design
Web Development
HTML
CSS
Landing Page",Web Design,Web Development,HTML,CSS,Landing Page,,,,,,,,,,,,,,,,,,,,,,,,,,
Bulgarian to English Translation,Bulgarian to English Translation,,,,,,,,,,,,,,,,,,,,,,,,,,,,,,
"WordPress
Blog
Blog Writing
Blog Content
Web Design",WordPress,Blog,Blog Writing,Blog Content,Web Design,,,,,,,,,,,,,,,,,,,,,,,,,,
"Content Creation
Content Strategy
Content Guidelines
Research & Strategy
Creative Writing
Content Writing
Marketing
TikTok
TikTok Marketing",Content Creation,Content Strategy,Content Guidelines,Research & Strategy,Creative Writing,Content Writing,Marketing,TikTok,TikTok Marketing,,,,,,,,,,,,,,,,,,,,,,
"Webflow
HubSpot
API Integration",Webflow,HubSpot,API Integration,,,,,,,,,,,,,,,,,,,,,,,,,,,,
"Content Creation
Content Strategy
Content Guidelines
Research & Strategy
Creative Writing
Content Writing
Marketing
TikTok
TikTok Marketing",Content Creation,Content Strategy,Content Guidelines,Research & Strategy,Creative Writing,Content Writing,Marketing,TikTok,TikTok Marketing,,,,,,,,,,,,,,,,,,,,,,
"Webflow
HubSpot
API Integration",Webflow,HubSpot,API Integration,,,,,,,,,,,,,,,,,,,,,,,,,,,,
"Voice-Over
Video Production",Voice-Over,Video Production,,,,,,,,,,,,,,,,,,,,,,,,,,,,,
"Laravel
PHP Script
Back-End Development
MySQL
MySQL Programming
PHP
SQL
Database
Database Architecture
Laravel Developer",Laravel,PHP Script,Back-End Development,MySQL,MySQL Programming,PHP,SQL,Database,Database Architecture,Laravel Developer,,,,,,,,,,,,,,,,,,,,,
"SEO Audit
SEO Keyword Research
SEO Backlinking
Search Engine Optimization
On-Page SEO
Google Analytics
Organic Traffic Growth",SEO Audit,SEO Keyword Research,SEO Backlinking,Search Engine Optimization,On-Page SEO,Google Analytics,Organic Traffic Growth,,,,,,,,,,,,,,,,,,,,,,,,
"Video Editing
Spanish",Video Editing,Spanish,,,,,,,,,,,,,,,,,,,,,,,,,,,,,
"TikTok Ad
Facebook Advertising",TikTok Ad,Facebook Advertising,,,,,,,,,,,,,,,,,,,,,,,,,,,,,
"Organic Traffic Growth
Search Engine Optimization",Organic Traffic Growth,Search Engine Optimization,,,,,,,,,,,,,,,,,,,,,,,,,,,,,
"Laravel
JavaScript
jQuery
HTML
Web Development
PHP
API
MySQL",Laravel,JavaScript,jQuery,HTML,Web Development,PHP,API,MySQL,,,,,,,,,,,,,,,,,,,,,,,
"Partnership Development
Business Planning & Strategy
Competitive Analysis
Sales Development
Sales
Communications
Lead Generation
Relationship Management
Customer Service
Price & Quote Negotiation",Partnership Development,Business Planning & Strategy,Competitive Analysis,Sales Development,Sales,Communications,Lead Generation,Relationship Management,Customer Service,Price & Quote Negotiation,,,,,,,,,,,,,,,,,,,,,
"Partnership Development
Business Planning & Strategy
Competitive Analysis
Sales Development
Sales
Communications
Lead Generation
Relationship Management
Customer Service
Price & Quote Negotiation",Partnership Development,Business Planning & Strategy,Competitive Analysis,Sales Development,Sales,Communications,Lead Generation,Relationship Management,Customer Service,Price & Quote Negotiation,,,,,,,,,,,,,,,,,,,,,
"Canva
Video Editing
Video Production
Explainer Video",Canva,Video Editing,Video Production,Explainer Video,,,,,,,,,,,,,,,,,,,,,,,,,,,
"Illustration
Concept Artistry
Graphic Design
Scientific Illustration",Illustration,Concept Artistry,Graphic Design,Scientific Illustration,,,,,,,,,,,,,,,,,,,,,,,,,,,
"Smartphone
Tablet
iPadOS
In-App Purchases
iOS Developer
Business with 1-9 Employees
iOS
Swift
iOS Development
Mobile App Development",Smartphone,Tablet,iPadOS,In-App Purchases,iOS Developer,Business with 1-9 Employees,iOS,Swift,iOS Development,Mobile App Development,,,,,,,,,,,,,,,,,,,,,
"Web Application
API Integration
Laravel
Web Development",Web Application,API Integration,Laravel,Web Development,,,,,,,,,,,,,,,,,,,,,,,,,,,
"Planning Permission Preparation
Industrial Architecture
Building Regulation Preparation
2D Design
3D Rendering
Adobe Photoshop
French
Microsoft Word
Architecture",Planning Permission Preparation,Industrial Architecture,Building Regulation Preparation,2D Design,3D Rendering,Adobe Photoshop,French,Microsoft Word,Architecture,,,,,,,,,,,,,,,,,,,,,,
"API
API Integration
API Development",API,API Integration,API Development,,,,,,,,,,,,,,,,,,,,,,,,,,,,
"Content Localization
Proofreading
Fluent
English
Spanish
English to Spanish Translation
Translation
Press Release Writing",Content Localization,Proofreading,Fluent,English,Spanish,English to Spanish Translation,Translation,Press Release Writing,,,,,,,,,,,,,,,,,,,,,,,
Logistics Management,Logistics Management,,,,,,,,,,,,,,,,,,,,,,,,,,,,,,
Video Editing,Video Editing,,,,,,,,,,,,,,,,,,,,,,,,,,,,,,
Video Editing,Video Editing,,,,,,,,,,,,,,,,,,,,,,,,,,,,,,
"Content Marketing
Social Media Management
Email Marketing
Campaign Setup
Campaign Management
Marketing Analytics
Social Media Marketing
Marketing Strategy",Content Marketing,Social Media Management,Email Marketing,Campaign Setup,Campaign Management,Marketing Analytics,Social Media Marketing,Marketing Strategy,,,,,,,,,,,,,,,,,,,,,,,
"React Native
Mobile App Development",React Native,Mobile App Development,,,,,,,,,,,,,,,,,,,,,,,,,,,,,
"API
Pipedrive
API Development
RESTful API
API Integration",API,Pipedrive,API Development,RESTful API,API Integration,,,,,,,,,,,,,,,,,,,,,,,,,,
"Search Engine Optimization
Blog Content
Content Writing
SEO Backlinking
SEO Writing",Search Engine Optimization,Blog Content,Content Writing,SEO Backlinking,SEO Writing,,,,,,,,,,,,,,,,,,,,,,,,,,
"Digital Marketing
Presentations
Google Suite
Virtual Assistance
Virtual Assistant
Email Communication
Image Processing
Administrative Support
Outreach Email Copywriting
Partnership & Collaborations Outreach",Digital Marketing,Presentations,Google Suite,Virtual Assistance,Virtual Assistant,Email Communication,Image Processing,Administrative Support,Outreach Email Copywriting,Partnership & Collaborations Outreach,,,,,,,,,,,,,,,,,,,,,
"Canva
Buffer
Social Media Management
Social Media Content Creation
Social Media Marketing
Facebook
Instagram
Content Writing
Adobe Photoshop",Canva,Buffer,Social Media Management,Social Media Content Creation,Social Media Marketing,Facebook,Instagram,Content Writing,Adobe Photoshop,,,,,,,,,,,,,,,,,,,,,,
"Adobe Illustrator
2D Animation
SVG",Adobe Illustrator,2D Animation,SVG,,,,,,,,,,,,,,,,,,,,,,,,,,,,
"Flask
Python
API
Python Script",Flask,Python,API,Python Script,,,,,,,,,,,,,,,,,,,,,,,,,,,
"WordPress
Search Engine Optimization
Google Analytics",WordPress,Search Engine Optimization,Google Analytics,,,,,,,,,,,,,,,,,,,,,,,,,,,,
"Tech & IT
Sales",Tech & IT,Sales,,,,,,,,,,,,,,,,,,,,,,,,,,,,,
"WordPress
Page Speed Optimization
PHP
CSS
HTML
WordPress Development
Web Development",WordPress,Page Speed Optimization,PHP,CSS,HTML,WordPress Development,Web Development,,,,,,,,,,,,,,,,,,,,,,,,
"Lead Generation
Sales
Sales Analytics
Lead Generation Strategy",Lead Generation,Sales,Sales Analytics,Lead Generation Strategy,,,,,,,,,,,,,,,,,,,,,,,,,,,
"XML
API Integration
WordPress
Web Design
Web Development
HTML
CSS
PHP
JavaScript",XML,API Integration,WordPress,Web Design,Web Development,HTML,CSS,PHP,JavaScript,,,,,,,,,,,,,,,,,,,,,,
"Python
Web Development",Python,Web Development,,,,,,,,,,,,,,,,,,,,,,,,,,,,,
"Social Media Marketing
Marketing Strategy
Instagram
Facebook",Social Media Marketing,Marketing Strategy,Instagram,Facebook,,,,,,,,,,,,,,,,,,,,,,,,,,,
"Content Writing
Creative Writing
Writing
English
Scriptwriting
Script
US English Dialect",Content Writing,Creative Writing,Writing,English,Scriptwriting,Script,US English Dialect,,,,,,,,,,,,,,,,,,,,,,,,
"Copywriting
Content Writing
Researcher
Article Writing
Blog Content
English
Website Content
Article
Blog Writing
Search Engine Optimization",Copywriting,Content Writing,Researcher,Article Writing,Blog Content,English,Website Content,Article,Blog Writing,Search Engine Optimization,,,,,,,,,,,,,,,,,,,,,
"German
Translation
Proofreading
French to German Translation",German,Translation,Proofreading,French to German Translation,,,,,,,,,,,,,,,,,,,,,,,,,,,
"Female
Voice Acting
Voice-Over
Young Adult
Middle-Aged Adult
Gujarati",Female,Voice Acting,Voice-Over,Young Adult,Middle-Aged Adult,Gujarati,,,,,,,,,,,,,,,,,,,,,,,,,
"WordPress
WordPress Plugin
PHP
Plugin Development
JavaScript
CSS
WooCommerce
MySQL",WordPress,WordPress Plugin,PHP,Plugin Development,JavaScript,CSS,WooCommerce,MySQL,,,,,,,,,,,,,,,,,,,,,,,
JavaScript,JavaScript,,,,,,,,,,,,,,,,,,,,,,,,,,,,,,
"System Administration
Technical Support
Microsoft Windows",System Administration,Technical Support,Microsoft Windows,,,,,,,,,,,,,,,,,,,,,,,,,,,,
"Illustration
Sketch
Character Design
Adobe Illustrator
Graphic Design
Concept Artistry",Illustration,Sketch,Character Design,Adobe Illustrator,Graphic Design,Concept Artistry,,,,,,,,,,,,,,,,,,,,,,,,,
"WordPress SEO Plugins
Off-Page SEO
Search Engine Optimization
SEO Audit
WordPress",WordPress SEO Plugins,Off-Page SEO,Search Engine Optimization,SEO Audit,WordPress,,,,,,,,,,,,,,,,,,,,,,,,,,
WordPress,WordPress,,,,,,,,,,,,,,,,,,,,,,,,,,,,,,
"Web Application
Mobile App
Unreal Engine",Web Application,Mobile App,Unreal Engine,,,,,,,,,,,,,,,,,,,,,,,,,,,,
"Letter
Email Communication
Writing
English
Copywriting
Business Writing",Letter,Email Communication,Writing,English,Copywriting,Business Writing,,,,,,,,,,,,,,,,,,,,,,,,,
Application Installer,Application Installer,,,,,,,,,,,,,,,,,,,,,,,,,,,,,,
"Email Automation
Email Campaign Setup
Campaign Management
Email Marketing Strategy
Audience Segmentation & Targeting
Copywriting
Email Marketing
Marketing Strategy
Market Research
Content Writing",Email Automation,Email Campaign Setup,Campaign Management,Email Marketing Strategy,Audience Segmentation & Targeting,Copywriting,Email Marketing,Marketing Strategy,Market Research,Content Writing,,,,,,,,,,,,,,,,,,,,,
"Telemarketing
Customer Support
B2B Marketing
Customer Relationship Management
Phone Support
Customer Service
Phone Communication",Telemarketing,Customer Support,B2B Marketing,Customer Relationship Management,Phone Support,Customer Service,Phone Communication,,,,,,,,,,,,,,,,,,,,,,,,
"Adobe Photoshop
Figma
WordPress
Adobe Illustrator",Adobe Photoshop,Figma,WordPress,Adobe Illustrator,,,,,,,,,,,,,,,,,,,,,,,,,,,
"Android
Android App Development
Kotlin
Git
Java",Android,Android App Development,Kotlin,Git,Java,,,,,,,,,,,,,,,,,,,,,,,,,,
"Differential Calculus
Mathematics
LaTeX
Equations
Calculus
Algorithm Development
Statistics
Mathematica
Julia",Differential Calculus,Mathematics,LaTeX,Equations,Calculus,Algorithm Development,Statistics,Mathematica,Julia,,,,,,,,,,,,,,,,,,,,,,
"Linux System Administration
Cloudflare
Web Hosting
System Administration",Linux System Administration,Cloudflare,Web Hosting,System Administration,,,,,,,,,,,,,,,,,,,,,,,,,,,
"JavaScript
PHP
Java
Software Architecture & Design
Software Developer
Software Development
Software",JavaScript,PHP,Java,Software Architecture & Design,Software Developer,Software Development,Software,,,,,,,,,,,,,,,,,,,,,,,,
"Forex Trading
Cryptocurrency
Investment Strategy
Financial Projection
Financial Analysis
MetaTrader 4",Forex Trading,Cryptocurrency,Investment Strategy,Financial Projection,Financial Analysis,MetaTrader 4,,,,,,,,,,,,,,,,,,,,,,,,,
"DaVinci Resolve
Audio Editing
Visual Effects
Digital Video
360-Degree Video Editing
Video Editing
Video Post-Editing
Podcast Editing
YouTube Marketing",DaVinci Resolve,Audio Editing,Visual Effects,Digital Video,360-Degree Video Editing,Video Editing,Video Post-Editing,Podcast Editing,YouTube Marketing,,,,,,,,,,,,,,,,,,,,,,
"CAD
HVAC System Design
AutoCAD HVAC Loads Calculations
SolidWorks
Mechanical Engineering",CAD,HVAC System Design,AutoCAD HVAC Loads Calculations,SolidWorks,Mechanical Engineering,,,,,,,,,,,,,,,,,,,,,,,,,,
Social Media Marketing,Social Media Marketing,,,,,,,,,,,,,,,,,,,,,,,,,,,,,,
"Video Editing
Adobe Premiere Pro",Video Editing,Adobe Premiere Pro,,,,,,,,,,,,,,,,,,,,,,,,,,,,,
"Education
Product Management
Product Roadmap
Implementation Plan
Product Development
Project Management
LinkedIn
PandaDoc",Education,Product Management,Product Roadmap,Implementation Plan,Product Development,Project Management,LinkedIn,PandaDoc,,,,,,,,,,,,,,,,,,,,,,,
"Researcher
Market Research
Market Analysis",Researcher,Market Research,Market Analysis,,,,,,,,,,,,,,,,,,,,,,,,,,,,
"Search Engine Optimization
SEO Writing
Content Writing
Researcher
Writing
Article Writing",Search Engine Optimization,SEO Writing,Content Writing,Researcher,Writing,Article Writing,,,,,,,,,,,,,,,,,,,,,,,,,
"PDF Conversion
Web Development",PDF Conversion,Web Development,,,,,,,,,,,,,,,,,,,,,,,,,,,,,
"Bug Fix
Shopify
CSS
JavaScript
HTML",Bug Fix,Shopify,CSS,JavaScript,HTML,,,,,,,,,,,,,,,,,,,,,,,,,,
"Lead Generation
Email Communication
Email Campaign Setup
Lead Nurturing
Email Marketing
Content Writing",Lead Generation,Email Communication,Email Campaign Setup,Lead Nurturing,Email Marketing,Content Writing,,,,,,,,,,,,,,,,,,,,,,,,,
Web Design,Web Design,,,,,,,,,,,,,,,,,,,,,,,,,,,,,,
"Adobe Photoshop
Adobe Illustrator
Brand Identity Design
Banner
3D Design",Adobe Photoshop,Adobe Illustrator,Brand Identity Design,Banner,3D Design,,,,,,,,,,,,,,,,,,,,,,,,,,
"Native
Fluent
Translation
Dutch
English
Writing",Native,Fluent,Translation,Dutch,English,Writing,,,,,,,,,,,,,,,,,,,,,,,,,
"Graphic Design
Web Design
Wix",Graphic Design,Web Design,Wix,,,,,,,,,,,,,,,,,,,,,,,,,,,,
"WordPress
Web Development
PHP
JavaScript
CSS
Web Design
HTML",WordPress,Web Development,PHP,JavaScript,CSS,Web Design,HTML,,,,,,,,,,,,,,,,,,,,,,,,
"iOS
In-App Purchases
User Profile Creation
Bluetooth
API Integration
JavaScript
Web Development
WordPress",iOS,In-App Purchases,User Profile Creation,Bluetooth,API Integration,JavaScript,Web Development,WordPress,,,,,,,,,,,,,,,,,,,,,,,
Article Writing,Article Writing,,,,,,,,,,,,,,,,,,,,,,,,,,,,,,
"WordPress
Web Development
Web Design
Website
Website Customization",WordPress,Web Development,Web Design,Website,Website Customization,,,,,,,,,,,,,,,,,,,,,,,,,,
"Social Media Account Setup
Digital Marketing
Google Suite
Administrative Support
Virtual Assistant
Executive Support
Email Communication
Data Entry
Virtual Assistance
Customer Service",Social Media Account Setup,Digital Marketing,Google Suite,Administrative Support,Virtual Assistant,Executive Support,Email Communication,Data Entry,Virtual Assistance,Customer Service,,,,,,,,,,,,,,,,,,,,,
"Instagram
YouTube
TikTok
YouTube Marketing
Digital Marketing
Social Media Strategy
Marketing Strategy
Social Media Marketing
Content Marketing Strategy",Instagram,YouTube,TikTok,YouTube Marketing,Digital Marketing,Social Media Strategy,Marketing Strategy,Social Media Marketing,Content Marketing Strategy,,,,,,,,,,,,,,,,,,,,,,
Italian,Italian,,,,,,,,,,,,,,,,,,,,,,,,,,,,,,
"Smartphone
iOS
Android
Mobile App Development",Smartphone,iOS,Android,Mobile App Development,,,,,,,,,,,,,,,,,,,,,,,,,,,
"WiFi
Embedded C
Embedded System
Firmware
Microcontroller Programming
C
C++
Internet of Things
Firmware Programming",WiFi,Embedded C,Embedded System,Firmware,Microcontroller Programming,C,C++,Internet of Things,Firmware Programming,,,,,,,,,,,,,,,,,,,,,,
"Facebook Advertising
Social Media Advertising
Social Media Management",Facebook Advertising,Social Media Advertising,Social Media Management,,,,,,,,,,,,,,,,,,,,,,,,,,,,
"Blockchain
React Native
Smart Contract
JavaScript
Solidity",Blockchain,React Native,Smart Contract,JavaScript,Solidity,,,,,,,,,,,,,,,,,,,,,,,,,,
German,German,,,,,,,,,,,,,,,,,,,,,,,,,,,,,,
"Algorithm Development
Java
Mathematics
Data Science",Algorithm Development,Java,Mathematics,Data Science,,,,,,,,,,,,,,,,,,,,,,,,,,,
"Off-Page SEO
Technical SEO
SEO Keyword Research
Amusement & Gambling
SEO Backlinking
On-Page SEO
Organic Traffic Growth
SEO Performance",Off-Page SEO,Technical SEO,SEO Keyword Research,Amusement & Gambling,SEO Backlinking,On-Page SEO,Organic Traffic Growth,SEO Performance,,,,,,,,,,,,,,,,,,,,,,,
"Real Estate
RAW
JPG
Architectural Photography
Photo Editing
Adobe Photoshop
Photo Retouching
Adobe Photoshop Lightroom
Photo Manipulation
Photo Color Correction",Real Estate,RAW,JPG,Architectural Photography,Photo Editing,Adobe Photoshop,Photo Retouching,Adobe Photoshop Lightroom,Photo Manipulation,Photo Color Correction,,,,,,,,,,,,,,,,,,,,,
"Mockup
Wireframing
User Interface Design
User Flow
Mobile App Design",Mockup,Wireframing,User Interface Design,User Flow,Mobile App Design,,,,,,,,,,,,,,,,,,,,,,,,,,
"SEO Keyword Research
Search Engine Optimization
On-Page SEO
SEO Audit",SEO Keyword Research,Search Engine Optimization,On-Page SEO,SEO Audit,,,,,,,,,,,,,,,,,,,,,,,,,,,
Guerrilla Marketing,Guerrilla Marketing,,,,,,,,,,,,,,,,,,,,,,,,,,,,,,
"Microsoft Windows
.NET Framework
PHP
JavaScript
Python
Ubuntu
Bash
Linux System Administration
Linux",Microsoft Windows,.NET Framework,PHP,JavaScript,Python,Ubuntu,Bash,Linux System Administration,Linux,,,,,,,,,,,,,,,,,,,,,,
"Email Communication
Customer Service
Writing
File Management
Phone Communication
Scheduling
Task Coordination",Email Communication,Customer Service,Writing,File Management,Phone Communication,Scheduling,Task Coordination,,,,,,,,,,,,,,,,,,,,,,,,
"Content Marketing Strategy
SEO Writing
Blog Content
Content Writing
Blog Writing
Search Engine Optimization
Copywriting
Norwegian
Writing
Article Writing",Content Marketing Strategy,SEO Writing,Blog Content,Content Writing,Blog Writing,Search Engine Optimization,Copywriting,Norwegian,Writing,Article Writing,,,,,,,,,,,,,,,,,,,,,
"Content Writing
Copywriting
Blog Content
Researcher
Search Engine Optimization
Article Writing
Article
Blog Writing
Creative Writing
Website Content",Content Writing,Copywriting,Blog Content,Researcher,Search Engine Optimization,Article Writing,Article,Blog Writing,Creative Writing,Website Content,,,,,,,,,,,,,,,,,,,,,
"Marketing Strategy
SEO Setup & Configuration
Researcher
Lead Generation
Social Media Marketing",Marketing Strategy,SEO Setup & Configuration,Researcher,Lead Generation,Social Media Marketing,,,,,,,,,,,,,,,,,,,,,,,,,,
Google Analytics,Google Analytics,,,,,,,,,,,,,,,,,,,,,,,,,,,,,,
"HTML
CSS
jQuery
JavaScript",HTML,CSS,jQuery,JavaScript,,,,,,,,,,,,,,,,,,,,,,,,,,,
"Twitter Marketing
Twitter
Social Media Content Creation",Twitter Marketing,Twitter,Social Media Content Creation,,,,,,,,,,,,,,,,,,,,,,,,,,,,
"Google Ads
PPC Campaign Setup & Management
Pay Per Click Advertising
Campaign Reporting
Search Engine Marketing
Campaign Optimization",Google Ads,PPC Campaign Setup & Management,Pay Per Click Advertising,Campaign Reporting,Search Engine Marketing,Campaign Optimization,,,,,,,,,,,,,,,,,,,,,,,,,
"Graphic Design
Colorful Style
Adobe Photoshop
Adobe Illustrator
Contemporary Style",Graphic Design,Colorful Style,Adobe Photoshop,Adobe Illustrator,Contemporary Style,,,,,,,,,,,,,,,,,,,,,,,,,,
"Marketing Automation
Email Marketing
Sales
Lead Generation",Marketing Automation,Email Marketing,Sales,Lead Generation,,,,,,,,,,,,,,,,,,,,,,,,,,,
"Audience Segmentation & Targeting
Campaign Management
Email Automation
Email Campaign Setup
HubSpot
A/B Testing
Marketing Automation
Lead Generation
Email Marketing
Marketing Automation Strategy",Audience Segmentation & Targeting,Campaign Management,Email Automation,Email Campaign Setup,HubSpot,A/B Testing,Marketing Automation,Lead Generation,Email Marketing,Marketing Automation Strategy,,,,,,,,,,,,,,,,,,,,,
"Social Media Video
Video Production
Content Creation
Podcast
Video Editing
Audio Editing
Video Intro & Outro
Trailer",Social Media Video,Video Production,Content Creation,Podcast,Video Editing,Audio Editing,Video Intro & Outro,Trailer,,,,,,,,,,,,,,,,,,,,,,,
"PNG
Adobe Photoshop Lightroom
Adobe Photoshop Elements
Adobe Photoshop
Photo Editing
Photo Manipulation
Adobe Illustrator",PNG,Adobe Photoshop Lightroom,Adobe Photoshop Elements,Adobe Photoshop,Photo Editing,Photo Manipulation,Adobe Illustrator,,,,,,,,,,,,,,,,,,,,,,,,
"Brand Identity & Guidelines
Advertising Design
Banner Ad Design
Web Design
Graphic Design
Adobe Photoshop
Illustration
Adobe Illustrator
Logo Design
Brand Guidelines",Brand Identity & Guidelines,Advertising Design,Banner Ad Design,Web Design,Graphic Design,Adobe Photoshop,Illustration,Adobe Illustrator,Logo Design,Brand Guidelines,,,,,,,,,,,,,,,,,,,,,
"On-Page SEO
SEO Audit",On-Page SEO,SEO Audit,,,,,,,,,,,,,,,,,,,,,,,,,,,,,
"Photo Editing
Product Photography
Image Editing
Fashion & Beauty
Photography
Photo Retouching
Adobe Photoshop",Photo Editing,Product Photography,Image Editing,Fashion & Beauty,Photography,Photo Retouching,Adobe Photoshop,,,,,,,,,,,,,,,,,,,,,,,,
PrestaShop,PrestaShop,,,,,,,,,,,,,,,,,,,,,,,,,,,,,,
"Ruby on Rails
Ruby
TypeScript
JavaScript
Golang
React
Web Development",Ruby on Rails,Ruby,TypeScript,JavaScript,Golang,React,Web Development,,,,,,,,,,,,,,,,,,,,,,,,
"YouTube
Twitter
Snapchat
Pinterest
LinkedIn
Social Media Management
Facebook
Instagram
Social Media Content Creation
Social Media Content",YouTube,Twitter,Snapchat,Pinterest,LinkedIn,Social Media Management,Facebook,Instagram,Social Media Content Creation,Social Media Content,,,,,,,,,,,,,,,,,,,,,
"WordPress
Elementor",WordPress,Elementor,,,,,,,,,,,,,,,,,,,,,,,,,,,,,
"Ebook
EPUB
Ebook Design",Ebook,EPUB,Ebook Design,,,,,,,,,,,,,,,,,,,,,,,,,,,,
"Video Intro & Outro
Video Editing
Graphic Design
Motion Graphics",Video Intro & Outro,Video Editing,Graphic Design,Motion Graphics,,,,,,,,,,,,,,,,,,,,,,,,,,,
"Creative Writing
Copywriting
Content Writing
Dutch
Article Writing
SEO Writing",Creative Writing,Copywriting,Content Writing,Dutch,Article Writing,SEO Writing,,,,,,,,,,,,,,,,,,,,,,,,,
"React Native
Mobile App Development",React Native,Mobile App Development,,,,,,,,,,,,,,,,,,,,,,,,,,,,,
"Content Writing
Social Media Marketing
Editing & Proofreading
Social Media Content",Content Writing,Social Media Marketing,Editing & Proofreading,Social Media Content,,,,,,,,,,,,,,,,,,,,,,,,,,,
"Native
Near-Native
Proofreading
English
Translation
English to French Translation
French
French to English Translation
Editor",Native,Near-Native,Proofreading,English,Translation,English to French Translation,French,French to English Translation,Editor,,,,,,,,,,,,,,,,,,,,,,
"Male
Authoritative Tone
British English Accent
US English Dialect
Middle-Aged Adult
Senior Adult
YouTube",Male,Authoritative Tone,British English Accent,US English Dialect,Middle-Aged Adult,Senior Adult,YouTube,,,,,,,,,,,,,,,,,,,,,,,,
"User Flow
WordPress
WooCommerce
Web Design",User Flow,WordPress,WooCommerce,Web Design,,,,,,,,,,,,,,,,,,,,,,,,,,,
"Influencer Marketing
Health & Wellness
Customer Acquisition Strategy
Marketing Management
Business with 1-9 Employees
Affiliate Marketing",Influencer Marketing,Health & Wellness,Customer Acquisition Strategy,Marketing Management,Business with 1-9 Employees,Affiliate Marketing,,,,,,,,,,,,,,,,,,,,,,,,,
"Email Marketing
Email Campaign Setup",Email Marketing,Email Campaign Setup,,,,,,,,,,,,,,,,,,,,,,,,,,,,,
"Automation
Web Crawling",Automation,Web Crawling,,,,,,,,,,,,,,,,,,,,,,,,,,,,,
"JavaScript
Web Application
JSON
HTML
Microsoft Excel
QuickBase
Lucidchart
Shopify
PaaS
Jinja2",JavaScript,Web Application,JSON,HTML,Microsoft Excel,QuickBase,Lucidchart,Shopify,PaaS,Jinja2,,,,,,,,,,,,,,,,,,,,,
"Content Marketing Strategy
Social Media Content
Video Editing",Content Marketing Strategy,Social Media Content,Video Editing,,,,,,,,,,,,,,,,,,,,,,,,,,,,
"Content Writing
Editing & Proofreading",Content Writing,Editing & Proofreading,,,,,,,,,,,,,,,,,,,,,,,,,,,,,
"Social Media Content Creation
Social Media Marketing
Digital Marketing",Social Media Content Creation,Social Media Marketing,Digital Marketing,,,,,,,,,,,,,,,,,,,,,,,,,,,,
"Learning Management System
Web Development
WordPress
Moodle
HTML5
Elearning",Learning Management System,Web Development,WordPress,Moodle,HTML5,Elearning,,,,,,,,,,,,,,,,,,,,,,,,,
"Content Writing
French
Virtual Assistant
Writing
Article Writing",Content Writing,French,Virtual Assistant,Writing,Article Writing,,,,,,,,,,,,,,,,,,,,,,,,,,
"Data Analysis
Statistics",Data Analysis,Statistics,,,,,,,,,,,,,,,,,,,,,,,,,,,,,
"Content Writing
Article Writing
Copywriting
Writing
English
Blog Content
Researcher
SEO Content
Data Science",Content Writing,Article Writing,Copywriting,Writing,English,Blog Content,Researcher,SEO Content,Data Science,,,,,,,,,,,,,,,,,,,,,,
"Public Relations
Media Relations",Public Relations,Media Relations,,,,,,,,,,,,,,,,,,,,,,,,,,,,,
"Public Relations
Media Relations",Public Relations,Media Relations,,,,,,,,,,,,,,,,,,,,,,,,,,,,,
"Video Editing
Video Commercial
Video Post-Editing",Video Editing,Video Commercial,Video Post-Editing,,,,,,,,,,,,,,,,,,,,,,,,,,,,
"Web Design
Web Development
Figma
Adobe XD
Elementor
Contact Form 7
Business with 100-999 Employees",Web Design,Web Development,Figma,Adobe XD,Elementor,Contact Form 7,Business with 100-999 Employees,,,,,,,,,,,,,,,,,,,,,,,,
"Promotional Video
Testimonial Video
Compositing
Color Grading
Video Editing
Adobe After Effects
Video Post-Editing
Adobe Premiere Pro",Promotional Video,Testimonial Video,Compositing,Color Grading,Video Editing,Adobe After Effects,Video Post-Editing,Adobe Premiere Pro,,,,,,,,,,,,,,,,,,,,,,,
".NET Framework
C#
ASP.NET
Microsoft Sharepoint
Microsoft PowerApps
Microsoft Visual Studio",.NET Framework,C#,ASP.NET,Microsoft Sharepoint,Microsoft PowerApps,Microsoft Visual Studio,,,,,,,,,,,,,,,,,,,,,,,,,
Zoho Desk,Zoho Desk,,,,,,,,,,,,,,,,,,,,,,,,,,,,,,
"Market Research
Partnership Development
Communications
Sales
Lead Generation",Market Research,Partnership Development,Communications,Sales,Lead Generation,,,,,,,,,,,,,,,,,,,,,,,,,,
"Prototyping
Website
Mobile App Design
Responsive Design
Web Design",Prototyping,Website,Mobile App Design,Responsive Design,Web Design,,,,,,,,,,,,,,,,,,,,,,,,,,
"Gaming Video
Video Editing",Gaming Video,Video Editing,,,,,,,,,,,,,,,,,,,,,,,,,,,,,
"Growth Strategy
Growth Hacking
Marketing Strategy
Internet Marketing
Instagram",Growth Strategy,Growth Hacking,Marketing Strategy,Internet Marketing,Instagram,,,,,,,,,,,,,,,,,,,,,,,,,,
"Google Analytics
Analytics",Google Analytics,Analytics,,,,,,,,,,,,,,,,,,,,,,,,,,,,,
"PayPal Plugin
WordPress
JavaScript
HTML
CSS
WooCommerce
PHP",PayPal Plugin,WordPress,JavaScript,HTML,CSS,WooCommerce,PHP,,,,,,,,,,,,,,,,,,,,,,,,
"Logo Design
Graphic Design",Logo Design,Graphic Design,,,,,,,,,,,,,,,,,,,,,,,,,,,,,
"Microsoft Windows Powershell
Microsoft IIS
Windows Server",Microsoft Windows Powershell,Microsoft IIS,Windows Server,,,,,,,,,,,,,,,,,,,,,,,,,,,,
"Media & Entertainment
Copywriting
SEO Writing
Content Writing
English",Media & Entertainment,Copywriting,SEO Writing,Content Writing,English,,,,,,,,,,,,,,,,,,,,,,,,,,
"Video Editing
Content Creation
Canva",Video Editing,Content Creation,Canva,,,,,,,,,,,,,,,,,,,,,,,,,,,,
"Social Media Management
LinkedIn
Social Media Marketing
LinkedIn Campaign Manager",Social Media Management,LinkedIn,Social Media Marketing,LinkedIn Campaign Manager,,,,,,,,,,,,,,,,,,,,,,,,,,,
"Health & Wellness
LinkedIn Campaign Manager
LinkedIn Development
Lead Generation
Social Media Marketing
Marketing Strategy
LinkedIn",Health & Wellness,LinkedIn Campaign Manager,LinkedIn Development,Lead Generation,Social Media Marketing,Marketing Strategy,LinkedIn,,,,,,,,,,,,,,,,,,,,,,,,
"Mobile Advertising
Facebook
Social Media Marketing
Facebook Advertising
Social Media Advertising",Mobile Advertising,Facebook,Social Media Marketing,Facebook Advertising,Social Media Advertising,,,,,,,,,,,,,,,,,,,,,,,,,,
"Graphic Design
Canva
Content Creation",Graphic Design,Canva,Content Creation,,,,,,,,,,,,,,,,,,,,,,,,,,,,
"Market Research
Market Analysis
Competitive Analysis
Researcher",Market Research,Market Analysis,Competitive Analysis,Researcher,,,,,,,,,,,,,,,,,,,,,,,,,,,
Linux,Linux,,,,,,,,,,,,,,,,,,,,,,,,,,,,,,
"Social Media Marketing
Instagram
Social Media Management
Social Media Content
Social Media Content Creation
Instagram Story",Social Media Marketing,Instagram,Social Media Management,Social Media Content,Social Media Content Creation,Instagram Story,,,,,,,,,,,,,,,,,,,,,,,,,
"Data Engineering
Python
Oracle
PostgreSQL",Data Engineering,Python,Oracle,PostgreSQL,,,,,,,,,,,,,,,,,,,,,,,,,,,
"Croatian
English",Croatian,English,,,,,,,,,,,,,,,,,,,,,,,,,,,,,
"Grafana
Dashboard",Grafana,Dashboard,,,,,,,,,,,,,,,,,,,,,,,,,,,,,
"Online Research
Data Entry
Data Mining
Lead Generation
Data Scraping
Topic Research
Virtual Assistant
Search Tool",Online Research,Data Entry,Data Mining,Lead Generation,Data Scraping,Topic Research,Virtual Assistant,Search Tool,,,,,,,,,,,,,,,,,,,,,,,
"Data Entry
English
Google Sheets",Data Entry,English,Google Sheets,,,,,,,,,,,,,,,,,,,,,,,,,,,,
"WordPress Plugin
WooCommerce
PHP
WordPress
JavaScript
CSS
Web Development
Ecommerce Website
HTML
jQuery",WordPress Plugin,WooCommerce,PHP,WordPress,JavaScript,CSS,Web Development,Ecommerce Website,HTML,jQuery,,,,,,,,,,,,,,,,,,,,,
"Illustration
Adobe Illustrator
Graphic Design",Illustration,Adobe Illustrator,Graphic Design,,,,,,,,,,,,,,,,,,,,,,,,,,,,
"C#
.NET Framework",C#,.NET Framework,,,,,,,,,,,,,,,,,,,,,,,,,,,,,
Video Editing,Video Editing,,,,,,,,,,,,,,,,,,,,,,,,,,,,,,
"Social Media Management
Social Media Marketing
Instagram
Social Media Content Creation
Social Media Content
Instagram Story
Social Media Advertising
Twitter Marketing
Influencer Marketing
Virtual Assistant",Social Media Management,Social Media Marketing,Instagram,Social Media Content Creation,Social Media Content,Instagram Story,Social Media Advertising,Twitter Marketing,Influencer Marketing,Virtual Assistant,,,,,,,,,,,,,,,,,,,,,
"Academic Editing
Data Entry
Researcher
Lead Generation
Microsoft Excel
Social Media Marketing
Administrative Support
Google Ads
Market Research
English",Academic Editing,Data Entry,Researcher,Lead Generation,Microsoft Excel,Social Media Marketing,Administrative Support,Google Ads,Market Research,English,,,,,,,,,,,,,,,,,,,,,
"Immigration Law
Work Visa
Employer Sponsored Visa",Immigration Law,Work Visa,Employer Sponsored Visa,,,,,,,,,,,,,,,,,,,,,,,,,,,,
"Database Design
Database Architecture
Data Migration
Data Entry
API
Web Scraping",Database Design,Database Architecture,Data Migration,Data Entry,API,Web Scraping,,,,,,,,,,,,,,,,,,,,,,,,,
"Legal
Family Law",Legal,Family Law,,,,,,,,,,,,,,,,,,,,,,,,,,,,,
"Content Writing
Copywriting
Creative Writing
Social Media Marketing
Blog Writing
Social Media Content
Article Writing
Content Development",Content Writing,Copywriting,Creative Writing,Social Media Marketing,Blog Writing,Social Media Content,Article Writing,Content Development,,,,,,,,,,,,,,,,,,,,,,,
"Business with 1000+ Employees
English
Software Developer
Software Development
Communications
Project Management",Business with 1000+ Employees,English,Software Developer,Software Development,Communications,Project Management,,,,,,,,,,,,,,,,,,,,,,,,,
"Creative Writing
Copywriting
English
Writing
Content Writing
SEO Writing
Website Content",Creative Writing,Copywriting,English,Writing,Content Writing,SEO Writing,Website Content,,,,,,,,,,,,,,,,,,,,,,,,
"Business with 1000+ Employees
English
Software Developer
Software Development
Communications
Project Management",Business with 1000+ Employees,English,Software Developer,Software Development,Communications,Project Management,,,,,,,,,,,,,,,,,,,,,,,,,
"Creative Writing
Copywriting
English
Writing
Content Writing
SEO Writing
Website Content",Creative Writing,Copywriting,English,Writing,Content Writing,SEO Writing,Website Content,,,,,,,,,,,,,,,,,,,,,,,,
"Proofreading
French
Translation
Editor
English to French Translation",Proofreading,French,Translation,Editor,English to French Translation,,,,,,,,,,,,,,,,,,,,,,,,,,
"Video Editing
Article Writing
Logo Design
Graphic Design
Voice-Over
YouTube Thumbnail",Video Editing,Article Writing,Logo Design,Graphic Design,Voice-Over,YouTube Thumbnail,,,,,,,,,,,,,,,,,,,,,,,,,
"Blog Writing
Content Writing
Blog Content
Tech & IT",Blog Writing,Content Writing,Blog Content,Tech & IT,,,,,,,,,,,,,,,,,,,,,,,,,,,
"Java
React Native
Android
Android App Development",Java,React Native,Android,Android App Development,,,,,,,,,,,,,,,,,,,,,,,,,,,
"Facilitation
Compliance Training
Team Building
Team Management
Elearning
Training & Development Manager
Training Materials",Facilitation,Compliance Training,Team Building,Team Management,Elearning,Training & Development Manager,Training Materials,,,,,,,,,,,,,,,,,,,,,,,,
"Google Tag Manager
Salesforce
API Integration
Facebook Development",Google Tag Manager,Salesforce,API Integration,Facebook Development,,,,,,,,,,,,,,,,,,,,,,,,,,,
"Business Writing
Business Analysis
Company Profile
Executive Summary
Education
English
Copywriting
Editing & Proofreading
Content Writing",Business Writing,Business Analysis,Company Profile,Executive Summary,Education,English,Copywriting,Editing & Proofreading,Content Writing,,,,,,,,,,,,,,,,,,,,,,
English,English,,,,,,,,,,,,,,,,,,,,,,,,,,,,,,
"Social Media Marketing
Facebook Advertising
Google Ads
Marketing Strategy
Social Media Advertising",Social Media Marketing,Facebook Advertising,Google Ads,Marketing Strategy,Social Media Advertising,,,,,,,,,,,,,,,,,,,,,,,,,,
"WordPress
WooCommerce
Web Development
PHP
JavaScript
CSS
HTML
Web Design
HTML5
WordPress Plugin",WordPress,WooCommerce,Web Development,PHP,JavaScript,CSS,HTML,Web Design,HTML5,WordPress Plugin,,,,,,,,,,,,,,,,,,,,,
"React
ExpressJS
NFT",React,ExpressJS,NFT,,,,,,,,,,,,,,,,,,,,,,,,,,,,
Video Editing,Video Editing,,,,,,,,,,,,,,,,,,,,,,,,,,,,,,
"WordPress
Web Development
Website",WordPress,Web Development,Website,,,,,,,,,,,,,,,,,,,,,,,,,,,,
"Instagram
Facebook
TikTok",Instagram,Facebook,TikTok,,,,,,,,,,,,,,,,,,,,,,,,,,,,
"Public Relations
Media Relations
Press Release",Public Relations,Media Relations,Press Release,,,,,,,,,,,,,,,,,,,,,,,,,,,,
"Email Copywriting
Sales Copywriting
Outreach Email Copywriting
Email Communication
Copywriting
English
Psychometrics
Psychology",Email Copywriting,Sales Copywriting,Outreach Email Copywriting,Email Communication,Copywriting,English,Psychometrics,Psychology,,,,,,,,,,,,,,,,,,,,,,,
Sourcing,Sourcing,,,,,,,,,,,,,,,,,,,,,,,,,,,,,,
"Video Production
Video Editing
Video Commercial
Graphic Design
Videography
Explainer Video
Adobe Premiere Pro
Motion Graphics",Video Production,Video Editing,Video Commercial,Graphic Design,Videography,Explainer Video,Adobe Premiere Pro,Motion Graphics,,,,,,,,,,,,,,,,,,,,,,,
"Social Media Management
Social Media Marketing Strategy
Campaign Management
Campaign Setup
Facebook
Facebook Advertising
Social Media Marketing
Retargeting
Social Media Advertising
Instagram",Social Media Management,Social Media Marketing Strategy,Campaign Management,Campaign Setup,Facebook,Facebook Advertising,Social Media Marketing,Retargeting,Social Media Advertising,Instagram,,,,,,,,,,,,,,,,,,,,,
"Researcher
Data Entry
Data Scraping
Sourcing
Lead Generation
Virtual Assistant
List Building
Administrative Support",Researcher,Data Entry,Data Scraping,Sourcing,Lead Generation,Virtual Assistant,List Building,Administrative Support,,,,,,,,,,,,,,,,,,,,,,,
"API Integration
Web Design
Shopify
WooCommerce
WordPress
WordPress Plugin
Twilio API",API Integration,Web Design,Shopify,WooCommerce,WordPress,WordPress Plugin,Twilio API,,,,,,,,,,,,,,,,,,,,,,,,
"Internet Researcher
Lead Generation
Researcher
Market Research
Company Research",Internet Researcher,Lead Generation,Researcher,Market Research,Company Research,,,,,,,,,,,,,,,,,,,,,,,,,,
"Database Design
Data Engineering
Data Integration
Virtual Assistant
Communications
Email Communication
Researcher",Database Design,Data Engineering,Data Integration,Virtual Assistant,Communications,Email Communication,Researcher,,,,,,,,,,,,,,,,,,,,,,,,
"Training & Development
Compliance Training
Food & Beverage
Fashion & Beauty
Finance & Accounting
Sports & Recreation
Facilitation
Staff Orientation & Onboarding Materials
Instructional Design",Training & Development,Compliance Training,Food & Beverage,Fashion & Beauty,Finance & Accounting,Sports & Recreation,Facilitation,Staff Orientation & Onboarding Materials,Instructional Design,,,,,,,,,,,,,,,,,,,,,,
"WordPress
PHP
CSS",WordPress,PHP,CSS,,,,,,,,,,,,,,,,,,,,,,,,,,,,
"Adobe Premiere Pro
Video Post-Editing
Video Editing",Adobe Premiere Pro,Video Post-Editing,Video Editing,,,,,,,,,,,,,,,,,,,,,,,,,,,,
"PHP
Vue.js
CSS",PHP,Vue.js,CSS,,,,,,,,,,,,,,,,,,,,,,,,,,,,
"Trello
Project Management
Video Animation",Trello,Project Management,Video Animation,,,,,,,,,,,,,,,,,,,,,,,,,,,,
SEO Backlinking,SEO Backlinking,,,,,,,,,,,,,,,,,,,,,,,,,,,,,,
"Contract Law
Legal Consulting",Contract Law,Legal Consulting,,,,,,,,,,,,,,,,,,,,,,,,,,,,,
"Floor Plan Design
Architectural Design
Microsoft Word
Microsoft Excel",Floor Plan Design,Architectural Design,Microsoft Word,Microsoft Excel,,,,,,,,,,,,,,,,,,,,,,,,,,,
"WooCommerce
Web Development
Ecommerce Website
WordPress
Web Design
SEO Performance",WooCommerce,Web Development,Ecommerce Website,WordPress,Web Design,SEO Performance,,,,,,,,,,,,,,,,,,,,,,,,,
"Strategy
Business Change
Business Coaching",Strategy,Business Change,Business Coaching,,,,,,,,,,,,,,,,,,,,,,,,,,,,
"Event Marketing
Business with 1-9 Employees
Marketing Strategy
English
Social Media Marketing",Event Marketing,Business with 1-9 Employees,Marketing Strategy,English,Social Media Marketing,,,,,,,,,,,,,,,,,,,,,,,,,,
"Comparison Infographic
Photo Editing
Photo Manipulation
Adobe Photoshop
Image Editing
Product Photography
Graphic Design
Photo Retouching",Comparison Infographic,Photo Editing,Photo Manipulation,Adobe Photoshop,Image Editing,Product Photography,Graphic Design,Photo Retouching,,,,,,,,,,,,,,,,,,,,,,,
"Shopify
Product Listings
Data Entry
Virtual Assistant
Web Development
Content Writing",Shopify,Product Listings,Data Entry,Virtual Assistant,Web Development,Content Writing,,,,,,,,,,,,,,,,,,,,,,,,,
"Terraform
Amazon Web Services",Terraform,Amazon Web Services,,,,,,,,,,,,,,,,,,,,,,,,,,,,,
"LinkedIn
LinkedIn Campaign Manager
Lead Generation",LinkedIn,LinkedIn Campaign Manager,Lead Generation,,,,,,,,,,,,,,,,,,,,,,,,,,,,
"LinkedIn
LinkedIn Campaign Manager
Lead Generation",LinkedIn,LinkedIn Campaign Manager,Lead Generation,,,,,,,,,,,,,,,,,,,,,,,,,,,,
"Informational Infographic
Infographic",Informational Infographic,Infographic,,,,,,,,,,,,,,,,,,,,,,,,,,,,,
"Video Commercial
Video Intro & Outro
Elearning Video
Scriptwriting
Documentary
Researcher
Creative Writing
Script
Explainer Video
Storytelling",Video Commercial,Video Intro & Outro,Elearning Video,Scriptwriting,Documentary,Researcher,Creative Writing,Script,Explainer Video,Storytelling,,,,,,,,,,,,,,,,,,,,,
"Ghostwriting
Nonfiction
Ebook Writing
Storytelling",Ghostwriting,Nonfiction,Ebook Writing,Storytelling,,,,,,,,,,,,,,,,,,,,,,,,,,,
"Portuguese
Content Writing
Creative Writing
Copywriting
Article Writing
Writing",Portuguese,Content Writing,Creative Writing,Copywriting,Article Writing,Writing,,,,,,,,,,,,,,,,,,,,,,,,,
"Drupal
Web Application
Learning Management System
HTML
JavaScript
CSS
HTML5
PHP",Drupal,Web Application,Learning Management System,HTML,JavaScript,CSS,HTML5,PHP,,,,,,,,,,,,,,,,,,,,,,,
"Floor Plan Design
2D Design & Drawings",Floor Plan Design,2D Design & Drawings,,,,,,,,,,,,,,,,,,,,,,,,,,,,,
"Male
Female
Elearning
Voice-Over
Narration
Oromo",Male,Female,Elearning,Voice-Over,Narration,Oromo,,,,,,,,,,,,,,,,,,,,,,,,,
"German
English
Translation
Proofreading
Teaching",German,English,Translation,Proofreading,Teaching,,,,,,,,,,,,,,,,,,,,,,,,,,
"Architectural Design
2D Design & Drawings
Floor Plan Design
Architectural Rendering",Architectural Design,2D Design & Drawings,Floor Plan Design,Architectural Rendering,,,,,,,,,,,,,,,,,,,,,,,,,,,
"Architectural Design
2D Design & Drawings
Floor Plan Design
Architectural Rendering",Architectural Design,2D Design & Drawings,Floor Plan Design,Architectural Rendering,,,,,,,,,,,,,,,,,,,,,,,,,,,
"Database Design
Database Administration
SQL
MySQL
Moodle",Database Design,Database Administration,SQL,MySQL,Moodle,,,,,,,,,,,,,,,,,,,,,,,,,,
"Tablet
iPadOS
In-App Purchases
iOS Developer
iOS
Smartphone
iOS Development
Swift
Apple Xcode
Mobile App Development",Tablet,iPadOS,In-App Purchases,iOS Developer,iOS,Smartphone,iOS Development,Swift,Apple Xcode,Mobile App Development,,,,,,,,,,,,,,,,,,,,,
"DIY
Landing Page
SEO Writing
Content Writing
Website Content
Blog Writing
SEO Keyword Research
Article Writing
Copywriting
Blog Content",DIY,Landing Page,SEO Writing,Content Writing,Website Content,Blog Writing,SEO Keyword Research,Article Writing,Copywriting,Blog Content,,,,,,,,,,,,,,,,,,,,,
"Graphic Design
Adobe Photoshop
Logo Design
Adobe InDesign
Adobe Illustrator
Layout Design",Graphic Design,Adobe Photoshop,Logo Design,Adobe InDesign,Adobe Illustrator,Layout Design,,,,,,,,,,,,,,,,,,,,,,,,,
"Video Editing
Video Production
Education
Audio Editing
Finance
Video Intro & Outro
Video Post-Editing",Video Editing,Video Production,Education,Audio Editing,Finance,Video Intro & Outro,Video Post-Editing,,,,,,,,,,,,,,,,,,,,,,,,
"Concept Video
Corporate Video
Video Editing
Explainer Video",Concept Video,Corporate Video,Video Editing,Explainer Video,,,,,,,,,,,,,,,,,,,,,,,,,,,
"Photo Slideshow
Video Production",Photo Slideshow,Video Production,,,,,,,,,,,,,,,,,,,,,,,,,,,,,
"TikTok
TikTok Marketing
TikTok Ad
Content Writing
Social Media Content",TikTok,TikTok Marketing,TikTok Ad,Content Writing,Social Media Content,,,,,,,,,,,,,,,,,,,,,,,,,,
"Article
Writing
English
Article Writing",Article,Writing,English,Article Writing,,,,,,,,,,,,,,,,,,,,,,,,,,,
Proofreading,Proofreading,,,,,,,,,,,,,,,,,,,,,,,,,,,,,,
"In-App Search
Map Integration
Payment Functionality
Motion Sensor
Location-Based Service
Chat & Messaging Software
Android
iOS
In-App Purchases
Smartphone",In-App Search,Map Integration,Payment Functionality,Motion Sensor,Location-Based Service,Chat & Messaging Software,Android,iOS,In-App Purchases,Smartphone,,,,,,,,,,,,,,,,,,,,,
"Oracle Database
SQL",Oracle Database,SQL,,,,,,,,,,,,,,,,,,,,,,,,,,,,,
"Web Design
Web Development
HTML
CSS
Landing Page",Web Design,Web Development,HTML,CSS,Landing Page,,,,,,,,,,,,,,,,,,,,,,,,,,
Bulgarian to English Translation,Bulgarian to English Translation,,,,,,,,,,,,,,,,,,,,,,,,,,,,,,
"WordPress
Blog
Blog Writing
Blog Content
Web Design",WordPress,Blog,Blog Writing,Blog Content,Web Design,,,,,,,,,,,,,,,,,,,,,,,,,,
"Content Creation
Content Strategy
Content Guidelines
Research & Strategy
Creative Writing
Content Writing
Marketing
TikTok
TikTok Marketing",Content Creation,Content Strategy,Content Guidelines,Research & Strategy,Creative Writing,Content Writing,Marketing,TikTok,TikTok Marketing,,,,,,,,,,,,,,,,,,,,,,
"Webflow
HubSpot
API Integration",Webflow,HubSpot,API Integration,,,,,,,,,,,,,,,,,,,,,,,,,,,,
"Voice-Over
Video Production",Voice-Over,Video Production,,,,,,,,,,,,,,,,,,,,,,,,,,,,,
"Laravel
PHP Script
Back-End Development
MySQL
MySQL Programming
PHP
SQL
Database
Database Architecture
Laravel Developer",Laravel,PHP Script,Back-End Development,MySQL,MySQL Programming,PHP,SQL,Database,Database Architecture,Laravel Developer,,,,,,,,,,,,,,,,,,,,,
"Laravel
PHP Script
Back-End Development
MySQL
MySQL Programming
PHP
SQL
Database
Database Architecture
Laravel Developer",Laravel,PHP Script,Back-End Development,MySQL,MySQL Programming,PHP,SQL,Database,Database Architecture,Laravel Developer,,,,,,,,,,,,,,,,,,,,,
"SEO Audit
SEO Keyword Research
SEO Backlinking
Search Engine Optimization
On-Page SEO
Google Analytics
Organic Traffic Growth",SEO Audit,SEO Keyword Research,SEO Backlinking,Search Engine Optimization,On-Page SEO,Google Analytics,Organic Traffic Growth,,,,,,,,,,,,,,,,,,,,,,,,
"Video Editing
Spanish",Video Editing,Spanish,,,,,,,,,,,,,,,,,,,,,,,,,,,,,
"TikTok Ad
Facebook Advertising",TikTok Ad,Facebook Advertising,,,,,,,,,,,,,,,,,,,,,,,,,,,,,
"Organic Traffic Growth
Search Engine Optimization",Organic Traffic Growth,Search Engine Optimization,,,,,,,,,,,,,,,,,,,,,,,,,,,,,
"Laravel
JavaScript
jQuery
HTML
Web Development
PHP
API
MySQL",Laravel,JavaScript,jQuery,HTML,Web Development,PHP,API,MySQL,,,,,,,,,,,,,,,,,,,,,,,
"Partnership Development
Business Planning & Strategy
Competitive Analysis
Sales Development
Sales
Communications
Lead Generation
Relationship Management
Customer Service
Price & Quote Negotiation",Partnership Development,Business Planning & Strategy,Competitive Analysis,Sales Development,Sales,Communications,Lead Generation,Relationship Management,Customer Service,Price & Quote Negotiation,,,,,,,,,,,,,,,,,,,,,
"Canva
Video Editing
Video Production
Explainer Video",Canva,Video Editing,Video Production,Explainer Video,,,,,,,,,,,,,,,,,,,,,,,,,,,
"Illustration
Concept Artistry
Graphic Design
Scientific Illustration",Illustration,Concept Artistry,Graphic Design,Scientific Illustration,,,,,,,,,,,,,,,,,,,,,,,,,,,
"Smartphone
Tablet
iPadOS
In-App Purchases
iOS Developer
Business with 1-9 Employees
iOS
Swift
iOS Development
Mobile App Development",Smartphone,Tablet,iPadOS,In-App Purchases,iOS Developer,Business with 1-9 Employees,iOS,Swift,iOS Development,Mobile App Development,,,,,,,,,,,,,,,,,,,,,
"Web Application
API Integration
Laravel
Web Development",Web Application,API Integration,Laravel,Web Development,,,,,,,,,,,,,,,,,,,,,,,,,,,
"Planning Permission Preparation
Industrial Architecture
Building Regulation Preparation
2D Design
3D Rendering
Adobe Photoshop
French
Microsoft Word
Architecture",Planning Permission Preparation,Industrial Architecture,Building Regulation Preparation,2D Design,3D Rendering,Adobe Photoshop,French,Microsoft Word,Architecture,,,,,,,,,,,,,,,,,,,,,,
"API
API Integration
API Development",API,API Integration,API Development,,,,,,,,,,,,,,,,,,,,,,,,,,,,
"Content Localization
Proofreading
Fluent
English
Spanish
English to Spanish Translation
Translation
Press Release Writing",Content Localization,Proofreading,Fluent,English,Spanish,English to Spanish Translation,Translation,Press Release Writing,,,,,,,,,,,,,,,,,,,,,,,
Logistics Management,Logistics Management,,,,,,,,,,,,,,,,,,,,,,,,,,,,,,
Video Editing,Video Editing,,,,,,,,,,,,,,,,,,,,,,,,,,,,,,
"Content Marketing
Social Media Management
Email Marketing
Campaign Setup
Campaign Management
Marketing Analytics
Social Media Marketing
Marketing Strategy",Content Marketing,Social Media Management,Email Marketing,Campaign Setup,Campaign Management,Marketing Analytics,Social Media Marketing,Marketing Strategy,,,,,,,,,,,,,,,,,,,,,,,
"React Native
Mobile App Development",React Native,Mobile App Development,,,,,,,,,,,,,,,,,,,,,,,,,,,,,
"API
Pipedrive
API Development
RESTful API
API Integration",API,Pipedrive,API Development,RESTful API,API Integration,,,,,,,,,,,,,,,,,,,,,,,,,,
"Search Engine Optimization
Blog Content
Content Writing
SEO Backlinking
SEO Writing",Search Engine Optimization,Blog Content,Content Writing,SEO Backlinking,SEO Writing,,,,,,,,,,,,,,,,,,,,,,,,,,
"Search Engine Optimization
Blog Content
Content Writing
SEO Backlinking
SEO Writing",Search Engine Optimization,Blog Content,Content Writing,SEO Backlinking,SEO Writing,,,,,,,,,,,,,,,,,,,,,,,,,,
"Digital Marketing
Presentations
Google Suite
Virtual Assistance
Virtual Assistant
Email Communication
Image Processing
Administrative Support
Outreach Email Copywriting
Partnership & Collaborations Outreach",Digital Marketing,Presentations,Google Suite,Virtual Assistance,Virtual Assistant,Email Communication,Image Processing,Administrative Support,Outreach Email Copywriting,Partnership & Collaborations Outreach,,,,,,,,,,,,,,,,,,,,,
"Adobe Illustrator
2D Animation
SVG",Adobe Illustrator,2D Animation,SVG,,,,,,,,,,,,,,,,,,,,,,,,,,,,
"WordPress
Search Engine Optimization
Google Analytics",WordPress,Search Engine Optimization,Google Analytics,,,,,,,,,,,,,,,,,,,,,,,,,,,,
"Tech & IT
Sales",Tech & IT,Sales,,,,,,,,,,,,,,,,,,,,,,,,,,,,,
"WordPress
Page Speed Optimization
PHP
CSS
HTML
WordPress Development
Web Development",WordPress,Page Speed Optimization,PHP,CSS,HTML,WordPress Development,Web Development,,,,,,,,,,,,,,,,,,,,,,,,
"Lead Generation
Sales
Sales Analytics
Lead Generation Strategy",Lead Generation,Sales,Sales Analytics,Lead Generation Strategy,,,,,,,,,,,,,,,,,,,,,,,,,,,
"XML
API Integration
WordPress
Web Design
Web Development
HTML
CSS
PHP
JavaScript",XML,API Integration,WordPress,Web Design,Web Development,HTML,CSS,PHP,JavaScript,,,,,,,,,,,,,,,,,,,,,,
"Python
Web Development",Python,Web Development,,,,,,,,,,,,,,,,,,,,,,,,,,,,,
"Social Media Marketing
Marketing Strategy
Instagram
Facebook",Social Media Marketing,Marketing Strategy,Instagram,Facebook,,,,,,,,,,,,,,,,,,,,,,,,,,,
"Content Writing
Creative Writing
Writing
English
Scriptwriting
Script
US English Dialect",Content Writing,Creative Writing,Writing,English,Scriptwriting,Script,US English Dialect,,,,,,,,,,,,,,,,,,,,,,,,
"Copywriting
Content Writing
Researcher
Article Writing
Blog Content
English
Website Content
Article
Blog Writing
Search Engine Optimization",Copywriting,Content Writing,Researcher,Article Writing,Blog Content,English,Website Content,Article,Blog Writing,Search Engine Optimization,,,,,,,,,,,,,,,,,,,,,
"German
Translation
Proofreading
French to German Translation",German,Translation,Proofreading,French to German Translation,,,,,,,,,,,,,,,,,,,,,,,,,,,
"Female
Voice Acting
Voice-Over
Young Adult
Middle-Aged Adult
Gujarati",Female,Voice Acting,Voice-Over,Young Adult,Middle-Aged Adult,Gujarati,,,,,,,,,,,,,,,,,,,,,,,,,
"WordPress
WordPress Plugin
PHP
Plugin Development
JavaScript
CSS
WooCommerce
MySQL",WordPress,WordPress Plugin,PHP,Plugin Development,JavaScript,CSS,WooCommerce,MySQL,,,,,,,,,,,,,,,,,,,,,,,
JavaScript,JavaScript,,,,,,,,,,,,,,,,,,,,,,,,,,,,,,
"System Administration
Technical Support
Microsoft Windows",System Administration,Technical Support,Microsoft Windows,,,,,,,,,,,,,,,,,,,,,,,,,,,,
"Illustration
Sketch
Character Design
Adobe Illustrator
Graphic Design
Concept Artistry",Illustration,Sketch,Character Design,Adobe Illustrator,Graphic Design,Concept Artistry,,,,,,,,,,,,,,,,,,,,,,,,,
"WordPress SEO Plugins
Off-Page SEO
Search Engine Optimization
SEO Audit
WordPress",WordPress SEO Plugins,Off-Page SEO,Search Engine Optimization,SEO Audit,WordPress,,,,,,,,,,,,,,,,,,,,,,,,,,
WordPress,WordPress,,,,,,,,,,,,,,,,,,,,,,,,,,,,,,
WordPress,WordPress,,,,,,,,,,,,,,,,,,,,,,,,,,,,,,
"Web Application
Mobile App
Unreal Engine",Web Application,Mobile App,Unreal Engine,,,,,,,,,,,,,,,,,,,,,,,,,,,,
"Letter
Email Communication
Writing
English
Copywriting
Business Writing",Letter,Email Communication,Writing,English,Copywriting,Business Writing,,,,,,,,,,,,,,,,,,,,,,,,,
Application Installer,Application Installer,,,,,,,,,,,,,,,,,,,,,,,,,,,,,,
"Email Automation
Email Campaign Setup
Campaign Management
Email Marketing Strategy
Audience Segmentation & Targeting
Copywriting
Email Marketing
Marketing Strategy
Market Research
Content Writing",Email Automation,Email Campaign Setup,Campaign Management,Email Marketing Strategy,Audience Segmentation & Targeting,Copywriting,Email Marketing,Marketing Strategy,Market Research,Content Writing,,,,,,,,,,,,,,,,,,,,,
"Telemarketing
Customer Support
B2B Marketing
Customer Relationship Management
Phone Support
Customer Service
Phone Communication",Telemarketing,Customer Support,B2B Marketing,Customer Relationship Management,Phone Support,Customer Service,Phone Communication,,,,,,,,,,,,,,,,,,,,,,,,
"Adobe Photoshop
Figma
WordPress
Adobe Illustrator",Adobe Photoshop,Figma,WordPress,Adobe Illustrator,,,,,,,,,,,,,,,,,,,,,,,,,,,
"Android
Android App Development
Kotlin
Git
Java",Android,Android App Development,Kotlin,Git,Java,,,,,,,,,,,,,,,,,,,,,,,,,,
"Differential Calculus
Mathematics
LaTeX
Equations
Calculus
Algorithm Development
Statistics
Mathematica
Julia",Differential Calculus,Mathematics,LaTeX,Equations,Calculus,Algorithm Development,Statistics,Mathematica,Julia,,,,,,,,,,,,,,,,,,,,,,
"Linux System Administration
Cloudflare
Web Hosting
System Administration",Linux System Administration,Cloudflare,Web Hosting,System Administration,,,,,,,,,,,,,,,,,,,,,,,,,,,
"JavaScript
PHP
Java
Software Architecture & Design
Software Developer
Software Development
Software",JavaScript,PHP,Java,Software Architecture & Design,Software Developer,Software Development,Software,,,,,,,,,,,,,,,,,,,,,,,,
"Forex Trading
Cryptocurrency
Investment Strategy
Financial Projection
Financial Analysis
MetaTrader 4",Forex Trading,Cryptocurrency,Investment Strategy,Financial Projection,Financial Analysis,MetaTrader 4,,,,,,,,,,,,,,,,,,,,,,,,,
"DaVinci Resolve
Audio Editing
Visual Effects
Digital Video
360-Degree Video Editing
Video Editing
Video Post-Editing
Podcast Editing
YouTube Marketing",DaVinci Resolve,Audio Editing,Visual Effects,Digital Video,360-Degree Video Editing,Video Editing,Video Post-Editing,Podcast Editing,YouTube Marketing,,,,,,,,,,,,,,,,,,,,,,
"CAD
HVAC System Design
AutoCAD HVAC Loads Calculations
SolidWorks
Mechanical Engineering",CAD,HVAC System Design,AutoCAD HVAC Loads Calculations,SolidWorks,Mechanical Engineering,,,,,,,,,,,,,,,,,,,,,,,,,,
Social Media Marketing,Social Media Marketing,,,,,,,,,,,,,,,,,,,,,,,,,,,,,,
"Video Editing
Adobe Premiere Pro",Video Editing,Adobe Premiere Pro,,,,,,,,,,,,,,,,,,,,,,,,,,,,,
"Education
Product Management
Product Roadmap
Implementation Plan
Product Development
Project Management
LinkedIn
PandaDoc",Education,Product Management,Product Roadmap,Implementation Plan,Product Development,Project Management,LinkedIn,PandaDoc,,,,,,,,,,,,,,,,,,,,,,,
"Researcher
Market Research
Market Analysis",Researcher,Market Research,Market Analysis,,,,,,,,,,,,,,,,,,,,,,,,,,,,
"Search Engine Optimization
SEO Writing
Content Writing
Researcher
Writing
Article Writing",Search Engine Optimization,SEO Writing,Content Writing,Researcher,Writing,Article Writing,,,,,,,,,,,,,,,,,,,,,,,,,
"PDF Conversion
Web Development",PDF Conversion,Web Development,,,,,,,,,,,,,,,,,,,,,,,,,,,,,
"Video Editing
Adobe Premiere Pro",Video Editing,Adobe Premiere Pro,,,,,,,,,,,,,,,,,,,,,,,,,,,,,
"Education
Product Management
Product Roadmap
Implementation Plan
Product Development
Project Management
LinkedIn
PandaDoc",Education,Product Management,Product Roadmap,Implementation Plan,Product Development,Project Management,LinkedIn,PandaDoc,,,,,,,,,,,,,,,,,,,,,,,
"Researcher
Market Research
Market Analysis",Researcher,Market Research,Market Analysis,,,,,,,,,,,,,,,,,,,,,,,,,,,,
"Search Engine Optimization
SEO Writing
Content Writing
Researcher
Writing
Article Writing",Search Engine Optimization,SEO Writing,Content Writing,Researcher,Writing,Article Writing,,,,,,,,,,,,,,,,,,,,,,,,,
"PDF Conversion
Web Development",PDF Conversion,Web Development,,,,,,,,,,,,,,,,,,,,,,,,,,,,,
"Bug Fix
Shopify
CSS
JavaScript
HTML",Bug Fix,Shopify,CSS,JavaScript,HTML,,,,,,,,,,,,,,,,,,,,,,,,,,
"Lead Generation
Email Communication
Email Campaign Setup
Lead Nurturing
Email Marketing
Content Writing",Lead Generation,Email Communication,Email Campaign Setup,Lead Nurturing,Email Marketing,Content Writing,,,,,,,,,,,,,,,,,,,,,,,,,
Web Design,Web Design,,,,,,,,,,,,,,,,,,,,,,,,,,,,,,
"Adobe Photoshop
Adobe Illustrator
Brand Identity Design
Banner
3D Design",Adobe Photoshop,Adobe Illustrator,Brand Identity Design,Banner,3D Design,,,,,,,,,,,,,,,,,,,,,,,,,,
"Native
Fluent
Translation
Dutch
English
Writing",Native,Fluent,Translation,Dutch,English,Writing,,,,,,,,,,,,,,,,,,,,,,,,,
"Graphic Design
Web Design
Wix",Graphic Design,Web Design,Wix,,,,,,,,,,,,,,,,,,,,,,,,,,,,
"WordPress
Web Development
PHP
JavaScript
CSS
Web Design
HTML",WordPress,Web Development,PHP,JavaScript,CSS,Web Design,HTML,,,,,,,,,,,,,,,,,,,,,,,,
"iOS
In-App Purchases
User Profile Creation
Bluetooth
API Integration
JavaScript
Web Development
WordPress",iOS,In-App Purchases,User Profile Creation,Bluetooth,API Integration,JavaScript,Web Development,WordPress,,,,,,,,,,,,,,,,,,,,,,,
Article Writing,Article Writing,,,,,,,,,,,,,,,,,,,,,,,,,,,,,,
"WordPress
Web Development
Web Design
Website
Website Customization",WordPress,Web Development,Web Design,Website,Website Customization,,,,,,,,,,,,,,,,,,,,,,,,,,
"Social Media Account Setup
Digital Marketing
Google Suite
Administrative Support
Virtual Assistant
Executive Support
Email Communication
Data Entry
Virtual Assistance
Customer Service",Social Media Account Setup,Digital Marketing,Google Suite,Administrative Support,Virtual Assistant,Executive Support,Email Communication,Data Entry,Virtual Assistance,Customer Service,,,,,,,,,,,,,,,,,,,,,
"Instagram
YouTube
TikTok
YouTube Marketing
Digital Marketing
Social Media Strategy
Marketing Strategy
Social Media Marketing
Content Marketing Strategy",Instagram,YouTube,TikTok,YouTube Marketing,Digital Marketing,Social Media Strategy,Marketing Strategy,Social Media Marketing,Content Marketing Strategy,,,,,,,,,,,,,,,,,,,,,,
Italian,Italian,,,,,,,,,,,,,,,,,,,,,,,,,,,,,,
"Smartphone
iOS
Android
Mobile App Development",Smartphone,iOS,Android,Mobile App Development,,,,,,,,,,,,,,,,,,,,,,,,,,,
"WiFi
Embedded C
Embedded System
Firmware
Microcontroller Programming
C
C++
Internet of Things
Firmware Programming",WiFi,Embedded C,Embedded System,Firmware,Microcontroller Programming,C,C++,Internet of Things,Firmware Programming,,,,,,,,,,,,,,,,,,,,,,
"WiFi
Embedded C
Embedded System
Firmware
Microcontroller Programming
C
C++
Internet of Things
Firmware Programming",WiFi,Embedded C,Embedded System,Firmware,Microcontroller Programming,C,C++,Internet of Things,Firmware Programming,,,,,,,,,,,,,,,,,,,,,,
"Facebook Advertising
Social Media Advertising
Social Media Management",Facebook Advertising,Social Media Advertising,Social Media Management,,,,,,,,,,,,,,,,,,,,,,,,,,,,
"Blockchain
React Native
Smart Contract
JavaScript
Solidity",Blockchain,React Native,Smart Contract,JavaScript,Solidity,,,,,,,,,,,,,,,,,,,,,,,,,,
German,German,,,,,,,,,,,,,,,,,,,,,,,,,,,,,,
"Algorithm Development
Java
Mathematics
Data Science",Algorithm Development,Java,Mathematics,Data Science,,,,,,,,,,,,,,,,,,,,,,,,,,,
"Off-Page SEO
Technical SEO
SEO Keyword Research
Amusement & Gambling
SEO Backlinking
On-Page SEO
Organic Traffic Growth
SEO Performance",Off-Page SEO,Technical SEO,SEO Keyword Research,Amusement & Gambling,SEO Backlinking,On-Page SEO,Organic Traffic Growth,SEO Performance,,,,,,,,,,,,,,,,,,,,,,,
"Real Estate
RAW
JPG
Architectural Photography
Photo Editing
Adobe Photoshop
Photo Retouching
Adobe Photoshop Lightroom
Photo Manipulation
Photo Color Correction",Real Estate,RAW,JPG,Architectural Photography,Photo Editing,Adobe Photoshop,Photo Retouching,Adobe Photoshop Lightroom,Photo Manipulation,Photo Color Correction,,,,,,,,,,,,,,,,,,,,,
"Mockup
Wireframing
User Interface Design
User Flow
Mobile App Design",Mockup,Wireframing,User Interface Design,User Flow,Mobile App Design,,,,,,,,,,,,,,,,,,,,,,,,,,
"SEO Keyword Research
Search Engine Optimization
On-Page SEO
SEO Audit",SEO Keyword Research,Search Engine Optimization,On-Page SEO,SEO Audit,,,,,,,,,,,,,,,,,,,,,,,,,,,
Guerrilla Marketing,Guerrilla Marketing,,,,,,,,,,,,,,,,,,,,,,,,,,,,,,
"Microsoft Windows
.NET Framework
PHP
JavaScript
Python
Ubuntu
Bash
Linux System Administration
Linux",Microsoft Windows,.NET Framework,PHP,JavaScript,Python,Ubuntu,Bash,Linux System Administration,Linux,,,,,,,,,,,,,,,,,,,,,,
"Email Communication
Customer Service
Writing
File Management
Phone Communication
Scheduling
Task Coordination",Email Communication,Customer Service,Writing,File Management,Phone Communication,Scheduling,Task Coordination,,,,,,,,,,,,,,,,,,,,,,,,
"Content Marketing Strategy
SEO Writing
Blog Content
Content Writing
Blog Writing
Search Engine Optimization
Copywriting
Norwegian
Writing
Article Writing",Content Marketing Strategy,SEO Writing,Blog Content,Content Writing,Blog Writing,Search Engine Optimization,Copywriting,Norwegian,Writing,Article Writing,,,,,,,,,,,,,,,,,,,,,
"Content Writing
Copywriting
Blog Content
Researcher
Search Engine Optimization
Article Writing
Article
Blog Writing
Creative Writing
Website Content",Content Writing,Copywriting,Blog Content,Researcher,Search Engine Optimization,Article Writing,Article,Blog Writing,Creative Writing,Website Content,,,,,,,,,,,,,,,,,,,,,
"Marketing Strategy
SEO Setup & Configuration
Researcher
Lead Generation
Social Media Marketing",Marketing Strategy,SEO Setup & Configuration,Researcher,Lead Generation,Social Media Marketing,,,,,,,,,,,,,,,,,,,,,,,,,,
Google Analytics,Google Analytics,,,,,,,,,,,,,,,,,,,,,,,,,,,,,,
"HTML
CSS
jQuery
JavaScript",HTML,CSS,jQuery,JavaScript,,,,,,,,,,,,,,,,,,,,,,,,,,,
"Twitter Marketing
Twitter
Social Media Content Creation",Twitter Marketing,Twitter,Social Media Content Creation,,,,,,,,,,,,,,,,,,,,,,,,,,,,
"Google Ads
PPC Campaign Setup & Management
Pay Per Click Advertising
Campaign Reporting
Search Engine Marketing
Campaign Optimization",Google Ads,PPC Campaign Setup & Management,Pay Per Click Advertising,Campaign Reporting,Search Engine Marketing,Campaign Optimization,,,,,,,,,,,,,,,,,,,,,,,,,
"Graphic Design
Colorful Style
Adobe Photoshop
Adobe Illustrator
Contemporary Style",Graphic Design,Colorful Style,Adobe Photoshop,Adobe Illustrator,Contemporary Style,,,,,,,,,,,,,,,,,,,,,,,,,,
"Graphic Design
Colorful Style
Adobe Photoshop
Adobe Illustrator
Contemporary Style",Graphic Design,Colorful Style,Adobe Photoshop,Adobe Illustrator,Contemporary Style,,,,,,,,,,,,,,,,,,,,,,,,,,
"Marketing Automation
Email Marketing
Sales
Lead Generation",Marketing Automation,Email Marketing,Sales,Lead Generation,,,,,,,,,,,,,,,,,,,,,,,,,,,
"Audience Segmentation & Targeting
Campaign Management
Email Automation
Email Campaign Setup
HubSpot
A/B Testing
Marketing Automation
Lead Generation
Email Marketing
Marketing Automation Strategy",Audience Segmentation & Targeting,Campaign Management,Email Automation,Email Campaign Setup,HubSpot,A/B Testing,Marketing Automation,Lead Generation,Email Marketing,Marketing Automation Strategy,,,,,,,,,,,,,,,,,,,,,
"Social Media Video
Video Production
Content Creation
Podcast
Video Editing
Audio Editing
Video Intro & Outro
Trailer",Social Media Video,Video Production,Content Creation,Podcast,Video Editing,Audio Editing,Video Intro & Outro,Trailer,,,,,,,,,,,,,,,,,,,,,,,
"Brand Identity & Guidelines
Advertising Design
Banner Ad Design
Web Design
Graphic Design
Adobe Photoshop
Illustration
Adobe Illustrator
Logo Design
Brand Guidelines",Brand Identity & Guidelines,Advertising Design,Banner Ad Design,Web Design,Graphic Design,Adobe Photoshop,Illustration,Adobe Illustrator,Logo Design,Brand Guidelines,,,,,,,,,,,,,,,,,,,,,
"On-Page SEO
SEO Audit",On-Page SEO,SEO Audit,,,,,,,,,,,,,,,,,,,,,,,,,,,,,
"Photo Editing
Product Photography
Image Editing
Fashion & Beauty
Photography
Photo Retouching
Adobe Photoshop",Photo Editing,Product Photography,Image Editing,Fashion & Beauty,Photography,Photo Retouching,Adobe Photoshop,,,,,,,,,,,,,,,,,,,,,,,,
PrestaShop,PrestaShop,,,,,,,,,,,,,,,,,,,,,,,,,,,,,,
"Ruby on Rails
Ruby
TypeScript
JavaScript
Golang
React
Web Development",Ruby on Rails,Ruby,TypeScript,JavaScript,Golang,React,Web Development,,,,,,,,,,,,,,,,,,,,,,,,
"YouTube
Twitter
Snapchat
Pinterest
LinkedIn
Social Media Management
Facebook
Instagram
Social Media Content Creation
Social Media Content",YouTube,Twitter,Snapchat,Pinterest,LinkedIn,Social Media Management,Facebook,Instagram,Social Media Content Creation,Social Media Content,,,,,,,,,,,,,,,,,,,,,
"YouTube
Twitter
Snapchat
Pinterest
LinkedIn
Social Media Management
Facebook
Instagram
Social Media Content Creation
Social Media Content",YouTube,Twitter,Snapchat,Pinterest,LinkedIn,Social Media Management,Facebook,Instagram,Social Media Content Creation,Social Media Content,,,,,,,,,,,,,,,,,,,,,
"WordPress
Elementor",WordPress,Elementor,,,,,,,,,,,,,,,,,,,,,,,,,,,,,
"Ebook
EPUB
Ebook Design",Ebook,EPUB,Ebook Design,,,,,,,,,,,,,,,,,,,,,,,,,,,,
"Video Intro & Outro
Video Editing
Graphic Design
Motion Graphics",Video Intro & Outro,Video Editing,Graphic Design,Motion Graphics,,,,,,,,,,,,,,,,,,,,,,,,,,,
"Creative Writing
Copywriting
Content Writing
Dutch
Article Writing
SEO Writing",Creative Writing,Copywriting,Content Writing,Dutch,Article Writing,SEO Writing,,,,,,,,,,,,,,,,,,,,,,,,,
"React Native
Mobile App Development",React Native,Mobile App Development,,,,,,,,,,,,,,,,,,,,,,,,,,,,,
"Content Writing
Social Media Marketing
Editing & Proofreading
Social Media Content",Content Writing,Social Media Marketing,Editing & Proofreading,Social Media Content,,,,,,,,,,,,,,,,,,,,,,,,,,,
"Native
Near-Native
Proofreading
English
Translation
English to French Translation
French
French to English Translation
Editor",Native,Near-Native,Proofreading,English,Translation,English to French Translation,French,French to English Translation,Editor,,,,,,,,,,,,,,,,,,,,,,
"Male
Authoritative Tone
British English Accent
US English Dialect
Middle-Aged Adult
Senior Adult
YouTube",Male,Authoritative Tone,British English Accent,US English Dialect,Middle-Aged Adult,Senior Adult,YouTube,,,,,,,,,,,,,,,,,,,,,,,,
"User Flow
WordPress
WooCommerce
Web Design",User Flow,WordPress,WooCommerce,Web Design,,,,,,,,,,,,,,,,,,,,,,,,,,,
"User Flow
WordPress
WooCommerce
Web Design",User Flow,WordPress,WooCommerce,Web Design,,,,,,,,,,,,,,,,,,,,,,,,,,,
"Influencer Marketing
Health & Wellness
Customer Acquisition Strategy
Marketing Management
Business with 1-9 Employees
Affiliate Marketing",Influencer Marketing,Health & Wellness,Customer Acquisition Strategy,Marketing Management,Business with 1-9 Employees,Affiliate Marketing,,,,,,,,,,,,,,,,,,,,,,,,,
"Email Marketing
Email Campaign Setup",Email Marketing,Email Campaign Setup,,,,,,,,,,,,,,,,,,,,,,,,,,,,,
"JavaScript
Web Application
JSON
HTML
Microsoft Excel
QuickBase
Lucidchart
Shopify
PaaS
Jinja2",JavaScript,Web Application,JSON,HTML,Microsoft Excel,QuickBase,Lucidchart,Shopify,PaaS,Jinja2,,,,,,,,,,,,,,,,,,,,,
"Content Marketing Strategy
Social Media Content
Video Editing",Content Marketing Strategy,Social Media Content,Video Editing,,,,,,,,,,,,,,,,,,,,,,,,,,,,
"Content Writing
Editing & Proofreading",Content Writing,Editing & Proofreading,,,,,,,,,,,,,,,,,,,,,,,,,,,,,
"Social Media Content Creation
Social Media Marketing
Digital Marketing",Social Media Content Creation,Social Media Marketing,Digital Marketing,,,,,,,,,,,,,,,,,,,,,,,,,,,,
"Learning Management System
Web Development
WordPress
Moodle
HTML5
Elearning",Learning Management System,Web Development,WordPress,Moodle,HTML5,Elearning,,,,,,,,,,,,,,,,,,,,,,,,,
"Content Writing
French
Virtual Assistant
Writing
Article Writing",Content Writing,French,Virtual Assistant,Writing,Article Writing,,,,,,,,,,,,,,,,,,,,,,,,,,
"Data Analysis
Statistics",Data Analysis,Statistics,,,,,,,,,,,,,,,,,,,,,,,,,,,,,
"Data Analysis
Statistics",Data Analysis,Statistics,,,,,,,,,,,,,,,,,,,,,,,,,,,,,
"Content Writing
Article Writing
Copywriting
Writing
English
Blog Content
Researcher
SEO Content
Data Science",Content Writing,Article Writing,Copywriting,Writing,English,Blog Content,Researcher,SEO Content,Data Science,,,,,,,,,,,,,,,,,,,,,,
"Public Relations
Media Relations",Public Relations,Media Relations,,,,,,,,,,,,,,,,,,,,,,,,,,,,,
"Video Editing
Video Commercial
Video Post-Editing",Video Editing,Video Commercial,Video Post-Editing,,,,,,,,,,,,,,,,,,,,,,,,,,,,
"Web Design
Web Development
Figma
Adobe XD
Elementor
Contact Form 7
Business with 100-999 Employees",Web Design,Web Development,Figma,Adobe XD,Elementor,Contact Form 7,Business with 100-999 Employees,,,,,,,,,,,,,,,,,,,,,,,,
"Promotional Video
Testimonial Video
Compositing
Color Grading
Video Editing
Adobe After Effects
Video Post-Editing
Adobe Premiere Pro",Promotional Video,Testimonial Video,Compositing,Color Grading,Video Editing,Adobe After Effects,Video Post-Editing,Adobe Premiere Pro,,,,,,,,,,,,,,,,,,,,,,,
".NET Framework
C#
ASP.NET
Microsoft Sharepoint
Microsoft PowerApps
Microsoft Visual Studio",.NET Framework,C#,ASP.NET,Microsoft Sharepoint,Microsoft PowerApps,Microsoft Visual Studio,,,,,,,,,,,,,,,,,,,,,,,,,
Zoho Desk,Zoho Desk,,,,,,,,,,,,,,,,,,,,,,,,,,,,,,
"Market Research
Partnership Development
Communications
Sales
Lead Generation",Market Research,Partnership Development,Communications,Sales,Lead Generation,,,,,,,,,,,,,,,,,,,,,,,,,,
"Prototyping
Website
Mobile App Design
Responsive Design
Web Design",Prototyping,Website,Mobile App Design,Responsive Design,Web Design,,,,,,,,,,,,,,,,,,,,,,,,,,
"Market Research
Partnership Development
Communications
Sales
Lead Generation",Market Research,Partnership Development,Communications,Sales,Lead Generation,,,,,,,,,,,,,,,,,,,,,,,,,,
"Prototyping
Website
Mobile App Design
Responsive Design
Web Design",Prototyping,Website,Mobile App Design,Responsive Design,Web Design,,,,,,,,,,,,,,,,,,,,,,,,,,
"Gaming Video
Video Editing",Gaming Video,Video Editing,,,,,,,,,,,,,,,,,,,,,,,,,,,,,
"Growth Strategy
Growth Hacking
Marketing Strategy
Internet Marketing
Instagram",Growth Strategy,Growth Hacking,Marketing Strategy,Internet Marketing,Instagram,,,,,,,,,,,,,,,,,,,,,,,,,,
"Website Asset
Icon Design
Graphic Design
SVG
Vector Graphic",Website Asset,Icon Design,Graphic Design,SVG,Vector Graphic,,,,,,,,,,,,,,,,,,,,,,,,,,
"Google Analytics
Analytics",Google Analytics,Analytics,,,,,,,,,,,,,,,,,,,,,,,,,,,,,
"PayPal Plugin
WordPress
JavaScript
HTML
CSS
WooCommerce
PHP",PayPal Plugin,WordPress,JavaScript,HTML,CSS,WooCommerce,PHP,,,,,,,,,,,,,,,,,,,,,,,,
"Logo Design
Graphic Design",Logo Design,Graphic Design,,,,,,,,,,,,,,,,,,,,,,,,,,,,,
"Microsoft Windows Powershell
Microsoft IIS
Windows Server",Microsoft Windows Powershell,Microsoft IIS,Windows Server,,,,,,,,,,,,,,,,,,,,,,,,,,,,
"Media & Entertainment
Copywriting
SEO Writing
Content Writing
English",Media & Entertainment,Copywriting,SEO Writing,Content Writing,English,,,,,,,,,,,,,,,,,,,,,,,,,,
"Video Editing
Content Creation
Canva",Video Editing,Content Creation,Canva,,,,,,,,,,,,,,,,,,,,,,,,,,,,
"Social Media Management
LinkedIn
Social Media Marketing
LinkedIn Campaign Manager",Social Media Management,LinkedIn,Social Media Marketing,LinkedIn Campaign Manager,,,,,,,,,,,,,,,,,,,,,,,,,,,
"Health & Wellness
LinkedIn Campaign Manager
LinkedIn Development
Lead Generation
Social Media Marketing
Marketing Strategy
LinkedIn",Health & Wellness,LinkedIn Campaign Manager,LinkedIn Development,Lead Generation,Social Media Marketing,Marketing Strategy,LinkedIn,,,,,,,,,,,,,,,,,,,,,,,,
"Mobile Advertising
Facebook
Social Media Marketing
Facebook Advertising
Social Media Advertising",Mobile Advertising,Facebook,Social Media Marketing,Facebook Advertising,Social Media Advertising,,,,,,,,,,,,,,,,,,,,,,,,,,
"Graphic Design
Canva
Content Creation",Graphic Design,Canva,Content Creation,,,,,,,,,,,,,,,,,,,,,,,,,,,,
"English
Typing
Microsoft Word
Writing
Data Entry
Microsoft Excel",English,Typing,Microsoft Word,Writing,Data Entry,Microsoft Excel,,,,,,,,,,,,,,,,,,,,,,,,,
"Market Research
Market Analysis
Competitive Analysis
Researcher",Market Research,Market Analysis,Competitive Analysis,Researcher,,,,,,,,,,,,,,,,,,,,,,,,,,,
Linux,Linux,,,,,,,,,,,,,,,,,,,,,,,,,,,,,,
"Social Media Marketing
Instagram
Social Media Management
Social Media Content
Social Media Content Creation
Instagram Story",Social Media Marketing,Instagram,Social Media Management,Social Media Content,Social Media Content Creation,Instagram Story,,,,,,,,,,,,,,,,,,,,,,,,,
"Data Engineering
Python
Oracle
PostgreSQL",Data Engineering,Python,Oracle,PostgreSQL,,,,,,,,,,,,,,,,,,,,,,,,,,,
"Croatian
English",Croatian,English,,,,,,,,,,,,,,,,,,,,,,,,,,,,,
"Grafana
Dashboard",Grafana,Dashboard,,,,,,,,,,,,,,,,,,,,,,,,,,,,,
"Online Research
Data Entry
Data Mining
Lead Generation
Data Scraping
Topic Research
Virtual Assistant
Search Tool",Online Research,Data Entry,Data Mining,Lead Generation,Data Scraping,Topic Research,Virtual Assistant,Search Tool,,,,,,,,,,,,,,,,,,,,,,,
"Data Entry
English
Google Sheets",Data Entry,English,Google Sheets,,,,,,,,,,,,,,,,,,,,,,,,,,,,
"WordPress Plugin
WooCommerce
PHP
WordPress
JavaScript
CSS
Web Development
Ecommerce Website
HTML
jQuery",WordPress Plugin,WooCommerce,PHP,WordPress,JavaScript,CSS,Web Development,Ecommerce Website,HTML,jQuery,,,,,,,,,,,,,,,,,,,,,
"Illustration
Adobe Illustrator
Graphic Design",Illustration,Adobe Illustrator,Graphic Design,,,,,,,,,,,,,,,,,,,,,,,,,,,,
"C#
.NET Framework",C#,.NET Framework,,,,,,,,,,,,,,,,,,,,,,,,,,,,,
Video Editing,Video Editing,,,,,,,,,,,,,,,,,,,,,,,,,,,,,,
"Social Media Management
Social Media Marketing
Instagram
Social Media Content Creation
Social Media Content
Instagram Story
Social Media Advertising
Twitter Marketing
Influencer Marketing
Virtual Assistant",Social Media Management,Social Media Marketing,Instagram,Social Media Content Creation,Social Media Content,Instagram Story,Social Media Advertising,Twitter Marketing,Influencer Marketing,Virtual Assistant,,,,,,,,,,,,,,,,,,,,,
"Academic Editing
Data Entry
Researcher
Lead Generation
Microsoft Excel
Social Media Marketing
Administrative Support
Google Ads
Market Research
English",Academic Editing,Data Entry,Researcher,Lead Generation,Microsoft Excel,Social Media Marketing,Administrative Support,Google Ads,Market Research,English,,,,,,,,,,,,,,,,,,,,,
"Academic Editing
Data Entry
Researcher
Lead Generation
Microsoft Excel
Social Media Marketing
Administrative Support
Google Ads
Market Research
English",Academic Editing,Data Entry,Researcher,Lead Generation,Microsoft Excel,Social Media Marketing,Administrative Support,Google Ads,Market Research,English,,,,,,,,,,,,,,,,,,,,,
"Immigration Law
Work Visa
Employer Sponsored Visa",Immigration Law,Work Visa,Employer Sponsored Visa,,,,,,,,,,,,,,,,,,,,,,,,,,,,
"Database Design
Database Architecture
Data Migration
Data Entry
API
Web Scraping",Database Design,Database Architecture,Data Migration,Data Entry,API,Web Scraping,,,,,,,,,,,,,,,,,,,,,,,,,
"Legal
Family Law",Legal,Family Law,,,,,,,,,,,,,,,,,,,,,,,,,,,,,
"Content Writing
Copywriting
Creative Writing
Social Media Marketing
Blog Writing
Social Media Content
Article Writing
Content Development",Content Writing,Copywriting,Creative Writing,Social Media Marketing,Blog Writing,Social Media Content,Article Writing,Content Development,,,,,,,,,,,,,,,,,,,,,,,
"Business with 1000+ Employees
English
Software Developer
Software Development
Communications
Project Management",Business with 1000+ Employees,English,Software Developer,Software Development,Communications,Project Management,,,,,,,,,,,,,,,,,,,,,,,,,
"Creative Writing
Copywriting
English
Writing
Content Writing
SEO Writing
Website Content",Creative Writing,Copywriting,English,Writing,Content Writing,SEO Writing,Website Content,,,,,,,,,,,,,,,,,,,,,,,,
"Proofreading
French
Translation
Editor
English to French Translation",Proofreading,French,Translation,Editor,English to French Translation,,,,,,,,,,,,,,,,,,,,,,,,,,
"Video Editing
Article Writing
Logo Design
Graphic Design
Voice-Over
YouTube Thumbnail",Video Editing,Article Writing,Logo Design,Graphic Design,Voice-Over,YouTube Thumbnail,,,,,,,,,,,,,,,,,,,,,,,,,
"Blog Writing
Content Writing
Blog Content
Tech & IT",Blog Writing,Content Writing,Blog Content,Tech & IT,,,,,,,,,,,,,,,,,,,,,,,,,,,
"Video Editing
Article Writing
Logo Design
Graphic Design
Voice-Over
YouTube Thumbnail",Video Editing,Article Writing,Logo Design,Graphic Design,Voice-Over,YouTube Thumbnail,,,,,,,,,,,,,,,,,,,,,,,,,
"Blog Writing
Content Writing
Blog Content
Tech & IT",Blog Writing,Content Writing,Blog Content,Tech & IT,,,,,,,,,,,,,,,,,,,,,,,,,,,
"Java
React Native
Android
Android App Development",Java,React Native,Android,Android App Development,,,,,,,,,,,,,,,,,,,,,,,,,,,
"Facilitation
Compliance Training
Team Building
Team Management
Elearning
Training & Development Manager
Training Materials",Facilitation,Compliance Training,Team Building,Team Management,Elearning,Training & Development Manager,Training Materials,,,,,,,,,,,,,,,,,,,,,,,,
"Google Tag Manager
Salesforce
API Integration
Facebook Development",Google Tag Manager,Salesforce,API Integration,Facebook Development,,,,,,,,,,,,,,,,,,,,,,,,,,,
"Business Writing
Business Analysis
Company Profile
Executive Summary
Education
English
Copywriting
Editing & Proofreading
Content Writing",Business Writing,Business Analysis,Company Profile,Executive Summary,Education,English,Copywriting,Editing & Proofreading,Content Writing,,,,,,,,,,,,,,,,,,,,,,
English,English,,,,,,,,,,,,,,,,,,,,,,,,,,,,,,
"Social Media Marketing
Facebook Advertising
Google Ads
Marketing Strategy
Social Media Advertising",Social Media Marketing,Facebook Advertising,Google Ads,Marketing Strategy,Social Media Advertising,,,,,,,,,,,,,,,,,,,,,,,,,,
"WordPress
WooCommerce
Web Development
PHP
JavaScript
CSS
HTML
Web Design
HTML5
WordPress Plugin",WordPress,WooCommerce,Web Development,PHP,JavaScript,CSS,HTML,Web Design,HTML5,WordPress Plugin,,,,,,,,,,,,,,,,,,,,,
"React
ExpressJS
NFT",React,ExpressJS,NFT,,,,,,,,,,,,,,,,,,,,,,,,,,,,
Video Editing,Video Editing,,,,,,,,,,,,,,,,,,,,,,,,,,,,,,
"WordPress
Web Development
Website",WordPress,Web Development,Website,,,,,,,,,,,,,,,,,,,,,,,,,,,,
"Instagram
Facebook
TikTok",Instagram,Facebook,TikTok,,,,,,,,,,,,,,,,,,,,,,,,,,,,
"Public Relations
Media Relations
Press Release",Public Relations,Media Relations,Press Release,,,,,,,,,,,,,,,,,,,,,,,,,,,,
"Email Copywriting
Sales Copywriting
Outreach Email Copywriting
Email Communication
Copywriting
English
Psychometrics
Psychology",Email Copywriting,Sales Copywriting,Outreach Email Copywriting,Email Communication,Copywriting,English,Psychometrics,Psychology,,,,,,,,,,,,,,,,,,,,,,,
Sourcing,Sourcing,,,,,,,,,,,,,,,,,,,,,,,,,,,,,,
"Video Production
Video Editing
Video Commercial
Graphic Design
Videography
Explainer Video
Adobe Premiere Pro
Motion Graphics",Video Production,Video Editing,Video Commercial,Graphic Design,Videography,Explainer Video,Adobe Premiere Pro,Motion Graphics,,,,,,,,,,,,,,,,,,,,,,,
"Canva
Social Media Imagery
Graphic Design
Minimalist
Instagram",Canva,Social Media Imagery,Graphic Design,Minimalist,Instagram,,,,,,,,,,,,,,,,,,,,,,,,,,
"Social Media Management
Social Media Marketing Strategy
Campaign Management
Campaign Setup
Facebook
Facebook Advertising
Social Media Marketing
Retargeting
Social Media Advertising
Instagram",Social Media Management,Social Media Marketing Strategy,Campaign Management,Campaign Setup,Facebook,Facebook Advertising,Social Media Marketing,Retargeting,Social Media Advertising,Instagram,,,,,,,,,,,,,,,,,,,,,
"Researcher
Data Entry
Data Scraping
Sourcing
Lead Generation
Virtual Assistant
List Building
Administrative Support",Researcher,Data Entry,Data Scraping,Sourcing,Lead Generation,Virtual Assistant,List Building,Administrative Support,,,,,,,,,,,,,,,,,,,,,,,
"Social Media Management
Social Media Marketing Strategy
Campaign Management
Campaign Setup
Facebook
Facebook Advertising
Social Media Marketing
Retargeting
Social Media Advertising
Instagram",Social Media Management,Social Media Marketing Strategy,Campaign Management,Campaign Setup,Facebook,Facebook Advertising,Social Media Marketing,Retargeting,Social Media Advertising,Instagram,,,,,,,,,,,,,,,,,,,,,
"Researcher
Data Entry
Data Scraping
Sourcing
Lead Generation
Virtual Assistant
List Building
Administrative Support",Researcher,Data Entry,Data Scraping,Sourcing,Lead Generation,Virtual Assistant,List Building,Administrative Support,,,,,,,,,,,,,,,,,,,,,,,
"API Integration
Web Design
Shopify
WooCommerce
WordPress
WordPress Plugin
Twilio API",API Integration,Web Design,Shopify,WooCommerce,WordPress,WordPress Plugin,Twilio API,,,,,,,,,,,,,,,,,,,,,,,,
"Internet Researcher
Lead Generation
Researcher
Market Research
Company Research",Internet Researcher,Lead Generation,Researcher,Market Research,Company Research,,,,,,,,,,,,,,,,,,,,,,,,,,
"Database Design
Data Engineering
Data Integration
Virtual Assistant
Communications
Email Communication
Researcher",Database Design,Data Engineering,Data Integration,Virtual Assistant,Communications,Email Communication,Researcher,,,,,,,,,,,,,,,,,,,,,,,,
"Training & Development
Compliance Training
Food & Beverage
Fashion & Beauty
Finance & Accounting
Sports & Recreation
Facilitation
Staff Orientation & Onboarding Materials
Instructional Design",Training & Development,Compliance Training,Food & Beverage,Fashion & Beauty,Finance & Accounting,Sports & Recreation,Facilitation,Staff Orientation & Onboarding Materials,Instructional Design,,,,,,,,,,,,,,,,,,,,,,
"WordPress
PHP
CSS",WordPress,PHP,CSS,,,,,,,,,,,,,,,,,,,,,,,,,,,,
"Adobe Premiere Pro
Video Post-Editing
Video Editing",Adobe Premiere Pro,Video Post-Editing,Video Editing,,,,,,,,,,,,,,,,,,,,,,,,,,,,
"PHP
Vue.js
CSS",PHP,Vue.js,CSS,,,,,,,,,,,,,,,,,,,,,,,,,,,,
"Trello
Project Management
Video Animation",Trello,Project Management,Video Animation,,,,,,,,,,,,,,,,,,,,,,,,,,,,
"Appery.io
Leaflet
Google Maps API",Appery.io,Leaflet,Google Maps API,,,,,,,,,,,,,,,,,,,,,,,,,,,,
"Google Shopping
Google Ads",Google Shopping,Google Ads,,,,,,,,,,,,,,,,,,,,,,,,,,,,,
"Content Writing
Blog Content
Blog Writing
Article
Writing
Article Writing
Creative Writing",Content Writing,Blog Content,Blog Writing,Article,Writing,Article Writing,Creative Writing,,,,,,,,,,,,,,,,,,,,,,,,
"Video Commercial
Video Intro & Outro
Footage-Based Video
Elearning Video
Video Editing
Video Production
Video Post-Editing
Adobe Premiere Pro
Adobe After Effects
Final Cut Pro X",Video Commercial,Video Intro & Outro,Footage-Based Video,Elearning Video,Video Editing,Video Production,Video Post-Editing,Adobe Premiere Pro,Adobe After Effects,Final Cut Pro X,,,,,,,,,,,,,,,,,,,,,
Autodesk 3ds Max,Autodesk 3ds Max,,,,,,,,,,,,,,,,,,,,,,,,,,,,,,
"Appointment Setting
Data Cleansing
Lead Generation
Scheduling
Communications
List Building
Data Entry
Outbound Sales
LinkedIn
Virtual Assistant",Appointment Setting,Data Cleansing,Lead Generation,Scheduling,Communications,List Building,Data Entry,Outbound Sales,LinkedIn,Virtual Assistant,,,,,,,,,,,,,,,,,,,,,
"Microsoft Power BI
SaaS",Microsoft Power BI,SaaS,,,,,,,,,,,,,,,,,,,,,,,,,,,,,
"WordPress
CSS",WordPress,CSS,,,,,,,,,,,,,,,,,,,,,,,,,,,,,
"WordPress
Elementor
Web Design
WordPress Development",WordPress,Elementor,Web Design,WordPress Development,,,,,,,,,,,,,,,,,,,,,,,,,,,
"Flutter
Mobile App Development
Dart",Flutter,Mobile App Development,Dart,,,,,,,,,,,,,,,,,,,,,,,,,,,,
"Flutter
Mobile App Development
Dart",Flutter,Mobile App Development,Dart,,,,,,,,,,,,,,,,,,,,,,,,,,,,
"Biography
Blog Content
English
Creative Writing
Content Writing
Article Writing",Biography,Blog Content,English,Creative Writing,Content Writing,Article Writing,,,,,,,,,,,,,,,,,,,,,,,,,
MetaTrader 5,MetaTrader 5,,,,,,,,,,,,,,,,,,,,,,,,,,,,,,
"Bookkeeping
Accounting
CPA",Bookkeeping,Accounting,CPA,,,,,,,,,,,,,,,,,,,,,,,,,,,,
"Branding Template
Graphic Design
Brand Guidelines
Social Post Design
LinkedIn Profile Creation
Twitter Marketing
Visual Design
Post Template
Personal Branding
Corporate Branding",Branding Template,Graphic Design,Brand Guidelines,Social Post Design,LinkedIn Profile Creation,Twitter Marketing,Visual Design,Post Template,Personal Branding,Corporate Branding,,,,,,,,,,,,,,,,,,,,,
"B2C Marketing
B2B Marketing
Direct Marketing
Scheduling
Lead Generation
Telemarketing
Outbound Sales
Sales
Cold Calling
Customer Service",B2C Marketing,B2B Marketing,Direct Marketing,Scheduling,Lead Generation,Telemarketing,Outbound Sales,Sales,Cold Calling,Customer Service,,,,,,,,,,,,,,,,,,,,,
"Front-End Development
Landing Page
Website Redesign
Business with 1-9 Employees
React
CSS
Web Development",Front-End Development,Landing Page,Website Redesign,Business with 1-9 Employees,React,CSS,Web Development,,,,,,,,,,,,,,,,,,,,,,,,
"Data Scraping
Data Extraction",Data Scraping,Data Extraction,,,,,,,,,,,,,,,,,,,,,,,,,,,,,
"Brochure Designer
Informational Infographic
Adobe InDesign
Adobe Photoshop
Graphic Design
Infographic
Adobe Illustrator
Banner Ad Design",Brochure Designer,Informational Infographic,Adobe InDesign,Adobe Photoshop,Graphic Design,Infographic,Adobe Illustrator,Banner Ad Design,,,,,,,,,,,,,,,,,,,,,,,
Data Scraping,Data Scraping,,,,,,,,,,,,,,,,,,,,,,,,,,,,,,
"Native
Business Translation
French
English to French Translation
Translation",Native,Business Translation,French,English to French Translation,Translation,,,,,,,,,,,,,,,,,,,,,,,,,,
Django,Django,,,,,,,,,,,,,,,,,,,,,,,,,,,,,,
"Custom PHP
API Integration
Database Development
SQL
PHP
JavaScript
Web Development
HTML
HTML5
API",Custom PHP,API Integration,Database Development,SQL,PHP,JavaScript,Web Development,HTML,HTML5,API,,,,,,,,,,,,,,,,,,,,,
"Instagram
Social Media Marketing
Instagram Story
Instagram API",Instagram,Social Media Marketing,Instagram Story,Instagram API,,,,,,,,,,,,,,,,,,,,,,,,,,,
"Researcher
Company Research
Topic Research
Lead Generation",Researcher,Company Research,Topic Research,Lead Generation,,,,,,,,,,,,,,,,,,,,,,,,,,,
"Market Analysis
Data Analysis
Researcher
Competitive Analysis
Market Research",Market Analysis,Data Analysis,Researcher,Competitive Analysis,Market Research,,,,,,,,,,,,,,,,,,,,,,,,,,
"Residential Design
Interior Design
Commercial Design",Residential Design,Interior Design,Commercial Design,,,,,,,,,,,,,,,,,,,,,,,,,,,,
"Video Commercial
Video Intro & Outro
Elearning Video
Scriptwriting
Documentary
Researcher
Creative Writing
Script
Explainer Video
Storytelling",Video Commercial,Video Intro & Outro,Elearning Video,Scriptwriting,Documentary,Researcher,Creative Writing,Script,Explainer Video,Storytelling,,,,,,,,,,,,,,,,,,,,,
"Graphic Design
2D Animation
Animation
Motion Graphics
3D Animation",Graphic Design,2D Animation,Animation,Motion Graphics,3D Animation,,,,,,,,,,,,,,,,,,,,,,,,,,
"2D Animation
Animation
Illustration
Traditional Animation
Storyboarding
Character Design
Character Animation",2D Animation,Animation,Illustration,Traditional Animation,Storyboarding,Character Design,Character Animation,,,,,,,,,,,,,,,,,,,,,,,,
"Database Design
Business with 1000+ Employees
English
Software Developer
Software Development",Database Design,Business with 1000+ Employees,English,Software Developer,Software Development,,,,,,,,,,,,,,,,,,,,,,,,,,
"Executive Support
File Management
German
Virtual Assistant
Virtual Assistance
Data Entry
Email Communication
Scheduling
Communications
Customer Service",Executive Support,File Management,German,Virtual Assistant,Virtual Assistance,Data Entry,Email Communication,Scheduling,Communications,Customer Service,,,,,,,,,,,,,,,,,,,,,
"JAMF
macOS",JAMF,macOS,,,,,,,,,,,,,,,,,,,,,,,,,,,,,
"Writing
Typing
Data Entry
Copywriting
Creative Writing
Content Writing",Writing,Typing,Data Entry,Copywriting,Creative Writing,Content Writing,,,,,,,,,,,,,,,,,,,,,,,,,
"Web Design
Adobe Photoshop
Web Development
WordPress
Adobe Illustrator
Graphic Design",Web Design,Adobe Photoshop,Web Development,WordPress,Adobe Illustrator,Graphic Design,,,,,,,,,,,,,,,,,,,,,,,,,
"Task Coordination
Time Management
Meeting Agendas
Virtual Assistance
Scheduling
Communications
Personal Administration
Email Communication
Virtual Assistant
Executive Support",Task Coordination,Time Management,Meeting Agendas,Virtual Assistance,Scheduling,Communications,Personal Administration,Email Communication,Virtual Assistant,Executive Support,,,,,,,,,,,,,,,,,,,,,
"Video Editing
Video Post-Editing
Video Production
Adobe Premiere Pro
Adobe After Effects
Graphic Design
Content Writing
Final Cut Pro X
Social Media Marketing
Videography",Video Editing,Video Post-Editing,Video Production,Adobe Premiere Pro,Adobe After Effects,Graphic Design,Content Writing,Final Cut Pro X,Social Media Marketing,Videography,,,,,,,,,,,,,,,,,,,,,
"Translation
English",Translation,English,,,,,,,,,,,,,,,,,,,,,,,,,,,,,
"Editor
Content Localization
Castilian Spanish",Editor,Content Localization,Castilian Spanish,,,,,,,,,,,,,,,,,,,,,,,,,,,,
"Customer Service Analytics
Growth Analytics
Human Resources Analytics
Marketing Analytics
Operations Analytics
Product Analytics
Sales Analytics
Data Analysis
Google Analytics",Customer Service Analytics,Growth Analytics,Human Resources Analytics,Marketing Analytics,Operations Analytics,Product Analytics,Sales Analytics,Data Analysis,Google Analytics,,,,,,,,,,,,,,,,,,,,,,
"Customer Service Analytics
Growth Analytics
Human Resources Analytics
Marketing Analytics
Operations Analytics
Product Analytics
Sales Analytics
Data Analysis
Google Analytics",Customer Service Analytics,Growth Analytics,Human Resources Analytics,Marketing Analytics,Operations Analytics,Product Analytics,Sales Analytics,Data Analysis,Google Analytics,,,,,,,,,,,,,,,,,,,,,,
"Health & Wellness
Sales Management
Cold Calling
Sales
Scheduling
Lead Generation
Email Marketing
Outbound Sales
Phone Communication",Health & Wellness,Sales Management,Cold Calling,Sales,Scheduling,Lead Generation,Email Marketing,Outbound Sales,Phone Communication,,,,,,,,,,,,,,,,,,,,,,
"JavaScript
jQuery",JavaScript,jQuery,,,,,,,,,,,,,,,,,,,,,,,,,,,,,
"Network Administration
Network Equipment
Microsoft Windows
Network Security
System Administration
Computer Network",Network Administration,Network Equipment,Microsoft Windows,Network Security,System Administration,Computer Network,,,,,,,,,,,,,,,,,,,,,,,,,
"Shopify
Shopify Templates
Shopify Theme",Shopify,Shopify Templates,Shopify Theme,,,,,,,,,,,,,,,,,,,,,,,,,,,,
WordPress,WordPress,,,,,,,,,,,,,,,,,,,,,,,,,,,,,,
"Shopify
Graphic Design
Web Design",Shopify,Graphic Design,Web Design,,,,,,,,,,,,,,,,,,,,,,,,,,,,
"Data Scraping
Data Mining
Data Extraction",Data Scraping,Data Mining,Data Extraction,,,,,,,,,,,,,,,,,,,,,,,,,,,,
"JavaScript
Python
R
Node.js
API",JavaScript,Python,R,Node.js,API,,,,,,,,,,,,,,,,,,,,,,,,,,
"Presentation Design
Business Presentation
Microsoft PowerPoint",Presentation Design,Business Presentation,Microsoft PowerPoint,,,,,,,,,,,,,,,,,,,,,,,,,,,,
"PayPal
Customer Service",PayPal,Customer Service,,,,,,,,,,,,,,,,,,,,,,,,,,,,,
"Payroll Accounting
Oracle NetSuite
Account Reconciliation
Accounting
Payroll Reconciliation",Payroll Accounting,Oracle NetSuite,Account Reconciliation,Accounting,Payroll Reconciliation,,,,,,,,,,,,,,,,,,,,,,,,,,
"Motion Graphics
Animation
2D Animation",Motion Graphics,Animation,2D Animation,,,,,,,,,,,,,,,,,,,,,,,,,,,,
"Facebook
Social Media Marketing
Instagram
Marketing Strategy
Lead Generation",Facebook,Social Media Marketing,Instagram,Marketing Strategy,Lead Generation,,,,,,,,,,,,,,,,,,,,,,,,,,
"Content Writing
Editing & Proofreading
Tech & IT
Copywriting
User Flow
UX Research
User Experience",Content Writing,Editing & Proofreading,Tech & IT,Copywriting,User Flow,UX Research,User Experience,,,,,,,,,,,,,,,,,,,,,,,,
"Native
Translation
Ukrainian to German Translation",Native,Translation,Ukrainian to German Translation,,,,,,,,,,,,,,,,,,,,,,,,,,,,
"Social Media Marketing
Facebook Advertising
Social Media Advertising",Social Media Marketing,Facebook Advertising,Social Media Advertising,,,,,,,,,,,,,,,,,,,,,,,,,,,,
Trading Automation,Trading Automation,,,,,,,,,,,,,,,,,,,,,,,,,,,,,,
"PHP
JavaScript
Web Development
HTML
CSS",PHP,JavaScript,Web Development,HTML,CSS,,,,,,,,,,,,,,,,,,,,,,,,,,
"Graphic Design
Logo Design
Banner Ad Design
Web Design
Corporate Branding",Graphic Design,Logo Design,Banner Ad Design,Web Design,Corporate Branding,,,,,,,,,,,,,,,,,,,,,,,,,,
"Project Management
Decision Making
Digital Project Management
Product Management
Critical Thinking Skills
Project Objectives
Project Scheduling",Project Management,Decision Making,Digital Project Management,Product Management,Critical Thinking Skills,Project Objectives,Project Scheduling,,,,,,,,,,,,,,,,,,,,,,,,
"Procedure Development
Company Policy
Compensation
Candidate Recommendation
Human Resource Management
HR & Business Services",Procedure Development,Company Policy,Compensation,Candidate Recommendation,Human Resource Management,HR & Business Services,,,,,,,,,,,,,,,,,,,,,,,,,
"Translation
English to Polish Translation
Turkish",Translation,English to Polish Translation,Turkish,,,,,,,,,,,,,,,,,,,,,,,,,,,,
"Logo Design
Graphic Design
Packaging Design
Adobe Illustrator
Adobe Photoshop
Covers & Packaging
Corporate Brand Identity
Brand Identity & Guidelines",Logo Design,Graphic Design,Packaging Design,Adobe Illustrator,Adobe Photoshop,Covers & Packaging,Corporate Brand Identity,Brand Identity & Guidelines,,,,,,,,,,,,,,,,,,,,,,,
"Game Development
Unity",Game Development,Unity,,,,,,,,,,,,,,,,,,,,,,,,,,,,,
"Drawing
Freestyle Drawing
Illustration
Cartoon Art",Drawing,Freestyle Drawing,Illustration,Cartoon Art,,,,,,,,,,,,,,,,,,,,,,,,,,,
"Public Relations
Media Relations
Press Release",Public Relations,Media Relations,Press Release,,,,,,,,,,,,,,,,,,,,,,,,,,,,
"Logo Transparency
Printable File
Vector File Format
Source File
Logo Design
Graphic Design
Adobe Illustrator
Brand Identity & Guidelines
Minimalist",Logo Transparency,Printable File,Vector File Format,Source File,Logo Design,Graphic Design,Adobe Illustrator,Brand Identity & Guidelines,Minimalist,,,,,,,,,,,,,,,,,,,,,,
"Brand Guidelines
Website
Brand Identity Design
Graphic Design
Branding",Brand Guidelines,Website,Brand Identity Design,Graphic Design,Branding,,,,,,,,,,,,,,,,,,,,,,,,,,
"Translation
Proofreading
English to Chinese Translation
English
Content Localization
Simplified Chinese",Translation,Proofreading,English to Chinese Translation,English,Content Localization,Simplified Chinese,,,,,,,,,,,,,,,,,,,,,,,,,
"Lead Generation
Sales
SaaS
Customer Relationship Management
B2B Marketing
Selling
Automated Deployment Pipeline
Sales Strategy
Sales & Marketing Collateral",Lead Generation,Sales,SaaS,Customer Relationship Management,B2B Marketing,Selling,Automated Deployment Pipeline,Sales Strategy,Sales & Marketing Collateral,,,,,,,,,,,,,,,,,,,,,,
"Amazon Webstore
Amazon FBA
Amazon PPC
Dropshipping",Amazon Webstore,Amazon FBA,Amazon PPC,Dropshipping,,,,,,,,,,,,,,,,,,,,,,,,,,,
"Facebook
Social Media Marketing
Instagram
Social Media Management
Marketing Strategy",Facebook,Social Media Marketing,Instagram,Social Media Management,Marketing Strategy,,,,,,,,,,,,,,,,,,,,,,,,,,
"Editing & Proofreading
Content Writing
Article Writing
Article
Blog Content
Writing
Copywriting",Editing & Proofreading,Content Writing,Article Writing,Article,Blog Content,Writing,Copywriting,,,,,,,,,,,,,,,,,,,,,,,,
Python,Python,,,,,,,,,,,,,,,,,,,,,,,,,,,,,,
"Content Creation
Influencer Marketing
Influencer Report
Content Editing",Content Creation,Influencer Marketing,Influencer Report,Content Editing,,,,,,,,,,,,,,,,,,,,,,,,,,,
"TikTok
Facebook
Instagram
Social Media Marketing
Social Media Content
Social Media Management
Social Media Content Creation",TikTok,Facebook,Instagram,Social Media Marketing,Social Media Content,Social Media Management,Social Media Content Creation,,,,,,,,,,,,,,,,,,,,,,,,
"English
Dancing",English,Dancing,,,,,,,,,,,,,,,,,,,,,,,,,,,,,
"SEO Keyword Research
Search Engine Optimization
Content Writing
SEO Writing
Copywriting
Website Content",SEO Keyword Research,Search Engine Optimization,Content Writing,SEO Writing,Copywriting,Website Content,,,,,,,,,,,,,,,,,,,,,,,,,
"List Building
Email Campaign Setup
Lead Generation
Email Marketing",List Building,Email Campaign Setup,Lead Generation,Email Marketing,,,,,,,,,,,,,,,,,,,,,,,,,,,
"SEO Keyword Research
Search Engine Optimization
Content Writing
SEO Writing
Copywriting
Website Content",SEO Keyword Research,Search Engine Optimization,Content Writing,SEO Writing,Copywriting,Website Content,,,,,,,,,,,,,,,,,,,,,,,,,
"List Building
Email Campaign Setup
Lead Generation
Email Marketing",List Building,Email Campaign Setup,Lead Generation,Email Marketing,,,,,,,,,,,,,,,,,,,,,,,,,,,
"Instagram
Social Media Marketing
Instagram Story",Instagram,Social Media Marketing,Instagram Story,,,,,,,,,,,,,,,,,,,,,,,,,,,,
"Icon Design
Custom Graphics
Graphic Design
App Design
Mobile App Design",Icon Design,Custom Graphics,Graphic Design,App Design,Mobile App Design,,,,,,,,,,,,,,,,,,,,,,,,,,
"Cover Letter Writing
Resume Writing
Resume",Cover Letter Writing,Resume Writing,Resume,,,,,,,,,,,,,,,,,,,,,,,,,,,,
"Adobe XD
JavaScript
CSS
HTML
Bootstrap
Web Design
Website",Adobe XD,JavaScript,CSS,HTML,Bootstrap,Web Design,Website,,,,,,,,,,,,,,,,,,,,,,,,
"Logo Design
Brand Identity & Guidelines
Illustration",Logo Design,Brand Identity & Guidelines,Illustration,,,,,,,,,,,,,,,,,,,,,,,,,,,,
"Investment Research
Investor List
Investigation
Investment Portfolio Review
Investment Strategy
Investigative Reporter
Startup Company
Startup Consulting
Startup Pitchbook",Investment Research,Investor List,Investigation,Investment Portfolio Review,Investment Strategy,Investigative Reporter,Startup Company,Startup Consulting,Startup Pitchbook,,,,,,,,,,,,,,,,,,,,,,
"Business Analysis
Business Modeling
Strategy",Business Analysis,Business Modeling,Strategy,,,,,,,,,,,,,,,,,,,,,,,,,,,,
"Git
Python
Kubernetes
Docker
CI/CD
DevOps
CI/CD Platform",Git,Python,Kubernetes,Docker,CI/CD,DevOps,CI/CD Platform,,,,,,,,,,,,,,,,,,,,,,,,
Klaviyo,Klaviyo,,,,,,,,,,,,,,,,,,,,,,,,,,,,,,
"Search Engine Optimization
SEO Backlinking
SEO Keyword Research
Organic Traffic Growth",Search Engine Optimization,SEO Backlinking,SEO Keyword Research,Organic Traffic Growth,,,,,,,,,,,,,,,,,,,,,,,,,,,
"Android
Android App Development
Mobile App Development",Android,Android App Development,Mobile App Development,,,,,,,,,,,,,,,,,,,,,,,,,,,,
"B2B Marketing
Customer Acquisition
Direct Marketing
Cold Calling
Scheduling
Telemarketing
Sales
Outbound Sales
Communications",B2B Marketing,Customer Acquisition,Direct Marketing,Cold Calling,Scheduling,Telemarketing,Sales,Outbound Sales,Communications,,,,,,,,,,,,,,,,,,,,,,
"Design Simulation
Internet of Things Solutions Design
PCB Design
Altium Designer
EasyEDA
MATLAB
DesignSpark",Design Simulation,Internet of Things Solutions Design,PCB Design,Altium Designer,EasyEDA,MATLAB,DesignSpark,,,,,,,,,,,,,,,,,,,,,,,,
"Zoho CRM
Zoho Projects
Zoho Creator",Zoho CRM,Zoho Projects,Zoho Creator,,,,,,,,,,,,,,,,,,,,,,,,,,,,
"Shopify
Web Development
Ecommerce Platform Development
Wix
WordPress",Shopify,Web Development,Ecommerce Platform Development,Wix,WordPress,,,,,,,,,,,,,,,,,,,,,,,,,,
"Android
iOS
Mobile App Development",Android,iOS,Mobile App Development,,,,,,,,,,,,,,,,,,,,,,,,,,,,
"iOS Development
Cocos2d
Unreal Engine
Unity",iOS Development,Cocos2d,Unreal Engine,Unity,,,,,,,,,,,,,,,,,,,,,,,,,,,
"Infographic
Custom Graphics
Process Infographics
Digital Design
Graphic Design
Motion Graphics",Infographic,Custom Graphics,Process Infographics,Digital Design,Graphic Design,Motion Graphics,,,,,,,,,,,,,,,,,,,,,,,,,
English,English,,,,,,,,,,,,,,,,,,,,,,,,,,,,,,
React,React,,,,,,,,,,,,,,,,,,,,,,,,,,,,,,
"Market Research
Prospect List
List Building
Data Scraping
Data Mining
Data Entry",Market Research,Prospect List,List Building,Data Scraping,Data Mining,Data Entry,,,,,,,,,,,,,,,,,,,,,,,,,
"CRM Automation
Zapier
ManyChat
Marketing Operations & Workflow
HubSpot
Zoho CRM
Automated Workflow",CRM Automation,Zapier,ManyChat,Marketing Operations & Workflow,HubSpot,Zoho CRM,Automated Workflow,,,,,,,,,,,,,,,,,,,,,,,,
"Video Editing
Video Post-Editing",Video Editing,Video Post-Editing,,,,,,,,,,,,,,,,,,,,,,,,,,,,,
"iOS Development
Mobile App Development
Android App Development
User Profile Creation
User Authentication",iOS Development,Mobile App Development,Android App Development,User Profile Creation,User Authentication,,,,,,,,,,,,,,,,,,,,,,,,,,
"Amazon
Ecommerce
Amazon Webstore",Amazon,Ecommerce,Amazon Webstore,,,,,,,,,,,,,,,,,,,,,,,,,,,,
Data Scraping,Data Scraping,,,,,,,,,,,,,,,,,,,,,,,,,,,,,,
"Landing Page
Responsive Design
JavaScript
HTML
CSS
HTML5
CSS 3",Landing Page,Responsive Design,JavaScript,HTML,CSS,HTML5,CSS 3,,,,,,,,,,,,,,,,,,,,,,,,
"Content Writing
SEO Writing
Writing
Blog Writing
Article Writing",Content Writing,SEO Writing,Writing,Blog Writing,Article Writing,,,,,,,,,,,,,,,,,,,,,,,,,,
"Video Editing
Adobe Premiere Pro
Video Post-Editing
Video Production
Adobe After Effects
YouTube Marketing
YouTube Development
Final Cut Pro X",Video Editing,Adobe Premiere Pro,Video Post-Editing,Video Production,Adobe After Effects,YouTube Marketing,YouTube Development,Final Cut Pro X,,,,,,,,,,,,,,,,,,,,,,,
"Mobile App Development
Android App Development",Mobile App Development,Android App Development,,,,,,,,,,,,,,,,,,,,,,,,,,,,,
"Web Development
JavaScript
PHP",Web Development,JavaScript,PHP,,,,,,,,,,,,,,,,,,,,,,,,,,,,
"WordPress SEO Plugins
Media & Entertainment
Keyword Research
WordPress
Article",WordPress SEO Plugins,Media & Entertainment,Keyword Research,WordPress,Article,,,,,,,,,,,,,,,,,,,,,,,,,,
"Custom Graphics
Adobe Photoshop
Adobe InDesign
Graphic Design",Custom Graphics,Adobe Photoshop,Adobe InDesign,Graphic Design,,,,,,,,,,,,,,,,,,,,,,,,,,,
"JavaScript
Node.js
Web Development
Web Application
Mobile App Development Consultation
Data Engineering",JavaScript,Node.js,Web Development,Web Application,Mobile App Development Consultation,Data Engineering,,,,,,,,,,,,,,,,,,,,,,,,,
"Java
Blockchain
Cryptocurrency
API
Blockchain Architecture
Ethereum
Bot Development",Java,Blockchain,Cryptocurrency,API,Blockchain Architecture,Ethereum,Bot Development,,,,,,,,,,,,,,,,,,,,,,,,
"Video Editing
Explainer Video
Researcher
Video Production
YouTube",Video Editing,Explainer Video,Researcher,Video Production,YouTube,,,,,,,,,,,,,,,,,,,,,,,,,,
"Game Testing
Software QA
Mobile App Testing
Software Testing
Smartphone",Game Testing,Software QA,Mobile App Testing,Software Testing,Smartphone,,,,,,,,,,,,,,,,,,,,,,,,,,
"Lead Generation
Sales
Relationship Management
Scheduling
Sales Prospecting Software",Lead Generation,Sales,Relationship Management,Scheduling,Sales Prospecting Software,,,,,,,,,,,,,,,,,,,,,,,,,,
"UX & UI
Responsive Design
Wireframing
User Interface Design
Mobile App Design
Mockup",UX & UI,Responsive Design,Wireframing,User Interface Design,Mobile App Design,Mockup,,,,,,,,,,,,,,,,,,,,,,,,,
"YouTube Marketing
YouTube Monetization
YouTube Subscribers",YouTube Marketing,YouTube Monetization,YouTube Subscribers,,,,,,,,,,,,,,,,,,,,,,,,,,,,
"Autodesk AutoCAD
2D Design
3D Design
Architectural Design
Drafting",Autodesk AutoCAD,2D Design,3D Design,Architectural Design,Drafting,,,,,,,,,,,,,,,,,,,,,,,,,,
"Photo Editing
Image Editing
Photo Retouching
Photo Manipulation",Photo Editing,Image Editing,Photo Retouching,Photo Manipulation,,,,,,,,,,,,,,,,,,,,,,,,,,,
"Jewelry Design
Jewelry",Jewelry Design,Jewelry,,,,,,,,,,,,,,,,,,,,,,,,,,,,,
"Competitive Analysis
Off-Page SEO
SEO Writing
Blog Writing
Content Writing
Bulgarian
Search Engine Optimization",Competitive Analysis,Off-Page SEO,SEO Writing,Blog Writing,Content Writing,Bulgarian,Search Engine Optimization,,,,,,,,,,,,,,,,,,,,,,,,
"Copywriting
Content Writing
Email Communication
Creative Writing
Campaign Management
Graphic Design
Email Marketing
Article Writing
Blog Content
Campaign Optimization",Copywriting,Content Writing,Email Communication,Creative Writing,Campaign Management,Graphic Design,Email Marketing,Article Writing,Blog Content,Campaign Optimization,,,,,,,,,,,,,,,,,,,,,
"Time Management
Communications
Process Infographics
Project Scheduling
Customer Relationship Management
Administrative Support",Time Management,Communications,Process Infographics,Project Scheduling,Customer Relationship Management,Administrative Support,,,,,,,,,,,,,,,,,,,,,,,,,
"Facebook
Social Media Marketing
Facebook Advertising
Lead Generation
Internet Marketing
Instagram",Facebook,Social Media Marketing,Facebook Advertising,Lead Generation,Internet Marketing,Instagram,,,,,,,,,,,,,,,,,,,,,,,,,
"Autodesk 3ds Max
3D Modeling
3D Rendering
3D Design
V-Ray
3D Texturing
Blender",Autodesk 3ds Max,3D Modeling,3D Rendering,3D Design,V-Ray,3D Texturing,Blender,,,,,,,,,,,,,,,,,,,,,,,,
"Documentation
English
Translation
English to French Translation
French",Documentation,English,Translation,English to French Translation,French,,,,,,,,,,,,,,,,,,,,,,,,,,
Data Entry,Data Entry,,,,,,,,,,,,,,,,,,,,,,,,,,,,,,
"Travel Video
Stock Footage
Video Editing
Videography
Explainer Video
Video Post-Editing
Education",Travel Video,Stock Footage,Video Editing,Videography,Explainer Video,Video Post-Editing,Education,,,,,,,,,,,,,,,,,,,,,,,,
"Database Development
Web Development
.NET Framework
ASP.NET
jQuery
SQL
JavaScript
HTML5
CSS",Database Development,Web Development,.NET Framework,ASP.NET,jQuery,SQL,JavaScript,HTML5,CSS,,,,,,,,,,,,,,,,,,,,,,
"Editing & Proofreading
Proofreading
Editor
Error Detection",Editing & Proofreading,Proofreading,Editor,Error Detection,,,,,,,,,,,,,,,,,,,,,,,,,,,
"WordPress
WordPress Plugin
WordPress Development
WordPress Customization",WordPress,WordPress Plugin,WordPress Development,WordPress Customization,,,,,,,,,,,,,,,,,,,,,,,,,,,
"Mobile App Design
User Flow
Figma
iOS
Android",Mobile App Design,User Flow,Figma,iOS,Android,,,,,,,,,,,,,,,,,,,,,,,,,,
"Personal Administration
Content Writing
Social Media Marketing
Copywriting
Facebook
Instagram
Writing
Swedish
Administrative Support
Researcher",Personal Administration,Content Writing,Social Media Marketing,Copywriting,Facebook,Instagram,Writing,Swedish,Administrative Support,Researcher,,,,,,,,,,,,,,,,,,,,,
"Audio Transcription
Video Transcription
General Transcription
English",Audio Transcription,Video Transcription,General Transcription,English,,,,,,,,,,,,,,,,,,,,,,,,,,,
"Article Writing
Content Writing
Researcher
SEO Writing
Blog Content",Article Writing,Content Writing,Researcher,SEO Writing,Blog Content,,,,,,,,,,,,,,,,,,,,,,,,,,
"Online Chat Support
Customer Service
Customer Support
Product Knowledge",Online Chat Support,Customer Service,Customer Support,Product Knowledge,,,,,,,,,,,,,,,,,,,,,,,,,,,
"3D Animation
3D Modeling
3D Design
Jewelry Design
Rhinoceros 3D
3Design",3D Animation,3D Modeling,3D Design,Jewelry Design,Rhinoceros 3D,3Design,,,,,,,,,,,,,,,,,,,,,,,,,
"WordPress
PHP
CSS
HTML5
HTML
Web Development",WordPress,PHP,CSS,HTML5,HTML,Web Development,,,,,,,,,,,,,,,,,,,,,,,,,
"Content Localization
Translation
English
Portuguese",Content Localization,Translation,English,Portuguese,,,,,,,,,,,,,,,,,,,,,,,,,,,
"English
Functional Testing
Manual Testing
Bug Reports
Web Testing",English,Functional Testing,Manual Testing,Bug Reports,Web Testing,,,,,,,,,,,,,,,,,,,,,,,,,,
"Web Scraping
Web Design
Virtual Assistant
Virtual Assistance",Web Scraping,Web Design,Virtual Assistant,Virtual Assistance,,,,,,,,,,,,,,,,,,,,,,,,,,,
"Data Scraping
Data Entry
Data Extraction",Data Scraping,Data Entry,Data Extraction,,,,,,,,,,,,,,,,,,,,,,,,,,,,
"Content Writing
English
Copywriting
Search Engine Optimization
SEO Writing",Content Writing,English,Copywriting,Search Engine Optimization,SEO Writing,,,,,,,,,,,,,,,,,,,,,,,,,,
"Data Entry
Executive Support
Light Bookkeeping
Virtual Assistant
Administrative Support",Data Entry,Executive Support,Light Bookkeeping,Virtual Assistant,Administrative Support,,,,,,,,,,,,,,,,,,,,,,,,,,
"Label & Package Design
Packaging Design
Logo Design
Product Label",Label & Package Design,Packaging Design,Logo Design,Product Label,,,,,,,,,,,,,,,,,,,,,,,,,,,
"Label & Package Design
Packaging Design
Logo Design
Product Label",Label & Package Design,Packaging Design,Logo Design,Product Label,,,,,,,,,,,,,,,,,,,,,,,,,,,
"Video Editing
Vimeo, Inc.
Data Extraction",Video Editing,"Vimeo, Inc.",Data Extraction,,,,,,,,,,,,,,,,,,,,,,,,,,,,
"English
German",English,German,,,,,,,,,,,,,,,,,,,,,,,,,,,,,
"Adobe Photoshop
Graphic Design
Banner Ad Design
Infographic
Web Design
Social Media Imagery",Adobe Photoshop,Graphic Design,Banner Ad Design,Infographic,Web Design,Social Media Imagery,,,,,,,,,,,,,,,,,,,,,,,,,
WordPress,WordPress,,,,,,,,,,,,,,,,,,,,,,,,,,,,,,
"Software Testing
Functional Testing
Web Testing
Manual Testing
Mobile App Testing",Software Testing,Functional Testing,Web Testing,Manual Testing,Mobile App Testing,,,,,,,,,,,,,,,,,,,,,,,,,,
"Microsoft SQL Server
ASP.NET MVC",Microsoft SQL Server,ASP.NET MVC,,,,,,,,,,,,,,,,,,,,,,,,,,,,,
"Home & Garden
Gardening
Article Writing
English
Blog Writing",Home & Garden,Gardening,Article Writing,English,Blog Writing,,,,,,,,,,,,,,,,,,,,,,,,,,
"Social Media Imagery
Advertising Design
Graphic Design",Social Media Imagery,Advertising Design,Graphic Design,,,,,,,,,,,,,,,,,,,,,,,,,,,,
"Data Entry
Social Media Audience Research",Data Entry,Social Media Audience Research,,,,,,,,,,,,,,,,,,,,,,,,,,,,,
"Facebook
Facebook Advertising
Social Media Marketing
Retargeting
Social Media Advertising
Communication Skills
English",Facebook,Facebook Advertising,Social Media Marketing,Retargeting,Social Media Advertising,Communication Skills,English,,,,,,,,,,,,,,,,,,,,,,,,
"All in One SEO Pack
Business with 1-9 Employees
WordPress
Web Design
CSS
Web Development
HTML
WooCommerce
PHP",All in One SEO Pack,Business with 1-9 Employees,WordPress,Web Design,CSS,Web Development,HTML,WooCommerce,PHP,,,,,,,,,,,,,,,,,,,,,,
"Website Redesign
Usability Testing
Interactive Mockup
Heuristic Evaluation
Prototyping
UX & UI
User Experience Design
User Interface Design
Wireframing
User Flow",Website Redesign,Usability Testing,Interactive Mockup,Heuristic Evaluation,Prototyping,UX & UI,User Experience Design,User Interface Design,Wireframing,User Flow,,,,,,,,,,,,,,,,,,,,,
"Python
Web Crawling
Data Scraping
Data Extraction
Scrapy",Python,Web Crawling,Data Scraping,Data Extraction,Scrapy,,,,,,,,,,,,,,,,,,,,,,,,,,
"JavaScript
Google Maps API
HTML
CSS
Google Chrome Extension
Firebase",JavaScript,Google Maps API,HTML,CSS,Google Chrome Extension,Firebase,,,,,,,,,,,,,,,,,,,,,,,,,
"Bookkeeping
Accounting
Bank Reconciliation
Balance Sheet
Intuit QuickBooks",Bookkeeping,Accounting,Bank Reconciliation,Balance Sheet,Intuit QuickBooks,,,,,,,,,,,,,,,,,,,,,,,,,,
Java,Java,,,,,,,,,,,,,,,,,,,,,,,,,,,,,,
"Voice Acting
Voice-Over
Advertisement",Voice Acting,Voice-Over,Advertisement,,,,,,,,,,,,,,,,,,,,,,,,,,,,
"TikTok
TikTok Ad
TikTok Marketing",TikTok,TikTok Ad,TikTok Marketing,,,,,,,,,,,,,,,,,,,,,,,,,,,,
"Virtual Assistant
Virtual Assistance
Administrative Support
Scheduling
File Management",Virtual Assistant,Virtual Assistance,Administrative Support,Scheduling,File Management,,,,,,,,,,,,,,,,,,,,,,,,,,
"Virtual Assistant
Virtual Assistance
Administrative Support
Scheduling
File Management",Virtual Assistant,Virtual Assistance,Administrative Support,Scheduling,File Management,,,,,,,,,,,,,,,,,,,,,,,,,,
"Video Editing
Video Post-Editing",Video Editing,Video Post-Editing,,,,,,,,,,,,,,,,,,,,,,,,,,,,,
"Video Editing
TikTok
Social Media Marketing
Video Commercial",Video Editing,TikTok,Social Media Marketing,Video Commercial,,,,,,,,,,,,,,,,,,,,,,,,,,,
"Google Ads
PPC Campaign Setup & Management
Pay Per Click Advertising
Display Ad
Google Tag Manager
Campaign Optimization",Google Ads,PPC Campaign Setup & Management,Pay Per Click Advertising,Display Ad,Google Tag Manager,Campaign Optimization,,,,,,,,,,,,,,,,,,,,,,,,,
"Article Writing
Content Writing
Researcher
SEO Writing
Blog Content",Article Writing,Content Writing,Researcher,SEO Writing,Blog Content,,,,,,,,,,,,,,,,,,,,,,,,,,
"Creative Writing
Copywriting
Creative Strategy",Creative Writing,Copywriting,Creative Strategy,,,,,,,,,,,,,,,,,,,,,,,,,,,,
"Mobile App Development
User Authentication
In-App Purchases
Android App Development
iOS Development
Social Media Account Integration",Mobile App Development,User Authentication,In-App Purchases,Android App Development,iOS Development,Social Media Account Integration,,,,,,,,,,,,,,,,,,,,,,,,,
"R
Statistics
Data Science
Data Analysis
Econometrics
Quantitative Analysis",R,Statistics,Data Science,Data Analysis,Econometrics,Quantitative Analysis,,,,,,,,,,,,,,,,,,,,,,,,,
"LinkedIn Recruiting
Candidate Evaluation
Data Entry",LinkedIn Recruiting,Candidate Evaluation,Data Entry,,,,,,,,,,,,,,,,,,,,,,,,,,,,
"Microsoft Windows
Linux
DevOps
System Administration",Microsoft Windows,Linux,DevOps,System Administration,,,,,,,,,,,,,,,,,,,,,,,,,,,
"LinkedIn Recruiting
Candidate Evaluation
Data Entry",LinkedIn Recruiting,Candidate Evaluation,Data Entry,,,,,,,,,,,,,,,,,,,,,,,,,,,,
"Microsoft Windows
Linux
DevOps
System Administration",Microsoft Windows,Linux,DevOps,System Administration,,,,,,,,,,,,,,,,,,,,,,,,,,,
"Czech
Mobile App Testing",Czech,Mobile App Testing,,,,,,,,,,,,,,,,,,,,,,,,,,,,,
"Data Entry
Microsoft Excel
Accuracy Verification
Google Docs",Data Entry,Microsoft Excel,Accuracy Verification,Google Docs,,,,,,,,,,,,,,,,,,,,,,,,,,,
"Front-End Development
HTML
JavaScript
CSS",Front-End Development,HTML,JavaScript,CSS,,,,,,,,,,,,,,,,,,,,,,,,,,,
"React
SaaS
JavaScript
HTML
CSS",React,SaaS,JavaScript,HTML,CSS,,,,,,,,,,,,,,,,,,,,,,,,,,
Flutter,Flutter,,,,,,,,,,,,,,,,,,,,,,,,,,,,,,
"Human Resource Management
Arabic
Recruiting",Human Resource Management,Arabic,Recruiting,,,,,,,,,,,,,,,,,,,,,,,,,,,,
WordPress,WordPress,,,,,,,,,,,,,,,,,,,,,,,,,,,,,,
"Logo Design
Corporate Brand Identity
Brand Guidelines
Graphic Design
Brand Identity & Guidelines
Print Marketing Materials
Digital Marketing Materials",Logo Design,Corporate Brand Identity,Brand Guidelines,Graphic Design,Brand Identity & Guidelines,Print Marketing Materials,Digital Marketing Materials,,,,,,,,,,,,,,,,,,,,,,,,
"Video Editing
YouTube Marketing",Video Editing,YouTube Marketing,,,,,,,,,,,,,,,,,,,,,,,,,,,,,
"Native
English to Swedish Translation
Swedish",Native,English to Swedish Translation,Swedish,,,,,,,,,,,,,,,,,,,,,,,,,,,,
"Administrative Support
Marketing Strategy",Administrative Support,Marketing Strategy,,,,,,,,,,,,,,,,,,,,,,,,,,,,,
"SQL
Azure DevOps
Java
RESTful API
Database
Software Architecture & Design
Spring Framework
Microsoft Azure",SQL,Azure DevOps,Java,RESTful API,Database,Software Architecture & Design,Spring Framework,Microsoft Azure,,,,,,,,,,,,,,,,,,,,,,,
"German
French",German,French,,,,,,,,,,,,,,,,,,,,,,,,,,,,,
"Lead Generation
Business with 1-9 Employees
Limited Liability Company
Sales
Partnership Development
Relationship Management
Price & Quote Negotiation",Lead Generation,Business with 1-9 Employees,Limited Liability Company,Sales,Partnership Development,Relationship Management,Price & Quote Negotiation,,,,,,,,,,,,,,,,,,,,,,,,
"Sales
Lead Generation
Relationship Management
Price & Quote Negotiation
Marketing Strategy",Sales,Lead Generation,Relationship Management,Price & Quote Negotiation,Marketing Strategy,,,,,,,,,,,,,,,,,,,,,,,,,,
WordPress,WordPress,,,,,,,,,,,,,,,,,,,,,,,,,,,,,,
"WordPress
WooCommerce
WordPress Plugin",WordPress,WooCommerce,WordPress Plugin,,,,,,,,,,,,,,,,,,,,,,,,,,,,
,,,,,,,,,,,,,,,,,,,,,,,,,,,,,,,
"WordPress
WooCommerce
WordPress Plugin",WordPress,WooCommerce,WordPress Plugin,,,,,,,,,,,,,,,,,,,,,,,,,,,,
"VPN
System Administration
Linux System Administration
Network Administration
Linux",VPN,System Administration,Linux System Administration,Network Administration,Linux,,,,,,,,,,,,,,,,,,,,,,,,,,
"Content SEO
On-Page SEO
Technical SEO
SEO Performance
Penetration Testing
Internet Security
Encryption
Search Engine Optimization
SEO Keyword Research",Content SEO,On-Page SEO,Technical SEO,SEO Performance,Penetration Testing,Internet Security,Encryption,Search Engine Optimization,SEO Keyword Research,,,,,,,,,,,,,,,,,,,,,,
"Google Display Network
Google Ads
Pay Per Click Advertising
PPC Campaign Setup & Management
Campaign Management
Campaign Optimization",Google Display Network,Google Ads,Pay Per Click Advertising,PPC Campaign Setup & Management,Campaign Management,Campaign Optimization,,,,,,,,,,,,,,,,,,,,,,,,,
"Appointment Setting
Lead Generation",Appointment Setting,Lead Generation,,,,,,,,,,,,,,,,,,,,,,,,,,,,,
"British English Accent
Authoritative Tone
Energetic Tone
Narration
Male
American English Accent",British English Accent,Authoritative Tone,Energetic Tone,Narration,Male,American English Accent,,,,,,,,,,,,,,,,,,,,,,,,,
"Logo Design
Graphic Design
Adobe Photoshop",Logo Design,Graphic Design,Adobe Photoshop,,,,,,,,,,,,,,,,,,,,,,,,,,,,
"Product Management
Growth Hacking
Product Development
Product Design
Product Strategy
Software Development
Demo Presentation
Implementation Plan
Minimum Viable Product
Product Backlog
Product Roadmap
Status Reports
Requirements Specification
Agile Project Management
Kanban Methodology
Node.js
MongoDB
Business Analysis
Notion",Product Management,Growth Hacking,Product Development,Product Design,Product Strategy,Software Development,Demo Presentation,Implementation Plan,Minimum Viable Product,Product Backlog,Product Roadmap,Status Reports,Requirements Specification,Agile Project Management,Kanban Methodology,Node.js,MongoDB,Business Analysis,Notion,,,,,,,,,,,,
"Webflow
Web Development
CSS
JavaScript
HTML
API Integration
API
Landing Page
Stripe
Web Application",Webflow,Web Development,CSS,JavaScript,HTML,API Integration,API,Landing Page,Stripe,Web Application,,,,,,,,,,,,,,,,,,,,,
"Native
Near-Native
English to German Translation
German
German to English Translation
English",Native,Near-Native,English to German Translation,German,German to English Translation,English,,,,,,,,,,,,,,,,,,,,,,,,,
"Adobe Photoshop
Graphic Design
Photo Editing",Adobe Photoshop,Graphic Design,Photo Editing,,,,,,,,,,,,,,,,,,,,,,,,,,,,
"Web Development
CSS
HTML
Web Design",Web Development,CSS,HTML,Web Design,,,,,,,,,,,,,,,,,,,,,,,,,,,
"Video Production
Video Narration
YouTube Marketing
Topic Research
Video Editing",Video Production,Video Narration,YouTube Marketing,Topic Research,Video Editing,,,,,,,,,,,,,,,,,,,,,,,,,,
"Voice Acting
Voice-Over",Voice Acting,Voice-Over,,,,,,,,,,,,,,,,,,,,,,,,,,,,,
"Dutch
Scriptwriting
Ghostwriting
Creative Writing
Content Writing
Ebook",Dutch,Scriptwriting,Ghostwriting,Creative Writing,Content Writing,Ebook,,,,,,,,,,,,,,,,,,,,,,,,,
"Data Scraping
Data Entry
Lead Generation
List Building
Data Mining
Company Research
Prospect List
Researcher",Data Scraping,Data Entry,Lead Generation,List Building,Data Mining,Company Research,Prospect List,Researcher,,,,,,,,,,,,,,,,,,,,,,,
"Tailwind CSS
Next.js",Tailwind CSS,Next.js,,,,,,,,,,,,,,,,,,,,,,,,,,,,,
"ActiveCampaign
Zapier
ClickFunnels
Marketing Campaign Setup & Implementation
Pipedrive
Marketing Automation
Email Marketing
Lead Generation",ActiveCampaign,Zapier,ClickFunnels,Marketing Campaign Setup & Implementation,Pipedrive,Marketing Automation,Email Marketing,Lead Generation,,,,,,,,,,,,,,,,,,,,,,,
"TikTok
TikTok Ad
TikTok Marketing",TikTok,TikTok Ad,TikTok Marketing,,,,,,,,,,,,,,,,,,,,,,,,,,,,
,,,,,,,,,,,,,,,,,,,,,,,,,,,,,,,
"TikTok
TikTok Ad
TikTok Marketing",TikTok,TikTok Ad,TikTok Marketing,,,,,,,,,,,,,,,,,,,,,,,,,,,,
ESL Teaching,ESL Teaching,,,,,,,,,,,,,,,,,,,,,,,,,,,,,,
Amazon Vendor Central,Amazon Vendor Central,,,,,,,,,,,,,,,,,,,,,,,,,,,,,,
"Google Ads
PPC Campaign Setup & Management
Google Analytics
Pay Per Click Advertising
Search Engine Marketing
Google Tag Manager
SEO Keyword Research
Internet Marketing",Google Ads,PPC Campaign Setup & Management,Google Analytics,Pay Per Click Advertising,Search Engine Marketing,Google Tag Manager,SEO Keyword Research,Internet Marketing,,,,,,,,,,,,,,,,,,,,,,,
"Amazon Web Services
Java
JavaScript
Python
Blockchain",Amazon Web Services,Java,JavaScript,Python,Blockchain,,,,,,,,,,,,,,,,,,,,,,,,,,
"Forecasting
Financial Projection
Financial Analysis
Financial Modeling",Forecasting,Financial Projection,Financial Analysis,Financial Modeling,,,,,,,,,,,,,,,,,,,,,,,,,,,
"Contract Law
Sports & Recreation
Media & Entertainment
Partnership Agreement
Business Services
Copywriting",Contract Law,Sports & Recreation,Media & Entertainment,Partnership Agreement,Business Services,Copywriting,,,,,,,,,,,,,,,,,,,,,,,,,
"Creative Writing
Graphic Design
Adobe Illustrator
Content Writing
Writing
English",Creative Writing,Graphic Design,Adobe Illustrator,Content Writing,Writing,English,,,,,,,,,,,,,,,,,,,,,,,,,
"Arabic
English
Translation
English to Arabic Translation",Arabic,English,Translation,English to Arabic Translation,,,,,,,,,,,,,,,,,,,,,,,,,,,
"Web Development
Scheduling
Web Design
Customer Service",Web Development,Scheduling,Web Design,Customer Service,,,,,,,,,,,,,,,,,,,,,,,,,,,
"WordPress
PHP
CSS
HTML",WordPress,PHP,CSS,HTML,,,,,,,,,,,,,,,,,,,,,,,,,,,
"Desktop Application
macOS
Mac OS App Development
Swift",Desktop Application,macOS,Mac OS App Development,Swift,,,,,,,,,,,,,,,,,,,,,,,,,,,
"TikTok
TikTok Ad
TikTok Marketing",TikTok,TikTok Ad,TikTok Marketing,,,,,,,,,,,,,,,,,,,,,,,,,,,,
Databricks,Databricks,,,,,,,,,,,,,,,,,,,,,,,,,,,,,,
"Website
Responsive Design
Business with 1-9 Employees
WordPress
Web Design
Landing Page
Web Development
HTML
CSS
HTML5",Website,Responsive Design,Business with 1-9 Employees,WordPress,Web Design,Landing Page,Web Development,HTML,CSS,HTML5,,,,,,,,,,,,,,,,,,,,,
"Video Commercial
Video Editing
Adobe Premiere Pro
Adobe After Effects
Video Post-Editing
Final Cut Pro X",Video Commercial,Video Editing,Adobe Premiere Pro,Adobe After Effects,Video Post-Editing,Final Cut Pro X,,,,,,,,,,,,,,,,,,,,,,,,,
"Lead Generation
LinkedIn Recruiting
Researcher
List Building",Lead Generation,LinkedIn Recruiting,Researcher,List Building,,,,,,,,,,,,,,,,,,,,,,,,,,,
"System Administration
Linux System Administration
Network Administration",System Administration,Linux System Administration,Network Administration,,,,,,,,,,,,,,,,,,,,,,,,,,,,
"Community Engagement
Community Guidelines
Community Moderation
Email Communication
Virtual Assistance
Administrative Support
Communications
Scheduling
Executive Support
Virtual Assistant",Community Engagement,Community Guidelines,Community Moderation,Email Communication,Virtual Assistance,Administrative Support,Communications,Scheduling,Executive Support,Virtual Assistant,,,,,,,,,,,,,,,,,,,,,
"Appointment Setting
Cold Calling
Scheduling
Sales
Telemarketing
Lead Generation
Phone Communication
Outbound Sales
English",Appointment Setting,Cold Calling,Scheduling,Sales,Telemarketing,Lead Generation,Phone Communication,Outbound Sales,English,,,,,,,,,,,,,,,,,,,,,,
"Casual Tone
Angry Tone
British English Accent
Canadian English Dialect
Australian English Dialect
Teen
Male
US English Dialect
Young Adult
Voice-Over",Casual Tone,Angry Tone,British English Accent,Canadian English Dialect,Australian English Dialect,Teen,Male,US English Dialect,Young Adult,Voice-Over,,,,,,,,,,,,,,,,,,,,,
Video Editing,Video Editing,,,,,,,,,,,,,,,,,,,,,,,,,,,,,,
"Adobe Premiere Pro
Video Editing
Video Commercial",Adobe Premiere Pro,Video Editing,Video Commercial,,,,,,,,,,,,,,,,,,,,,,,,,,,,
"Google Apps Script
Automation",Google Apps Script,Automation,,,,,,,,,,,,,,,,,,,,,,,,,,,,,
"Fashion & Beauty
Brand Identity & Guidelines
Ad Copy
Copywriting
Content Writing
Creative Writing
Blog Content
English
SEO Writing
Website Content",Fashion & Beauty,Brand Identity & Guidelines,Ad Copy,Copywriting,Content Writing,Creative Writing,Blog Content,English,SEO Writing,Website Content,,,,,,,,,,,,,,,,,,,,,
"Logo Transparency
Source File
Logo Design
Graphic Design",Logo Transparency,Source File,Logo Design,Graphic Design,,,,,,,,,,,,,,,,,,,,,,,,,,,
Data Entry,Data Entry,,,,,,,,,,,,,,,,,,,,,,,,,,,,,,
"Content SEO
SEO Performance
Amazon Webstore
Ecommerce
Search Engine Ranking",Content SEO,SEO Performance,Amazon Webstore,Ecommerce,Search Engine Ranking,,,,,,,,,,,,,,,,,,,,,,,,,,
"CSS
WordPress
PHP
JavaScript
HTML
MySQL",CSS,WordPress,PHP,JavaScript,HTML,MySQL,,,,,,,,,,,,,,,,,,,,,,,,,
"SketchUp
Industrial Architecture
3D Design",SketchUp,Industrial Architecture,3D Design,,,,,,,,,,,,,,,,,,,,,,,,,,,,
"Bookkeeping
Accounting
Tax Preparation
Balance Sheet",Bookkeeping,Accounting,Tax Preparation,Balance Sheet,,,,,,,,,,,,,,,,,,,,,,,,,,,
French to English Translation,French to English Translation,,,,,,,,,,,,,,,,,,,,,,,,,,,,,,
"Fundraising
Venture Capital Consulting",Fundraising,Venture Capital Consulting,,,,,,,,,,,,,,,,,,,,,,,,,,,,,
"Explainer Video
German
2D Animation
Motion Graphics",Explainer Video,German,2D Animation,Motion Graphics,,,,,,,,,,,,,,,,,,,,,,,,,,,
"Product Design
3D Modeling
Leather Goods Design
3D Rendering
Covers & Packaging",Product Design,3D Modeling,Leather Goods Design,3D Rendering,Covers & Packaging,,,,,,,,,,,,,,,,,,,,,,,,,,
"Explainer Video
Spokesperson Video
Female
Voice-Over
Videography",Explainer Video,Spokesperson Video,Female,Voice-Over,Videography,,,,,,,,,,,,,,,,,,,,,,,,,,
"Researcher
Scientific Writing
Article Writing
Article
Case Studies
Website Content
Artificial Intelligence
Technical Writing
Content Writing",Researcher,Scientific Writing,Article Writing,Article,Case Studies,Website Content,Artificial Intelligence,Technical Writing,Content Writing,,,,,,,,,,,,,,,,,,,,,,
"Web Application
API Integration
Database Development
API
JavaScript
.NET Framework
Web Development
C#
Automated Monitoring",Web Application,API Integration,Database Development,API,JavaScript,.NET Framework,Web Development,C#,Automated Monitoring,,,,,,,,,,,,,,,,,,,,,,
"Shopify
Facebook
Virtual Assistant
Social Media Marketing
Search Engine Optimization
Marketing Strategy",Shopify,Facebook,Virtual Assistant,Social Media Marketing,Search Engine Optimization,Marketing Strategy,,,,,,,,,,,,,,,,,,,,,,,,,
"Video Editing
Video Commercial
Social Media Marketing
Facebook
Instagram
TikTok Ad
Social Media Ad Campaign",Video Editing,Video Commercial,Social Media Marketing,Facebook,Instagram,TikTok Ad,Social Media Ad Campaign,,,,,,,,,,,,,,,,,,,,,,,,
"C++
C#
API
WordPress
CSS
Web Development",C++,C#,API,WordPress,CSS,Web Development,,,,,,,,,,,,,,,,,,,,,,,,,
"Competitive Analysis
Content SEO
Keyword Research
On-Page SEO
Content Analysis
SEO Performance
Conversion Rate Optimization
Organic Traffic Growth
Search Engine Optimization",Competitive Analysis,Content SEO,Keyword Research,On-Page SEO,Content Analysis,SEO Performance,Conversion Rate Optimization,Organic Traffic Growth,Search Engine Optimization,,,,,,,,,,,,,,,,,,,,,,
"Android
Android App Development",Android,Android App Development,,,,,,,,,,,,,,,,,,,,,,,,,,,,,
"Intercom
System Configuration
Technical Support
Customer Relationship Management",Intercom,System Configuration,Technical Support,Customer Relationship Management,,,,,,,,,,,,,,,,,,,,,,,,,,,
"TypeScript
Google Chrome Extension
Browser Extension
Business with 1-9 Employees
Vue.js",TypeScript,Google Chrome Extension,Browser Extension,Business with 1-9 Employees,Vue.js,,,,,,,,,,,,,,,,,,,,,,,,,,
"French
English
Content Writing
SEO Backlinking
SEO Keyword Research
Off-Page SEO
Search Engine Optimization
Organic Traffic Growth
SEO Performance",French,English,Content Writing,SEO Backlinking,SEO Keyword Research,Off-Page SEO,Search Engine Optimization,Organic Traffic Growth,SEO Performance,,,,,,,,,,,,,,,,,,,,,,
"Voice Acting
Voice-Over
Male",Voice Acting,Voice-Over,Male,,,,,,,,,,,,,,,,,,,,,,,,,,,,
Scripting,Scripting,,,,,,,,,,,,,,,,,,,,,,,,,,,,,,
"Content Writing
Creative Writing
Writing
Script
Researcher
Article Writing
Copywriting
English
Article
Narrative",Content Writing,Creative Writing,Writing,Script,Researcher,Article Writing,Copywriting,English,Article,Narrative,,,,,,,,,,,,,,,,,,,,,
"Website Copywriting
Copywriting
Content Writing
Creative Writing
Sales Copywriting
Ecommerce",Website Copywriting,Copywriting,Content Writing,Creative Writing,Sales Copywriting,Ecommerce,,,,,,,,,,,,,,,,,,,,,,,,,
"WordPress
PHP
JavaScript",WordPress,PHP,JavaScript,,,,,,,,,,,,,,,,,,,,,,,,,,,,
"WordPress
PHP
MySQL
phpMyAdmin",WordPress,PHP,MySQL,phpMyAdmin,,,,,,,,,,,,,,,,,,,,,,,,,,,
"Computer Vision
Python
English
OCR Algorithm
Tesseract OCR",Computer Vision,Python,English,OCR Algorithm,Tesseract OCR,,,,,,,,,,,,,,,,,,,,,,,,,,
"German
Translation
English to German Translation
Technical Translation
Dutch to German Translation",German,Translation,English to German Translation,Technical Translation,Dutch to German Translation,,,,,,,,,,,,,,,,,,,,,,,,,,
"Beautiful Soup
Scrapy
API
Data Extraction
Google APIs
Data Scraping
Automation
JavaScript
Python
Data Mining",Beautiful Soup,Scrapy,API,Data Extraction,Google APIs,Data Scraping,Automation,JavaScript,Python,Data Mining,,,,,,,,,,,,,,,,,,,,,
"Copywriting
Content Writing
English
Creative Writing
SEO Writing
Blog Content
Website Content
Social Media Content
Editing & Proofreading",Copywriting,Content Writing,English,Creative Writing,SEO Writing,Blog Content,Website Content,Social Media Content,Editing & Proofreading,,,,,,,,,,,,,,,,,,,,,,
"Amazon Webstore
Amazon Seller Central
Microsoft Excel
SEO Keyword Research
Administrative Support
Amazon
Virtual Assistant
Data Entry",Amazon Webstore,Amazon Seller Central,Microsoft Excel,SEO Keyword Research,Administrative Support,Amazon,Virtual Assistant,Data Entry,,,,,,,,,,,,,,,,,,,,,,,
"Tech & IT
Business with 10-99 Employees
Technical Support
Troubleshooting
English
Bug Reports",Tech & IT,Business with 10-99 Employees,Technical Support,Troubleshooting,English,Bug Reports,,,,,,,,,,,,,,,,,,,,,,,,,
"Product Design
3D Modeling
3D Rendering
Prototyping
3D Design
Fashion Design
Concept Design",Product Design,3D Modeling,3D Rendering,Prototyping,3D Design,Fashion Design,Concept Design,,,,,,,,,,,,,,,,,,,,,,,,
"Lead Generation
Market Research
Microsoft Excel
Data Scraping
Researcher
Data Mining
Data Entry",Lead Generation,Market Research,Microsoft Excel,Data Scraping,Researcher,Data Mining,Data Entry,,,,,,,,,,,,,,,,,,,,,,,,
"Virtual Assistant
Virtual Assistance
Communications
Email Communication",Virtual Assistant,Virtual Assistance,Communications,Email Communication,,,,,,,,,,,,,,,,,,,,,,,,,,,
"Grammar & Syntax Review
Voice & Tone Consistency
Formatting
Proofreading",Grammar & Syntax Review,Voice & Tone Consistency,Formatting,Proofreading,,,,,,,,,,,,,,,,,,,,,,,,,,,
"Stata
Statistics",Stata,Statistics,,,,,,,,,,,,,,,,,,,,,,,,,,,,,
Google Analytics,Google Analytics,,,,,,,,,,,,,,,,,,,,,,,,,,,,,,
Graphic Design,Graphic Design,,,,,,,,,,,,,,,,,,,,,,,,,,,,,,
"Data Visualization
Presentations
Microsoft Excel
Infographic
Graphic Design",Data Visualization,Presentations,Microsoft Excel,Infographic,Graphic Design,,,,,,,,,,,,,,,,,,,,,,,,,,
"Formatting
Grammar & Syntax Review
Voice & Tone Consistency
Proofreading
Error Detection",Formatting,Grammar & Syntax Review,Voice & Tone Consistency,Proofreading,Error Detection,,,,,,,,,,,,,,,,,,,,,,,,,,
"Female
US English Dialect
English",Female,US English Dialect,English,,,,,,,,,,,,,,,,,,,,,,,,,,,,
"WordPress
Web Development
Web Design
JavaScript
Graphic Design
phpMyAdmin
Mockup
GoDaddy
Data Entry
English
Typing
General Transcription
Accuracy Verification
Microsoft Word
Content Writing
Microsoft Excel
Vtiger Development",WordPress,Web Development,Web Design,JavaScript,Graphic Design,phpMyAdmin,Mockup,GoDaddy,Data Entry,English,Typing,General Transcription,Accuracy Verification,Microsoft Word,Content Writing,Microsoft Excel,Vtiger Development,,,,,,,,,,,,,,
"Motion Graphics
Adobe After Effects
Adobe Photoshop
Adobe Premiere Pro
Adobe Illustrator
Animation
Graphic Design",Motion Graphics,Adobe After Effects,Adobe Photoshop,Adobe Premiere Pro,Adobe Illustrator,Animation,Graphic Design,,,,,,,,,,,,,,,,,,,,,,,,
"Copywriting
Data Entry
Typing
PDF Conversion",Copywriting,Data Entry,Typing,PDF Conversion,,,,,,,,,,,,,,,,,,,,,,,,,,,
"Google Analytics
Google Tag Manager",Google Analytics,Google Tag Manager,,,,,,,,,,,,,,,,,,,,,,,,,,,,,
"Architecture
Anthropology
Arts & Culture
History
Travel & Hospitality
Article
Content Writing
Article Writing
French",Architecture,Anthropology,Arts & Culture,History,Travel & Hospitality,Article,Content Writing,Article Writing,French,,,,,,,,,,,,,,,,,,,,,,
"French
Content Writing
Creative Writing",French,Content Writing,Creative Writing,,,,,,,,,,,,,,,,,,,,,,,,,,,,
"Lead Generation
Data Entry
List Building
Prospect List
Virtual Assistant",Lead Generation,Data Entry,List Building,Prospect List,Virtual Assistant,,,,,,,,,,,,,,,,,,,,,,,,,,
"Blender
Unreal Engine
3D Modeling
Autodesk Maya
Autodesk 3ds Max
Game Art
Game Development",Blender,Unreal Engine,3D Modeling,Autodesk Maya,Autodesk 3ds Max,Game Art,Game Development,,,,,,,,,,,,,,,,,,,,,,,,
"SQL
Python
Data Analysis
Google Analytics
Data Mining
Project Management",SQL,Python,Data Analysis,Google Analytics,Data Mining,Project Management,,,,,,,,,,,,,,,,,,,,,,,,,
"Maxon Cinema 4D
Character Design
3D Modeling",Maxon Cinema 4D,Character Design,3D Modeling,,,,,,,,,,,,,,,,,,,,,,,,,,,,
"Oracle Cloud
Cloud Computing",Oracle Cloud,Cloud Computing,,,,,,,,,,,,,,,,,,,,,,,,,,,,,
"Web Design
Mobile App Design
Brand Guidelines
Branding
Storytelling
Brand Positioning
Content Writing",Web Design,Mobile App Design,Brand Guidelines,Branding,Storytelling,Brand Positioning,Content Writing,,,,,,,,,,,,,,,,,,,,,,,,
"Shopify
Web Development
Shopify Templates
Shopify Theme
Ecommerce Website
Shopify Apps",Shopify,Web Development,Shopify Templates,Shopify Theme,Ecommerce Website,Shopify Apps,,,,,,,,,,,,,,,,,,,,,,,,,
"Mechanical Engineering
3D Design
SolidWorks
3D Modeling
Mechanical Design
Product Design
Finite Element Analysis",Mechanical Engineering,3D Design,SolidWorks,3D Modeling,Mechanical Design,Product Design,Finite Element Analysis,,,,,,,,,,,,,,,,,,,,,,,,
"HTML
CSS",HTML,CSS,,,,,,,,,,,,,,,,,,,,,,,,,,,,,
"Database
PHP
SEO Setup & Configuration",Database,PHP,SEO Setup & Configuration,,,,,,,,,,,,,,,,,,,,,,,,,,,,
Microsoft PowerPoint,Microsoft PowerPoint,,,,,,,,,,,,,,,,,,,,,,,,,,,,,,
"Squarespace
HTML
JavaScript
CSS",Squarespace,HTML,JavaScript,CSS,,,,,,,,,,,,,,,,,,,,,,,,,,,
"CSS
PHP",CSS,PHP,,,,,,,,,,,,,,,,,,,,,,,,,,,,,
"Logo Design
Graphic Design
Brand Identity & Guidelines
Adobe Illustrator
Adobe Photoshop
Adobe InDesign",Logo Design,Graphic Design,Brand Identity & Guidelines,Adobe Illustrator,Adobe Photoshop,Adobe InDesign,,,,,,,,,,,,,,,,,,,,,,,,,
"Unreal Engine
Virtual Reality
Game Development
Game Design",Unreal Engine,Virtual Reality,Game Development,Game Design,,,,,,,,,,,,,,,,,,,,,,,,,,,
Videography,Videography,,,,,,,,,,,,,,,,,,,,,,,,,,,,,,
"English to Arabic Translation
Arabic",English to Arabic Translation,Arabic,,,,,,,,,,,,,,,,,,,,,,,,,,,,,
"Python
Computer Vision
Deep Learning
PyTorch",Python,Computer Vision,Deep Learning,PyTorch,,,,,,,,,,,,,,,,,,,,,,,,,,,
"Responsive Design
Web Development
Web Design
Map Integration
UX & UI
Communication Skills",Responsive Design,Web Development,Web Design,Map Integration,UX & UI,Communication Skills,,,,,,,,,,,,,,,,,,,,,,,,,
"Data Entry
Mathematics
Architecture",Data Entry,Mathematics,Architecture,,,,,,,,,,,,,,,,,,,,,,,,,,,,
"Mathematics
Financial Analysis
Python
Equations
Financial Modeling",Mathematics,Financial Analysis,Python,Equations,Financial Modeling,,,,,,,,,,,,,,,,,,,,,,,,,,
"Property Management
Real Estate
Virtual Assistance
Administrative Support
Communications",Property Management,Real Estate,Virtual Assistance,Administrative Support,Communications,,,,,,,,,,,,,,,,,,,,,,,,,,
"SQL
Microsoft SQL Server",SQL,Microsoft SQL Server,,,,,,,,,,,,,,,,,,,,,,,,,,,,,
"Subtitles
Native
Translation
German
English to German Translation
English",Subtitles,Native,Translation,German,English to German Translation,English,,,,,,,,,,,,,,,,,,,,,,,,,
HTML5,HTML5,,,,,,,,,,,,,,,,,,,,,,,,,,,,,,
"Content Writing
English",Content Writing,English,,,,,,,,,,,,,,,,,,,,,,,,,,,,,
"Functional Testing
Software QA
Bug Reports
Web Testing
Test Case Design
Software Testing
Automated Testing
Manual Testing",Functional Testing,Software QA,Bug Reports,Web Testing,Test Case Design,Software Testing,Automated Testing,Manual Testing,,,,,,,,,,,,,,,,,,,,,,,
"Article
Article Writing
Writing
Customer Service
Researcher",Article,Article Writing,Writing,Customer Service,Researcher,,,,,,,,,,,,,,,,,,,,,,,,,,
"Business
People
Photography
Videography
Event Photography
Video Editing
Photo Editing
Video Production",Business,People,Photography,Videography,Event Photography,Video Editing,Photo Editing,Video Production,,,,,,,,,,,,,,,,,,,,,,,
"Database Administration
SQL
API
Snowflake",Database Administration,SQL,API,Snowflake,,,,,,,,,,,,,,,,,,,,,,,,,,,
"Scientific Literature Review
Researcher
Academic Writing
Article Writing",Scientific Literature Review,Researcher,Academic Writing,Article Writing,,,,,,,,,,,,,,,,,,,,,,,,,,,
"Web Design
Graphic Design
Logo Design
Picture Upload
Photo Manipulation
Corporate Brand Identity
Website Builder",Web Design,Graphic Design,Logo Design,Picture Upload,Photo Manipulation,Corporate Brand Identity,Website Builder,,,,,,,,,,,,,,,,,,,,,,,,
"Fluent
Native
English
English to French Translation
French
Documentation",Fluent,Native,English,English to French Translation,French,Documentation,,,,,,,,,,,,,,,,,,,,,,,,,
"API Integration
Data Scraping
Scraper",API Integration,Data Scraping,Scraper,,,,,,,,,,,,,,,,,,,,,,,,,,,,
Microsoft PowerPoint,Microsoft PowerPoint,,,,,,,,,,,,,,,,,,,,,,,,,,,,,,
"Chemistry
Purification
Writing
Qualitative Research",Chemistry,Purification,Writing,Qualitative Research,,,,,,,,,,,,,,,,,,,,,,,,,,,
"Chemistry
Purification
Writing
Qualitative Research",Chemistry,Purification,Writing,Qualitative Research,,,,,,,,,,,,,,,,,,,,,,,,,,,
"WordPress
Virtual Assistant
Virtual Assistance
Administrative Support",WordPress,Virtual Assistant,Virtual Assistance,Administrative Support,,,,,,,,,,,,,,,,,,,,,,,,,,,
"Voice-Over
Female
Voice Acting
US English Dialect
Audio Editing
Narration",Voice-Over,Female,Voice Acting,US English Dialect,Audio Editing,Narration,,,,,,,,,,,,,,,,,,,,,,,,,
"Copywriting
Content Writing
SEO Writing
German
B2B Marketing
Website Content
Blog Content",Copywriting,Content Writing,SEO Writing,German,B2B Marketing,Website Content,Blog Content,,,,,,,,,,,,,,,,,,,,,,,,
"Content Guidelines
Content Creation
Content Strategy
Health & Wellness
Creative Strategy
Social Media Advertising
TikTok Ad",Content Guidelines,Content Creation,Content Strategy,Health & Wellness,Creative Strategy,Social Media Advertising,TikTok Ad,,,,,,,,,,,,,,,,,,,,,,,,
"Technical SEO
SEO Audit
SEO Performance
SEO Setup & Configuration
SEO Strategy
Off-Page SEO
On-Page SEO
SEO Keyword Research
Search Engine Optimization
Organic Traffic Growth",Technical SEO,SEO Audit,SEO Performance,SEO Setup & Configuration,SEO Strategy,Off-Page SEO,On-Page SEO,SEO Keyword Research,Search Engine Optimization,Organic Traffic Growth,,,,,,,,,,,,,,,,,,,,,
"German
Translation
English to German Translation",German,Translation,English to German Translation,,,,,,,,,,,,,,,,,,,,,,,,,,,,
"Writing
Proofreading
Content Writing
Microsoft Word
Data Entry",Writing,Proofreading,Content Writing,Microsoft Word,Data Entry,,,,,,,,,,,,,,,,,,,,,,,,,,
"Competitive Analysis
SEO Keyword Research
SEO Backlinking
Google Analytics
Search Engine Optimization
SEO Audit
On-Page SEO
Off-Page SEO
Organic Traffic Growth",Competitive Analysis,SEO Keyword Research,SEO Backlinking,Google Analytics,Search Engine Optimization,SEO Audit,On-Page SEO,Off-Page SEO,Organic Traffic Growth,,,,,,,,,,,,,,,,,,,,,,
"Video Sales Letter
Audio Editing
Video Cleanup
Video Editing
Adobe After Effects
Final Cut Pro X
Researcher
Content Creation",Video Sales Letter,Audio Editing,Video Cleanup,Video Editing,Adobe After Effects,Final Cut Pro X,Researcher,Content Creation,,,,,,,,,,,,,,,,,,,,,,,
"Video Production
Video Editing
Videography
Video Commercial",Video Production,Video Editing,Videography,Video Commercial,,,,,,,,,,,,,,,,,,,,,,,,,,,
"Customer Support
Customer Service
Customer Satisfaction
Email Support
Online Chat Support",Customer Support,Customer Service,Customer Satisfaction,Email Support,Online Chat Support,,,,,,,,,,,,,,,,,,,,,,,,,,
"Catalog
Catalog Design
Graphic Design
Brochure",Catalog,Catalog Design,Graphic Design,Brochure,,,,,,,,,,,,,,,,,,,,,,,,,,,
"Social Media Marketing
Social Media Management
Internet Marketing
Marketing Strategy
Campaign Management
Social Media Advertising",Social Media Marketing,Social Media Management,Internet Marketing,Marketing Strategy,Campaign Management,Social Media Advertising,,,,,,,,,,,,,,,,,,,,,,,,,
"Graphic Design
Layout Design",Graphic Design,Layout Design,,,,,,,,,,,,,,,,,,,,,,,,,,,,,
"Copywriting
Article Writing
Search Engine Optimization
SEO Writing",Copywriting,Article Writing,Search Engine Optimization,SEO Writing,,,,,,,,,,,,,,,,,,,,,,,,,,,
"Article
Article Writing
Writing
Content Writing
Investment Research",Article,Article Writing,Writing,Content Writing,Investment Research,,,,,,,,,,,,,,,,,,,,,,,,,,
"English
Content Writing
Article Writing
Writing
SEO Writing",English,Content Writing,Article Writing,Writing,SEO Writing,,,,,,,,,,,,,,,,,,,,,,,,,,
Microsoft PowerPoint,Microsoft PowerPoint,,,,,,,,,,,,,,,,,,,,,,,,,,,,,,
"Citation Style
Academic Editing
Proofreading
Editor",Citation Style,Academic Editing,Proofreading,Editor,,,,,,,,,,,,,,,,,,,,,,,,,,,
"Academic Writing
Mathematics
Research Papers",Academic Writing,Mathematics,Research Papers,,,,,,,,,,,,,,,,,,,,,,,,,,,,
"MySQL
Apache HTTP Server
Ubuntu
WordPress",MySQL,Apache HTTP Server,Ubuntu,WordPress,,,,,,,,,,,,,,,,,,,,,,,,,,,
"API Integration
API
HubSpot",API Integration,API,HubSpot,,,,,,,,,,,,,,,,,,,,,,,,,,,,
"Final Cut Pro X
Adobe Premiere Pro
Video Editing
Final Cut Pro",Final Cut Pro X,Adobe Premiere Pro,Video Editing,Final Cut Pro,,,,,,,,,,,,,,,,,,,,,,,,,,,
"Article
Article Writing
Writing
Content Writing
Investment Research",Article,Article Writing,Writing,Content Writing,Investment Research,,,,,,,,,,,,,,,,,,,,,,,,,,
"Ubuntu
Linux System Administration
DevOps",Ubuntu,Linux System Administration,DevOps,,,,,,,,,,,,,,,,,,,,,,,,,,,,
Content Writing,Content Writing,,,,,,,,,,,,,,,,,,,,,,,,,,,,,,
Figma,Figma,,,,,,,,,,,,,,,,,,,,,,,,,,,,,,
"WordPress
PHP",WordPress,PHP,,,,,,,,,,,,,,,,,,,,,,,,,,,,,
"SEO Keyword Research
Search Engine Optimization
YouTube Marketing
Viral Marketing",SEO Keyword Research,Search Engine Optimization,YouTube Marketing,Viral Marketing,,,,,,,,,,,,,,,,,,,,,,,,,,,
"Website
HTML
Web Development",Website,HTML,Web Development,,,,,,,,,,,,,,,,,,,,,,,,,,,,
"Layout Design
Kindle Direct Publishing
Formatting
Book",Layout Design,Kindle Direct Publishing,Formatting,Book,,,,,,,,,,,,,,,,,,,,,,,,,,,
"WordPress
Web Design
Elementor
Web Development
CSS
WordPress Development
PHP
HTML
Website",WordPress,Web Design,Elementor,Web Development,CSS,WordPress Development,PHP,HTML,Website,,,,,,,,,,,,,,,,,,,,,,
"Video Editing
Adobe Premiere Pro
Video Production
Video Post-Editing
Adobe After Effects
Final Cut Pro X
Motion Graphics
Videography
Audio Editing
Adobe Photoshop
Video Editing & Production
Video Animation
Video Design
Video Color Correction
Editor
Film Editing
Editing & Proofreading
Virtual Reality
Education
Fiction",Video Editing,Adobe Premiere Pro,Video Production,Video Post-Editing,Adobe After Effects,Final Cut Pro X,Motion Graphics,Videography,Audio Editing,Adobe Photoshop,Video Editing & Production,Video Animation,Video Design,Video Color Correction,Editor,Film Editing,Editing & Proofreading,Virtual Reality,Education,Fiction,,,,,,,,,,,
"WordPress Plugin
WordPress Theme
WordPress
PHP
API
JavaScript
MySQL
Web Development",WordPress Plugin,WordPress Theme,WordPress,PHP,API,JavaScript,MySQL,Web Development,,,,,,,,,,,,,,,,,,,,,,,
"WordPress
Web Development
PHP",WordPress,Web Development,PHP,,,,,,,,,,,,,,,,,,,,,,,,,,,,
"Sports & Recreation
People
Scriptwriting
Content Writing
Video Production
Creative Writing",Sports & Recreation,People,Scriptwriting,Content Writing,Video Production,Creative Writing,,,,,,,,,,,,,,,,,,,,,,,,,
"Custom PHP
Business with 1-9 Employees
Laravel
PHP
API
JavaScript
MySQL
Web Development",Custom PHP,Business with 1-9 Employees,Laravel,PHP,API,JavaScript,MySQL,Web Development,,,,,,,,,,,,,,,,,,,,,,,
"Article
Article Writing
Writing
Content Writing
Investment Research",Article,Article Writing,Writing,Content Writing,Investment Research,,,,,,,,,,,,,,,,,,,,,,,,,,
"Dashboard
Data Analytics
Google Tag Manager
Google Analytics
WordPress
JavaScript",Dashboard,Data Analytics,Google Tag Manager,Google Analytics,WordPress,JavaScript,,,,,,,,,,,,,,,,,,,,,,,,,
"Dashboard
Data Analytics
Google Tag Manager
Google Analytics
WordPress
JavaScript",Dashboard,Data Analytics,Google Tag Manager,Google Analytics,WordPress,JavaScript,,,,,,,,,,,,,,,,,,,,,,,,,
"Photo Editing
Photo Retouching
Image Editing
People
Photo Manipulation
Adobe Photoshop
Photography
Photo Color Correction",Photo Editing,Photo Retouching,Image Editing,People,Photo Manipulation,Adobe Photoshop,Photography,Photo Color Correction,,,,,,,,,,,,,,,,,,,,,,,
"Custom PHP
Business with 1-9 Employees
Laravel
PHP
API
JavaScript
MySQL
Web Development",Custom PHP,Business with 1-9 Employees,Laravel,PHP,API,JavaScript,MySQL,Web Development,,,,,,,,,,,,,,,,,,,,,,,
"Canva
Social Media Graphic Designer
Brochure Design
Email & Newsletter
Social Media Imagery",Canva,Social Media Graphic Designer,Brochure Design,Email & Newsletter,Social Media Imagery,,,,,,,,,,,,,,,,,,,,,,,,,,
"3D Lighting
3D Rendering
3D Modeling
CAD",3D Lighting,3D Rendering,3D Modeling,CAD,,,,,,,,,,,,,,,,,,,,,,,,,,,
Zapier,Zapier,,,,,,,,,,,,,,,,,,,,,,,,,,,,,,
"Shopify
Web Development
JavaScript
Shopify Apps",Shopify,Web Development,JavaScript,Shopify Apps,,,,,,,,,,,,,,,,,,,,,,,,,,,
"Telemarketing
Italian",Telemarketing,Italian,,,,,,,,,,,,,,,,,,,,,,,,,,,,,
"Product Sourcing
Transportation & Warehousing
Price & Quote Negotiation
Supplier Search
Sourcing
Product Research
Research Assistant
Online Research
Researcher
Vendor & Supplier Outreach",Product Sourcing,Transportation & Warehousing,Price & Quote Negotiation,Supplier Search,Sourcing,Product Research,Research Assistant,Online Research,Researcher,Vendor & Supplier Outreach,,,,,,,,,,,,,,,,,,,,,
"Firebase Cloud Firestore
Android
iOS
Mobile App Development",Firebase Cloud Firestore,Android,iOS,Mobile App Development,,,,,,,,,,,,,,,,,,,,,,,,,,,
"React
MongoDB
MySQL
JavaScript
Redux
TypeScript",React,MongoDB,MySQL,JavaScript,Redux,TypeScript,,,,,,,,,,,,,,,,,,,,,,,,,
"Mobile App Localization
Danish
Arabic
Native
English
Content Localization
Proofreading
Crypto Wallet
Translation",Mobile App Localization,Danish,Arabic,Native,English,Content Localization,Proofreading,Crypto Wallet,Translation,,,,,,,,,,,,,,,,,,,,,,
"Wikipedia
Article Writing
Copywriting
English",Wikipedia,Article Writing,Copywriting,English,,,,,,,,,,,,,,,,,,,,,,,,,,,
"Search Engine Optimization
SEO Writing
SEO Keyword Research",Search Engine Optimization,SEO Writing,SEO Keyword Research,,,,,,,,,,,,,,,,,,,,,,,,,,,,
"WordPress
Web Development",WordPress,Web Development,,,,,,,,,,,,,,,,,,,,,,,,,,,,,
Python,Python,,,,,,,,,,,,,,,,,,,,,,,,,,,,,,
"Content Writing
Creative Writing
Writing
Researcher
Scriptwriting
Screenwriting
Documentary
Script
English",Content Writing,Creative Writing,Writing,Researcher,Scriptwriting,Screenwriting,Documentary,Script,English,,,,,,,,,,,,,,,,,,,,,,
"Internet Marketing
Facebook
Social Media Marketing
Marketing Strategy
Sales
Lead Generation",Internet Marketing,Facebook,Social Media Marketing,Marketing Strategy,Sales,Lead Generation,,,,,,,,,,,,,,,,,,,,,,,,,
"Kotlin
Websockets",Kotlin,Websockets,,,,,,,,,,,,,,,,,,,,,,,,,,,,,
"Virtual Assistant
Inventory Management
Administrative Support
Virtual Assistance",Virtual Assistant,Inventory Management,Administrative Support,Virtual Assistance,,,,,,,,,,,,,,,,,,,,,,,,,,,
"WordPress
JavaScript
Web Development
WooCommerce
Elementor",WordPress,JavaScript,Web Development,WooCommerce,Elementor,,,,,,,,,,,,,,,,,,,,,,,,,,
"French
English",French,English,,,,,,,,,,,,,,,,,,,,,,,,,,,,,
"Legal Documentation
Copywriting
Legal Agreement
Content Writing",Legal Documentation,Copywriting,Legal Agreement,Content Writing,,,,,,,,,,,,,,,,,,,,,,,,,,,
"Russian
Russian to English Translation
English",Russian,Russian to English Translation,English,,,,,,,,,,,,,,,,,,,,,,,,,,,,
"Audio Editing
Adobe Premiere Pro
Adobe After Effects
Video Editing
Video Post-Editing",Audio Editing,Adobe Premiere Pro,Adobe After Effects,Video Editing,Video Post-Editing,,,,,,,,,,,,,,,,,,,,,,,,,,
"SMS
English",SMS,English,,,,,,,,,,,,,,,,,,,,,,,,,,,,,
"Social Media Carousel
Facebook Advertising
Social Media Advertising
Landing Page",Social Media Carousel,Facebook Advertising,Social Media Advertising,Landing Page,,,,,,,,,,,,,,,,,,,,,,,,,,,
"Adobe Premiere Pro
Video Editing
Adobe After Effects
Video Post-Editing",Adobe Premiere Pro,Video Editing,Adobe After Effects,Video Post-Editing,,,,,,,,,,,,,,,,,,,,,,,,,,,
"MikroTik RouterOS
Network Administration",MikroTik RouterOS,Network Administration,,,,,,,,,,,,,,,,,,,,,,,,,,,,,
"Microsoft Excel
Google Docs
Administrative Support
PDF Conversion
Data Entry
Microsoft Word
Virtual Assistant
Database",Microsoft Excel,Google Docs,Administrative Support,PDF Conversion,Data Entry,Microsoft Word,Virtual Assistant,Database,,,,,,,,,,,,,,,,,,,,,,,
"MikroTik RouterOS
Network Administration",MikroTik RouterOS,Network Administration,,,,,,,,,,,,,,,,,,,,,,,,,,,,,
"Microsoft Excel
Google Docs
Administrative Support
PDF Conversion
Data Entry
Microsoft Word
Virtual Assistant
Database",Microsoft Excel,Google Docs,Administrative Support,PDF Conversion,Data Entry,Microsoft Word,Virtual Assistant,Database,,,,,,,,,,,,,,,,,,,,,,,
"API
Web Development
PHP
SAP
SQL
HTML
Python
JavaScript
Business with 10-99 Employees",API,Web Development,PHP,SAP,SQL,HTML,Python,JavaScript,Business with 10-99 Employees,,,,,,,,,,,,,,,,,,,,,,
"Mobile UI Design
Web Design
Landing Page
Figma
User Interface Design
Responsive Design
Interaction Design
Graphic Design
User Experience Design
High Fidelity Design
Visual Communication
Style Guide
Mobile App Design",Mobile UI Design,Web Design,Landing Page,Figma,User Interface Design,Responsive Design,Interaction Design,Graphic Design,User Experience Design,High Fidelity Design,Visual Communication,Style Guide,Mobile App Design,,,,,,,,,,,,,,,,,,
"Web Application
TypeScript
AngularJS
React
JavaScript",Web Application,TypeScript,AngularJS,React,JavaScript,,,,,,,,,,,,,,,,,,,,,,,,,,
"Natural Language Generation
Natural Language Processing",Natural Language Generation,Natural Language Processing,,,,,,,,,,,,,,,,,,,,,,,,,,,,,
"SEO Writing
Content Writing
Copywriting
Writing
Creative Writing
Article Writing
Gambling
Japanese
Crypto Marketing",SEO Writing,Content Writing,Copywriting,Writing,Creative Writing,Article Writing,Gambling,Japanese,Crypto Marketing,,,,,,,,,,,,,,,,,,,,,,
"Social Media Manager
Data Entry
Administrative Support
Customer Service
Virtual Assistant
Email Communication
Virtual Assistance
Communications
Customer Support",Social Media Manager,Data Entry,Administrative Support,Customer Service,Virtual Assistant,Email Communication,Virtual Assistance,Communications,Customer Support,,,,,,,,,,,,,,,,,,,,,,
"Content Localization
English to Estonian Translation
Proofreading
Documentation
Estonian to English Translation",Content Localization,English to Estonian Translation,Proofreading,Documentation,Estonian to English Translation,,,,,,,,,,,,,,,,,,,,,,,,,,
Microsoft Excel,Microsoft Excel,,,,,,,,,,,,,,,,,,,,,,,,,,,,,,
Microsoft Excel,Microsoft Excel,,,,,,,,,,,,,,,,,,,,,,,,,,,,,,
"Data Entry
Virtual Assistant
Administrative Support
Microsoft Excel
File Management
Accuracy Verification
Google Docs
Virtual Assistance
Researcher",Data Entry,Virtual Assistant,Administrative Support,Microsoft Excel,File Management,Accuracy Verification,Google Docs,Virtual Assistance,Researcher,,,,,,,,,,,,,,,,,,,,,,
"Python
Image Processing",Python,Image Processing,,,,,,,,,,,,,,,,,,,,,,,,,,,,,
"React Bootstrap
JavaScript
HTML
CSS
React
Web Development
WordPress",React Bootstrap,JavaScript,HTML,CSS,React,Web Development,WordPress,,,,,,,,,,,,,,,,,,,,,,,,
Fashion Design,Fashion Design,,,,,,,,,,,,,,,,,,,,,,,,,,,,,,
"Content Writing
Creative Writing
Writing
Researcher
Scriptwriting
Screenwriting
Documentary
Script
English",Content Writing,Creative Writing,Writing,Researcher,Scriptwriting,Screenwriting,Documentary,Script,English,,,,,,,,,,,,,,,,,,,,,,
"API Integration
Automation
Data Extraction
Data Mining
PHP
API
JavaScript
Data Entry
Java
MySQL",API Integration,Automation,Data Extraction,Data Mining,PHP,API,JavaScript,Data Entry,Java,MySQL,,,,,,,,,,,,,,,,,,,,,
"Google Ads
PPC Campaign Setup & Management
Facebook Ads Manager
Social Media Marketing",Google Ads,PPC Campaign Setup & Management,Facebook Ads Manager,Social Media Marketing,,,,,,,,,,,,,,,,,,,,,,,,,,,
"CRM Automation
Email Automation
Lead Management Automation
Search Engine Optimization
Social Media Marketing",CRM Automation,Email Automation,Lead Management Automation,Search Engine Optimization,Social Media Marketing,,,,,,,,,,,,,,,,,,,,,,,,,,
"Data Mining
Italian
Real Estate",Data Mining,Italian,Real Estate,,,,,,,,,,,,,,,,,,,,,,,,,,,,
"Data Mining
Italian
Real Estate",Data Mining,Italian,Real Estate,,,,,,,,,,,,,,,,,,,,,,,,,,,,
"Autodesk 3ds Max
Architectural Design
Architectural Rendering
3D Rendering
Animal Illustration
Interior Design
3D Design
3D Modeling",Autodesk 3ds Max,Architectural Design,Architectural Rendering,3D Rendering,Animal Illustration,Interior Design,3D Design,3D Modeling,,,,,,,,,,,,,,,,,,,,,,,
"YouTube
TikTok
Facebook Ads Manager
Google Ads
Facebook
Instagram
Social Media Marketing
Facebook Advertising
Marketing Strategy
TikTok Ad",YouTube,TikTok,Facebook Ads Manager,Google Ads,Facebook,Instagram,Social Media Marketing,Facebook Advertising,Marketing Strategy,TikTok Ad,,,,,,,,,,,,,,,,,,,,,
Local Operations,Local Operations,,,,,,,,,,,,,,,,,,,,,,,,,,,,,,
"Amazon Web Services
Solution Architecture
Amazon EC2
DevOps
Amazon ECS
AWS Lambda
Amazon S3",Amazon Web Services,Solution Architecture,Amazon EC2,DevOps,Amazon ECS,AWS Lambda,Amazon S3,,,,,,,,,,,,,,,,,,,,,,,,
"French
English
Proofreading",French,English,Proofreading,,,,,,,,,,,,,,,,,,,,,,,,,,,,
"Smartphone
Push Notifications
Payment Functionality
Augmented Reality
JavaScript
MySQL
Flutter
React Native
Mobile App Development
Auction Software",Smartphone,Push Notifications,Payment Functionality,Augmented Reality,JavaScript,MySQL,Flutter,React Native,Mobile App Development,Auction Software,,,,,,,,,,,,,,,,,,,,,
"Social Media Management
Social Media Marketing
Twitter Marketing
Marketing Strategy
Social Media Advertising",Social Media Management,Social Media Marketing,Twitter Marketing,Marketing Strategy,Social Media Advertising,,,,,,,,,,,,,,,,,,,,,,,,,,
"Zoho Creator
Zoho CRM
Web Development
Automation",Zoho Creator,Zoho CRM,Web Development,Automation,,,,,,,,,,,,,,,,,,,,,,,,,,,
"Communications
Accuracy Verification
Google Docs
Data Entry
Researcher
Microsoft Excel",Communications,Accuracy Verification,Google Docs,Data Entry,Researcher,Microsoft Excel,,,,,,,,,,,,,,,,,,,,,,,,,
"WordPress
PHP
Web Development
Website Customization
JavaScript
CSS
HTML
WordPress Theme",WordPress,PHP,Web Development,Website Customization,JavaScript,CSS,HTML,WordPress Theme,,,,,,,,,,,,,,,,,,,,,,,
"JavaScript
three.js
HTML",JavaScript,three.js,HTML,,,,,,,,,,,,,,,,,,,,,,,,,,,,
"Salesforce CRM
Salesforce Marketing Cloud
HTML
Salesforce Email Studio",Salesforce CRM,Salesforce Marketing Cloud,HTML,Salesforce Email Studio,,,,,,,,,,,,,,,,,,,,,,,,,,,
Microsoft Excel,Microsoft Excel,,,,,,,,,,,,,,,,,,,,,,,,,,,,,,
"Danish
Estonian
Finnish
Lithuanian
Latvian
Translation
English to Norwegian Translation",Danish,Estonian,Finnish,Lithuanian,Latvian,Translation,English to Norwegian Translation,,,,,,,,,,,,,,,,,,,,,,,,
"Printable 3D Models
3D Rendering
Photorealistic Rendering
3D Product Rendering",Printable 3D Models,3D Rendering,Photorealistic Rendering,3D Product Rendering,,,,,,,,,,,,,,,,,,,,,,,,,,,
"Thumbnail
Adobe Photoshop
Graphic Design
Photo Editing
YouTube",Thumbnail,Adobe Photoshop,Graphic Design,Photo Editing,YouTube,,,,,,,,,,,,,,,,,,,,,,,,,,
"Social Media Account Setup
Digital Marketing
Virtual Assistant
Social Media Marketing
Social Media Management",Social Media Account Setup,Digital Marketing,Virtual Assistant,Social Media Marketing,Social Media Management,,,,,,,,,,,,,,,,,,,,,,,,,,
"Facebook Advertising
Facebook",Facebook Advertising,Facebook,,,,,,,,,,,,,,,,,,,,,,,,,,,,,
"Copywriting
Website Content
Website Copywriting",Copywriting,Website Content,Website Copywriting,,,,,,,,,,,,,,,,,,,,,,,,,,,,
"Facebook Advertising
Facebook",Facebook Advertising,Facebook,,,,,,,,,,,,,,,,,,,,,,,,,,,,,
"Copywriting
Website Content
Website Copywriting",Copywriting,Website Content,Website Copywriting,,,,,,,,,,,,,,,,,,,,,,,,,,,,
"Project Management
Education
Tech & IT
Dutch
Customer Engagement
Project Delivery
English",Project Management,Education,Tech & IT,Dutch,Customer Engagement,Project Delivery,English,,,,,,,,,,,,,,,,,,,,,,,,
"Grammar & Syntax Review
German
Proofreading",Grammar & Syntax Review,German,Proofreading,,,,,,,,,,,,,,,,,,,,,,,,,,,,
"JavaScript
PHP
HTML
Web Development
CSS
jQuery",JavaScript,PHP,HTML,Web Development,CSS,jQuery,,,,,,,,,,,,,,,,,,,,,,,,,
"Web Service
Automated Deployment Pipeline
Back-End Development
PHP
PHP Script
Web Development
Web Design
API
MySQL",Web Service,Automated Deployment Pipeline,Back-End Development,PHP,PHP Script,Web Development,Web Design,API,MySQL,,,,,,,,,,,,,,,,,,,,,,
"Zapier
Automation
Zoho CRM
Web Development
Zoho Creator",Zapier,Automation,Zoho CRM,Web Development,Zoho Creator,,,,,,,,,,,,,,,,,,,,,,,,,,
"Travel Planning
Precisely
Google Maps",Travel Planning,Precisely,Google Maps,,,,,,,,,,,,,,,,,,,,,,,,,,,,
"Lead Generation
Data Scraping
List Building",Lead Generation,Data Scraping,List Building,,,,,,,,,,,,,,,,,,,,,,,,,,,,
Subtitles,Subtitles,,,,,,,,,,,,,,,,,,,,,,,,,,,,,,
"Android
Android App Development
Java
Smartphone
Mobile App Development
Android Studio",Android,Android App Development,Java,Smartphone,Mobile App Development,Android Studio,,,,,,,,,,,,,,,,,,,,,,,,,
"Virtual Assistant
Communications
Virtual Assistance
Email Communication
Scheduling
Personal Administration
Researcher",Virtual Assistant,Communications,Virtual Assistance,Email Communication,Scheduling,Personal Administration,Researcher,,,,,,,,,,,,,,,,,,,,,,,,
"Python
MongoDB
RESTful API
Django",Python,MongoDB,RESTful API,Django,,,,,,,,,,,,,,,,,,,,,,,,,,,
"Kali Linux
Network Security
Linux
Linux System Administration",Kali Linux,Network Security,Linux,Linux System Administration,,,,,,,,,,,,,,,,,,,,,,,,,,,
"Vector Graphic
Adobe Illustrator
Graphic Design
Illustration",Vector Graphic,Adobe Illustrator,Graphic Design,Illustration,,,,,,,,,,,,,,,,,,,,,,,,,,,
"Content Writing
Writing
Article Writing
Creative Writing
Blog Writing
Blog Content
Article
Copywriting
Researcher",Content Writing,Writing,Article Writing,Creative Writing,Blog Writing,Blog Content,Article,Copywriting,Researcher,,,,,,,,,,,,,,,,,,,,,,
"Creative Writing
Content Writing
English
Danish
SEO Writing
Writing",Creative Writing,Content Writing,English,Danish,SEO Writing,Writing,,,,,,,,,,,,,,,,,,,,,,,,,
"Ghostwriting
Creative Writing
Short Story Writing
Content Writing
Researcher
Children's Writing
Storytelling
Fiction Writing
Ebook Writing",Ghostwriting,Creative Writing,Short Story Writing,Content Writing,Researcher,Children's Writing,Storytelling,Fiction Writing,Ebook Writing,,,,,,,,,,,,,,,,,,,,,,
"Microsoft Word
Typing
Content Writing
Copywriting
English
Writing",Microsoft Word,Typing,Content Writing,Copywriting,English,Writing,,,,,,,,,,,,,,,,,,,,,,,,,
"Lead Generation
Data Cleansing
Data Entry
Appointment Setting
Email Marketing
List Building
Lead Nurturing
Cold Email",Lead Generation,Data Cleansing,Data Entry,Appointment Setting,Email Marketing,List Building,Lead Nurturing,Cold Email,,,,,,,,,,,,,,,,,,,,,,,
Drupal,Drupal,,,,,,,,,,,,,,,,,,,,,,,,,,,,,,
"EPUB
Adobe InDesign
Ebook Design",EPUB,Adobe InDesign,Ebook Design,,,,,,,,,,,,,,,,,,,,,,,,,,,,
"Article
Science & Medicine
Pharmaceuticals
Media Relations
Public Relations
Press Release
Content Writing
Marketing Communications",Article,Science & Medicine,Pharmaceuticals,Media Relations,Public Relations,Press Release,Content Writing,Marketing Communications,,,,,,,,,,,,,,,,,,,,,,,
"Microsoft Azure
Business with 100-999 Employees
Microsoft Teams
Slack
Office 365",Microsoft Azure,Business with 100-999 Employees,Microsoft Teams,Slack,Office 365,,,,,,,,,,,,,,,,,,,,,,,,,,
AngularJS,AngularJS,,,,,,,,,,,,,,,,,,,,,,,,,,,,,,
"C#
Amplitude
Unity
Implementation",C#,Amplitude,Unity,Implementation,,,,,,,,,,,,,,,,,,,,,,,,,,,
"Business Planning & Strategy
Market Research
Competitive Analysis
Business Operations
Amazon FBA
Organizational Plan
Organizational Design & Effectiveness
Strategy
Project Management",Business Planning & Strategy,Market Research,Competitive Analysis,Business Operations,Amazon FBA,Organizational Plan,Organizational Design & Effectiveness,Strategy,Project Management,,,,,,,,,,,,,,,,,,,,,,
"Czech
Translation
Content Moderation
Accuracy Verification
English
Customer Satisfaction
Customer Service
Customer Support
Product Knowledge",Czech,Translation,Content Moderation,Accuracy Verification,English,Customer Satisfaction,Customer Service,Customer Support,Product Knowledge,,,,,,,,,,,,,,,,,,,,,,
"Social Media Advertising
Facebook Advertising
Social Media Management
Social Media Marketing
Facebook
Instagram
Social Media Content Creation
Social Media Content
Social Media Strategy
Conversion Rate Optimization",Social Media Advertising,Facebook Advertising,Social Media Management,Social Media Marketing,Facebook,Instagram,Social Media Content Creation,Social Media Content,Social Media Strategy,Conversion Rate Optimization,,,,,,,,,,,,,,,,,,,,,
"Asana
Sales & Marketing
Project Management",Asana,Sales & Marketing,Project Management,,,,,,,,,,,,,,,,,,,,,,,,,,,,
"Facebook Ads Manager
Social Media Marketing Strategy
Lookalike Audience
Facebook
Facebook Advertising
Retargeting
Social Media Marketing
Instagram
Social Media Advertising
Campaign Management",Facebook Ads Manager,Social Media Marketing Strategy,Lookalike Audience,Facebook,Facebook Advertising,Retargeting,Social Media Marketing,Instagram,Social Media Advertising,Campaign Management,,,,,,,,,,,,,,,,,,,,,
"Testimonial Video
Videography
Video Commercial
Social Media Marketing
Content Writing
Video Production
Education
Video Editing
Explainer Video
English",Testimonial Video,Videography,Video Commercial,Social Media Marketing,Content Writing,Video Production,Education,Video Editing,Explainer Video,English,,,,,,,,,,,,,,,,,,,,,
"SQL
Python
Data Analysis
Google Analytics
Data Mining
Project Management",SQL,Python,Data Analysis,Google Analytics,Data Mining,Project Management,,,,,,,,,,,,,,,,,,,,,,,,,
"C++
Raspberry Pi
Raspberry Pi Firmware
OpenCV
Linux
Computer Vision
Embedded Linux",C++,Raspberry Pi,Raspberry Pi Firmware,OpenCV,Linux,Computer Vision,Embedded Linux,,,,,,,,,,,,,,,,,,,,,,,,
"Social Media Imagery
Banner Ad Design
Email Communication
Fashion & Beauty
Health & Wellness
Content Writing
Copywriting
Article Writing
Layout Design
English",Social Media Imagery,Banner Ad Design,Email Communication,Fashion & Beauty,Health & Wellness,Content Writing,Copywriting,Article Writing,Layout Design,English,,,,,,,,,,,,,,,,,,,,,
"SEO Writing
Search Engine Optimization
Blog Writing
Blog Content
Article Writing
Content Writing
Article
Researcher
Copywriting
Writing",SEO Writing,Search Engine Optimization,Blog Writing,Blog Content,Article Writing,Content Writing,Article,Researcher,Copywriting,Writing,,,,,,,,,,,,,,,,,,,,,
"Video Editing
Adobe Premiere Pro
Video Post-Editing
Adobe After Effects
Video Production
Final Cut Pro X
Motion Graphics
Explainer Video
Audio Editing
Videography",Video Editing,Adobe Premiere Pro,Video Post-Editing,Adobe After Effects,Video Production,Final Cut Pro X,Motion Graphics,Explainer Video,Audio Editing,Videography,,,,,,,,,,,,,,,,,,,,,
"Marketing Automation
Marketing Strategy
Social Media Marketing
Campaign Management
Lead Generation
Marketing Management
Content Marketing
Marketing Analytics
Internet Marketing
Market Analysis",Marketing Automation,Marketing Strategy,Social Media Marketing,Campaign Management,Lead Generation,Marketing Management,Content Marketing,Marketing Analytics,Internet Marketing,Market Analysis,,,,,,,,,,,,,,,,,,,,,
"Accounting
Bookkeeping
Microsoft Excel",Accounting,Bookkeeping,Microsoft Excel,,,,,,,,,,,,,,,,,,,,,,,,,,,,
"VectorWorks
Architectural Design
Interior Design
3D Rendering",VectorWorks,Architectural Design,Interior Design,3D Rendering,,,,,,,,,,,,,,,,,,,,,,,,,,,
"Editing & Proofreading
Content Editing
Finance & Accounting
Proofreading
Researcher
English
Editor
Writing
Content Writing",Editing & Proofreading,Content Editing,Finance & Accounting,Proofreading,Researcher,English,Editor,Writing,Content Writing,,,,,,,,,,,,,,,,,,,,,,
"Machine Learning Model
Model Optimization
Recommendation System
Machine Learning
Computer Vision
Deep Learning
Deep Neural Network
Python
C++",Machine Learning Model,Model Optimization,Recommendation System,Machine Learning,Computer Vision,Deep Learning,Deep Neural Network,Python,C++,,,,,,,,,,,,,,,,,,,,,,
"Shopify
Shopify Templates
CSS
HTML
JavaScript
Page Speed Optimization
Ecommerce Website
Web Development",Shopify,Shopify Templates,CSS,HTML,JavaScript,Page Speed Optimization,Ecommerce Website,Web Development,,,,,,,,,,,,,,,,,,,,,,,
Odoo,Odoo,,,,,,,,,,,,,,,,,,,,,,,,,,,,,,
"Ubuntu
DNS
NGINX
Database Architecture
System Administration
Linux
Apache HTTP Server",Ubuntu,DNS,NGINX,Database Architecture,System Administration,Linux,Apache HTTP Server,,,,,,,,,,,,,,,,,,,,,,,,
"Video Editing
Adobe Premiere Pro
Adobe After Effects
Video Post-Editing
Video Production
Final Cut Pro X
Video Commercial
Audio Editing",Video Editing,Adobe Premiere Pro,Adobe After Effects,Video Post-Editing,Video Production,Final Cut Pro X,Video Commercial,Audio Editing,,,,,,,,,,,,,,,,,,,,,,,
"Jenkins
German
Amazon Web Services",Jenkins,German,Amazon Web Services,,,,,,,,,,,,,,,,,,,,,,,,,,,,
"English
Spanish to English Translation",English,Spanish to English Translation,,,,,,,,,,,,,,,,,,,,,,,,,,,,,
"Java
Android
Android App Development
API",Java,Android,Android App Development,API,,,,,,,,,,,,,,,,,,,,,,,,,,,
"Web Design
Shopify",Web Design,Shopify,,,,,,,,,,,,,,,,,,,,,,,,,,,,,
"Ebook
Ebook Design",Ebook,Ebook Design,,,,,,,,,,,,,,,,,,,,,,,,,,,,,
"Cypress
React
TypeScript
Automated Testing
Unit Testing",Cypress,React,TypeScript,Automated Testing,Unit Testing,,,,,,,,,,,,,,,,,,,,,,,,,,
"Business Development
Startup Consulting
Relationship Management
Venture Capital",Business Development,Startup Consulting,Relationship Management,Venture Capital,,,,,,,,,,,,,,,,,,,,,,,,,,,
"Gambling
Affiliate Marketing",Gambling,Affiliate Marketing,,,,,,,,,,,,,,,,,,,,,,,,,,,,,
"Spanish to English Translation
English",Spanish to English Translation,English,,,,,,,,,,,,,,,,,,,,,,,,,,,,,
"Marketing Strategy
Social Media Marketing
Lead Generation
Social Media Management
Campaign Management",Marketing Strategy,Social Media Marketing,Lead Generation,Social Media Management,Campaign Management,,,,,,,,,,,,,,,,,,,,,,,,,,
"Project Management
Digital Project Management
Communications
Decision Making
Growth Strategy",Project Management,Digital Project Management,Communications,Decision Making,Growth Strategy,,,,,,,,,,,,,,,,,,,,,,,,,,
"Data Scraping
Data Mining
Data Extraction",Data Scraping,Data Mining,Data Extraction,,,,,,,,,,,,,,,,,,,,,,,,,,,,
"Social Media Marketing
Influencer Marketing
Instagram
Social Media Management",Social Media Marketing,Influencer Marketing,Instagram,Social Media Management,,,,,,,,,,,,,,,,,,,,,,,,,,,
"LinkedIn
Lead Generation
Social Media Marketing
LinkedIn Profile Creation",LinkedIn,Lead Generation,Social Media Marketing,LinkedIn Profile Creation,,,,,,,,,,,,,,,,,,,,,,,,,,,
"Affiliate Marketing
Researcher
Lead Generation
Topic Research
Research Methods
Market Analysis
Company Research
Market Research
Data Entry",Affiliate Marketing,Researcher,Lead Generation,Topic Research,Research Methods,Market Analysis,Company Research,Market Research,Data Entry,,,,,,,,,,,,,,,,,,,,,,
"Neural Network
Python
Deep Learning
Keras",Neural Network,Python,Deep Learning,Keras,,,,,,,,,,,,,,,,,,,,,,,,,,,
"Comparison Infographic
Flowchart
Infographic
Social Media Imagery
Brochure
Adobe Photoshop
Adobe InDesign
Graphic Design
Adobe Illustrator
Sales & Marketing
Data Visualization
Corporate Style
Informative
Illustration
Geometric
Isometric Style
Realistic
Technical Project Management
Typography
Contemporary Style
Modern Style
Colorful Style
Playful Tone
Website Asset",Comparison Infographic,Flowchart,Infographic,Social Media Imagery,Brochure,Adobe Photoshop,Adobe InDesign,Graphic Design,Adobe Illustrator,Sales & Marketing,Data Visualization,Corporate Style,Informative,Illustration,Geometric,Isometric Style,Realistic,Technical Project Management,Typography,Contemporary Style,Modern Style,Colorful Style,Playful Tone,Website Asset,,,,,,,
"English
Content Writing
Article
Researcher
Writing
Creative Writing",English,Content Writing,Article,Researcher,Writing,Creative Writing,,,,,,,,,,,,,,,,,,,,,,,,,
"Python
Scrapy
Data Scraping",Python,Scrapy,Data Scraping,,,,,,,,,,,,,,,,,,,,,,,,,,,,
"Social Media Imagery
Instagram
Adobe Photoshop
Facebook
Adobe Illustrator
Graphic Design",Social Media Imagery,Instagram,Adobe Photoshop,Facebook,Adobe Illustrator,Graphic Design,,,,,,,,,,,,,,,,,,,,,,,,,
Zoom Video Conferencing,Zoom Video Conferencing,,,,,,,,,,,,,,,,,,,,,,,,,,,,,,
"Virtual Assistance
Executive Support
Personal Administration
Ecommerce
Data Entry",Virtual Assistance,Executive Support,Personal Administration,Ecommerce,Data Entry,,,,,,,,,,,,,,,,,,,,,,,,,,
"Spring Data
Hibernate
Java",Spring Data,Hibernate,Java,,,,,,,,,,,,,,,,,,,,,,,,,,,,
Translation,Translation,,,,,,,,,,,,,,,,,,,,,,,,,,,,,,
Translation,Translation,,,,,,,,,,,,,,,,,,,,,,,,,,,,,,
"Stablecoin Development
Smart Contract
Security Token Development
Cryptocurrency Forking
Initial Coin Offering
Cryptocurrency",Stablecoin Development,Smart Contract,Security Token Development,Cryptocurrency Forking,Initial Coin Offering,Cryptocurrency,,,,,,,,,,,,,,,,,,,,,,,,,
"Floor Plan Design
Interior Design Consultation
Interior Design",Floor Plan Design,Interior Design Consultation,Interior Design,,,,,,,,,,,,,,,,,,,,,,,,,,,,
"Legal
Legal Consulting",Legal,Legal Consulting,,,,,,,,,,,,,,,,,,,,,,,,,,,,,
"US English Dialect
English
Middle-Aged Adult
Senior Adult
Male
Female
US English Dialect
Acting
Young Adult",US English Dialect,English,Middle-Aged Adult,Senior Adult,Male,Female,US English Dialect,Acting,Young Adult,,,,,,,,,,,,,,,,,,,,,,
Video Production,Video Production,,,,,,,,,,,,,,,,,,,,,,,,,,,,,,
"Video Editing
Adobe After Effects
Adobe Premiere Pro
Final Cut Pro X
Explainer Video",Video Editing,Adobe After Effects,Adobe Premiere Pro,Final Cut Pro X,Explainer Video,,,,,,,,,,,,,,,,,,,,,,,,,,
Video Editing,Video Editing,,,,,,,,,,,,,,,,,,,,,,,,,,,,,,
"Social Media Advertising
Audience Research
Social Media Content Creation
Instagram
Social Media Content
Influencer Marketing
Social Media Management",Social Media Advertising,Audience Research,Social Media Content Creation,Instagram,Social Media Content,Influencer Marketing,Social Media Management,,,,,,,,,,,,,,,,,,,,,,,,
"Content Writing
Copywriting
English
Writing
Researcher
Creative Writing",Content Writing,Copywriting,English,Writing,Researcher,Creative Writing,,,,,,,,,,,,,,,,,,,,,,,,,
"Industrial Design
Design for Manufacturing
Mechanical Design
Mechanical Engineering
SolidWorks
Product Development
Product Design
3D Modeling
3D Design
3D Printing",Industrial Design,Design for Manufacturing,Mechanical Design,Mechanical Engineering,SolidWorks,Product Development,Product Design,3D Modeling,3D Design,3D Printing,,,,,,,,,,,,,,,,,,,,,
"Dutch
Voice Acting
General Transcription
English to Dutch Translation
Dutch to English Translation
Female
English
Translation",Dutch,Voice Acting,General Transcription,English to Dutch Translation,Dutch to English Translation,Female,English,Translation,,,,,,,,,,,,,,,,,,,,,,,
Email Deliverability,Email Deliverability,,,,,,,,,,,,,,,,,,,,,,,,,,,,,,
"Web Development
WordPress",Web Development,WordPress,,,,,,,,,,,,,,,,,,,,,,,,,,,,,
"Web Development
JavaScript
WordPress
Web Design
HTML
CSS
PHP
HTML5
jQuery",Web Development,JavaScript,WordPress,Web Design,HTML,CSS,PHP,HTML5,jQuery,,,,,,,,,,,,,,,,,,,,,,
Marketing Automation,Marketing Automation,,,,,,,,,,,,,,,,,,,,,,,,,,,,,,
"Linux
Network Administration",Linux,Network Administration,,,,,,,,,,,,,,,,,,,,,,,,,,,,,
"Figma Expert
Web Form
Figma",Figma Expert,Web Form,Figma,,,,,,,,,,,,,,,,,,,,,,,,,,,,
"Python
Forex Trading",Python,Forex Trading,,,,,,,,,,,,,,,,,,,,,,,,,,,,,
"English
Cover Letter Writing
Resume Writing
Content Writing",English,Cover Letter Writing,Resume Writing,Content Writing,,,,,,,,,,,,,,,,,,,,,,,,,,,
"English
Cover Letter Writing
Resume Writing
Content Writing",English,Cover Letter Writing,Resume Writing,Content Writing,,,,,,,,,,,,,,,,,,,,,,,,,,,
"Direct Marketing
Influencer Marketing
Content Marketing
Email Marketing
Event Marketing
Inbound Marketing
Internet Marketing
Offline Marketing
Public Relations
Marketing Strategy",Direct Marketing,Influencer Marketing,Content Marketing,Email Marketing,Event Marketing,Inbound Marketing,Internet Marketing,Offline Marketing,Public Relations,Marketing Strategy,,,,,,,,,,,,,,,,,,,,,
"Blog Writing
Blog Content
Content Writing
Article
Writing",Blog Writing,Blog Content,Content Writing,Article,Writing,,,,,,,,,,,,,,,,,,,,,,,,,,
"Web Development
Web Application
API Integration
Blockchain
Ethereum
Blockchain Platform
NFT Art
Blockchain Architecture
API
Hyperledger Fabric",Web Development,Web Application,API Integration,Blockchain,Ethereum,Blockchain Platform,NFT Art,Blockchain Architecture,API,Hyperledger Fabric,,,,,,,,,,,,,,,,,,,,,
"Web Application
Database Development
React
Node.js
SaaS
MongoDB
API
Mail Server Implementation
Google APIs",Web Application,Database Development,React,Node.js,SaaS,MongoDB,API,Mail Server Implementation,Google APIs,,,,,,,,,,,,,,,,,,,,,,
"English
Ghostwriting
Creative Writing
Nonfiction",English,Ghostwriting,Creative Writing,Nonfiction,,,,,,,,,,,,,,,,,,,,,,,,,,,
"Color Grading
Video Editing
Adobe After Effects
Photo Editing
Video Post-Editing
Adobe Premiere Pro
Adobe Photoshop
Final Cut Pro X
Graphic Design
Photography
Photo Retouching
Photo Editing Software",Color Grading,Video Editing,Adobe After Effects,Photo Editing,Video Post-Editing,Adobe Premiere Pro,Adobe Photoshop,Final Cut Pro X,Graphic Design,Photography,Photo Retouching,Photo Editing Software,,,,,,,,,,,,,,,,,,,
"Adobe After Effects
Color Grading
Video Editing
Motion Graphics
Adobe Premiere Pro",Adobe After Effects,Color Grading,Video Editing,Motion Graphics,Adobe Premiere Pro,,,,,,,,,,,,,,,,,,,,,,,,,,
"Adobe Photoshop
Presentations",Adobe Photoshop,Presentations,,,,,,,,,,,,,,,,,,,,,,,,,,,,,
"Python
Automation",Python,Automation,,,,,,,,,,,,,,,,,,,,,,,,,,,,,
"Shopify
Web Development
Facebook Ads Manager",Shopify,Web Development,Facebook Ads Manager,,,,,,,,,,,,,,,,,,,,,,,,,,,,
"JSON
Database Development
JavaScript
Web Design
HTML
HTML5
CSS
Web Development
PHP",JSON,Database Development,JavaScript,Web Design,HTML,HTML5,CSS,Web Development,PHP,,,,,,,,,,,,,,,,,,,,,,
"Laravel
PHP
MySQL
API
JavaScript
Web Development
Microsoft SQL Server
Database Architecture
Amazon Web Services",Laravel,PHP,MySQL,API,JavaScript,Web Development,Microsoft SQL Server,Database Architecture,Amazon Web Services,,,,,,,,,,,,,,,,,,,,,,
"Content Writing
Search Engine Optimization
Data Entry",Content Writing,Search Engine Optimization,Data Entry,,,,,,,,,,,,,,,,,,,,,,,,,,,,
"WooCommerce
WordPress
Ecommerce Platform Development
Ecommerce Website
Web Development
PHP
CSS
HTML
JavaScript",WooCommerce,WordPress,Ecommerce Platform Development,Ecommerce Website,Web Development,PHP,CSS,HTML,JavaScript,,,,,,,,,,,,,,,,,,,,,,
"Sales Tax
German",Sales Tax,German,,,,,,,,,,,,,,,,,,,,,,,,,,,,,
Graphic Design,Graphic Design,,,,,,,,,,,,,,,,,,,,,,,,,,,,,,
"Brand Marketing
Digital Ad Campaign
Display Ad Campaign
Social Media Ad Campaign
Facebook Ads Manager
Campaign Management
Campaign Optimization
Campaign Reporting
Campaign Setup
Retargeting
Pixel Setup & Optimization
Facebook
Facebook Advertising
Instagram
Social Media Marketing
Social Media Advertising
Internet Marketing",Brand Marketing,Digital Ad Campaign,Display Ad Campaign,Social Media Ad Campaign,Facebook Ads Manager,Campaign Management,Campaign Optimization,Campaign Reporting,Campaign Setup,Retargeting,Pixel Setup & Optimization,Facebook,Facebook Advertising,Instagram,Social Media Marketing,Social Media Advertising,Internet Marketing,,,,,,,,,,,,,,
"React Native
JavaScript",React Native,JavaScript,,,,,,,,,,,,,,,,,,,,,,,,,,,,,
"Golang
Blockchain
Blockchain Architecture
Blockchain Development
Ethereum",Golang,Blockchain,Blockchain Architecture,Blockchain Development,Ethereum,,,,,,,,,,,,,,,,,,,,,,,,,,
"WordPress
jQuery
Git
Bitbucket
HTML
JavaScript
PHP
UX & UI
Jira
Node.js",WordPress,jQuery,Git,Bitbucket,HTML,JavaScript,PHP,UX & UI,Jira,Node.js,,,,,,,,,,,,,,,,,,,,,
"Image Restoration
Image Editing
Photo Retouching
Photo Editing
Adobe Photoshop
Photo Manipulation",Image Restoration,Image Editing,Photo Retouching,Photo Editing,Adobe Photoshop,Photo Manipulation,,,,,,,,,,,,,,,,,,,,,,,,,
Virtual Assistance,Virtual Assistance,,,,,,,,,,,,,,,,,,,,,,,,,,,,,,
"Motion Graphics
Adobe Illustrator
Animation
Graphic Design
Adobe After Effects
Video Editing
2D Animation
Explainer Video
Video Commercial",Motion Graphics,Adobe Illustrator,Animation,Graphic Design,Adobe After Effects,Video Editing,2D Animation,Explainer Video,Video Commercial,,,,,,,,,,,,,,,,,,,,,,
"Customer Acquisition Strategy
Go-to-Market Strategy
Marketing Strategy
Shopify
Facebook
Search Engine Optimization
Internet Marketing
Google Ads
Content Writing
Ecommerce",Customer Acquisition Strategy,Go-to-Market Strategy,Marketing Strategy,Shopify,Facebook,Search Engine Optimization,Internet Marketing,Google Ads,Content Writing,Ecommerce,,,,,,,,,,,,,,,,,,,,,
"Landing Page
WordPress
Shopify
Web Design
User Experience Design
User Interface Design",Landing Page,WordPress,Shopify,Web Design,User Experience Design,User Interface Design,,,,,,,,,,,,,,,,,,,,,,,,,
"Amazon PPC
Amazon Seller Central
Amazon FBA
Amazon Listing Optimization
Amazon Advertising Console
Advertising Research
SEO Keyword Research
Campaign Management
Campaign Optimization
Search Engine Optimization
Search Engine Marketing
Marketing Audit
Market Research
Pay Per Click Advertising
Google Ads
Marketing Strategy
Amazon Vendor Central
Client Management
Product Listing Ad
Video Advertising
PPC Campaign Setup & Management
Campaign Reporting",Amazon PPC,Amazon Seller Central,Amazon FBA,Amazon Listing Optimization,Amazon Advertising Console,Advertising Research,SEO Keyword Research,Campaign Management,Campaign Optimization,Search Engine Optimization,Search Engine Marketing,Marketing Audit,Market Research,Pay Per Click Advertising,Google Ads,Marketing Strategy,Amazon Vendor Central,Client Management,Product Listing Ad,Video Advertising,PPC Campaign Setup & Management,Campaign Reporting,,,,,,,,,
Salesforce Sales Cloud,Salesforce Sales Cloud,,,,,,,,,,,,,,,,,,,,,,,,,,,,,,
"Video Editing
Education
Video Production
Video Post-Editing
Adobe Premiere Pro
Animation
Adobe After Effects
Explainer Video
Graphic Design
2D Animation",Video Editing,Education,Video Production,Video Post-Editing,Adobe Premiere Pro,Animation,Adobe After Effects,Explainer Video,Graphic Design,2D Animation,,,,,,,,,,,,,,,,,,,,,
"Video Editing
Adobe Premiere Pro
Video Advertising",Video Editing,Adobe Premiere Pro,Video Advertising,,,,,,,,,,,,,,,,,,,,,,,,,,,,
"Video Editing
Education
Video Production
Video Post-Editing
Adobe Premiere Pro
Animation
Adobe After Effects
Explainer Video
Graphic Design
2D Animation",Video Editing,Education,Video Production,Video Post-Editing,Adobe Premiere Pro,Animation,Adobe After Effects,Explainer Video,Graphic Design,2D Animation,,,,,,,,,,,,,,,,,,,,,
"Video Editing
Adobe Premiere Pro
Video Advertising",Video Editing,Adobe Premiere Pro,Video Advertising,,,,,,,,,,,,,,,,,,,,,,,,,,,,
"Python
Cryptocurrency
Bot Development
C++",Python,Cryptocurrency,Bot Development,C++,,,,,,,,,,,,,,,,,,,,,,,,,,,
"Gaming
Video Game Writing
Content Writing
Article Writing
Blog Writing
Video Game
SEO Writing
Blog Content
Article
Writing",Gaming,Video Game Writing,Content Writing,Article Writing,Blog Writing,Video Game,SEO Writing,Blog Content,Article,Writing,,,,,,,,,,,,,,,,,,,,,
WordPress,WordPress,,,,,,,,,,,,,,,,,,,,,,,,,,,,,,
"Cold Calling
Sales
Outbound Sales
Scheduling
Lead Generation",Cold Calling,Sales,Outbound Sales,Scheduling,Lead Generation,,,,,,,,,,,,,,,,,,,,,,,,,,
"Graphic Design
Adobe InDesign
Adobe Illustrator
Infographic
Layout Design
Adobe Photoshop
Microsoft PowerPoint",Graphic Design,Adobe InDesign,Adobe Illustrator,Infographic,Layout Design,Adobe Photoshop,Microsoft PowerPoint,,,,,,,,,,,,,,,,,,,,,,,,
"German
Technical Support
Troubleshooting
Email Support
Customer Support
Product Knowledge",German,Technical Support,Troubleshooting,Email Support,Customer Support,Product Knowledge,,,,,,,,,,,,,,,,,,,,,,,,,
"Facebook
Facebook Advertising
Social Media Marketing
Social Media Advertising",Facebook,Facebook Advertising,Social Media Marketing,Social Media Advertising,,,,,,,,,,,,,,,,,,,,,,,,,,,
"Audio Transcription
Writing
Content Writing",Audio Transcription,Writing,Content Writing,,,,,,,,,,,,,,,,,,,,,,,,,,,,
"Facebook
Facebook Advertising
Social Media Marketing
Social Media Advertising",Facebook,Facebook Advertising,Social Media Marketing,Social Media Advertising,,,,,,,,,,,,,,,,,,,,,,,,,,,
"Audio Transcription
Writing
Content Writing",Audio Transcription,Writing,Content Writing,,,,,,,,,,,,,,,,,,,,,,,,,,,,
"Art & Design
Lead Generation
Prospect List
Researcher
Email Marketing
Outbound Sales",Art & Design,Lead Generation,Prospect List,Researcher,Email Marketing,Outbound Sales,,,,,,,,,,,,,,,,,,,,,,,,,
"Shopify
Ecommerce Platform Development
Shopify Templates
Web Design
Website Customization
CSS
HTML
JavaScript",Shopify,Ecommerce Platform Development,Shopify Templates,Web Design,Website Customization,CSS,HTML,JavaScript,,,,,,,,,,,,,,,,,,,,,,,
"SEO Backlinking
Search Engine Optimization
Organic Traffic Growth
Off-Page SEO
Forum Posting
Classifieds Posting
Article Writing
Directory Submission
Reddit Marketing",SEO Backlinking,Search Engine Optimization,Organic Traffic Growth,Off-Page SEO,Forum Posting,Classifieds Posting,Article Writing,Directory Submission,Reddit Marketing,,,,,,,,,,,,,,,,,,,,,,
Instagram,Instagram,,,,,,,,,,,,,,,,,,,,,,,,,,,,,,
"Content Writing
Writing
Article Writing
English
Creative Writing
Blog Content",Content Writing,Writing,Article Writing,English,Creative Writing,Blog Content,,,,,,,,,,,,,,,,,,,,,,,,,
"Male
Voice Acting
Narration
Voice-Over
US English Dialect",Male,Voice Acting,Narration,Voice-Over,US English Dialect,,,,,,,,,,,,,,,,,,,,,,,,,,
"Adobe Photoshop
Book Cover
Photo Editing",Adobe Photoshop,Book Cover,Photo Editing,,,,,,,,,,,,,,,,,,,,,,,,,,,,
"Facebook
Google Ads",Facebook,Google Ads,,,,,,,,,,,,,,,,,,,,,,,,,,,,,
Graphic Design,Graphic Design,,,,,,,,,,,,,,,,,,,,,,,,,,,,,,
"Italian
Phone Support
Online Chat Support
Customer Service",Italian,Phone Support,Online Chat Support,Customer Service,,,,,,,,,,,,,,,,,,,,,,,,,,,
"Legal
Legal Writing",Legal,Legal Writing,,,,,,,,,,,,,,,,,,,,,,,,,,,,,
"Digital Marketing Strategy
Shopify
Shopify Apps
Internet Marketing
Digital Marketing
Explainer Video
Animated Explainer",Digital Marketing Strategy,Shopify,Shopify Apps,Internet Marketing,Digital Marketing,Explainer Video,Animated Explainer,,,,,,,,,,,,,,,,,,,,,,,,
"Google Ads
Social Media Advertising
Facebook Advertising
Copywriting
Ad Creative",Google Ads,Social Media Advertising,Facebook Advertising,Copywriting,Ad Creative,,,,,,,,,,,,,,,,,,,,,,,,,,
"Marketing Strategy
Internet Marketing
Lead Generation
Facebook
Facebook Advertising
Google Analytics",Marketing Strategy,Internet Marketing,Lead Generation,Facebook,Facebook Advertising,Google Analytics,,,,,,,,,,,,,,,,,,,,,,,,,
"SugarCRM Development
SuiteCRM
Vtiger
Vtiger Development",SugarCRM Development,SuiteCRM,Vtiger,Vtiger Development,,,,,,,,,,,,,,,,,,,,,,,,,,,
Video Editing,Video Editing,,,,,,,,,,,,,,,,,,,,,,,,,,,,,,
Native,Native,,,,,,,,,,,,,,,,,,,,,,,,,,,,,,
"Graphic Design
Logo Design
Business Card
Brand Identity & Guidelines",Graphic Design,Logo Design,Business Card,Brand Identity & Guidelines,,,,,,,,,,,,,,,,,,,,,,,,,,,
"Color Grading
Visual Effects
Unity",Color Grading,Visual Effects,Unity,,,,,,,,,,,,,,,,,,,,,,,,,,,,
Lead Generation,Lead Generation,,,,,,,,,,,,,,,,,,,,,,,,,,,,,,
"Social Media Account Setup
Content Moderation
Spanish",Social Media Account Setup,Content Moderation,Spanish,,,,,,,,,,,,,,,,,,,,,,,,,,,,
"Product Management
Growth Hacking
Product Development
Product Design
Product Strategy
Software Development
Demo Presentation
Implementation Plan
Minimum Viable Product
Product Backlog
Product Roadmap
User Stories
Status Reports
Requirements Specification
Agile Project Management
Kanban Methodology
Market Research
Project Management
Node.js
React Native
MongoDB
Business Analysis
Notion",Product Management,Growth Hacking,Product Development,Product Design,Product Strategy,Software Development,Demo Presentation,Implementation Plan,Minimum Viable Product,Product Backlog,Product Roadmap,User Stories,Status Reports,Requirements Specification,Agile Project Management,Kanban Methodology,Market Research,Project Management,Node.js,React Native,MongoDB,Business Analysis,Notion,,,,,,,,
"API Integration
Node.js
JavaScript
API
MongoDB
ExpressJS
NestJS",API Integration,Node.js,JavaScript,API,MongoDB,ExpressJS,NestJS,,,,,,,,,,,,,,,,,,,,,,,,
"Fact Checker
Researcher
Fact-Checking
Topic Research
Research Methods",Fact Checker,Researcher,Fact-Checking,Topic Research,Research Methods,,,,,,,,,,,,,,,,,,,,,,,,,,
"Python
Financial Modeling
Financial Analysis
Microsoft Excel
Cryptocurrency
Business Analysis
Technical Analysis
Forex Trading
Blockchain",Python,Financial Modeling,Financial Analysis,Microsoft Excel,Cryptocurrency,Business Analysis,Technical Analysis,Forex Trading,Blockchain,,,,,,,,,,,,,,,,,,,,,,
"3D Design
Graphic Design
Adobe Illustrator
Product Design
3D Modeling
Illustration
Adobe Photoshop",3D Design,Graphic Design,Adobe Illustrator,Product Design,3D Modeling,Illustration,Adobe Photoshop,,,,,,,,,,,,,,,,,,,,,,,,
"PLC Programming
SQL",PLC Programming,SQL,,,,,,,,,,,,,,,,,,,,,,,,,,,,,
"Translation
Japanese",Translation,Japanese,,,,,,,,,,,,,,,,,,,,,,,,,,,,,
"Translation
Japanese",Translation,Japanese,,,,,,,,,,,,,,,,,,,,,,,,,,,,,
"Gaming Console
Native App Development
Android
Smartphone
Java
Android App Development
Mobile App Development
JavaScript
Microsoft Windows
Search Engine Optimization",Gaming Console,Native App Development,Android,Smartphone,Java,Android App Development,Mobile App Development,JavaScript,Microsoft Windows,Search Engine Optimization,,,,,,,,,,,,,,,,,,,,,
"Database Development
MySQL",Database Development,MySQL,,,,,,,,,,,,,,,,,,,,,,,,,,,,,
"Shopify
API Integration
API
Shopify Apps",Shopify,API Integration,API,Shopify Apps,,,,,,,,,,,,,,,,,,,,,,,,,,,
"Web Design
Graphic Design
Mockup
User Flow",Web Design,Graphic Design,Mockup,User Flow,,,,,,,,,,,,,,,,,,,,,,,,,,,
"YouTube
YouTube Ad
Google Ads
YouTube Marketing
Campaign Management",YouTube,YouTube Ad,Google Ads,YouTube Marketing,Campaign Management,,,,,,,,,,,,,,,,,,,,,,,,,,
"WordPress Plugin
Firebase Realtime Database",WordPress Plugin,Firebase Realtime Database,,,,,,,,,,,,,,,,,,,,,,,,,,,,,
"Off-Page SEO
SEO Backlinking
Search Engine Optimization
SEO Keyword Research
Organic Traffic Growth",Off-Page SEO,SEO Backlinking,Search Engine Optimization,SEO Keyword Research,Organic Traffic Growth,,,,,,,,,,,,,,,,,,,,,,,,,,
"SEO Keyword Research
On-Page SEO
Technical SEO
Search Engine Optimization
Google Analytics
SEO Audit
SEO Performance",SEO Keyword Research,On-Page SEO,Technical SEO,Search Engine Optimization,Google Analytics,SEO Audit,SEO Performance,,,,,,,,,,,,,,,,,,,,,,,,
Video Editing,Video Editing,,,,,,,,,,,,,,,,,,,,,,,,,,,,,,
"Data Scraping
Data Mining
Data Extraction
Python",Data Scraping,Data Mining,Data Extraction,Python,,,,,,,,,,,,,,,,,,,,,,,,,,,
"CSS
CMS Development
Responsive Design
Website Optimization
Web Development
ASP.NET
HTML
PHP",CSS,CMS Development,Responsive Design,Website Optimization,Web Development,ASP.NET,HTML,PHP,,,,,,,,,,,,,,,,,,,,,,,
"Quickbooks
Accounting Basics
Balance Sheet
Transaction Data Entry
Cash Flow Statement
QuickBooks Online
Data Entry
Accounting Software
Bookkeeping
Xero",Quickbooks,Accounting Basics,Balance Sheet,Transaction Data Entry,Cash Flow Statement,QuickBooks Online,Data Entry,Accounting Software,Bookkeeping,Xero,,,,,,,,,,,,,,,,,,,,,
"MATLAB
Engineering Simulation
STM32F4
Real-Time Operating System
STM32
C++
Simulink
Embedded System
Motion Controller
Motion Design",MATLAB,Engineering Simulation,STM32F4,Real-Time Operating System,STM32,C++,Simulink,Embedded System,Motion Controller,Motion Design,,,,,,,,,,,,,,,,,,,,,
"Content Writing
Creative Writing
Writing
Copywriting
Article Writing
English
Researcher",Content Writing,Creative Writing,Writing,Copywriting,Article Writing,English,Researcher,,,,,,,,,,,,,,,,,,,,,,,,
"React
JavaScript
Web Application
Figma",React,JavaScript,Web Application,Figma,,,,,,,,,,,,,,,,,,,,,,,,,,,
"Strategy
Company Policy
Organizational Plan
Business Development
Business Operations
Organizational Design & Effectiveness
Change Management
Business Analysis",Strategy,Company Policy,Organizational Plan,Business Development,Business Operations,Organizational Design & Effectiveness,Change Management,Business Analysis,,,,,,,,,,,,,,,,,,,,,,,
"German
Proofreading",German,Proofreading,,,,,,,,,,,,,,,,,,,,,,,,,,,,,
"API
Facebook Development
Facebook
API Integration
Shopify",API,Facebook Development,Facebook,API Integration,Shopify,,,,,,,,,,,,,,,,,,,,,,,,,,
"Article Writing
Content Writing
Researcher
SEO Writing
Blog Content",Article Writing,Content Writing,Researcher,SEO Writing,Blog Content,,,,,,,,,,,,,,,,,,,,,,,,,,
"Article Writing
Content Writing
Researcher
SEO Writing
Blog Content",Article Writing,Content Writing,Researcher,SEO Writing,Blog Content,,,,,,,,,,,,,,,,,,,,,,,,,,
"Article Writing
Content Writing
Researcher
SEO Writing
Blog Content
French",Article Writing,Content Writing,Researcher,SEO Writing,Blog Content,French,,,,,,,,,,,,,,,,,,,,,,,,,
"Finnish
English to Finnish Translation
Finnish to English Translation",Finnish,English to Finnish Translation,Finnish to English Translation,,,,,,,,,,,,,,,,,,,,,,,,,,,,
"On-Page SEO
Off-Page SEO
Technical SEO
SEO Audit
Local SEO
SEO Keyword Research
SEO Backlinking
SEO Strategy
Organic Traffic Growth",On-Page SEO,Off-Page SEO,Technical SEO,SEO Audit,Local SEO,SEO Keyword Research,SEO Backlinking,SEO Strategy,Organic Traffic Growth,,,,,,,,,,,,,,,,,,,,,,
"Article Writing
Content Writing
Researcher
SEO Writing
Blog Content
French",Article Writing,Content Writing,Researcher,SEO Writing,Blog Content,French,,,,,,,,,,,,,,,,,,,,,,,,,
"Amazon EC2
Amazon Web Services
MongoDB
Node.js",Amazon EC2,Amazon Web Services,MongoDB,Node.js,,,,,,,,,,,,,,,,,,,,,,,,,,,
"Social Media Content Creation
Instagram
Social Media Management",Social Media Content Creation,Instagram,Social Media Management,,,,,,,,,,,,,,,,,,,,,,,,,,,,
Microsoft Excel,Microsoft Excel,,,,,,,,,,,,,,,,,,,,,,,,,,,,,,
"Accounting
Bookkeeping
Tax Preparation
Financial Accounting
Tax Law",Accounting,Bookkeeping,Tax Preparation,Financial Accounting,Tax Law,,,,,,,,,,,,,,,,,,,,,,,,,,
"Researcher
Market Research
Company Research
Research Methods
Topic Research
Lead Generation",Researcher,Market Research,Company Research,Research Methods,Topic Research,Lead Generation,,,,,,,,,,,,,,,,,,,,,,,,,
Facebook,Facebook,,,,,,,,,,,,,,,,,,,,,,,,,,,,,,
"Video Production
Camera
Videography
Video Editing",Video Production,Camera,Videography,Video Editing,,,,,,,,,,,,,,,,,,,,,,,,,,,
"Customer Service Analytics
Growth Analytics
Human Resources Analytics
Marketing Analytics
Operations Analytics
Product Analytics
Sales Analytics
Data Analysis
Data Science",Customer Service Analytics,Growth Analytics,Human Resources Analytics,Marketing Analytics,Operations Analytics,Product Analytics,Sales Analytics,Data Analysis,Data Science,,,,,,,,,,,,,,,,,,,,,,
"Interior Design
3D Modeling
3D Design
3D Rendering
Residential Design
Commercial Design",Interior Design,3D Modeling,3D Design,3D Rendering,Residential Design,Commercial Design,,,,,,,,,,,,,,,,,,,,,,,,,
"Tech & IT
Lead Generation
List Building",Tech & IT,Lead Generation,List Building,,,,,,,,,,,,,,,,,,,,,,,,,,,,
JavaScript,JavaScript,,,,,,,,,,,,,,,,,,,,,,,,,,,,,,
"Microsoft Windows
Network Administration
VPN
Network Equipment
Network Security
Computer Network
Network Engineering
Virtual LAN",Microsoft Windows,Network Administration,VPN,Network Equipment,Network Security,Computer Network,Network Engineering,Virtual LAN,,,,,,,,,,,,,,,,,,,,,,,
"Statistics
Microsoft Excel
Data Analysis
IBM SPSS
Data Entry",Statistics,Microsoft Excel,Data Analysis,IBM SPSS,Data Entry,,,,,,,,,,,,,,,,,,,,,,,,,,
"Presentation Design
Microsoft PowerPoint
Business Presentation",Presentation Design,Microsoft PowerPoint,Business Presentation,,,,,,,,,,,,,,,,,,,,,,,,,,,,
"Animation
Motion Graphics
2D Animation
Video Commercial
Adobe Premiere Pro
Video Intro & Outro",Animation,Motion Graphics,2D Animation,Video Commercial,Adobe Premiere Pro,Video Intro & Outro,,,,,,,,,,,,,,,,,,,,,,,,,
"Project Management
Project Scheduling
Product Management
Critical Thinking Skills
Decision Making",Project Management,Project Scheduling,Product Management,Critical Thinking Skills,Decision Making,,,,,,,,,,,,,,,,,,,,,,,,,,
"Illustration
Adobe Photoshop",Illustration,Adobe Photoshop,,,,,,,,,,,,,,,,,,,,,,,,,,,,,
"Human Resource Management
HR & Business Services
Human Resources Strategy",Human Resource Management,HR & Business Services,Human Resources Strategy,,,,,,,,,,,,,,,,,,,,,,,,,,,,
"Zoho Books
Invoicing
Customer Service
Slack",Zoho Books,Invoicing,Customer Service,Slack,,,,,,,,,,,,,,,,,,,,,,,,,,,
"Legal
Legal Consulting",Legal,Legal Consulting,,,,,,,,,,,,,,,,,,,,,,,,,,,,,
"Figma
Web Design
Mockup",Figma,Web Design,Mockup,,,,,,,,,,,,,,,,,,,,,,,,,,,,
"Game Development
C++
C#
Unity",Game Development,C++,C#,Unity,,,,,,,,,,,,,,,,,,,,,,,,,,,
"Amazon Webstore
Amazon FBA
Pay Per Click Advertising
Amazon PPC
Dropshipping",Amazon Webstore,Amazon FBA,Pay Per Click Advertising,Amazon PPC,Dropshipping,,,,,,,,,,,,,,,,,,,,,,,,,,
"Social Media Management
Instagram
Facebook
Social Media Marketing
Marketing Strategy",Social Media Management,Instagram,Facebook,Social Media Marketing,Marketing Strategy,,,,,,,,,,,,,,,,,,,,,,,,,,
"Sales & Marketing
Legal",Sales & Marketing,Legal,,,,,,,,,,,,,,,,,,,,,,,,,,,,,
"Marketing Management
Product Marketing",Marketing Management,Product Marketing,,,,,,,,,,,,,,,,,,,,,,,,,,,,,
"Sports & Recreation
Videography
Camera",Sports & Recreation,Videography,Camera,,,,,,,,,,,,,,,,,,,,,,,,,,,,
"Python
PDF",Python,PDF,,,,,,,,,,,,,,,,,,,,,,,,,,,,,
US English Dialect,US English Dialect,,,,,,,,,,,,,,,,,,,,,,,,,,,,,,
"Sales
Lead Generation
Telemarketing
B2B Marketing
Cold Calling
Outbound Sales",Sales,Lead Generation,Telemarketing,B2B Marketing,Cold Calling,Outbound Sales,,,,,,,,,,,,,,,,,,,,,,,,,
"Microsoft Word
Data Entry
Typing
English",Microsoft Word,Data Entry,Typing,English,,,,,,,,,,,,,,,,,,,,,,,,,,,
"Lead Generation
Data Entry
List Building
Prospect List
Virtual Assistant",Lead Generation,Data Entry,List Building,Prospect List,Virtual Assistant,,,,,,,,,,,,,,,,,,,,,,,,,,
"JavaScript
Google Tag Manager",JavaScript,Google Tag Manager,,,,,,,,,,,,,,,,,,,,,,,,,,,,,
"Lead Generation
Data Entry
List Building
Prospect List
Virtual Assistant",Lead Generation,Data Entry,List Building,Prospect List,Virtual Assistant,,,,,,,,,,,,,,,,,,,,,,,,,,
"Search Engine Optimization
SEO Keyword Research
SEO Backlinking
Organic Traffic Growth",Search Engine Optimization,SEO Keyword Research,SEO Backlinking,Organic Traffic Growth,,,,,,,,,,,,,,,,,,,,,,,,,,,
React,React,,,,,,,,,,,,,,,,,,,,,,,,,,,,,,
"Video Editing
Video Post-Editing",Video Editing,Video Post-Editing,,,,,,,,,,,,,,,,,,,,,,,,,,,,,
"Web Design
Web Development
WordPress
Graphic Design
Content Writing",Web Design,Web Development,WordPress,Graphic Design,Content Writing,,,,,,,,,,,,,,,,,,,,,,,,,,
"Content Writing
Creative Writing
Writing
Article Writing
Blog Writing
Copywriting",Content Writing,Creative Writing,Writing,Article Writing,Blog Writing,Copywriting,,,,,,,,,,,,,,,,,,,,,,,,,
"Lead Generation
HubSpot
Travel & Hospitality
Researcher
Communications
French",Lead Generation,HubSpot,Travel & Hospitality,Researcher,Communications,French,,,,,,,,,,,,,,,,,,,,,,,,,
"Android App Development
Mobile App Development
User Authentication
iOS Development",Android App Development,Mobile App Development,User Authentication,iOS Development,,,,,,,,,,,,,,,,,,,,,,,,,,,
"Web Development
PHP
JavaScript",Web Development,PHP,JavaScript,,,,,,,,,,,,,,,,,,,,,,,,,,,,
"Audio Editing
Visual Effects
Video Production
Video Editing",Audio Editing,Visual Effects,Video Production,Video Editing,,,,,,,,,,,,,,,,,,,,,,,,,,,
"UX & UI
Interaction Design
Mobile App Design
Wireframing
Prototyping
User Interface Design",UX & UI,Interaction Design,Mobile App Design,Wireframing,Prototyping,User Interface Design,,,,,,,,,,,,,,,,,,,,,,,,,
"Social Media Marketing
Advertising
Social Media Advertising
Marketing Strategy",Social Media Marketing,Advertising,Social Media Advertising,Marketing Strategy,,,,,,,,,,,,,,,,,,,,,,,,,,,
"API Integration
Cryptocurrency
Python
API
AWS Lambda
Trading Automation",API Integration,Cryptocurrency,Python,API,AWS Lambda,Trading Automation,,,,,,,,,,,,,,,,,,,,,,,,,
"Autodesk AutoCAD
Drafting
CAD & CAM Software
Architectural Design",Autodesk AutoCAD,Drafting,CAD & CAM Software,Architectural Design,,,,,,,,,,,,,,,,,,,,,,,,,,,
"Photo Editing
Image Editing
Photo Retouching
Photo Manipulation",Photo Editing,Image Editing,Photo Retouching,Photo Manipulation,,,,,,,,,,,,,,,,,,,,,,,,,,,
"Mapbox
iOS Development
Android
Smartphone
iOS
Location-Based Service
Mobile App Development
Map Integration
Android App Development
User Profile Creation
User Authentication
Map Plugin
Location Framework",Mapbox,iOS Development,Android,Smartphone,iOS,Location-Based Service,Mobile App Development,Map Integration,Android App Development,User Profile Creation,User Authentication,Map Plugin,Location Framework,,,,,,,,,,,,,,,,,,
"Game UI/UX Design
Mobile UI Design
3D Modeling
3D Design
3D Rendering
Game Design
Game Development
Mobile Game Development",Game UI/UX Design,Mobile UI Design,3D Modeling,3D Design,3D Rendering,Game Design,Game Development,Mobile Game Development,,,,,,,,,,,,,,,,,,,,,,,
"JavaScript
three.js
HTML",JavaScript,three.js,HTML,,,,,,,,,,,,,,,,,,,,,,,,,,,,
"Ruby on Rails
CSS
HTML
JavaScript
Tailwind CSS",Ruby on Rails,CSS,HTML,JavaScript,Tailwind CSS,,,,,,,,,,,,,,,,,,,,,,,,,,
"Drupal
Ecommerce Website
Ecommerce Platform Development
Web Application",Drupal,Ecommerce Website,Ecommerce Platform Development,Web Application,,,,,,,,,,,,,,,,,,,,,,,,,,,
"PrestaShop
PHP",PrestaShop,PHP,,,,,,,,,,,,,,,,,,,,,,,,,,,,,
"MongoDB
Node.js
ExpressJS
JavaScript
API
API Development
RESTful API
Database
Database Architecture
Database Design",MongoDB,Node.js,ExpressJS,JavaScript,API,API Development,RESTful API,Database,Database Architecture,Database Design,,,,,,,,,,,,,,,,,,,,,
"Search Engine Optimization
SEO Backlinking",Search Engine Optimization,SEO Backlinking,,,,,,,,,,,,,,,,,,,,,,,,,,,,,
"Proofreading
French
German
Error Detection
Translation",Proofreading,French,German,Error Detection,Translation,,,,,,,,,,,,,,,,,,,,,,,,,,
"Search Engine Optimization
SEO Writing
Blog Content
Content Writing
Researcher
Article
Blog Writing
SEO Keyword Research
Copywriting
Article Writing",Search Engine Optimization,SEO Writing,Blog Content,Content Writing,Researcher,Article,Blog Writing,SEO Keyword Research,Copywriting,Article Writing,,,,,,,,,,,,,,,,,,,,,
"Adobe After Effects
Video Post-Editing
Video Production
Adobe Premiere Pro
Video Editing
Final Cut Pro X
Audio Editing",Adobe After Effects,Video Post-Editing,Video Production,Adobe Premiere Pro,Video Editing,Final Cut Pro X,Audio Editing,,,,,,,,,,,,,,,,,,,,,,,,
"Graphic Design
Infographic
Social Media Imagery
Adobe Photoshop",Graphic Design,Infographic,Social Media Imagery,Adobe Photoshop,,,,,,,,,,,,,,,,,,,,,,,,,,,
WordPress,WordPress,,,,,,,,,,,,,,,,,,,,,,,,,,,,,,
"Software Testing
Manual Testing
Web Testing
Mobile App Testing",Software Testing,Manual Testing,Web Testing,Mobile App Testing,,,,,,,,,,,,,,,,,,,,,,,,,,,
"Arduino
ESP32",Arduino,ESP32,,,,,,,,,,,,,,,,,,,,,,,,,,,,,
"Creative Writing
Writing
English
Virtual Assistant
Lead Generation",Creative Writing,Writing,English,Virtual Assistant,Lead Generation,,,,,,,,,,,,,,,,,,,,,,,,,,
"Database Architecture
Database
Relational Database",Database Architecture,Database,Relational Database,,,,,,,,,,,,,,,,,,,,,,,,,,,,
"Fact-Checking
Search Engine Optimization
English
Writing
Content Writing",Fact-Checking,Search Engine Optimization,English,Writing,Content Writing,,,,,,,,,,,,,,,,,,,,,,,,,,
"Administrative Support
Customer Support
Communications
Email Communication",Administrative Support,Customer Support,Communications,Email Communication,,,,,,,,,,,,,,,,,,,,,,,,,,,
"English
Communications
Social Media Marketing
Data Entry
List Building
Lead Generation
Prospect List
Researcher
Market Research
Microsoft Excel",English,Communications,Social Media Marketing,Data Entry,List Building,Lead Generation,Prospect List,Researcher,Market Research,Microsoft Excel,,,,,,,,,,,,,,,,,,,,,
"Selenium
Python
Data Extraction",Selenium,Python,Data Extraction,,,,,,,,,,,,,,,,,,,,,,,,,,,,
"Accounting
Bookkeeping
Bank Reconciliation
Balance Sheet
Financial Accounting
Payroll Accounting",Accounting,Bookkeeping,Bank Reconciliation,Balance Sheet,Financial Accounting,Payroll Accounting,,,,,,,,,,,,,,,,,,,,,,,,,
Italian,Italian,,,,,,,,,,,,,,,,,,,,,,,,,,,,,,
"Java
RESTful API
Spring Framework",Java,RESTful API,Spring Framework,,,,,,,,,,,,,,,,,,,,,,,,,,,,
"Virtual Assistant
Virtual Assistance
File Management",Virtual Assistant,Virtual Assistance,File Management,,,,,,,,,,,,,,,,,,,,,,,,,,,,
"Print Design
Fashion Design
Illustration
Clothing
Adobe Illustrator
Graphic Design",Print Design,Fashion Design,Illustration,Clothing,Adobe Illustrator,Graphic Design,,,,,,,,,,,,,,,,,,,,,,,,,
"Graphic Design
Layout Design
Adobe Illustrator
Photo Editing
Brochure
Adobe InDesign
Adobe Photoshop
Content Writing
Print Design
Brand Identity & Guidelines",Graphic Design,Layout Design,Adobe Illustrator,Photo Editing,Brochure,Adobe InDesign,Adobe Photoshop,Content Writing,Print Design,Brand Identity & Guidelines,,,,,,,,,,,,,,,,,,,,,
"Education
Health & Wellness
Retail & Consumer Goods
Business with 1-9 Employees
Email Campaign Setup
Mailchimp
Email Marketing Strategy
Customer Retention
Audience Segmentation & Targeting",Education,Health & Wellness,Retail & Consumer Goods,Business with 1-9 Employees,Email Campaign Setup,Mailchimp,Email Marketing Strategy,Customer Retention,Audience Segmentation & Targeting,,,,,,,,,,,,,,,,,,,,,,
"Community Management
Social Media Management
Twitch
Streaming Platform
Live Streaming Setup
Community Moderation",Community Management,Social Media Management,Twitch,Streaming Platform,Live Streaming Setup,Community Moderation,,,,,,,,,,,,,,,,,,,,,,,,,
"Instagram
Social Media Content Creation
Instagram Story
Content Writing
Content Strategy
Social Media Content",Instagram,Social Media Content Creation,Instagram Story,Content Writing,Content Strategy,Social Media Content,,,,,,,,,,,,,,,,,,,,,,,,,
"Influencer Marketing
Researcher
Social Media Marketing
TikTok",Influencer Marketing,Researcher,Social Media Marketing,TikTok,,,,,,,,,,,,,,,,,,,,,,,,,,,
"Facebook Ads Manager
Social Media Marketing
Appointment Setting
Campaign Management",Facebook Ads Manager,Social Media Marketing,Appointment Setting,Campaign Management,,,,,,,,,,,,,,,,,,,,,,,,,,,
"Lead Generation
Google Ads
Email Marketing
Website Builder
Python
JavaScript
PHP
SEO Backlinking",Lead Generation,Google Ads,Email Marketing,Website Builder,Python,JavaScript,PHP,SEO Backlinking,,,,,,,,,,,,,,,,,,,,,,,
"Adobe Illustrator
Adobe Photoshop
Illustration
Graphic Design",Adobe Illustrator,Adobe Photoshop,Illustration,Graphic Design,,,,,,,,,,,,,,,,,,,,,,,,,,,
"Data Entry
Microsoft Excel
Google Docs
Accuracy Verification",Data Entry,Microsoft Excel,Google Docs,Accuracy Verification,,,,,,,,,,,,,,,,,,,,,,,,,,,
"CSS
JavaScript
HTML",CSS,JavaScript,HTML,,,,,,,,,,,,,,,,,,,,,,,,,,,,
Flutter,Flutter,,,,,,,,,,,,,,,,,,,,,,,,,,,,,,
"CSS
JavaScript
HTML",CSS,JavaScript,HTML,,,,,,,,,,,,,,,,,,,,,,,,,,,,
Flutter,Flutter,,,,,,,,,,,,,,,,,,,,,,,,,,,,,,
"JavaScript
Shopify Theme
Shopify Templates
Liquid
Shopify Apps
HTML5
HTML
CSS",JavaScript,Shopify Theme,Shopify Templates,Liquid,Shopify Apps,HTML5,HTML,CSS,,,,,,,,,,,,,,,,,,,,,,,
"Digital Art
Adobe Illustrator
Illustration
Minimalist
Adobe Photoshop",Digital Art,Adobe Illustrator,Illustration,Minimalist,Adobe Photoshop,,,,,,,,,,,,,,,,,,,,,,,,,,
"Audio Editing
Audio Post Production",Audio Editing,Audio Post Production,,,,,,,,,,,,,,,,,,,,,,,,,,,,,
"Real Estate
File Management
Cold Calling
Scheduling
Phone Communication
Communications
Virtual Assistant
Virtual Assistance",Real Estate,File Management,Cold Calling,Scheduling,Phone Communication,Communications,Virtual Assistant,Virtual Assistance,,,,,,,,,,,,,,,,,,,,,,,
"Video Intro & Outro
Testimonial Video
Corporate Video
Video Editing
Adobe After Effects
Adobe Premiere Pro
Video Post-Editing
Explainer Video
Video Commercial
Motion Graphics",Video Intro & Outro,Testimonial Video,Corporate Video,Video Editing,Adobe After Effects,Adobe Premiere Pro,Video Post-Editing,Explainer Video,Video Commercial,Motion Graphics,,,,,,,,,,,,,,,,,,,,,
"Layout Design
Graphic Designer
Graphic Design
Adobe Photoshop
Adobe Illustrator
Wireframing
Illustration",Layout Design,Graphic Designer,Graphic Design,Adobe Photoshop,Adobe Illustrator,Wireframing,Illustration,,,,,,,,,,,,,,,,,,,,,,,,
"Canadian English Dialect
US English Dialect
British English Accent
Australian English Dialect",Canadian English Dialect,US English Dialect,British English Accent,Australian English Dialect,,,,,,,,,,,,,,,,,,,,,,,,,,,
"Web Development
CSS
JavaScript",Web Development,CSS,JavaScript,,,,,,,,,,,,,,,,,,,,,,,,,,,,
"Content Writing
Copywriting
English
Creative Writing
Blog Writing
Blog Content
Social Media Content",Content Writing,Copywriting,English,Creative Writing,Blog Writing,Blog Content,Social Media Content,,,,,,,,,,,,,,,,,,,,,,,,
"Character Illustration
Animation",Character Illustration,Animation,,,,,,,,,,,,,,,,,,,,,,,,,,,,,
"Social Media Manager
SEO Writing
Customer Service
Article Writing
Product Catalog Setup & Optimization",Social Media Manager,SEO Writing,Customer Service,Article Writing,Product Catalog Setup & Optimization,,,,,,,,,,,,,,,,,,,,,,,,,,
Zoho Creator,Zoho Creator,,,,,,,,,,,,,,,,,,,,,,,,,,,,,,
"SEO Keyword Research
Search Engine Optimization
Organic Traffic Growth
On-Page SEO",SEO Keyword Research,Search Engine Optimization,Organic Traffic Growth,On-Page SEO,,,,,,,,,,,,,,,,,,,,,,,,,,,
"Spanish
German",Spanish,German,,,,,,,,,,,,,,,,,,,,,,,,,,,,,
"Social Media Management
Facebook
Facebook Advertising
Retargeting",Social Media Management,Facebook,Facebook Advertising,Retargeting,,,,,,,,,,,,,,,,,,,,,,,,,,,
"Microsoft Word
Typing
Data Entry
Microsoft Excel
Microsoft Office
English
File Management",Microsoft Word,Typing,Data Entry,Microsoft Excel,Microsoft Office,English,File Management,,,,,,,,,,,,,,,,,,,,,,,,
"Payroll Accounting
Quickbooks
Balance Sheet
Bank Reconciliation
Xero
Account Reconciliation
Payment Processing",Payroll Accounting,Quickbooks,Balance Sheet,Bank Reconciliation,Xero,Account Reconciliation,Payment Processing,,,,,,,,,,,,,,,,,,,,,,,,
"Scriptwriting
English
Content Writing
Writing",Scriptwriting,English,Content Writing,Writing,,,,,,,,,,,,,,,,,,,,,,,,,,,
"Social Media Management
Facebook
Facebook Advertising
Retargeting",Social Media Management,Facebook,Facebook Advertising,Retargeting,,,,,,,,,,,,,,,,,,,,,,,,,,,
"Microsoft Word
Typing
Data Entry
Microsoft Excel
Microsoft Office
English
File Management",Microsoft Word,Typing,Data Entry,Microsoft Excel,Microsoft Office,English,File Management,,,,,,,,,,,,,,,,,,,,,,,,
"Payroll Accounting
Quickbooks
Balance Sheet
Bank Reconciliation
Xero
Account Reconciliation
Payment Processing",Payroll Accounting,Quickbooks,Balance Sheet,Bank Reconciliation,Xero,Account Reconciliation,Payment Processing,,,,,,,,,,,,,,,,,,,,,,,,
"Scriptwriting
English
Content Writing
Writing",Scriptwriting,English,Content Writing,Writing,,,,,,,,,,,,,,,,,,,,,,,,,,,
"English
Scriptwriting
Creative Writing
Explainer Video",English,Scriptwriting,Creative Writing,Explainer Video,,,,,,,,,,,,,,,,,,,,,,,,,,,
"Blog Writing
Content Writing
Blog Content
Website Content
Article Writing",Blog Writing,Content Writing,Blog Content,Website Content,Article Writing,,,,,,,,,,,,,,,,,,,,,,,,,,
"Light Bookkeeping
Real Estate
Social Media Account Setup
Virtual Assistant
Administrative Support
Virtual Assistance",Light Bookkeeping,Real Estate,Social Media Account Setup,Virtual Assistant,Administrative Support,Virtual Assistance,,,,,,,,,,,,,,,,,,,,,,,,,
"Audio Production
Audio Editing
Audio Mastering
Music & Sound Design",Audio Production,Audio Editing,Audio Mastering,Music & Sound Design,,,,,,,,,,,,,,,,,,,,,,,,,,,
"Google Analytics
Firebase
React Native
Mobile App Development",Google Analytics,Firebase,React Native,Mobile App Development,,,,,,,,,,,,,,,,,,,,,,,,,,,
"YouTube Development
Google Ads",YouTube Development,Google Ads,,,,,,,,,,,,,,,,,,,,,,,,,,,,,
"Website
Website Redesign
HTML
Business with 10-99 Employees
WordPress
SEO Keyword Research
Search Engine Optimization",Website,Website Redesign,HTML,Business with 10-99 Employees,WordPress,SEO Keyword Research,Search Engine Optimization,,,,,,,,,,,,,,,,,,,,,,,,
Video Editing,Video Editing,,,,,,,,,,,,,,,,,,,,,,,,,,,,,,
"PrestaShop
JavaScript
HTML
PHP
CSS",PrestaShop,JavaScript,HTML,PHP,CSS,,,,,,,,,,,,,,,,,,,,,,,,,,
"C#
PHP
API
RESTful API",C#,PHP,API,RESTful API,,,,,,,,,,,,,,,,,,,,,,,,,,,
"Market Research
Researcher
Amazon FBA
Company Research",Market Research,Researcher,Amazon FBA,Company Research,,,,,,,,,,,,,,,,,,,,,,,,,,,
"Zoho Creator
Zoho Analytics",Zoho Creator,Zoho Analytics,,,,,,,,,,,,,,,,,,,,,,,,,,,,,
Dutch,Dutch,,,,,,,,,,,,,,,,,,,,,,,,,,,,,,
"Video Editing
Video Post-Editing
Adobe Premiere Pro
Adobe After Effects
Video Production",Video Editing,Video Post-Editing,Adobe Premiere Pro,Adobe After Effects,Video Production,,,,,,,,,,,,,,,,,,,,,,,,,,
"Researcher
Content Writing
Blog Content
Article
Blog Writing
Creative Writing
English
Entertainment
Article Writing",Researcher,Content Writing,Blog Content,Article,Blog Writing,Creative Writing,English,Entertainment,Article Writing,,,,,,,,,,,,,,,,,,,,,,
"SEO Backlinking
Spamming",SEO Backlinking,Spamming,,,,,,,,,,,,,,,,,,,,,,,,,,,,,
"Travel & Hospitality
Content Audit
CMS Product Upload
Content Upload
Website Content
Website Copywriting
Search Engine Optimization
Research & Strategy",Travel & Hospitality,Content Audit,CMS Product Upload,Content Upload,Website Content,Website Copywriting,Search Engine Optimization,Research & Strategy,,,,,,,,,,,,,,,,,,,,,,,
"Web Design
High Fidelity Design
Mobile UI Design
UI/UX Prototyping
Mobile App Design",Web Design,High Fidelity Design,Mobile UI Design,UI/UX Prototyping,Mobile App Design,,,,,,,,,,,,,,,,,,,,,,,,,,
"Microsoft Word
Typing
Data Entry
Microsoft Excel
Microsoft Office
English",Microsoft Word,Typing,Data Entry,Microsoft Excel,Microsoft Office,English,,,,,,,,,,,,,,,,,,,,,,,,,
"Cryptocurrency
Web3
Blockchain, NFT & Cryptocurrency
Proofreading
English",Cryptocurrency,Web3,"Blockchain, NFT & Cryptocurrency",Proofreading,English,,,,,,,,,,,,,,,,,,,,,,,,,,
"Calming Tone
Authoritative Tone
Dramatic Tone
Energetic Tone
Narration
US English Dialect
Voice-Over
Voice Acting
Canadian English Dialect
Male",Calming Tone,Authoritative Tone,Dramatic Tone,Energetic Tone,Narration,US English Dialect,Voice-Over,Voice Acting,Canadian English Dialect,Male,,,,,,,,,,,,,,,,,,,,,
"Health & Wellness
Lead Generation
Facebook Advertising
Facebook
Social Media Marketing
Instagram",Health & Wellness,Lead Generation,Facebook Advertising,Facebook,Social Media Marketing,Instagram,,,,,,,,,,,,,,,,,,,,,,,,,
"Dropshipping
Factory & Supplier Auditing
1688.com
Sourcing
Alibaba Sourcing
Chinese
Logistics Management
Supplier Search
Buying
Price & Quote Negotiation",Dropshipping,Factory & Supplier Auditing,1688.com,Sourcing,Alibaba Sourcing,Chinese,Logistics Management,Supplier Search,Buying,Price & Quote Negotiation,,,,,,,,,,,,,,,,,,,,,
"HTML
CSS
JavaScript
HTML5
Landing Page",HTML,CSS,JavaScript,HTML5,Landing Page,,,,,,,,,,,,,,,,,,,,,,,,,,
"Shopify
Web Design",Shopify,Web Design,,,,,,,,,,,,,,,,,,,,,,,,,,,,,
"LinkedIn
Social Media Management
Facebook
Instagram
Social Media Content Creation
Instagram Story
Lead Generation
Social Media Content
Social Media Marketing
Twitter Marketing",LinkedIn,Social Media Management,Facebook,Instagram,Social Media Content Creation,Instagram Story,Lead Generation,Social Media Content,Social Media Marketing,Twitter Marketing,,,,,,,,,,,,,,,,,,,,,
"LinkedIn
Social Media Management
Facebook
Instagram
Social Media Content Creation
Instagram Story
Lead Generation
Social Media Content
Social Media Marketing
Twitter Marketing",LinkedIn,Social Media Management,Facebook,Instagram,Social Media Content Creation,Instagram Story,Lead Generation,Social Media Content,Social Media Marketing,Twitter Marketing,,,,,,,,,,,,,,,,,,,,,
"CSS 3
Shopify
Shopify Templates
Shopify Theme
CSS
HTML
Web Design
Web Development
Shopify Apps
JavaScript",CSS 3,Shopify,Shopify Templates,Shopify Theme,CSS,HTML,Web Design,Web Development,Shopify Apps,JavaScript,,,,,,,,,,,,,,,,,,,,,
"Blender
Maxon Cinema 4D
Food & Beverage
3D Modeling
3D Rendering
3D Design
Autodesk 3ds Max",Blender,Maxon Cinema 4D,Food & Beverage,3D Modeling,3D Rendering,3D Design,Autodesk 3ds Max,,,,,,,,,,,,,,,,,,,,,,,,
"WordPress
Web Development",WordPress,Web Development,,,,,,,,,,,,,,,,,,,,,,,,,,,,,
"Video Intro & Outro
Audio Editing
Sound Mixing",Video Intro & Outro,Audio Editing,Sound Mixing,,,,,,,,,,,,,,,,,,,,,,,,,,,,
"Adobe Photoshop
TIFF
People
Retouching & Enhancement
Photo Retouching
Photo Editing",Adobe Photoshop,TIFF,People,Retouching & Enhancement,Photo Retouching,Photo Editing,,,,,,,,,,,,,,,,,,,,,,,,,
"Instagram
Data Entry
Email Marketing
Lead Generation",Instagram,Data Entry,Email Marketing,Lead Generation,,,,,,,,,,,,,,,,,,,,,,,,,,,
"Copywriting
Blog Content
Content Writing
Blog Writing
SEO Writing
Article Writing
Article
Search Engine Optimization",Copywriting,Blog Content,Content Writing,Blog Writing,SEO Writing,Article Writing,Article,Search Engine Optimization,,,,,,,,,,,,,,,,,,,,,,,
"Game Testing
Product Stability
Web Page
German",Game Testing,Product Stability,Web Page,German,,,,,,,,,,,,,,,,,,,,,,,,,,,
"Microsoft Excel
Data Analysis
Statistics",Microsoft Excel,Data Analysis,Statistics,,,,,,,,,,,,,,,,,,,,,,,,,,,,
"Adobe XD
Mobile App Design
User Interface Design
User Flow
User Experience Design",Adobe XD,Mobile App Design,User Interface Design,User Flow,User Experience Design,,,,,,,,,,,,,,,,,,,,,,,,,,
"IT Compliance Audit
Data Analysis
Google
Google Workspace Administration",IT Compliance Audit,Data Analysis,Google,Google Workspace Administration,,,,,,,,,,,,,,,,,,,,,,,,,,,
"Legal
Corporate Law
Finance & Accounting
Legal Consulting
Tax Law",Legal,Corporate Law,Finance & Accounting,Legal Consulting,Tax Law,,,,,,,,,,,,,,,,,,,,,,,,,,
"Facebook
Instagram
Google Ads
Social Media Marketing
Facebook Advertising",Facebook,Instagram,Google Ads,Social Media Marketing,Facebook Advertising,,,,,,,,,,,,,,,,,,,,,,,,,,
"Microsoft PowerPoint
Presentation Design
Branding",Microsoft PowerPoint,Presentation Design,Branding,,,,,,,,,,,,,,,,,,,,,,,,,,,,
"Voice Acting
German
Voice-Over
General Transcription
Voice-Over Recording",Voice Acting,German,Voice-Over,General Transcription,Voice-Over Recording,,,,,,,,,,,,,,,,,,,,,,,,,,
"Graphic Design
Adobe Photoshop
Logo Design
Adobe Illustrator
Layout Design
Microsoft PowerPoint
Social Media Imagery
Digital Marketing Materials
Corporate Brand Identity
Brand Positioning",Graphic Design,Adobe Photoshop,Logo Design,Adobe Illustrator,Layout Design,Microsoft PowerPoint,Social Media Imagery,Digital Marketing Materials,Corporate Brand Identity,Brand Positioning,,,,,,,,,,,,,,,,,,,,,
"Data Analysis
Statistics
Algorithm Development
Machine Learning
Quantitative Analysis
Financial Analysis
Data Science",Data Analysis,Statistics,Algorithm Development,Machine Learning,Quantitative Analysis,Financial Analysis,Data Science,,,,,,,,,,,,,,,,,,,,,,,,
"Video Editing
Adobe Premiere Pro
Video Post-Editing
Video Production
Adobe After Effects
Video Commercial
Education
Music Video
Final Cut Pro X
Photo Slideshow",Video Editing,Adobe Premiere Pro,Video Post-Editing,Video Production,Adobe After Effects,Video Commercial,Education,Music Video,Final Cut Pro X,Photo Slideshow,,,,,,,,,,,,,,,,,,,,,
"Logo Design
Graphic Design
Social Media Imagery
Brand Identity & Guidelines
Infographic
Brand Guidelines
Corporate Brand Identity
Adobe Illustrator
Digital Marketing Materials",Logo Design,Graphic Design,Social Media Imagery,Brand Identity & Guidelines,Infographic,Brand Guidelines,Corporate Brand Identity,Adobe Illustrator,Digital Marketing Materials,,,,,,,,,,,,,,,,,,,,,,
"Video Editing
Adobe Premiere Pro
Video Post-Editing
Video Production
Adobe After Effects
Video Commercial
Education
Music Video
Final Cut Pro X
Photo Slideshow",Video Editing,Adobe Premiere Pro,Video Post-Editing,Video Production,Adobe After Effects,Video Commercial,Education,Music Video,Final Cut Pro X,Photo Slideshow,,,,,,,,,,,,,,,,,,,,,
"Logo Design
Graphic Design
Social Media Imagery
Brand Identity & Guidelines
Infographic
Brand Guidelines
Corporate Brand Identity
Adobe Illustrator
Digital Marketing Materials",Logo Design,Graphic Design,Social Media Imagery,Brand Identity & Guidelines,Infographic,Brand Guidelines,Corporate Brand Identity,Adobe Illustrator,Digital Marketing Materials,,,,,,,,,,,,,,,,,,,,,,
"Social Media Marketing
SEO Writing
Content Writing
Copywriting
SEO Backlinking
SEO Keyword Research
Internet Marketing
Facebook
Instagram
TikTok",Social Media Marketing,SEO Writing,Content Writing,Copywriting,SEO Backlinking,SEO Keyword Research,Internet Marketing,Facebook,Instagram,TikTok,,,,,,,,,,,,,,,,,,,,,
"Ionic Framework
Android
iOS
Angular
AngularJS",Ionic Framework,Android,iOS,Angular,AngularJS,,,,,,,,,,,,,,,,,,,,,,,,,,
"3D Modeling
SketchUp
Photorealistic Rendering
3D Rendering
Architectural Rendering
3D Design
Exterior Rendering",3D Modeling,SketchUp,Photorealistic Rendering,3D Rendering,Architectural Rendering,3D Design,Exterior Rendering,,,,,,,,,,,,,,,,,,,,,,,,
"Graphic Design
Creative Writing
Social Media Marketing
Social Media Content Creation
Social Media Management",Graphic Design,Creative Writing,Social Media Marketing,Social Media Content Creation,Social Media Management,,,,,,,,,,,,,,,,,,,,,,,,,,
"3D Animation
Brand Identity & Guidelines
Social Media Imagery
Adobe Photoshop
Adobe Illustrator
Graphic Design",3D Animation,Brand Identity & Guidelines,Social Media Imagery,Adobe Photoshop,Adobe Illustrator,Graphic Design,,,,,,,,,,,,,,,,,,,,,,,,,
"Creative Writing
Content Writing
Copywriting
Scriptwriting
Script
English
Article Writing
Writing
Screenwriting
Scripting",Creative Writing,Content Writing,Copywriting,Scriptwriting,Script,English,Article Writing,Writing,Screenwriting,Scripting,,,,,,,,,,,,,,,,,,,,,
"Sales & Marketing
HubSpot
Customer Relationship Management
Dashboard
Business Development",Sales & Marketing,HubSpot,Customer Relationship Management,Dashboard,Business Development,,,,,,,,,,,,,,,,,,,,,,,,,,
"Social Media Management
Facebook Advertising
Social Media Account Setup
Display Ad
Mobile Advertising
Native Advertising
Facebook
Instagram
Social Media Advertising
Social Media Marketing",Social Media Management,Facebook Advertising,Social Media Account Setup,Display Ad,Mobile Advertising,Native Advertising,Facebook,Instagram,Social Media Advertising,Social Media Marketing,,,,,,,,,,,,,,,,,,,,,
"Social Media Management
Facebook Advertising
Social Media Account Setup
Display Ad
Mobile Advertising
Native Advertising
Facebook
Instagram
Social Media Advertising
Social Media Marketing",Social Media Management,Facebook Advertising,Social Media Account Setup,Display Ad,Mobile Advertising,Native Advertising,Facebook,Instagram,Social Media Advertising,Social Media Marketing,,,,,,,,,,,,,,,,,,,,,
"Adobe Illustrator
Vector Graphic
Vector Art
Cartoon Art
Digital Illustration
VectorWorks
Drawing",Adobe Illustrator,Vector Graphic,Vector Art,Cartoon Art,Digital Illustration,VectorWorks,Drawing,,,,,,,,,,,,,,,,,,,,,,,,
"Writing
Article Writing
SEO Writing
SEO Keyword Research
Castilian Spanish",Writing,Article Writing,SEO Writing,SEO Keyword Research,Castilian Spanish,,,,,,,,,,,,,,,,,,,,,,,,,,
"Competitive Analysis
Market Research
Polish
Real Estate",Competitive Analysis,Market Research,Polish,Real Estate,,,,,,,,,,,,,,,,,,,,,,,,,,,
"Article
Legal Writing
Content Writing
Copywriting
Article Writing
Writing
Blog Writing
Researcher
Blog Content
English",Article,Legal Writing,Content Writing,Copywriting,Article Writing,Writing,Blog Writing,Researcher,Blog Content,English,,,,,,,,,,,,,,,,,,,,,
"Video Editing
Adobe Premiere Pro
Video Post-Editing
Final Cut Pro X
Video Production
Explainer Video
Adobe After Effects
Video Intro & Outro
Education
Video Commercial",Video Editing,Adobe Premiere Pro,Video Post-Editing,Final Cut Pro X,Video Production,Explainer Video,Adobe After Effects,Video Intro & Outro,Education,Video Commercial,,,,,,,,,,,,,,,,,,,,,
"Researcher
Dropshipping
Virtual Assistant
Sourcing",Researcher,Dropshipping,Virtual Assistant,Sourcing,,,,,,,,,,,,,,,,,,,,,,,,,,,
"Graphic Design
Adobe Photoshop
Adobe Illustrator
Social Media Imagery
Logo Design
Photo Color Correction
Art Deco
Photo Editing
Print Design
Brand Identity & Guidelines",Graphic Design,Adobe Photoshop,Adobe Illustrator,Social Media Imagery,Logo Design,Photo Color Correction,Art Deco,Photo Editing,Print Design,Brand Identity & Guidelines,,,,,,,,,,,,,,,,,,,,,
"Dutch
Spanish
Spanish to Dutch Translation",Dutch,Spanish,Spanish to Dutch Translation,,,,,,,,,,,,,,,,,,,,,,,,,,,,
"Hybrid App Development
iOS
JavaScript
React Native Developer
Android Developer
Android
Android App Development
Java
React Native
Swift",Hybrid App Development,iOS,JavaScript,React Native Developer,Android Developer,Android,Android App Development,Java,React Native,Swift,,,,,,,,,,,,,,,,,,,,,
"Amazon Seller Central
Amazon Listing Optimization
Social Media Marketing",Amazon Seller Central,Amazon Listing Optimization,Social Media Marketing,,,,,,,,,,,,,,,,,,,,,,,,,,,,
"Japanese
Translation",Japanese,Translation,,,,,,,,,,,,,,,,,,,,,,,,,,,,,
"Google Ads
PPC Campaign Setup & Management
SEO Keyword Research
Search Engine Marketing
Pay Per Click Advertising
Search Engine Optimization",Google Ads,PPC Campaign Setup & Management,SEO Keyword Research,Search Engine Marketing,Pay Per Click Advertising,Search Engine Optimization,,,,,,,,,,,,,,,,,,,,,,,,,
"Microsoft Active Directory
Windows Server
Technical Support
System Configuration
Network Administration
Troubleshooting
Data Entry
Administrative Support
System Administration
Linux System Administration",Microsoft Active Directory,Windows Server,Technical Support,System Configuration,Network Administration,Troubleshooting,Data Entry,Administrative Support,System Administration,Linux System Administration,,,,,,,,,,,,,,,,,,,,,
"Copywriting
Email Copywriting
Email Marketing Strategy
ActiveCampaign
Business with 10-99 Employees
Retail & Consumer Goods
Email Marketing
Content Writing
Internet Marketing",Copywriting,Email Copywriting,Email Marketing Strategy,ActiveCampaign,Business with 10-99 Employees,Retail & Consumer Goods,Email Marketing,Content Writing,Internet Marketing,,,,,,,,,,,,,,,,,,,,,,
"Adobe Photoshop
Graphic Design
YouTube
Photo Editing
Adobe InDesign
Illustration",Adobe Photoshop,Graphic Design,YouTube,Photo Editing,Adobe InDesign,Illustration,,,,,,,,,,,,,,,,,,,,,,,,,
"Shopify Templates
Shopify
Ecommerce
Shopify Theme
Web Development
Ecommerce Store Setup
Ecommerce Development Consultation
Shopify Apps
Shopify Plus
Custom Ecommerce Store",Shopify Templates,Shopify,Ecommerce,Shopify Theme,Web Development,Ecommerce Store Setup,Ecommerce Development Consultation,Shopify Apps,Shopify Plus,Custom Ecommerce Store,,,,,,,,,,,,,,,,,,,,,
"TikTok
Social Media Management
TikTok Marketing
Promotional Video",TikTok,Social Media Management,TikTok Marketing,Promotional Video,,,,,,,,,,,,,,,,,,,,,,,,,,,
"Amazon PPC
SEO Keyword Research
Amazon
PPC Campaign Setup & Management
Search Engine Optimization
Pay Per Click Advertising",Amazon PPC,SEO Keyword Research,Amazon,PPC Campaign Setup & Management,Search Engine Optimization,Pay Per Click Advertising,,,,,,,,,,,,,,,,,,,,,,,,,
,,,,,,,,,,,,,,,,,,,,,,,,,,,,,,,
"Content Writing
Writing
Creative Writing
Screenwriting
Article Writing
Copywriting
Scriptwriting
Scripting
English
Researcher",Content Writing,Writing,Creative Writing,Screenwriting,Article Writing,Copywriting,Scriptwriting,Scripting,English,Researcher,,,,,,,,,,,,,,,,,,,,,
"Photo Editing
Adobe Photoshop
Image Editing
Product Photography
People
Fashion & Beauty",Photo Editing,Adobe Photoshop,Image Editing,Product Photography,People,Fashion & Beauty,,,,,,,,,,,,,,,,,,,,,,,,,
"Video Editing
Adobe Premiere Pro
Video Post-Editing
Video Production
Final Cut Pro X
Adobe After Effects
Explainer Video",Video Editing,Adobe Premiere Pro,Video Post-Editing,Video Production,Final Cut Pro X,Adobe After Effects,Explainer Video,,,,,,,,,,,,,,,,,,,,,,,,
"Music Production
Music Composition",Music Production,Music Composition,,,,,,,,,,,,,,,,,,,,,,,,,,,,,
"Appointment Setting
Lead Generation Analysis
Lead Generation Strategy
Lead Generation
Market Research
Researcher
Microsoft Excel
Cold Calling",Appointment Setting,Lead Generation Analysis,Lead Generation Strategy,Lead Generation,Market Research,Researcher,Microsoft Excel,Cold Calling,,,,,,,,,,,,,,,,,,,,,,,
Bengali to English Translation,Bengali to English Translation,,,,,,,,,,,,,,,,,,,,,,,,,,,,,,
Video Production,Video Production,,,,,,,,,,,,,,,,,,,,,,,,,,,,,,
"Data Entry
Researcher
Photograph
Administrate",Data Entry,Researcher,Photograph,Administrate,,,,,,,,,,,,,,,,,,,,,,,,,,,
"Android
Mobile App Development
Android App Development
JavaScript",Android,Mobile App Development,Android App Development,JavaScript,,,,,,,,,,,,,,,,,,,,,,,,,,,
Android,Android,,,,,,,,,,,,,,,,,,,,,,,,,,,,,,
Android,Android,,,,,,,,,,,,,,,,,,,,,,,,,,,,,,
"Amazon FBA
Amazon Webstore
Amazon Web Services
SEO Keyword Research
Amazon",Amazon FBA,Amazon Webstore,Amazon Web Services,SEO Keyword Research,Amazon,,,,,,,,,,,,,,,,,,,,,,,,,,
"System Administration
Server Administration",System Administration,Server Administration,,,,,,,,,,,,,,,,,,,,,,,,,,,,,
"3D Lighting
3D Design
Photorealistic Rendering
Unreal Engine
Blender
Maxon Cinema 4D
Autodesk 3ds Max
3D Texturing
3D Modeling
Compositing",3D Lighting,3D Design,Photorealistic Rendering,Unreal Engine,Blender,Maxon Cinema 4D,Autodesk 3ds Max,3D Texturing,3D Modeling,Compositing,,,,,,,,,,,,,,,,,,,,,
"React
Node.js
Front-End Development
CSS
React Native
JavaScript
MongoDB
API",React,Node.js,Front-End Development,CSS,React Native,JavaScript,MongoDB,API,,,,,,,,,,,,,,,,,,,,,,,
"Copywriting
Outreach Email Copywriting
Sales Copywriting
Email Copywriting
LinkedIn",Copywriting,Outreach Email Copywriting,Sales Copywriting,Email Copywriting,LinkedIn,,,,,,,,,,,,,,,,,,,,,,,,,,
"Landing Page
Shopify
Web Development",Landing Page,Shopify,Web Development,,,,,,,,,,,,,,,,,,,,,,,,,,,,
Amazon FBA,Amazon FBA,,,,,,,,,,,,,,,,,,,,,,,,,,,,,,
"YouTube
Content Strategy
YouTube SEO",YouTube,Content Strategy,YouTube SEO,,,,,,,,,,,,,,,,,,,,,,,,,,,,
Web Design,Web Design,,,,,,,,,,,,,,,,,,,,,,,,,,,,,,
"Facebook Ads Manager
Facebook Advertising
Facebook
Social Media Marketing",Facebook Ads Manager,Facebook Advertising,Facebook,Social Media Marketing,,,,,,,,,,,,,,,,,,,,,,,,,,,
"French
Persian",French,Persian,,,,,,,,,,,,,,,,,,,,,,,,,,,,,
"Article
Article Writing
Health & Wellness
Health & Fitness",Article,Article Writing,Health & Wellness,Health & Fitness,,,,,,,,,,,,,,,,,,,,,,,,,,,
"Kotlin
Android
Android App Development",Kotlin,Android,Android App Development,,,,,,,,,,,,,,,,,,,,,,,,,,,,
"Email Communication
Administrative Support
Data Entry
Lead Generation",Email Communication,Administrative Support,Data Entry,Lead Generation,,,,,,,,,,,,,,,,,,,,,,,,,,,
"EPUB
Ebook Formatting
Typesetting
Formatting",EPUB,Ebook Formatting,Typesetting,Formatting,,,,,,,,,,,,,,,,,,,,,,,,,,,
"React
Node.js
MongoDB
Web Development
Amazon S3",React,Node.js,MongoDB,Web Development,Amazon S3,,,,,,,,,,,,,,,,,,,,,,,,,,
"Accounting
Spanish English Accent
Bookkeeping
Accounting Basics
Tax Preparation",Accounting,Spanish English Accent,Bookkeeping,Accounting Basics,Tax Preparation,,,,,,,,,,,,,,,,,,,,,,,,,,
"Landing Page
WordPress Development
Responsive Design
Front-End Development
WordPress
Web Development
Web Design
User Experience
User Flow",Landing Page,WordPress Development,Responsive Design,Front-End Development,WordPress,Web Development,Web Design,User Experience,User Flow,,,,,,,,,,,,,,,,,,,,,,
,,,,,,,,,,,,,,,,,,,,,,,,,,,,,,,
"On-Page SEO
Off-Page SEO
Technical SEO
Content SEO
Google Analytics",On-Page SEO,Off-Page SEO,Technical SEO,Content SEO,Google Analytics,,,,,,,,,,,,,,,,,,,,,,,,,,
"LinkedIn Profile Optimization
Resume Writing
Career Coaching
Resume",LinkedIn Profile Optimization,Resume Writing,Career Coaching,Resume,,,,,,,,,,,,,,,,,,,,,,,,,,,
"Instagram
Social Media Marketing
Social Media Strategy
Social Media Imagery",Instagram,Social Media Marketing,Social Media Strategy,Social Media Imagery,,,,,,,,,,,,,,,,,,,,,,,,,,,
"SAP FICO
SAP ERP
SAP
SAP HANA",SAP FICO,SAP ERP,SAP,SAP HANA,,,,,,,,,,,,,,,,,,,,,,,,,,,
"Perl
Bioinformatics
Python
PHP
Genomic Data Analysis
Biostatistics
Python Scikit-Learn",Perl,Bioinformatics,Python,PHP,Genomic Data Analysis,Biostatistics,Python Scikit-Learn,,,,,,,,,,,,,,,,,,,,,,,,
Food & Beverage,Food & Beverage,,,,,,,,,,,,,,,,,,,,,,,,,,,,,,
"WordPress
Web Design
Web Development",WordPress,Web Design,Web Development,,,,,,,,,,,,,,,,,,,,,,,,,,,,
"Customer Service
Customer Support
Multitasking
Ticketing System
Time Management
Answered Ticket
Customer Satisfaction
Email Support
Order Tracking
Email Communication
Product Knowledge",Customer Service,Customer Support,Multitasking,Ticketing System,Time Management,Answered Ticket,Customer Satisfaction,Email Support,Order Tracking,Email Communication,Product Knowledge,,,,,,,,,,,,,,,,,,,,
"Shopify
Virtual Assistant
Product Listings
Data Entry
Researcher
Customer Service
Shopify Templates
Virtual Assistance",Shopify,Virtual Assistant,Product Listings,Data Entry,Researcher,Customer Service,Shopify Templates,Virtual Assistance,,,,,,,,,,,,,,,,,,,,,,,
"Database
Laravel
MySQL
PHP
Web Development",Database,Laravel,MySQL,PHP,Web Development,,,,,,,,,,,,,,,,,,,,,,,,,,
"Google Ads
SEO Backlinking
SEO Keyword Research
Off-Page SEO
SEO Performance
Organic Traffic Growth",Google Ads,SEO Backlinking,SEO Keyword Research,Off-Page SEO,SEO Performance,Organic Traffic Growth,,,,,,,,,,,,,,,,,,,,,,,,,
"Gaming
Virtual Reality
Content Writing
Article Writing",Gaming,Virtual Reality,Content Writing,Article Writing,,,,,,,,,,,,,,,,,,,,,,,,,,,
"Social Media Advertising
Facebook Advertising
Social Media Management
Social Media Marketing
Facebook
Instagram
Social Media Content Creation
Social Media Content
Social Media Strategy
Conversion Rate Optimization",Social Media Advertising,Facebook Advertising,Social Media Management,Social Media Marketing,Facebook,Instagram,Social Media Content Creation,Social Media Content,Social Media Strategy,Conversion Rate Optimization,,,,,,,,,,,,,,,,,,,,,
"Shopify
Shopify Apps",Shopify,Shopify Apps,,,,,,,,,,,,,,,,,,,,,,,,,,,,,
"HTML
Web Application
Git
Business with 1-9 Employees
Ruby on Rails",HTML,Web Application,Git,Business with 1-9 Employees,Ruby on Rails,,,,,,,,,,,,,,,,,,,,,,,,,,
"Sales
Relationship Management
Sales & Marketing
Sales Strategy
Phone Communication
Price & Quote Negotiation
Outbound Sales
Cold Calling
Business Development",Sales,Relationship Management,Sales & Marketing,Sales Strategy,Phone Communication,Price & Quote Negotiation,Outbound Sales,Cold Calling,Business Development,,,,,,,,,,,,,,,,,,,,,,
"Market Research
Researcher
Dropshipping
Virtual Assistant",Market Research,Researcher,Dropshipping,Virtual Assistant,,,,,,,,,,,,,,,,,,,,,,,,,,,
"Subtitles
Audio Transcription
Academic Transcription
General Transcription
Typing
Arabic
English
Transcription Timestamping",Subtitles,Audio Transcription,Academic Transcription,General Transcription,Typing,Arabic,English,Transcription Timestamping,,,,,,,,,,,,,,,,,,,,,,,
"Content Writing
SEO Keyword Research
App Store
Virtual Assistance
German",Content Writing,SEO Keyword Research,App Store,Virtual Assistance,German,,,,,,,,,,,,,,,,,,,,,,,,,,
,,,,,,,,,,,,,,,,,,,,,,,,,,,,,,,
"Content Writing
SEO Keyword Research
App Store
Virtual Assistance
German",Content Writing,SEO Keyword Research,App Store,Virtual Assistance,German,,,,,,,,,,,,,,,,,,,,,,,,,,
"Chinese
English to Chinese Translation
Chinese to English Translation
Simplified Chinese
Mandarin Dialect",Chinese,English to Chinese Translation,Chinese to English Translation,Simplified Chinese,Mandarin Dialect,,,,,,,,,,,,,,,,,,,,,,,,,,
"Instagram
Social Media Marketing
Social Media Advertising",Instagram,Social Media Marketing,Social Media Advertising,,,,,,,,,,,,,,,,,,,,,,,,,,,,
"Bootstrap
API Integration
Web Application
SQL
PHP",Bootstrap,API Integration,Web Application,SQL,PHP,,,,,,,,,,,,,,,,,,,,,,,,,,
"Chinese
English to Chinese Translation
Chinese to English Translation
Simplified Chinese
Mandarin Dialect",Chinese,English to Chinese Translation,Chinese to English Translation,Simplified Chinese,Mandarin Dialect,,,,,,,,,,,,,,,,,,,,,,,,,,
"Sass
Bootstrap
JavaScript
Front-End Development
WordPress Development
WordPress
PHP
CSS
HTML",Sass,Bootstrap,JavaScript,Front-End Development,WordPress Development,WordPress,PHP,CSS,HTML,,,,,,,,,,,,,,,,,,,,,,
"How To
Biography
Ebook Design
Ebook
Graphic Design
Book Cover
Publication Design
Adobe Illustrator
Layout Design",How To,Biography,Ebook Design,Ebook,Graphic Design,Book Cover,Publication Design,Adobe Illustrator,Layout Design,,,,,,,,,,,,,,,,,,,,,,
"YouTube Marketing
YouTube Development
YouTube",YouTube Marketing,YouTube Development,YouTube,,,,,,,,,,,,,,,,,,,,,,,,,,,,
"Shareholder Relationship
Investment Strategy
Company Valuation
Financial Analysis
Financial Accounting
Financial Projection
Financial Modeling
Financial Reporting
Financial Planning",Shareholder Relationship,Investment Strategy,Company Valuation,Financial Analysis,Financial Accounting,Financial Projection,Financial Modeling,Financial Reporting,Financial Planning,,,,,,,,,,,,,,,,,,,,,,
"Brochure
Graphic Design
Print Design",Brochure,Graphic Design,Print Design,,,,,,,,,,,,,,,,,,,,,,,,,,,,
"Brochure
Graphic Design
Print Design",Brochure,Graphic Design,Print Design,,,,,,,,,,,,,,,,,,,,,,,,,,,,
"Lead Generation
Sales
Sales Analytics
Lead Generation Strategy",Lead Generation,Sales,Sales Analytics,Lead Generation Strategy,,,,,,,,,,,,,,,,,,,,,,,,,,,
"Xero
Accounting",Xero,Accounting,,,,,,,,,,,,,,,,,,,,,,,,,,,,,
"Email Communication
German
Virtual Assistant
Social Media Management
Facebook
Customer Support",Email Communication,German,Virtual Assistant,Social Media Management,Facebook,Customer Support,,,,,,,,,,,,,,,,,,,,,,,,,
"WordPress
Elementor
Web Development
HTML
CSS",WordPress,Elementor,Web Development,HTML,CSS,,,,,,,,,,,,,,,,,,,,,,,,,,
"Google Ads
SEO Keyword Research
PPC Campaign Setup & Management
Google Analytics",Google Ads,SEO Keyword Research,PPC Campaign Setup & Management,Google Analytics,,,,,,,,,,,,,,,,,,,,,,,,,,,
"Data Entry
Accuracy Verification
Typing
Microsoft Excel
Microsoft Word",Data Entry,Accuracy Verification,Typing,Microsoft Excel,Microsoft Word,,,,,,,,,,,,,,,,,,,,,,,,,,
"Kotlin
Java
API
Database
Flutter",Kotlin,Java,API,Database,Flutter,,,,,,,,,,,,,,,,,,,,,,,,,,
"Social Media Imagery
Web Design
Graphic Design
Website Asset
Adobe Illustrator
Adobe Photoshop",Social Media Imagery,Web Design,Graphic Design,Website Asset,Adobe Illustrator,Adobe Photoshop,,,,,,,,,,,,,,,,,,,,,,,,,
"Shopify Theme
Shopify
Dropshipping
Web Design",Shopify Theme,Shopify,Dropshipping,Web Design,,,,,,,,,,,,,,,,,,,,,,,,,,,
"Social Media Imagery
Web Design
Graphic Design
Website Asset
Adobe Illustrator
Adobe Photoshop",Social Media Imagery,Web Design,Graphic Design,Website Asset,Adobe Illustrator,Adobe Photoshop,,,,,,,,,,,,,,,,,,,,,,,,,
"Shopify Theme
Shopify
Dropshipping
Web Design",Shopify Theme,Shopify,Dropshipping,Web Design,,,,,,,,,,,,,,,,,,,,,,,,,,,
"API Integration
CSS
Business with 1-9 Employees
API
WeChat",API Integration,CSS,Business with 1-9 Employees,API,WeChat,,,,,,,,,,,,,,,,,,,,,,,,,,
"Bash Programming
Automation
Microsoft Azure
Amazon S3
Python",Bash Programming,Automation,Microsoft Azure,Amazon S3,Python,,,,,,,,,,,,,,,,,,,,,,,,,,
"Unbounce
Graphic Design",Unbounce,Graphic Design,,,,,,,,,,,,,,,,,,,,,,,,,,,,,
"Webflow
Figma
Webflow Expert
Graphic Design",Webflow,Figma,Webflow Expert,Graphic Design,,,,,,,,,,,,,,,,,,,,,,,,,,,
Graphic Design,Graphic Design,,,,,,,,,,,,,,,,,,,,,,,,,,,,,,
"Swedish
Book Editing
Academic Editing
Proofreading
Editor
Copy Editing",Swedish,Book Editing,Academic Editing,Proofreading,Editor,Copy Editing,,,,,,,,,,,,,,,,,,,,,,,,,
"Lead Generation
Marketing Strategy",Lead Generation,Marketing Strategy,,,,,,,,,,,,,,,,,,,,,,,,,,,,,
"Video Editing
Video Production
Video Post-Editing
Scriptwriting
YouTube",Video Editing,Video Production,Video Post-Editing,Scriptwriting,YouTube,,,,,,,,,,,,,,,,,,,,,,,,,,
"Lead Generation
Marketing Strategy",Lead Generation,Marketing Strategy,,,,,,,,,,,,,,,,,,,,,,,,,,,,,
"Video Editing
Video Production
Video Post-Editing
Scriptwriting
YouTube",Video Editing,Video Production,Video Post-Editing,Scriptwriting,YouTube,,,,,,,,,,,,,,,,,,,,,,,,,,
"3D Animation
Motion Graphics
Adobe After Effects
Logo Animation
Clothing
Maxon Cinema 4D
3D Rendering
3D Modeling",3D Animation,Motion Graphics,Adobe After Effects,Logo Animation,Clothing,Maxon Cinema 4D,3D Rendering,3D Modeling,,,,,,,,,,,,,,,,,,,,,,,
"C++
Adobe Premiere Pro",C++,Adobe Premiere Pro,,,,,,,,,,,,,,,,,,,,,,,,,,,,,
"Web Application
HTML
JavaScript
CSS
Web Development",Web Application,HTML,JavaScript,CSS,Web Development,,,,,,,,,,,,,,,,,,,,,,,,,,
"Social Media Management
Facebook
Social Media Marketing
Facebook Advertising
Marketing Strategy",Social Media Management,Facebook,Social Media Marketing,Facebook Advertising,Marketing Strategy,,,,,,,,,,,,,,,,,,,,,,,,,,
"Logo Design
Brand Identity & Guidelines
Graphic Design",Logo Design,Brand Identity & Guidelines,Graphic Design,,,,,,,,,,,,,,,,,,,,,,,,,,,,
English,English,,,,,,,,,,,,,,,,,,,,,,,,,,,,,,
"Matterport
Animation
3D Animation
3D Rendering",Matterport,Animation,3D Animation,3D Rendering,,,,,,,,,,,,,,,,,,,,,,,,,,,
"Facebook
Facebook Advertising
Social Media Marketing
Marketing Strategy
Social Media Advertising
Instagram
Retargeting",Facebook,Facebook Advertising,Social Media Marketing,Marketing Strategy,Social Media Advertising,Instagram,Retargeting,,,,,,,,,,,,,,,,,,,,,,,,
Technical SEO,Technical SEO,,,,,,,,,,,,,,,,,,,,,,,,,,,,,,
"Architectural Design
Architectural Framework",Architectural Design,Architectural Framework,,,,,,,,,,,,,,,,,,,,,,,,,,,,,
"Social Media Management
Social Media Marketing
Social Media Strategy
Social Media Content
Instagram",Social Media Management,Social Media Marketing,Social Media Strategy,Social Media Content,Instagram,,,,,,,,,,,,,,,,,,,,,,,,,,
"Campaign Management
Facebook Advertising
Social Media Marketing
Social Media Advertising
Facebook Marketing",Campaign Management,Facebook Advertising,Social Media Marketing,Social Media Advertising,Facebook Marketing,,,,,,,,,,,,,,,,,,,,,,,,,,
"Facebook Ads Manager
Snapchat Ads Manager
Social Media Advertising
Lead Generation
Social Media Marketing
Facebook Advertising
Marketing Strategy
Google Ads
Google Ad Manager
TikTok Marketing",Facebook Ads Manager,Snapchat Ads Manager,Social Media Advertising,Lead Generation,Social Media Marketing,Facebook Advertising,Marketing Strategy,Google Ads,Google Ad Manager,TikTok Marketing,,,,,,,,,,,,,,,,,,,,,
"Graphic Design
Brand Identity & Guidelines
Website Asset
Logo Design
Business Card
Modern Style",Graphic Design,Brand Identity & Guidelines,Website Asset,Logo Design,Business Card,Modern Style,,,,,,,,,,,,,,,,,,,,,,,,,
"Influencer Marketing
Social Media Management
Social Media Marketing",Influencer Marketing,Social Media Management,Social Media Marketing,,,,,,,,,,,,,,,,,,,,,,,,,,,,
"Mockup
Wireframing
Responsive Design
User Flow
Graphic Design
React",Mockup,Wireframing,Responsive Design,User Flow,Graphic Design,React,,,,,,,,,,,,,,,,,,,,,,,,,
"Cold Calling
Communications
Virtual Assistant
Telemarketing
Phone Communication
Sales",Cold Calling,Communications,Virtual Assistant,Telemarketing,Phone Communication,Sales,,,,,,,,,,,,,,,,,,,,,,,,,
Webflow,Webflow,,,,,,,,,,,,,,,,,,,,,,,,,,,,,,
3D Rendering,3D Rendering,,,,,,,,,,,,,,,,,,,,,,,,,,,,,,
"Facebook
Facebook Advertising
Lead Generation
Pixel Setup & Optimization
Copywriting",Facebook,Facebook Advertising,Lead Generation,Pixel Setup & Optimization,Copywriting,,,,,,,,,,,,,,,,,,,,,,,,,,
Photography,Photography,,,,,,,,,,,,,,,,,,,,,,,,,,,,,,
"API Integration
Screen Scraping
Data Integration
Data Scraping
Data Extraction
Python",API Integration,Screen Scraping,Data Integration,Data Scraping,Data Extraction,Python,,,,,,,,,,,,,,,,,,,,,,,,,
"Adobe After Effects
Adobe Animate",Adobe After Effects,Adobe Animate,,,,,,,,,,,,,,,,,,,,,,,,,,,,,
Data Scraping,Data Scraping,,,,,,,,,,,,,,,,,,,,,,,,,,,,,,
"Business with 1-9 Employees
Email Deliverability
Email Marketing
Campaign Monitor",Business with 1-9 Employees,Email Deliverability,Email Marketing,Campaign Monitor,,,,,,,,,,,,,,,,,,,,,,,,,,,
"Odoo
Odoo Development",Odoo,Odoo Development,,,,,,,,,,,,,,,,,,,,,,,,,,,,,
"Market Analysis
Competitive Analysis
Business Analysis
Researcher
Market Research
Data Analysis",Market Analysis,Competitive Analysis,Business Analysis,Researcher,Market Research,Data Analysis,,,,,,,,,,,,,,,,,,,,,,,,,
"Business with 1-9 Employees
WordPress
Website Copywriting
Web Development
Search Engine Optimization",Business with 1-9 Employees,WordPress,Website Copywriting,Web Development,Search Engine Optimization,,,,,,,,,,,,,,,,,,,,,,,,,,
"WooCommerce
PHP
MySQL",WooCommerce,PHP,MySQL,,,,,,,,,,,,,,,,,,,,,,,,,,,,
"Critical Thinking Skills
Internet Researcher
Company Research
Researcher
Market Research
Google Sheets",Critical Thinking Skills,Internet Researcher,Company Research,Researcher,Market Research,Google Sheets,,,,,,,,,,,,,,,,,,,,,,,,,
"English
Article
Article Writing
Content Writing
Blog Content
Blog Writing
Writing
Search Engine Optimization
Creative Writing",English,Article,Article Writing,Content Writing,Blog Content,Blog Writing,Writing,Search Engine Optimization,Creative Writing,,,,,,,,,,,,,,,,,,,,,,
"TikTok
Instagram
Facebook
Social Media Management
Social Media Account Setup
Social Media Content Creation
Audience Research
Campaign Management
Education
Twitter",TikTok,Instagram,Facebook,Social Media Management,Social Media Account Setup,Social Media Content Creation,Audience Research,Campaign Management,Education,Twitter,,,,,,,,,,,,,,,,,,,,,
"Adobe XD
UX & UI
User Interface Design
Responsive Design
Mobile App Design
Prototyping
Mockup
Wireframing
Web Design",Adobe XD,UX & UI,User Interface Design,Responsive Design,Mobile App Design,Prototyping,Mockup,Wireframing,Web Design,,,,,,,,,,,,,,,,,,,,,,
"Social Media Advertising
Facebook Advertising
Social Media Marketing
Instagram
Facebook
Retargeting
Internet Marketing
Marketing Strategy
Facebook Ads Manager",Social Media Advertising,Facebook Advertising,Social Media Marketing,Instagram,Facebook,Retargeting,Internet Marketing,Marketing Strategy,Facebook Ads Manager,,,,,,,,,,,,,,,,,,,,,,
"2D Animation
Motion Graphics
Video Production",2D Animation,Motion Graphics,Video Production,,,,,,,,,,,,,,,,,,,,,,,,,,,,
"Content Marketing
Direct Marketing
Finance & Accounting
Brand Positioning
Google Ads
Marketing Strategy
Social Media Marketing
Campaign Management
Search Engine Optimization
Internet Marketing",Content Marketing,Direct Marketing,Finance & Accounting,Brand Positioning,Google Ads,Marketing Strategy,Social Media Marketing,Campaign Management,Search Engine Optimization,Internet Marketing,,,,,,,,,,,,,,,,,,,,,
"Health & Wellness
Letter of Intent
Letter of Inquiry
Request for Proposal
Business Writing
Proposal Writing",Health & Wellness,Letter of Intent,Letter of Inquiry,Request for Proposal,Business Writing,Proposal Writing,,,,,,,,,,,,,,,,,,,,,,,,,
"iOS
iOS Development
Mobile App Development
ARKit
Augmented Reality",iOS,iOS Development,Mobile App Development,ARKit,Augmented Reality,,,,,,,,,,,,,,,,,,,,,,,,,,
"Microsoft Word
Typing
Accuracy Verification",Microsoft Word,Typing,Accuracy Verification,,,,,,,,,,,,,,,,,,,,,,,,,,,,
"Market Researcher
Market Analysis
Market Research
Researcher
Competitive Analysis",Market Researcher,Market Analysis,Market Research,Researcher,Competitive Analysis,,,,,,,,,,,,,,,,,,,,,,,,,,
"Database Architecture
SQLite
MySQL
MongoDB
Microsoft Access
Database Development
Data Analysis
Database Design
Data Analytics Framework
ETL",Database Architecture,SQLite,MySQL,MongoDB,Microsoft Access,Database Development,Data Analysis,Database Design,Data Analytics Framework,ETL,,,,,,,,,,,,,,,,,,,,,
"Vulnerability Assessment
Automated Testing
Linux
Python
Penetration Testing
Linux System Administration
Metasploit
Information Security Audit
Network Security
Bash",Vulnerability Assessment,Automated Testing,Linux,Python,Penetration Testing,Linux System Administration,Metasploit,Information Security Audit,Network Security,Bash,,,,,,,,,,,,,,,,,,,,,
"Data Entry
Researcher",Data Entry,Researcher,,,,,,,,,,,,,,,,,,,,,,,,,,,,,
"Game Design
Game Development
3D Modeling",Game Design,Game Development,3D Modeling,,,,,,,,,,,,,,,,,,,,,,,,,,,,
"Social Media Marketing
Social Media Management
Instagram
Social Media Content Creation
Social Media Content",Social Media Marketing,Social Media Management,Instagram,Social Media Content Creation,Social Media Content,,,,,,,,,,,,,,,,,,,,,,,,,,
"Figma Expert
Prototyping
User Flow
Style Guide
Journey Mapping
Business with 10-99 Employees
Wireframing
Web Design
Visual Communication
Graphic Design",Figma Expert,Prototyping,User Flow,Style Guide,Journey Mapping,Business with 10-99 Employees,Wireframing,Web Design,Visual Communication,Graphic Design,,,,,,,,,,,,,,,,,,,,,
"JavaScript
Scripting",JavaScript,Scripting,,,,,,,,,,,,,,,,,,,,,,,,,,,,,
"Instagram
Social Media Marketing
Social Media Management
Social Media Content
Marketing Strategy
Social Media Advertising",Instagram,Social Media Marketing,Social Media Management,Social Media Content,Marketing Strategy,Social Media Advertising,,,,,,,,,,,,,,,,,,,,,,,,,
"Company Registration
Stock Option Agreement",Company Registration,Stock Option Agreement,,,,,,,,,,,,,,,,,,,,,,,,,,,,,
"Python
BigQuery",Python,BigQuery,,,,,,,,,,,,,,,,,,,,,,,,,,,,,
"Amazon Seller Central
Amazon FBA
Amazon Webstore",Amazon Seller Central,Amazon FBA,Amazon Webstore,,,,,,,,,,,,,,,,,,,,,,,,,,,,
Web Scraping,Web Scraping,,,,,,,,,,,,,,,,,,,,,,,,,,,,,,
"Content Localization
Official Documents Translation
Native
Portuguese
English
Business Translation
Website Translation
English to Portuguese Translation
Translation
Proofreading",Content Localization,Official Documents Translation,Native,Portuguese,English,Business Translation,Website Translation,English to Portuguese Translation,Translation,Proofreading,,,,,,,,,,,,,,,,,,,,,
"Graphic Design
Social Media Marketing
Instagram
Web Design
Facebook
Adobe Illustrator
Logo Design
Social Media Content
Corporate Brand Identity",Graphic Design,Social Media Marketing,Instagram,Web Design,Facebook,Adobe Illustrator,Logo Design,Social Media Content,Corporate Brand Identity,,,,,,,,,,,,,,,,,,,,,,
"JavaScript
Python
Scripting
HTML
Editor",JavaScript,Python,Scripting,HTML,Editor,,,,,,,,,,,,,,,,,,,,,,,,,,
"Digital Video
Documentary
Narrative Video
Video Production
Video Editing
Motion Graphics",Digital Video,Documentary,Narrative Video,Video Production,Video Editing,Motion Graphics,,,,,,,,,,,,,,,,,,,,,,,,,
"Adobe Illustrator
Illustration
Anime
Adobe Photoshop
Cartoon Art",Adobe Illustrator,Illustration,Anime,Adobe Photoshop,Cartoon Art,,,,,,,,,,,,,,,,,,,,,,,,,,
English to French Translation,English to French Translation,,,,,,,,,,,,,,,,,,,,,,,,,,,,,,
"Facebook
Social Media Advertising
Instagram
Facebook Advertising
Social Media Marketing
Facebook Ads Manager
Social Media Management",Facebook,Social Media Advertising,Instagram,Facebook Advertising,Social Media Marketing,Facebook Ads Manager,Social Media Management,,,,,,,,,,,,,,,,,,,,,,,,
"HTML
CSS
WordPress",HTML,CSS,WordPress,,,,,,,,,,,,,,,,,,,,,,,,,,,,
"Adobe After Effects
Adobe Premiere Pro
Video Intro & Outro
Motion Graphics",Adobe After Effects,Adobe Premiere Pro,Video Intro & Outro,Motion Graphics,,,,,,,,,,,,,,,,,,,,,,,,,,,
Copywriting,Copywriting,,,,,,,,,,,,,,,,,,,,,,,,,,,,,,
GUI Testing,GUI Testing,,,,,,,,,,,,,,,,,,,,,,,,,,,,,,
"Community Outreach
Community Management
Community Engagement
Community Strategy
Customer Engagement",Community Outreach,Community Management,Community Engagement,Community Strategy,Customer Engagement,,,,,,,,,,,,,,,,,,,,,,,,,,
"Dramatic Tone
Casual Tone
Gritty Tone
GarageBand
Adobe Audition
Logic Pro
US English Dialect
American English Accent
Audiobook
Voice Acting",Dramatic Tone,Casual Tone,Gritty Tone,GarageBand,Adobe Audition,Logic Pro,US English Dialect,American English Accent,Audiobook,Voice Acting,,,,,,,,,,,,,,,,,,,,,
"Clothing
Accessories
Female",Clothing,Accessories,Female,,,,,,,,,,,,,,,,,,,,,,,,,,,,
"Adaptive Web Design
Custom Web Design
Landing Page
Website
Website Redesign
Figma
Web Design
Mockup
Graphic Design
User Flow",Adaptive Web Design,Custom Web Design,Landing Page,Website,Website Redesign,Figma,Web Design,Mockup,Graphic Design,User Flow,,,,,,,,,,,,,,,,,,,,,
"Autodesk 3ds Max
3D Modeling
3D Rendering
3D Design
V-Ray
3D Texturing
Blender",Autodesk 3ds Max,3D Modeling,3D Rendering,3D Design,V-Ray,3D Texturing,Blender,,,,,,,,,,,,,,,,,,,,,,,,
English to French Translation,English to French Translation,,,,,,,,,,,,,,,,,,,,,,,,,,,,,,
"Facebook
Social Media Advertising
Instagram
Facebook Advertising
Social Media Marketing
Facebook Ads Manager
Social Media Management",Facebook,Social Media Advertising,Instagram,Facebook Advertising,Social Media Marketing,Facebook Ads Manager,Social Media Management,,,,,,,,,,,,,,,,,,,,,,,,
"HTML
CSS
WordPress",HTML,CSS,WordPress,,,,,,,,,,,,,,,,,,,,,,,,,,,,
"Adobe After Effects
Adobe Premiere Pro
Video Intro & Outro
Motion Graphics",Adobe After Effects,Adobe Premiere Pro,Video Intro & Outro,Motion Graphics,,,,,,,,,,,,,,,,,,,,,,,,,,,
Copywriting,Copywriting,,,,,,,,,,,,,,,,,,,,,,,,,,,,,,
GUI Testing,GUI Testing,,,,,,,,,,,,,,,,,,,,,,,,,,,,,,
"Community Outreach
Community Management
Community Engagement
Community Strategy
Customer Engagement",Community Outreach,Community Management,Community Engagement,Community Strategy,Customer Engagement,,,,,,,,,,,,,,,,,,,,,,,,,,
"Dramatic Tone
Casual Tone
Gritty Tone
GarageBand
Adobe Audition
Logic Pro
US English Dialect
American English Accent
Audiobook
Voice Acting",Dramatic Tone,Casual Tone,Gritty Tone,GarageBand,Adobe Audition,Logic Pro,US English Dialect,American English Accent,Audiobook,Voice Acting,,,,,,,,,,,,,,,,,,,,,
"Clothing
Accessories
Female",Clothing,Accessories,Female,,,,,,,,,,,,,,,,,,,,,,,,,,,,
"Adaptive Web Design
Custom Web Design
Landing Page
Website
Website Redesign
Figma
Web Design
Mockup
Graphic Design
User Flow",Adaptive Web Design,Custom Web Design,Landing Page,Website,Website Redesign,Figma,Web Design,Mockup,Graphic Design,User Flow,,,,,,,,,,,,,,,,,,,,,
"Autodesk 3ds Max
3D Modeling
3D Rendering
3D Design
V-Ray
3D Texturing
Blender",Autodesk 3ds Max,3D Modeling,3D Rendering,3D Design,V-Ray,3D Texturing,Blender,,,,,,,,,,,,,,,,,,,,,,,,
"WordPress
PHP
WordPress Plugin
WooCommerce
JavaScript
Web Development
HTML
CSS
Web Design",WordPress,PHP,WordPress Plugin,WooCommerce,JavaScript,Web Development,HTML,CSS,Web Design,,,,,,,,,,,,,,,,,,,,,,
"Twitter Marketing
Social Media Marketing
Social Media Management
Social Media Content Creation
Crypto Marketing",Twitter Marketing,Social Media Marketing,Social Media Management,Social Media Content Creation,Crypto Marketing,,,,,,,,,,,,,,,,,,,,,,,,,,
"Adobe Animate
HTML5
Adobe After Effects",Adobe Animate,HTML5,Adobe After Effects,,,,,,,,,,,,,,,,,,,,,,,,,,,,
Angular,Angular,,,,,,,,,,,,,,,,,,,,,,,,,,,,,,
"Lead Generation
Data Scraping
Data Mining
Prospect List
Data Entry
List Building",Lead Generation,Data Scraping,Data Mining,Prospect List,Data Entry,List Building,,,,,,,,,,,,,,,,,,,,,,,,,
"Data Entry
Virtual Assistant
Salesforce
Salesforce CRM",Data Entry,Virtual Assistant,Salesforce,Salesforce CRM,,,,,,,,,,,,,,,,,,,,,,,,,,,
"Social Media Advertising
Facebook Advertising
Social Media Management
Social Media Marketing
Facebook
Instagram
Social Media Content Creation
Social Media Content
Social Media Strategy
Conversion Rate Optimization",Social Media Advertising,Facebook Advertising,Social Media Management,Social Media Marketing,Facebook,Instagram,Social Media Content Creation,Social Media Content,Social Media Strategy,Conversion Rate Optimization,,,,,,,,,,,,,,,,,,,,,
"SQL
PostgreSQL
PostgreSQL Programming
Microsoft SQL Server",SQL,PostgreSQL,PostgreSQL Programming,Microsoft SQL Server,,,,,,,,,,,,,,,,,,,,,,,,,,,
"Market Research
Lead Generation
Prospect List
Sales
List Building
Outbound Sales
B2B Marketing",Market Research,Lead Generation,Prospect List,Sales,List Building,Outbound Sales,B2B Marketing,,,,,,,,,,,,,,,,,,,,,,,,
"SQL
PostgreSQL
PostgreSQL Programming
Microsoft SQL Server",SQL,PostgreSQL,PostgreSQL Programming,Microsoft SQL Server,,,,,,,,,,,,,,,,,,,,,,,,,,,
"Market Research
Lead Generation
Prospect List
Sales
List Building
Outbound Sales
B2B Marketing",Market Research,Lead Generation,Prospect List,Sales,List Building,Outbound Sales,B2B Marketing,,,,,,,,,,,,,,,,,,,,,,,,
"Vector Art
Black & White Style
Drawing
Illustration
Fashion & Beauty
Line Drawing
Sketch",Vector Art,Black & White Style,Drawing,Illustration,Fashion & Beauty,Line Drawing,Sketch,,,,,,,,,,,,,,,,,,,,,,,,
"Game Development
Game Design
Mobile Game
English
Game Design Document",Game Development,Game Design,Mobile Game,English,Game Design Document,,,,,,,,,,,,,,,,,,,,,,,,,,
"English
Translation",English,Translation,,,,,,,,,,,,,,,,,,,,,,,,,,,,,
"WordPress
Elementor
CSS",WordPress,Elementor,CSS,,,,,,,,,,,,,,,,,,,,,,,,,,,,
"Elementor
Web Design
WordPress
Web Development",Elementor,Web Design,WordPress,Web Development,,,,,,,,,,,,,,,,,,,,,,,,,,,
"Brand Research
Competitive Analysis
Quantitative Research
Qualitative Research
New Product Innovation
Presentations
Case Studies
Content Analysis
Researcher
Market Research",Brand Research,Competitive Analysis,Quantitative Research,Qualitative Research,New Product Innovation,Presentations,Case Studies,Content Analysis,Researcher,Market Research,,,,,,,,,,,,,,,,,,,,,
"Data Entry
Virtual Assistant",Data Entry,Virtual Assistant,,,,,,,,,,,,,,,,,,,,,,,,,,,,,
"Facebook Ads Manager
Google Analytics
Google Ads
Social Media Marketing
YouTube Marketing
Social Media Management
Social Media Content
Social Media Content Creation
Facebook
Instagram",Facebook Ads Manager,Google Analytics,Google Ads,Social Media Marketing,YouTube Marketing,Social Media Management,Social Media Content,Social Media Content Creation,Facebook,Instagram,,,,,,,,,,,,,,,,,,,,,
"Data Entry
Virtual Assistant",Data Entry,Virtual Assistant,,,,,,,,,,,,,,,,,,,,,,,,,,,,,
"Facebook Ads Manager
Google Analytics
Google Ads
Social Media Marketing
YouTube Marketing
Social Media Management
Social Media Content
Social Media Content Creation
Facebook
Instagram",Facebook Ads Manager,Google Analytics,Google Ads,Social Media Marketing,YouTube Marketing,Social Media Management,Social Media Content,Social Media Content Creation,Facebook,Instagram,,,,,,,,,,,,,,,,,,,,,
"XML
Game Development
Reverse Engineering
Software Developer
C++ Developer",XML,Game Development,Reverse Engineering,Software Developer,C++ Developer,,,,,,,,,,,,,,,,,,,,,,,,,,
"Mockup
Web Design
Wireframing
Interaction Design
Prototyping
Graphic Design
Visual Communication",Mockup,Web Design,Wireframing,Interaction Design,Prototyping,Graphic Design,Visual Communication,,,,,,,,,,,,,,,,,,,,,,,,
"Native
Norwegian
English to Norwegian Translation",Native,Norwegian,English to Norwegian Translation,,,,,,,,,,,,,,,,,,,,,,,,,,,,
"Google Ads
Google Analytics
PPC Campaign Setup & Management
Ecommerce",Google Ads,Google Analytics,PPC Campaign Setup & Management,Ecommerce,,,,,,,,,,,,,,,,,,,,,,,,,,,
"Twitter Ads Manager
Social Media Advertising
Facebook Advertising
Social Media Management
Social Media Content Creation
Social Media Content
Crypto Marketing",Twitter Ads Manager,Social Media Advertising,Facebook Advertising,Social Media Management,Social Media Content Creation,Social Media Content,Crypto Marketing,,,,,,,,,,,,,,,,,,,,,,,,
Data Scraping,Data Scraping,,,,,,,,,,,,,,,,,,,,,,,,,,,,,,
"Project Management
Strategy
Business Plan
Market Analysis
Marketing Strategy
Lead Generation
Market Research
Marketing Analytics
Researcher
Business Analysis",Project Management,Strategy,Business Plan,Market Analysis,Marketing Strategy,Lead Generation,Market Research,Marketing Analytics,Researcher,Business Analysis,,,,,,,,,,,,,,,,,,,,,
"Web Development
JavaScript
HTML
CSS
HTML5",Web Development,JavaScript,HTML,CSS,HTML5,,,,,,,,,,,,,,,,,,,,,,,,,,
"Airtable
Zendesk API
Zendesk
API
API Integration",Airtable,Zendesk API,Zendesk,API,API Integration,,,,,,,,,,,,,,,,,,,,,,,,,,
"WordPress
Web Development
Web Design",WordPress,Web Development,Web Design,,,,,,,,,,,,,,,,,,,,,,,,,,,,
"Cold Calling
Lead Generation
Phone Communication
Communications",Cold Calling,Lead Generation,Phone Communication,Communications,,,,,,,,,,,,,,,,,,,,,,,,,,,
"Facebook Ads Manager
Facebook Advertising
Facebook",Facebook Ads Manager,Facebook Advertising,Facebook,,,,,,,,,,,,,,,,,,,,,,,,,,,,
"WordPress
SEO Keyword Research
Search Engine Optimization
SEO Backlinking
On-Page SEO
Organic Traffic Growth
Web Design
Google Analytics
Landing Page
SEO Audit",WordPress,SEO Keyword Research,Search Engine Optimization,SEO Backlinking,On-Page SEO,Organic Traffic Growth,Web Design,Google Analytics,Landing Page,SEO Audit,,,,,,,,,,,,,,,,,,,,,
"Vietnamese
English to Vietnamese Translation
Vietnamese to English Translation
Translation
English
English to Thai Translation
English to Arabic Translation",Vietnamese,English to Vietnamese Translation,Vietnamese to English Translation,Translation,English,English to Thai Translation,English to Arabic Translation,,,,,,,,,,,,,,,,,,,,,,,,
"Landing Page
Website
Wireframing
UX & UI",Landing Page,Website,Wireframing,UX & UI,,,,,,,,,,,,,,,,,,,,,,,,,,,
HubSpot,HubSpot,,,,,,,,,,,,,,,,,,,,,,,,,,,,,,
"Facebook
Campaign Management
Internet Marketing
Marketing Strategy
Social Media Marketing
Campaign Optimization
Instagram
Google Ads",Facebook,Campaign Management,Internet Marketing,Marketing Strategy,Social Media Marketing,Campaign Optimization,Instagram,Google Ads,,,,,,,,,,,,,,,,,,,,,,,
"Website Redesign
Website
Business with 10-99 Employees
Wix
Web Design
Web Development",Website Redesign,Website,Business with 10-99 Employees,Wix,Web Design,Web Development,,,,,,,,,,,,,,,,,,,,,,,,,
"Facebook
Campaign Management
Internet Marketing
Marketing Strategy
Social Media Marketing
Campaign Optimization
Instagram
Google Ads",Facebook,Campaign Management,Internet Marketing,Marketing Strategy,Social Media Marketing,Campaign Optimization,Instagram,Google Ads,,,,,,,,,,,,,,,,,,,,,,,
"Website Redesign
Website
Business with 10-99 Employees
Wix
Web Design
Web Development",Website Redesign,Website,Business with 10-99 Employees,Wix,Web Design,Web Development,,,,,,,,,,,,,,,,,,,,,,,,,
"Comedy
Scriptwriting
Creative Writing
Content Writing
Copywriting
English
Search Engine Optimization
Narrative
Writing
Researcher",Comedy,Scriptwriting,Creative Writing,Content Writing,Copywriting,English,Search Engine Optimization,Narrative,Writing,Researcher,,,,,,,,,,,,,,,,,,,,,
"Business Planning & Strategy
Market Research
Relationship Management
Sales Development
Sales
Cold Calling
Business Development
Scheduling
Marketing Strategy
Lead Generation",Business Planning & Strategy,Market Research,Relationship Management,Sales Development,Sales,Cold Calling,Business Development,Scheduling,Marketing Strategy,Lead Generation,,,,,,,,,,,,,,,,,,,,,
"Amazon FBA
Product Research
Product Sourcing
Wholesale
Sourcing",Amazon FBA,Product Research,Product Sourcing,Wholesale,Sourcing,,,,,,,,,,,,,,,,,,,,,,,,,,
"Financial Writing
Article
Article Writing
Writing
Content Writing
Investment Research",Financial Writing,Article,Article Writing,Writing,Content Writing,Investment Research,,,,,,,,,,,,,,,,,,,,,,,,,
"Web Design
Web Development
Graphic Design
GoDaddy",Web Design,Web Development,Graphic Design,GoDaddy,,,,,,,,,,,,,,,,,,,,,,,,,,,
"Adobe Photoshop
Web Development
Web Design",Adobe Photoshop,Web Development,Web Design,,,,,,,,,,,,,,,,,,,,,,,,,,,,
"Python
German
Minecraft",Python,German,Minecraft,,,,,,,,,,,,,,,,,,,,,,,,,,,,
"Telegram
Social Media Marketing
Facebook
Instagram
Internet Marketing",Telegram,Social Media Marketing,Facebook,Instagram,Internet Marketing,,,,,,,,,,,,,,,,,,,,,,,,,,
"Python
German
Minecraft",Python,German,Minecraft,,,,,,,,,,,,,,,,,,,,,,,,,,,,
"Telegram
Social Media Marketing
Facebook
Instagram
Internet Marketing",Telegram,Social Media Marketing,Facebook,Instagram,Internet Marketing,,,,,,,,,,,,,,,,,,,,,,,,,,
"Smartphone
Android
iOS
Mobile App Development
User Profile Creation",Smartphone,Android,iOS,Mobile App Development,User Profile Creation,,,,,,,,,,,,,,,,,,,,,,,,,,
"Accounting Principles & Practices
Finance & Accounting",Accounting Principles & Practices,Finance & Accounting,,,,,,,,,,,,,,,,,,,,,,,,,,,,,
"Executive Support
Virtual Assistance
Social Media Account Setup
Email Communication
Light Project Management
Meeting Agendas
Task Coordination",Executive Support,Virtual Assistance,Social Media Account Setup,Email Communication,Light Project Management,Meeting Agendas,Task Coordination,,,,,,,,,,,,,,,,,,,,,,,,
"Google Ads
Facebook
Search Engine Optimization
Campaign Management
SEO Keyword Research",Google Ads,Facebook,Search Engine Optimization,Campaign Management,SEO Keyword Research,,,,,,,,,,,,,,,,,,,,,,,,,,
"Website Redesign
Website
Search Engine Optimization
Business with 10-99 Employees
Wix
Web Design
Web Development",Website Redesign,Website,Search Engine Optimization,Business with 10-99 Employees,Wix,Web Design,Web Development,,,,,,,,,,,,,,,,,,,,,,,,
"Stripe
WordPress
Web Development
Shopify",Stripe,WordPress,Web Development,Shopify,,,,,,,,,,,,,,,,,,,,,,,,,,,
"Video Editing
Adobe Premiere Pro
Final Cut Pro X
Videography
Adobe After Effects
Video Intro & Outro
Video Production
Video Post-Editing
Explainer Video
Documentary",Video Editing,Adobe Premiere Pro,Final Cut Pro X,Videography,Adobe After Effects,Video Intro & Outro,Video Production,Video Post-Editing,Explainer Video,Documentary,,,,,,,,,,,,,,,,,,,,,
"Researcher
Market Research
Writing
Content Writing",Researcher,Market Research,Writing,Content Writing,,,,,,,,,,,,,,,,,,,,,,,,,,,
"Video Editing
Adobe Premiere Pro
Video Post-Editing",Video Editing,Adobe Premiere Pro,Video Post-Editing,,,,,,,,,,,,,,,,,,,,,,,,,,,,
"Data Visualization
Marketing Analytics
Zoho CRM
Google Analytics
Google Ads",Data Visualization,Marketing Analytics,Zoho CRM,Google Analytics,Google Ads,,,,,,,,,,,,,,,,,,,,,,,,,,
"HTML5
jQuery
SCSS
Git
CSS 3
Sketch
VanillaSoft
Zeplin",HTML5,jQuery,SCSS,Git,CSS 3,Sketch,VanillaSoft,Zeplin,,,,,,,,,,,,,,,,,,,,,,,
Angular,Angular,,,,,,,,,,,,,,,,,,,,,,,,,,,,,,
Translation,Translation,,,,,,,,,,,,,,,,,,,,,,,,,,,,,,
"Autodesk Revit
Building Information Modeling
Architectural Design
3D Modeling
3D Rendering",Autodesk Revit,Building Information Modeling,Architectural Design,3D Modeling,3D Rendering,,,,,,,,,,,,,,,,,,,,,,,,,,
"Floor Plan Design
Architectural Design",Floor Plan Design,Architectural Design,,,,,,,,,,,,,,,,,,,,,,,,,,,,,
"Facebook Ads Manager
Social Media Marketing Strategy
Lookalike Audience
Facebook
Facebook Advertising
Retargeting
Social Media Marketing
Instagram
Social Media Advertising
Campaign Management",Facebook Ads Manager,Social Media Marketing Strategy,Lookalike Audience,Facebook,Facebook Advertising,Retargeting,Social Media Marketing,Instagram,Social Media Advertising,Campaign Management,,,,,,,,,,,,,,,,,,,,,
"Web Development
Webflow
HTML
CSS
JavaScript
Ecommerce",Web Development,Webflow,HTML,CSS,JavaScript,Ecommerce,,,,,,,,,,,,,,,,,,,,,,,,,
Airtable,Airtable,,,,,,,,,,,,,,,,,,,,,,,,,,,,,,
Airtable,Airtable,,,,,,,,,,,,,,,,,,,,,,,,,,,,,,
"HTML5
JavaScript
CSS 3",HTML5,JavaScript,CSS 3,,,,,,,,,,,,,,,,,,,,,,,,,,,,
"Off-Page SEO
Technical SEO
Content SEO
SEO Keyword Research
Organic Traffic Growth
SEO Backlinking
Search Engine Optimization
On-Page SEO
SEO Audit
Google Analytics",Off-Page SEO,Technical SEO,Content SEO,SEO Keyword Research,Organic Traffic Growth,SEO Backlinking,Search Engine Optimization,On-Page SEO,SEO Audit,Google Analytics,,,,,,,,,,,,,,,,,,,,,
"WordPress
Web Design
Elementor
Graphic Design
Adobe Photoshop
CSS",WordPress,Web Design,Elementor,Graphic Design,Adobe Photoshop,CSS,,,,,,,,,,,,,,,,,,,,,,,,,
"Python
Google Chrome Extension
API Integration
Web Application
Browser Extension
Google Analytics
Web Development
JavaScript
Natural Language Processing",Python,Google Chrome Extension,API Integration,Web Application,Browser Extension,Google Analytics,Web Development,JavaScript,Natural Language Processing,,,,,,,,,,,,,,,,,,,,,,
"Amazon Web Services
AWS Lambda
API
MongoDB
TypeScript
Amazon API Gateway
Web Scraping",Amazon Web Services,AWS Lambda,API,MongoDB,TypeScript,Amazon API Gateway,Web Scraping,,,,,,,,,,,,,,,,,,,,,,,,
"Organizational Design & Effectiveness
Business Change
Strategy
Interpersonal Skills
Management Consulting
Market Planning
Business Analysis
Project Management
Communications
Presentations",Organizational Design & Effectiveness,Business Change,Strategy,Interpersonal Skills,Management Consulting,Market Planning,Business Analysis,Project Management,Communications,Presentations,,,,,,,,,,,,,,,,,,,,,
"Campaign Management
Community Management
Campaign Setup
Facebook Pixel Setup & Optimization
Retargeting
Mobile Advertising
Facebook Advertising
Facebook
Social Media Marketing
Instagram",Campaign Management,Community Management,Campaign Setup,Facebook Pixel Setup & Optimization,Retargeting,Mobile Advertising,Facebook Advertising,Facebook,Social Media Marketing,Instagram,,,,,,,,,,,,,,,,,,,,,
"Data Processing
Data Entry
Data Segmentation
Data Analysis
API Integration
Data Integration
Data Scraping",Data Processing,Data Entry,Data Segmentation,Data Analysis,API Integration,Data Integration,Data Scraping,,,,,,,,,,,,,,,,,,,,,,,,
"API Integration
WooCommerce
Ecommerce Platform Development
Web Development
Web Design
Stripe",API Integration,WooCommerce,Ecommerce Platform Development,Web Development,Web Design,Stripe,,,,,,,,,,,,,,,,,,,,,,,,,
"Facebook Advertising
Instagram Story
Health & Wellness
Facebook
Instagram
LinkedIn
Community Engagement
Social Media Management",Facebook Advertising,Instagram Story,Health & Wellness,Facebook,Instagram,LinkedIn,Community Engagement,Social Media Management,,,,,,,,,,,,,,,,,,,,,,,
"Java
Golang
Azure DevOps
Docker
AWS CloudFormation",Java,Golang,Azure DevOps,Docker,AWS CloudFormation,,,,,,,,,,,,,,,,,,,,,,,,,,
"Desktop Application Testing
Bug Tracking & Reports
Component Testing
Business with 1-9 Employees
Software QA
QA Testing
Quality Assurance
Bug Reports
Functional Testing
Software Testing",Desktop Application Testing,Bug Tracking & Reports,Component Testing,Business with 1-9 Employees,Software QA,QA Testing,Quality Assurance,Bug Reports,Functional Testing,Software Testing,,,,,,,,,,,,,,,,,,,,,
Czech,Czech,,,,,,,,,,,,,,,,,,,,,,,,,,,,,,
"Search Engine Marketing
Content Marketing
Marketing Strategy
Case Study Design
SEO Content
Website Copywriting
Website Content
Social Media Content
LinkedIn
SaaS",Search Engine Marketing,Content Marketing,Marketing Strategy,Case Study Design,SEO Content,Website Copywriting,Website Content,Social Media Content,LinkedIn,SaaS,,,,,,,,,,,,,,,,,,,,,
Social Media Audience Research,Social Media Audience Research,,,,,,,,,,,,,,,,,,,,,,,,,,,,,,
Turkish,Turkish,,,,,,,,,,,,,,,,,,,,,,,,,,,,,,
"Female
Male
Japanese
Phone Communication",Female,Male,Japanese,Phone Communication,,,,,,,,,,,,,,,,,,,,,,,,,,,
"Canva
Pinterest
SEO Keyword Research
Social Media Content
Social Media Marketing
Video Editing
Social Media Content Creation
Graphic Design
Content Development",Canva,Pinterest,SEO Keyword Research,Social Media Content,Social Media Marketing,Video Editing,Social Media Content Creation,Graphic Design,Content Development,,,,,,,,,,,,,,,,,,,,,,
"Business Plan
Business Consulting
Business Development",Business Plan,Business Consulting,Business Development,,,,,,,,,,,,,,,,,,,,,,,,,,,,
"Adobe Illustrator
Graphic Design
Icon Design
Illustration
Line Drawing",Adobe Illustrator,Graphic Design,Icon Design,Illustration,Line Drawing,,,,,,,,,,,,,,,,,,,,,,,,,,
"WordPress
Web Design
Web Development
Search Engine Optimization
HTML
JavaScript
Webflow",WordPress,Web Design,Web Development,Search Engine Optimization,HTML,JavaScript,Webflow,,,,,,,,,,,,,,,,,,,,,,,,
"Landing Page
Advertising Design
Shopify
Graphic Design
Adobe Photoshop
Web Design",Landing Page,Advertising Design,Shopify,Graphic Design,Adobe Photoshop,Web Design,,,,,,,,,,,,,,,,,,,,,,,,,
"Sales
Sales Management
Sales Development
Sales & Marketing
Lead Generation",Sales,Sales Management,Sales Development,Sales & Marketing,Lead Generation,,,,,,,,,,,,,,,,,,,,,,,,,,
"Mailchimp
Graphic Design",Mailchimp,Graphic Design,,,,,,,,,,,,,,,,,,,,,,,,,,,,,
Translation,Translation,,,,,,,,,,,,,,,,,,,,,,,,,,,,,,
French,French,,,,,,,,,,,,,,,,,,,,,,,,,,,,,,
"ANTLR v4
Bitcoin",ANTLR v4,Bitcoin,,,,,,,,,,,,,,,,,,,,,,,,,,,,,
"Social Media Management
Content Writing
Scheduling
Social Media Content
Social Media Content Creation
Social Media Advertising
Social Media Marketing
German
English
Cosmetics",Social Media Management,Content Writing,Scheduling,Social Media Content,Social Media Content Creation,Social Media Advertising,Social Media Marketing,German,English,Cosmetics,,,,,,,,,,,,,,,,,,,,,
"Social Media Management
Facebook
Instagram
Social Media Content Creation
Social Media Content
Facebook Advertising
Instagram Story
Influencer Marketing
Ecommerce
Customer Service",Social Media Management,Facebook,Instagram,Social Media Content Creation,Social Media Content,Facebook Advertising,Instagram Story,Influencer Marketing,Ecommerce,Customer Service,,,,,,,,,,,,,,,,,,,,,
"Social Media Management
Facebook
Instagram
Social Media Content Creation
Social Media Content
Facebook Advertising
Instagram Story
Influencer Marketing
Ecommerce
Customer Service",Social Media Management,Facebook,Instagram,Social Media Content Creation,Social Media Content,Facebook Advertising,Instagram Story,Influencer Marketing,Ecommerce,Customer Service,,,,,,,,,,,,,,,,,,,,,
"Electrical Design
Wiring Design
Electrical Engineering
Electronics
Electrical Drawing",Electrical Design,Wiring Design,Electrical Engineering,Electronics,Electrical Drawing,,,,,,,,,,,,,,,,,,,,,,,,,,
"Energetic Tone
Casual Tone
British English Accent
Teen
Voice-Over
Male
Voice Acting
US English Dialect
Young Adult",Energetic Tone,Casual Tone,British English Accent,Teen,Voice-Over,Male,Voice Acting,US English Dialect,Young Adult,,,,,,,,,,,,,,,,,,,,,,
"Dutch
Financial Accounting
Finance
Finance & Accounting
English to Dutch Translation",Dutch,Financial Accounting,Finance,Finance & Accounting,English to Dutch Translation,,,,,,,,,,,,,,,,,,,,,,,,,,
"California Consumer Privacy Act
Business with 1-9 Employees
HIPAA
Regulatory Compliance",California Consumer Privacy Act,Business with 1-9 Employees,HIPAA,Regulatory Compliance,,,,,,,,,,,,,,,,,,,,,,,,,,,
"Swift
iOS
Apple Xcode
Wearables Software
Apple Watch Application
Agile Software Development
JSON
RESTful API
Git
CI/CD",Swift,iOS,Apple Xcode,Wearables Software,Apple Watch Application,Agile Software Development,JSON,RESTful API,Git,CI/CD,,,,,,,,,,,,,,,,,,,,,
"Social Media Manager
German
Virtual Assistant
Communications
Research Assistant
English
Email",Social Media Manager,German,Virtual Assistant,Communications,Research Assistant,English,Email,,,,,,,,,,,,,,,,,,,,,,,,
"SendGrid
Email Marketing",SendGrid,Email Marketing,,,,,,,,,,,,,,,,,,,,,,,,,,,,,
"Social Media Management
Facebook
Instagram
Social Media Content Creation
Social Media Content
Facebook Advertising
Instagram Story
Influencer Marketing
Ecommerce
Customer Service",Social Media Management,Facebook,Instagram,Social Media Content Creation,Social Media Content,Facebook Advertising,Instagram Story,Influencer Marketing,Ecommerce,Customer Service,,,,,,,,,,,,,,,,,,,,,
"Video Editing
Adobe Premiere Pro
Adobe After Effects
Video Production
Motion Graphics
Documentary
Animation",Video Editing,Adobe Premiere Pro,Adobe After Effects,Video Production,Motion Graphics,Documentary,Animation,,,,,,,,,,,,,,,,,,,,,,,,
"SEO Backlinking
Off-Page SEO
Marketing Strategy",SEO Backlinking,Off-Page SEO,Marketing Strategy,,,,,,,,,,,,,,,,,,,,,,,,,,,,
"Swedish
Proofreading
Error Detection",Swedish,Proofreading,Error Detection,,,,,,,,,,,,,,,,,,,,,,,,,,,,
"Microsoft Outlook
HTML
Email Design",Microsoft Outlook,HTML,Email Design,,,,,,,,,,,,,,,,,,,,,,,,,,,,
"Social Media Management
Facebook
Instagram
Social Media Content Creation
Social Media Content
Facebook Advertising
Instagram Story
Influencer Marketing
Ecommerce
Customer Service",Social Media Management,Facebook,Instagram,Social Media Content Creation,Social Media Content,Facebook Advertising,Instagram Story,Influencer Marketing,Ecommerce,Customer Service,,,,,,,,,,,,,,,,,,,,,
"Camera
Android
Video Production
Explainer Video
Video Editing
Videography
Video Commercial",Camera,Android,Video Production,Explainer Video,Video Editing,Videography,Video Commercial,,,,,,,,,,,,,,,,,,,,,,,,
"Native Advertising
Campaign Management
Pay Per Click Advertising
PPC Campaign Setup & Management",Native Advertising,Campaign Management,Pay Per Click Advertising,PPC Campaign Setup & Management,,,,,,,,,,,,,,,,,,,,,,,,,,,
"Data Scraping
Data Mining
Web Crawling
Automation",Data Scraping,Data Mining,Web Crawling,Automation,,,,,,,,,,,,,,,,,,,,,,,,,,,
"Personal Administration
Technical Support",Personal Administration,Technical Support,,,,,,,,,,,,,,,,,,,,,,,,,,,,,
"Landing Page
Banner Ad Designer
Web Design",Landing Page,Banner Ad Designer,Web Design,,,,,,,,,,,,,,,,,,,,,,,,,,,,
"Social Media Management
Facebook
Instagram
Social Media Content Creation
Social Media Content
Facebook Advertising
Instagram Story
Influencer Marketing
Ecommerce
Customer Service",Social Media Management,Facebook,Instagram,Social Media Content Creation,Social Media Content,Facebook Advertising,Instagram Story,Influencer Marketing,Ecommerce,Customer Service,,,,,,,,,,,,,,,,,,,,,
"Content Writing
Social Media Content
Copywriting
Sales Funnel Copywriting",Content Writing,Social Media Content,Copywriting,Sales Funnel Copywriting,,,,,,,,,,,,,,,,,,,,,,,,,,,
"Laravel
Custom PHP
Shopify
JavaScript
Web Development
CSS
HTML
Shopify Apps
Laravel Developer
API Integration
API",Laravel,Custom PHP,Shopify,JavaScript,Web Development,CSS,HTML,Shopify Apps,Laravel Developer,API Integration,API,,,,,,,,,,,,,,,,,,,,
Graphic Design,Graphic Design,,,,,,,,,,,,,,,,,,,,,,,,,,,,,,
Drupal,Drupal,,,,,,,,,,,,,,,,,,,,,,,,,,,,,,
"Autodesk Maya
3D Animation
Animation
Game Asset
VFX Animation",Autodesk Maya,3D Animation,Animation,Game Asset,VFX Animation,,,,,,,,,,,,,,,,,,,,,,,,,,
"Figma
Web Design",Figma,Web Design,,,,,,,,,,,,,,,,,,,,,,,,,,,,,
"Email Automation
Lead Management Automation
CRM Automation
Campaign Management
Marketing Automation Strategy
Shopify
Klaviyo
Email Campaign Setup
Email Marketing
Marketing Automation",Email Automation,Lead Management Automation,CRM Automation,Campaign Management,Marketing Automation Strategy,Shopify,Klaviyo,Email Campaign Setup,Email Marketing,Marketing Automation,,,,,,,,,,,,,,,,,,,,,
Blender,Blender,,,,,,,,,,,,,,,,,,,,,,,,,,,,,,
"Desktop Application
Microsoft Windows",Desktop Application,Microsoft Windows,,,,,,,,,,,,,,,,,,,,,,,,,,,,,
"Press Release
Media Relations
Public Relations
Press Distribution
English
Writing",Press Release,Media Relations,Public Relations,Press Distribution,English,Writing,,,,,,,,,,,,,,,,,,,,,,,,,
"Instagram
Facebook
Social Media Marketing
Graphic Design
Social Media Imagery
Social Media Management",Instagram,Facebook,Social Media Marketing,Graphic Design,Social Media Imagery,Social Media Management,,,,,,,,,,,,,,,,,,,,,,,,,
"Music Production
Audio Production
Sound Mixing",Music Production,Audio Production,Sound Mixing,,,,,,,,,,,,,,,,,,,,,,,,,,,,
"Adobe Photoshop
Adobe Illustrator
Graphic Design
Illustration",Adobe Photoshop,Adobe Illustrator,Graphic Design,Illustration,,,,,,,,,,,,,,,,,,,,,,,,,,,
"Graphic Design
Logo Design",Graphic Design,Logo Design,,,,,,,,,,,,,,,,,,,,,,,,,,,,,
"Brand Identity & Guidelines
Infographic
Graphic Design
Web Design
Adobe Photoshop",Brand Identity & Guidelines,Infographic,Graphic Design,Web Design,Adobe Photoshop,,,,,,,,,,,,,,,,,,,,,,,,,,
"WordPress
CSS
Web Development
Web Design",WordPress,CSS,Web Development,Web Design,,,,,,,,,,,,,,,,,,,,,,,,,,,
"Market Research
Financial Analysis
Data Mining",Market Research,Financial Analysis,Data Mining,,,,,,,,,,,,,,,,,,,,,,,,,,,,
Mobile App Design,Mobile App Design,,,,,,,,,,,,,,,,,,,,,,,,,,,,,,
"Researcher
Content Writing
Search Engine Optimization
SEO Writing
Video Editing
Video Production
YouTube SEO
2D Animation",Researcher,Content Writing,Search Engine Optimization,SEO Writing,Video Editing,Video Production,YouTube SEO,2D Animation,,,,,,,,,,,,,,,,,,,,,,,
Structural Engineering,Structural Engineering,,,,,,,,,,,,,,,,,,,,,,,,,,,,,,
"Operations Analytics
Customer Service Analytics
Data Visualization
Data Analytics
Python
SQL
Market Research
Project Management
Certified Associate in Python Programming",Operations Analytics,Customer Service Analytics,Data Visualization,Data Analytics,Python,SQL,Market Research,Project Management,Certified Associate in Python Programming,,,,,,,,,,,,,,,,,,,,,,
"SEO Writing
Finance & Accounting
German
Writing
Content Writing",SEO Writing,Finance & Accounting,German,Writing,Content Writing,,,,,,,,,,,,,,,,,,,,,,,,,,
"Graphic Design
Logo Design
Web Design",Graphic Design,Logo Design,Web Design,,,,,,,,,,,,,,,,,,,,,,,,,,,,
"Figma
Webflow
Web Design
Web Development
Responsive Design",Figma,Webflow,Web Design,Web Development,Responsive Design,,,,,,,,,,,,,,,,,,,,,,,,,,
"UX & UI
Website Redesign
A/B Testing
Hotjar Expert
Conversion Rate Optimization",UX & UI,Website Redesign,A/B Testing,Hotjar Expert,Conversion Rate Optimization,,,,,,,,,,,,,,,,,,,,,,,,,,
"Content SEO
SEO Writing
Marketing Strategy
Blog Content
Construction
Copywriting
Content Writing
Creative Writing
English
Blog Writing",Content SEO,SEO Writing,Marketing Strategy,Blog Content,Construction,Copywriting,Content Writing,Creative Writing,English,Blog Writing,,,,,,,,,,,,,,,,,,,,,
"WordPress
French
PHP
Web Development
Web Design
CSS
HTML
WordPress Development
Landing Page",WordPress,French,PHP,Web Development,Web Design,CSS,HTML,WordPress Development,Landing Page,,,,,,,,,,,,,,,,,,,,,,
"PHP
JavaScript
Node.js
React",PHP,JavaScript,Node.js,React,,,,,,,,,,,,,,,,,,,,,,,,,,,
"Web Crawling
Data Scraping",Web Crawling,Data Scraping,,,,,,,,,,,,,,,,,,,,,,,,,,,,,
"Firebase Cloud Firestore
Android
iOS
Mobile App Development",Firebase Cloud Firestore,Android,iOS,Mobile App Development,,,,,,,,,,,,,,,,,,,,,,,,,,,
"Content Writing
Copywriting
SEO Writing
Writing
Article Writing",Content Writing,Copywriting,SEO Writing,Writing,Article Writing,,,,,,,,,,,,,,,,,,,,,,,,,,
"CSS
JavaScript
HTML5
WordPress
Web Development
HTML
jQuery
Web Design
CSS 3
PHP",CSS,JavaScript,HTML5,WordPress,Web Development,HTML,jQuery,Web Design,CSS 3,PHP,,,,,,,,,,,,,,,,,,,,,
"Odoo
Python
Odoo Development
CSS
HTML",Odoo,Python,Odoo Development,CSS,HTML,,,,,,,,,,,,,,,,,,,,,,,,,,
Google Ads,Google Ads,,,,,,,,,,,,,,,,,,,,,,,,,,,,,,
French,French,,,,,,,,,,,,,,,,,,,,,,,,,,,,,,
"Python
Data Analysis
Microsoft Excel",Python,Data Analysis,Microsoft Excel,,,,,,,,,,,,,,,,,,,,,,,,,,,,
"Contract Law
Partnership Agreement
Social Media Marketing
Influencer Marketing
Influencer Research
Contract Drafting",Contract Law,Partnership Agreement,Social Media Marketing,Influencer Marketing,Influencer Research,Contract Drafting,,,,,,,,,,,,,,,,,,,,,,,,,
"SEO Writing
Content Writing
Proofreading",SEO Writing,Content Writing,Proofreading,,,,,,,,,,,,,,,,,,,,,,,,,,,,
"SEO Writing
Content Writing
Proofreading",SEO Writing,Content Writing,Proofreading,,,,,,,,,,,,,,,,,,,,,,,,,,,,
"Influencer Marketing
Inbound Marketing
Advertising Strategy
Channel Prioritization
Customer Acquisition Strategy
Growth Strategy
Marketing Strategy
Content Writing
Search Engine Optimization",Influencer Marketing,Inbound Marketing,Advertising Strategy,Channel Prioritization,Customer Acquisition Strategy,Growth Strategy,Marketing Strategy,Content Writing,Search Engine Optimization,,,,,,,,,,,,,,,,,,,,,,
"SEO Writing
Content Writing
Proofreading",SEO Writing,Content Writing,Proofreading,,,,,,,,,,,,,,,,,,,,,,,,,,,,
"SEO Writing
Content Writing
Proofreading",SEO Writing,Content Writing,Proofreading,,,,,,,,,,,,,,,,,,,,,,,,,,,,
"Influencer Marketing
Inbound Marketing
Advertising Strategy
Channel Prioritization
Customer Acquisition Strategy
Growth Strategy
Marketing Strategy
Content Writing
Search Engine Optimization",Influencer Marketing,Inbound Marketing,Advertising Strategy,Channel Prioritization,Customer Acquisition Strategy,Growth Strategy,Marketing Strategy,Content Writing,Search Engine Optimization,,,,,,,,,,,,,,,,,,,,,,
"Appointment Setting
Lead Generation",Appointment Setting,Lead Generation,,,,,,,,,,,,,,,,,,,,,,,,,,,,,
"Graphic Design
Adobe Illustrator",Graphic Design,Adobe Illustrator,,,,,,,,,,,,,,,,,,,,,,,,,,,,,
"Smartphone
Tablet
Mapbox
React Native
JavaScript
iOS
Android",Smartphone,Tablet,Mapbox,React Native,JavaScript,iOS,Android,,,,,,,,,,,,,,,,,,,,,,,,
"Google Search Console
On-Page SEO
Technical SEO
SEO Performance
Sports & Recreation
Media & Entertainment
Search Engine Optimization
SEO Keyword Research
Organic Traffic Growth",Google Search Console,On-Page SEO,Technical SEO,SEO Performance,Sports & Recreation,Media & Entertainment,Search Engine Optimization,SEO Keyword Research,Organic Traffic Growth,,,,,,,,,,,,,,,,,,,,,,
"Social Media Management
Facebook
Instagram
Social Media Content Creation
Social Media Marketing
Social Media Content
Social Media Strategy",Social Media Management,Facebook,Instagram,Social Media Content Creation,Social Media Marketing,Social Media Content,Social Media Strategy,,,,,,,,,,,,,,,,,,,,,,,,
"Dutch
English
Dutch to English Translation",Dutch,English,Dutch to English Translation,,,,,,,,,,,,,,,,,,,,,,,,,,,,
,,,,,,,,,,,,,,,,,,,,,,,,,,,,,,,
"WordPress
Web Development
CSS
PHP
WordPress Development
Web Design
WordPress Theme
HTML
WordPress Plugin
WooCommerce",WordPress,Web Development,CSS,PHP,WordPress Development,Web Design,WordPress Theme,HTML,WordPress Plugin,WooCommerce,,,,,,,,,,,,,,,,,,,,,
"Email Copywriting
Copywriting
Email Communication
Content Writing
English
Blog Content
Writing",Email Copywriting,Copywriting,Email Communication,Content Writing,English,Blog Content,Writing,,,,,,,,,,,,,,,,,,,,,,,,
"Influencer Marketing
Advertising Strategy
Marketing Strategy
Content Strategy",Influencer Marketing,Advertising Strategy,Marketing Strategy,Content Strategy,,,,,,,,,,,,,,,,,,,,,,,,,,,
"Researcher
Writing
Content Writing
Creative Writing
Article Writing
Translation
Editing & Proofreading
Market Research
Social Media Content
Russian",Researcher,Writing,Content Writing,Creative Writing,Article Writing,Translation,Editing & Proofreading,Market Research,Social Media Content,Russian,,,,,,,,,,,,,,,,,,,,,
"HTML
Graphic Design
HTML5
Email Marketing
Web Design
Web Development
Content Writing",HTML,Graphic Design,HTML5,Email Marketing,Web Design,Web Development,Content Writing,,,,,,,,,,,,,,,,,,,,,,,,
"3D Modeling
JavaScript
3D Rendering
3D Design
three.js",3D Modeling,JavaScript,3D Rendering,3D Design,three.js,,,,,,,,,,,,,,,,,,,,,,,,,,
"Logo Design
Graphic Design
Color Palette
Typography",Logo Design,Graphic Design,Color Palette,Typography,,,,,,,,,,,,,,,,,,,,,,,,,,,
"WordPress
Data Entry
Virtual Assistance
Virtual Assistant
Product Listings
Administrative Support
File Management
Researcher
Email Communication",WordPress,Data Entry,Virtual Assistance,Virtual Assistant,Product Listings,Administrative Support,File Management,Researcher,Email Communication,,,,,,,,,,,,,,,,,,,,,,
"Content Writing
English
Article Writing
SEO Writing
Search Engine Optimization
Researcher",Content Writing,English,Article Writing,SEO Writing,Search Engine Optimization,Researcher,,,,,,,,,,,,,,,,,,,,,,,,,
"Database Optimization
Data Migration
Business with 100-999 Employees
Salesforce
Google Sheets
Administrative Support
Microsoft Excel
German",Database Optimization,Data Migration,Business with 100-999 Employees,Salesforce,Google Sheets,Administrative Support,Microsoft Excel,German,,,,,,,,,,,,,,,,,,,,,,,
"Content Writing
English
Article Writing
SEO Writing
Search Engine Optimization
Researcher",Content Writing,English,Article Writing,SEO Writing,Search Engine Optimization,Researcher,,,,,,,,,,,,,,,,,,,,,,,,,
"Database Optimization
Data Migration
Business with 100-999 Employees
Salesforce
Google Sheets
Administrative Support
Microsoft Excel
German",Database Optimization,Data Migration,Business with 100-999 Employees,Salesforce,Google Sheets,Administrative Support,Microsoft Excel,German,,,,,,,,,,,,,,,,,,,,,,,
"Shopify
Dropshipping
Customer Service
Customer Support
Email Support
Order Tracking
Zendesk
Customer Satisfaction
Email Communication",Shopify,Dropshipping,Customer Service,Customer Support,Email Support,Order Tracking,Zendesk,Customer Satisfaction,Email Communication,,,,,,,,,,,,,,,,,,,,,,
"Search Engine Optimization
Landing Page
SEO Keyword Research
SEO Writing
Ad Copy
On-Page SEO
SEO Performance",Search Engine Optimization,Landing Page,SEO Keyword Research,SEO Writing,Ad Copy,On-Page SEO,SEO Performance,,,,,,,,,,,,,,,,,,,,,,,,
"React
Web Development
JavaScript
Chart.js
Data Visualization",React,Web Development,JavaScript,Chart.js,Data Visualization,,,,,,,,,,,,,,,,,,,,,,,,,,
"Competitive Analysis
On-Page SEO
SEO Audit
Google Search Console
Google Analytics
Search Engine Optimization
SEO Backlinking
SEO Keyword Research
Organic Traffic Growth
Google Ads",Competitive Analysis,On-Page SEO,SEO Audit,Google Search Console,Google Analytics,Search Engine Optimization,SEO Backlinking,SEO Keyword Research,Organic Traffic Growth,Google Ads,,,,,,,,,,,,,,,,,,,,,
"Video Editing
Adobe After Effects
Video Post-Editing
Audio Editing
Video Production
Audio Production
Podcast
Adobe Premiere Pro",Video Editing,Adobe After Effects,Video Post-Editing,Audio Editing,Video Production,Audio Production,Podcast,Adobe Premiere Pro,,,,,,,,,,,,,,,,,,,,,,,
"Shopify
Content Writing
Canva
Social Media Content Creation",Shopify,Content Writing,Canva,Social Media Content Creation,,,,,,,,,,,,,,,,,,,,,,,,,,,
"Logo Design
Graphic Design
Adobe Photoshop
Adobe Illustrator
Brand Identity & Guidelines",Logo Design,Graphic Design,Adobe Photoshop,Adobe Illustrator,Brand Identity & Guidelines,,,,,,,,,,,,,,,,,,,,,,,,,,
"Docker
GitHub",Docker,GitHub,,,,,,,,,,,,,,,,,,,,,,,,,,,,,
"Data Mining
HubSpot
Data Analysis",Data Mining,HubSpot,Data Analysis,,,,,,,,,,,,,,,,,,,,,,,,,,,,
"Next.js
Web Application
Landing Page
JavaScript
HTML
API
React
Node.js",Next.js,Web Application,Landing Page,JavaScript,HTML,API,React,Node.js,,,,,,,,,,,,,,,,,,,,,,,
"Data Engineering
Data Integration
Data Migration
SQL
Python
Amazon Web Services
ETL Pipeline
Amazon S3
AWS Lambda
Python Script",Data Engineering,Data Integration,Data Migration,SQL,Python,Amazon Web Services,ETL Pipeline,Amazon S3,AWS Lambda,Python Script,,,,,,,,,,,,,,,,,,,,,
Julia,Julia,,,,,,,,,,,,,,,,,,,,,,,,,,,,,,
"Tax Preparation
Tax Law",Tax Preparation,Tax Law,,,,,,,,,,,,,,,,,,,,,,,,,,,,,
"Vue.js
PHP",Vue.js,PHP,,,,,,,,,,,,,,,,,,,,,,,,,,,,,
"English
Content Writing
Copywriting
Writing
Article Writing
Researcher
Scripting
Scriptwriting
Screenwriting",English,Content Writing,Copywriting,Writing,Article Writing,Researcher,Scripting,Scriptwriting,Screenwriting,,,,,,,,,,,,,,,,,,,,,,
"Graphic Design
Adobe Illustrator
Web Design",Graphic Design,Adobe Illustrator,Web Design,,,,,,,,,,,,,,,,,,,,,,,,,,,,
"Health & Wellness
Facebook
Instagram
Social Media Content Creation
Social Media Management
Social Media Marketing
Social Media Content",Health & Wellness,Facebook,Instagram,Social Media Content Creation,Social Media Management,Social Media Marketing,Social Media Content,,,,,,,,,,,,,,,,,,,,,,,,
"Video Editing
Adobe Premiere Pro",Video Editing,Adobe Premiere Pro,,,,,,,,,,,,,,,,,,,,,,,,,,,,,
"Node.js
Website
Website Customization
Web Development
JavaScript
Back-End Development
Front-End Development",Node.js,Website,Website Customization,Web Development,JavaScript,Back-End Development,Front-End Development,,,,,,,,,,,,,,,,,,,,,,,,
"Market Research
Education
Sales Development
Zoho CRM
B2B Marketing",Market Research,Education,Sales Development,Zoho CRM,B2B Marketing,,,,,,,,,,,,,,,,,,,,,,,,,,
"Google Ads
PPC Campaign Setup & Management
SEO Keyword Research
Google Tag Manager
Google Analytics
Campaign Optimization
Google Local Business Optimization",Google Ads,PPC Campaign Setup & Management,SEO Keyword Research,Google Tag Manager,Google Analytics,Campaign Optimization,Google Local Business Optimization,,,,,,,,,,,,,,,,,,,,,,,,
Angular,Angular,,,,,,,,,,,,,,,,,,,,,,,,,,,,,,
"Medical Transcription
Audio Transcription
English
General Transcription
Japanese
Japanese to English Translation",Medical Transcription,Audio Transcription,English,General Transcription,Japanese,Japanese to English Translation,,,,,,,,,,,,,,,,,,,,,,,,,
"CSS Grid
Web Application
React
JavaScript
Auth0
Django",CSS Grid,Web Application,React,JavaScript,Auth0,Django,,,,,,,,,,,,,,,,,,,,,,,,,
"Graphic Design
Adobe Illustrator
Layout Design
Social Media Imagery
Brand Identity & Guidelines",Graphic Design,Adobe Illustrator,Layout Design,Social Media Imagery,Brand Identity & Guidelines,,,,,,,,,,,,,,,,,,,,,,,,,,
"Business Proposal Writing
Proposal Writing
Project Proposal
Content Writing
English",Business Proposal Writing,Proposal Writing,Project Proposal,Content Writing,English,,,,,,,,,,,,,,,,,,,,,,,,,,
"Spanish
Content Localization
Documentation
Native
Business Translation
English
English to Spanish Translation
Proofreading",Spanish,Content Localization,Documentation,Native,Business Translation,English,English to Spanish Translation,Proofreading,,,,,,,,,,,,,,,,,,,,,,,
"Education
Market Research
Sales
English
Marketing Strategy",Education,Market Research,Sales,English,Marketing Strategy,,,,,,,,,,,,,,,,,,,,,,,,,,
"Website Content
Researcher
English
Writing
SEO Writing
Content Writing
French
Blog Content
Copywriting",Website Content,Researcher,English,Writing,SEO Writing,Content Writing,French,Blog Content,Copywriting,,,,,,,,,,,,,,,,,,,,,,
"German
Dari
Translation
English to German Translation",German,Dari,Translation,English to German Translation,,,,,,,,,,,,,,,,,,,,,,,,,,,
"Data Entry
Microsoft Excel",Data Entry,Microsoft Excel,,,,,,,,,,,,,,,,,,,,,,,,,,,,,
"WordPress
PHP
Web Development",WordPress,PHP,Web Development,,,,,,,,,,,,,,,,,,,,,,,,,,,,
"Community Engagement
Community Management
Social Media Marketing
Social Media Management
Marketing Strategy
Content Writing
Japanese",Community Engagement,Community Management,Social Media Marketing,Social Media Management,Marketing Strategy,Content Writing,Japanese,,,,,,,,,,,,,,,,,,,,,,,,
"Creative Writing
Writing
Scriptwriting
Content Writing",Creative Writing,Writing,Scriptwriting,Content Writing,,,,,,,,,,,,,,,,,,,,,,,,,,,
"Elementor
WordPress
Web Design
CSS
Website",Elementor,WordPress,Web Design,CSS,Website,,,,,,,,,,,,,,,,,,,,,,,,,,
"SEO Keyword Research
Google Tag Manager
Search Engine Optimization
Search Engine Marketing
PPC Campaign Setup & Management",SEO Keyword Research,Google Tag Manager,Search Engine Optimization,Search Engine Marketing,PPC Campaign Setup & Management,,,,,,,,,,,,,,,,,,,,,,,,,,
"Researcher
Data Entry",Researcher,Data Entry,,,,,,,,,,,,,,,,,,,,,,,,,,,,,
"PHP
CodeIgniter
API
API Integration
Payment Gateway Integration",PHP,CodeIgniter,API,API Integration,Payment Gateway Integration,,,,,,,,,,,,,,,,,,,,,,,,,,
"Copywriting
Content Writing
Website Content
Landing Page
Writing
Ad Copy",Copywriting,Content Writing,Website Content,Landing Page,Writing,Ad Copy,,,,,,,,,,,,,,,,,,,,,,,,,
"Amazon FBA
Virtual Assistant
Amazon",Amazon FBA,Virtual Assistant,Amazon,,,,,,,,,,,,,,,,,,,,,,,,,,,,
"Google Ads
Pay Per Click Advertising
Campaign Optimization
Campaign Management
Google Analytics",Google Ads,Pay Per Click Advertising,Campaign Optimization,Campaign Management,Google Analytics,,,,,,,,,,,,,,,,,,,,,,,,,,
"Web Application
Web Development
Angular 2
Python
English",Web Application,Web Development,Angular 2,Python,English,,,,,,,,,,,,,,,,,,,,,,,,,,
"2D Art
2D Illustration
Figurative Illustration
Illustration
Scientific Illustration",2D Art,2D Illustration,Figurative Illustration,Illustration,Scientific Illustration,,,,,,,,,,,,,,,,,,,,,,,,,,
"Artificial Intelligence
C++
Python
Trading Automation
Trading Language",Artificial Intelligence,C++,Python,Trading Automation,Trading Language,,,,,,,,,,,,,,,,,,,,,,,,,,
"Facebook Advertising
Facebook
Social Media Marketing
Retargeting",Facebook Advertising,Facebook,Social Media Marketing,Retargeting,,,,,,,,,,,,,,,,,,,,,,,,,,,
"YouTube Monetization
YouTube Subscribers
YouTube Ad
YouTube Marketing
YouTube Development",YouTube Monetization,YouTube Subscribers,YouTube Ad,YouTube Marketing,YouTube Development,,,,,,,,,,,,,,,,,,,,,,,,,,
"Adobe After Effects
Motion Graphics
2D Animation
Adobe Premiere Pro
Video Post-Editing
Animation",Adobe After Effects,Motion Graphics,2D Animation,Adobe Premiere Pro,Video Post-Editing,Animation,,,,,,,,,,,,,,,,,,,,,,,,,
"Python
Business with 1000+ Employees
C++ Developer
Cloud Engineering
API
Agile Software Development
C++
JavaScript",Python,Business with 1000+ Employees,C++ Developer,Cloud Engineering,API,Agile Software Development,C++,JavaScript,,,,,,,,,,,,,,,,,,,,,,,
"Adobe After Effects
Motion Graphics
2D Animation
Adobe Premiere Pro
Video Post-Editing
Animation",Adobe After Effects,Motion Graphics,2D Animation,Adobe Premiere Pro,Video Post-Editing,Animation,,,,,,,,,,,,,,,,,,,,,,,,,
"Python
Business with 1000+ Employees
C++ Developer
Cloud Engineering
API
Agile Software Development
C++
JavaScript",Python,Business with 1000+ Employees,C++ Developer,Cloud Engineering,API,Agile Software Development,C++,JavaScript,,,,,,,,,,,,,,,,,,,,,,,
"Facebook
Facebook Advertising
Retargeting
Social Media Marketing",Facebook,Facebook Advertising,Retargeting,Social Media Marketing,,,,,,,,,,,,,,,,,,,,,,,,,,,
"Video Editing
Video Commercial
Videography
Adobe Premiere Pro
Photo Slideshow
Video Post-Editing
Adobe After Effects
Music Video
Video Production
Explainer Video",Video Editing,Video Commercial,Videography,Adobe Premiere Pro,Photo Slideshow,Video Post-Editing,Adobe After Effects,Music Video,Video Production,Explainer Video,,,,,,,,,,,,,,,,,,,,,
"Intellectual Property Law
Shopify
Corporate Law
Trademark Law",Intellectual Property Law,Shopify,Corporate Law,Trademark Law,,,,,,,,,,,,,,,,,,,,,,,,,,,
"Search Engine Optimization
Organic Traffic Growth
On-Page SEO
Off-Page SEO
SEO Audit",Search Engine Optimization,Organic Traffic Growth,On-Page SEO,Off-Page SEO,SEO Audit,,,,,,,,,,,,,,,,,,,,,,,,,,
"Business
Travel & Hospitality
Street Photography
Videography
Video Production
Video Editing
Video Commercial
Adobe Premiere Pro
Adobe After Effects
Video Post-Editing",Business,Travel & Hospitality,Street Photography,Videography,Video Production,Video Editing,Video Commercial,Adobe Premiere Pro,Adobe After Effects,Video Post-Editing,,,,,,,,,,,,,,,,,,,,,
"Branding
Social Media Marketing
Marketing Strategy
Web Design
Content Writing",Branding,Social Media Marketing,Marketing Strategy,Web Design,Content Writing,,,,,,,,,,,,,,,,,,,,,,,,,,
"Pixel Art
2D Game Art
2D Animation
Mobile Game
Game Art
2D Art",Pixel Art,2D Game Art,2D Animation,Mobile Game,Game Art,2D Art,,,,,,,,,,,,,,,,,,,,,,,,,
"Off-Page SEO
Content SEO
Technical SEO
SEO Backlinking
SEO Keyword Research
Organic Traffic Growth
SEO Audit
SEO Performance
Search Engine Optimization
On-Page SEO",Off-Page SEO,Content SEO,Technical SEO,SEO Backlinking,SEO Keyword Research,Organic Traffic Growth,SEO Audit,SEO Performance,Search Engine Optimization,On-Page SEO,,,,,,,,,,,,,,,,,,,,,
"Off-Page SEO
Content SEO
Technical SEO
SEO Backlinking
SEO Keyword Research
Organic Traffic Growth
SEO Audit
SEO Performance
Search Engine Optimization
On-Page SEO",Off-Page SEO,Content SEO,Technical SEO,SEO Backlinking,SEO Keyword Research,Organic Traffic Growth,SEO Audit,SEO Performance,Search Engine Optimization,On-Page SEO,,,,,,,,,,,,,,,,,,,,,
"Virtual Assistant
Data Entry
Researcher
Administrative Support
Graphic Design
Social Media Marketing
YouTube Marketing
Microsoft Excel
Topic Research
Video Editing",Virtual Assistant,Data Entry,Researcher,Administrative Support,Graphic Design,Social Media Marketing,YouTube Marketing,Microsoft Excel,Topic Research,Video Editing,,,,,,,,,,,,,,,,,,,,,
"Off-Page SEO
Technical SEO
Content SEO
SEO Audit
SEO Performance
Search Engine Optimization
On-Page SEO
SEO Backlinking
SEO Keyword Research
Organic Traffic Growth",Off-Page SEO,Technical SEO,Content SEO,SEO Audit,SEO Performance,Search Engine Optimization,On-Page SEO,SEO Backlinking,SEO Keyword Research,Organic Traffic Growth,,,,,,,,,,,,,,,,,,,,,
"Supply Chain & Logistics
Transportation
Sales & Marketing
English
Urdu
Punjabi
Phone Support
Phone Communication
Customer Service
Customer Support",Supply Chain & Logistics,Transportation,Sales & Marketing,English,Urdu,Punjabi,Phone Support,Phone Communication,Customer Service,Customer Support,,,,,,,,,,,,,,,,,,,,,
"Content Localization
German
English to German Translation
Voice-Over
German to English Translation
Voice Acting
Translation",Content Localization,German,English to German Translation,Voice-Over,German to English Translation,Voice Acting,Translation,,,,,,,,,,,,,,,,,,,,,,,,
"Ad Copy
Landing Page
Copywriting
Website Content
Content Writing
Product Description
Writing",Ad Copy,Landing Page,Copywriting,Website Content,Content Writing,Product Description,Writing,,,,,,,,,,,,,,,,,,,,,,,,
"Motion Graphics
Adobe After Effects
Adobe Illustrator",Motion Graphics,Adobe After Effects,Adobe Illustrator,,,,,,,,,,,,,,,,,,,,,,,,,,,,
"Facebook Advertising
Lead Generation
Campaign Optimization",Facebook Advertising,Lead Generation,Campaign Optimization,,,,,,,,,,,,,,,,,,,,,,,,,,,,
"RESTful API
Git
R Shiny",RESTful API,Git,R Shiny,,,,,,,,,,,,,,,,,,,,,,,,,,,,
".NET Framework
ASP.NET
ASP.NET MVC
Windows Server",.NET Framework,ASP.NET,ASP.NET MVC,Windows Server,,,,,,,,,,,,,,,,,,,,,,,,,,,
"API Testing
End-to-End Testing
Regression Testing
Smoke Testing
Software QA
Bug Reports
Software Testing
Manual Testing
Test Case Design
Web Testing
Jira
Functional Testing
Performance Testing
Startup Company
Annotated Screenshot
Release Notes
Bug Tracking & Reports
Test Execution
Test Management",API Testing,End-to-End Testing,Regression Testing,Smoke Testing,Software QA,Bug Reports,Software Testing,Manual Testing,Test Case Design,Web Testing,Jira,Functional Testing,Performance Testing,Startup Company,Annotated Screenshot,Release Notes,Bug Tracking & Reports,Test Execution,Test Management,,,,,,,,,,,,
"Editing & Proofreading
Ghostwriting
Ebook
Writing
Content Writing
Researcher
English
Ebook Writing
Nonfiction",Editing & Proofreading,Ghostwriting,Ebook,Writing,Content Writing,Researcher,English,Ebook Writing,Nonfiction,,,,,,,,,,,,,,,,,,,,,,
"SQL
Python
Data Analysis
Google Analytics
Data Mining
Project Management",SQL,Python,Data Analysis,Google Analytics,Data Mining,Project Management,,,,,,,,,,,,,,,,,,,,,,,,,
"Adobe Photoshop
Adobe Illustrator
Image Editing",Adobe Photoshop,Adobe Illustrator,Image Editing,,,,,,,,,,,,,,,,,,,,,,,,,,,,
"Testimonial Video
Video Commercial
Video Production
Videography
Video Advertising
Camera
Explainer Video",Testimonial Video,Video Commercial,Video Production,Videography,Video Advertising,Camera,Explainer Video,,,,,,,,,,,,,,,,,,,,,,,,
"Human Resource Management
Candidate Sourcing
Candidate Interviewing
Candidate Evaluation
LinkedIn Recruiting
Candidate Management
Interpersonal Skills
Technical Recruiter",Human Resource Management,Candidate Sourcing,Candidate Interviewing,Candidate Evaluation,LinkedIn Recruiting,Candidate Management,Interpersonal Skills,Technical Recruiter,,,,,,,,,,,,,,,,,,,,,,,
"Core Data
Android
iOS Development
Swift
Objective-C
iOS
Mobile App Development
Core Animation
Scrum",Core Data,Android,iOS Development,Swift,Objective-C,iOS,Mobile App Development,Core Animation,Scrum,,,,,,,,,,,,,,,,,,,,,,
"Amazon FBA
Pinduoduo
Chinese
1688.com
Taobao
Sourcing
Researcher
Alibaba Sourcing
Supplier Search",Amazon FBA,Pinduoduo,Chinese,1688.com,Taobao,Sourcing,Researcher,Alibaba Sourcing,Supplier Search,,,,,,,,,,,,,,,,,,,,,,
"Google Ads
Search Engine Marketing
Pay Per Click Advertising
Google Analytics
Internet Marketing",Google Ads,Search Engine Marketing,Pay Per Click Advertising,Google Analytics,Internet Marketing,,,,,,,,,,,,,,,,,,,,,,,,,,
,,,,,,,,,,,,,,,,,,,,,,,,,,,,,,,
"Bug Fix
Game
Business with 1-9 Employees
User Interface Design
Unreal Engine
Game Design
Game Development",Bug Fix,Game,Business with 1-9 Employees,User Interface Design,Unreal Engine,Game Design,Game Development,,,,,,,,,,,,,,,,,,,,,,,,
"Native
German
Dutch
Italian
Mobile App Localization
Content Writing
Translation",Native,German,Dutch,Italian,Mobile App Localization,Content Writing,Translation,,,,,,,,,,,,,,,,,,,,,,,,
"WordPress
Web Development
CSS
JavaScript
Troubleshooting",WordPress,Web Development,CSS,JavaScript,Troubleshooting,,,,,,,,,,,,,,,,,,,,,,,,,,
Flutter,Flutter,,,,,,,,,,,,,,,,,,,,,,,,,,,,,,
"Shopify
Web Development",Shopify,Web Development,,,,,,,,,,,,,,,,,,,,,,,,,,,,,
"Male
Female
Elearning
Voice-Over
Narration
Hawaiian Pidgin",Male,Female,Elearning,Voice-Over,Narration,Hawaiian Pidgin,,,,,,,,,,,,,,,,,,,,,,,,,
"3D Design
Branding
Concept Design
Packaging Design
Print Design
Layout Design
Covers & Packaging",3D Design,Branding,Concept Design,Packaging Design,Print Design,Layout Design,Covers & Packaging,,,,,,,,,,,,,,,,,,,,,,,,
Mathematics,Mathematics,,,,,,,,,,,,,,,,,,,,,,,,,,,,,,
"Audio Editing
Voice Acting
Audio Production
English
Young Adult
Hungarian
Male",Audio Editing,Voice Acting,Audio Production,English,Young Adult,Hungarian,Male,,,,,,,,,,,,,,,,,,,,,,,,
"Office 365
Microsoft Exchange Server
Network Administration
System Administration
Microsoft Outlook
Email Communication",Office 365,Microsoft Exchange Server,Network Administration,System Administration,Microsoft Outlook,Email Communication,,,,,,,,,,,,,,,,,,,,,,,,,
Mathematics,Mathematics,,,,,,,,,,,,,,,,,,,,,,,,,,,,,,
"Audio Editing
Voice Acting
Audio Production
English
Young Adult
Hungarian
Male",Audio Editing,Voice Acting,Audio Production,English,Young Adult,Hungarian,Male,,,,,,,,,,,,,,,,,,,,,,,,
"Office 365
Microsoft Exchange Server
Network Administration
System Administration
Microsoft Outlook
Email Communication",Office 365,Microsoft Exchange Server,Network Administration,System Administration,Microsoft Outlook,Email Communication,,,,,,,,,,,,,,,,,,,,,,,,,
"WordPress Plugin
WordPress
PHP
CSS
HTML
MySQL
HTML5
CSS 3
JavaScript
Web Development",WordPress Plugin,WordPress,PHP,CSS,HTML,MySQL,HTML5,CSS 3,JavaScript,Web Development,,,,,,,,,,,,,,,,,,,,,
"Social Media Marketing
Social Media Advertising
Forex Trading
Lead Generation
Marketing Strategy",Social Media Marketing,Social Media Advertising,Forex Trading,Lead Generation,Marketing Strategy,,,,,,,,,,,,,,,,,,,,,,,,,,
"Bash
Linux
Microsoft Windows
DevOps
CI/CD
Amazon Web Services
Cloud Engineering
LAMP Stack
IT Infrastructure
CI/CD Platform",Bash,Linux,Microsoft Windows,DevOps,CI/CD,Amazon Web Services,Cloud Engineering,LAMP Stack,IT Infrastructure,CI/CD Platform,,,,,,,,,,,,,,,,,,,,,
"Manual Testing
Software QA
Web Testing
Functional Testing
Test Case Design
Danish",Manual Testing,Software QA,Web Testing,Functional Testing,Test Case Design,Danish,,,,,,,,,,,,,,,,,,,,,,,,,
"Microsoft Windows
Visual Basic",Microsoft Windows,Visual Basic,,,,,,,,,,,,,,,,,,,,,,,,,,,,,
"English
Copywriting
Content Writing
SEO Writing
Article Writing",English,Copywriting,Content Writing,SEO Writing,Article Writing,,,,,,,,,,,,,,,,,,,,,,,,,,
,,,,,,,,,,,,,,,,,,,,,,,,,,,,,,,
WordPress Plugin,WordPress Plugin,,,,,,,,,,,,,,,,,,,,,,,,,,,,,,
"Android
Unity
iOS
C#
Vuforia
Smartphone
Augmented Reality
Game Development
Game Design",Android,Unity,iOS,C#,Vuforia,Smartphone,Augmented Reality,Game Development,Game Design,,,,,,,,,,,,,,,,,,,,,,
Angular,Angular,,,,,,,,,,,,,,,,,,,,,,,,,,,,,,
"Functional Testing
Manual Testing
Data Entry",Functional Testing,Manual Testing,Data Entry,,,,,,,,,,,,,,,,,,,,,,,,,,,,
"Customer Experience
Phone Support
Online Chat Support
Email Support
Social Media Management
English
French
Customer Support
Customer Service",Customer Experience,Phone Support,Online Chat Support,Email Support,Social Media Management,English,French,Customer Support,Customer Service,,,,,,,,,,,,,,,,,,,,,,
"Facebook Ads Manager
Marketing Strategy
Instagram Ad Campaign
Facebook Ad Campaign
Lead Generation",Facebook Ads Manager,Marketing Strategy,Instagram Ad Campaign,Facebook Ad Campaign,Lead Generation,,,,,,,,,,,,,,,,,,,,,,,,,,
"Testimonial Video
Footage-Based Video
Color Grading
Dialogue Editing
Video Editing",Testimonial Video,Footage-Based Video,Color Grading,Dialogue Editing,Video Editing,,,,,,,,,,,,,,,,,,,,,,,,,,
"Latvian
English
Translation
English to Latvian Translation",Latvian,English,Translation,English to Latvian Translation,,,,,,,,,,,,,,,,,,,,,,,,,,,
"White Paper
Content Writing
Technical Writing
Researcher
English
Article
Copywriting
Article Writing
Qualitative Research
Writing",White Paper,Content Writing,Technical Writing,Researcher,English,Article,Copywriting,Article Writing,Qualitative Research,Writing,,,,,,,,,,,,,,,,,,,,,
"iOS
Smartphone
Swift
iOS Development
Mobile App Development
Objective-C
Apple Xcode
Quiz",iOS,Smartphone,Swift,iOS Development,Mobile App Development,Objective-C,Apple Xcode,Quiz,,,,,,,,,,,,,,,,,,,,,,,
"HTML
HTML5
CSS
JavaScript",HTML,HTML5,CSS,JavaScript,,,,,,,,,,,,,,,,,,,,,,,,,,,
"English to Arabic Translation
Arabic to English Translation
Arabic",English to Arabic Translation,Arabic to English Translation,Arabic,,,,,,,,,,,,,,,,,,,,,,,,,,,,
"Video Production
YouTube Development",Video Production,YouTube Development,,,,,,,,,,,,,,,,,,,,,,,,,,,,,
"Social Media Kit
Logo Design
Social Media Imagery
Brand Identity & Guidelines
Graphic Design",Social Media Kit,Logo Design,Social Media Imagery,Brand Identity & Guidelines,Graphic Design,,,,,,,,,,,,,,,,,,,,,,,,,,
"SQL
Java
HTML
CSS
JavaScript
Google Cloud Platform
Secure SDLC",SQL,Java,HTML,CSS,JavaScript,Google Cloud Platform,Secure SDLC,,,,,,,,,,,,,,,,,,,,,,,,
JavaScript,JavaScript,,,,,,,,,,,,,,,,,,,,,,,,,,,,,,
"App Development
Internet of Things
Artificial Intelligence
Electrical Engineering",App Development,Internet of Things,Artificial Intelligence,Electrical Engineering,,,,,,,,,,,,,,,,,,,,,,,,,,,
"Instagram
Social Media Management
Facebook
Social Media Content
Social Media Content Creation
Social Media Marketing
Social Media Strategy
Social Media Marketing Plan",Instagram,Social Media Management,Facebook,Social Media Content,Social Media Content Creation,Social Media Marketing,Social Media Strategy,Social Media Marketing Plan,,,,,,,,,,,,,,,,,,,,,,,
"Near-Native
Native
English to Lithuanian Translation
Lithuanian
English",Near-Native,Native,English to Lithuanian Translation,Lithuanian,English,,,,,,,,,,,,,,,,,,,,,,,,,,
,,,,,,,,,,,,,,,,,,,,,,,,,,,,,,,
"Near-Native
Native
English to Lithuanian Translation
Lithuanian
English",Near-Native,Native,English to Lithuanian Translation,Lithuanian,English,,,,,,,,,,,,,,,,,,,,,,,,,,
"Audio Post Production
Audio Editing
Podcast
Audio Mastering
Sound Mixing
Audio Production",Audio Post Production,Audio Editing,Podcast,Audio Mastering,Sound Mixing,Audio Production,,,,,,,,,,,,,,,,,,,,,,,,,
"Social Media Advertising
Conversion Rate Optimization
Budget Management
Social Media Ad Campaign
Fashion & Beauty
Pinterest Ads Manager
Pinterest
Social Media Management
Social Media Content",Social Media Advertising,Conversion Rate Optimization,Budget Management,Social Media Ad Campaign,Fashion & Beauty,Pinterest Ads Manager,Pinterest,Social Media Management,Social Media Content,,,,,,,,,,,,,,,,,,,,,,
"Social Media Management
Social Media Marketing
Instagram
Facebook
Instagram Story
Social Media Advertising
Social Media Strategy
Content Strategy
Content Writing",Social Media Management,Social Media Marketing,Instagram,Facebook,Instagram Story,Social Media Advertising,Social Media Strategy,Content Strategy,Content Writing,,,,,,,,,,,,,,,,,,,,,,
"Bug Fix
Desktop Application
Application Improvement
Business with 10-99 Employees
Microsoft PowerApps
Microsoft Windows",Bug Fix,Desktop Application,Application Improvement,Business with 10-99 Employees,Microsoft PowerApps,Microsoft Windows,,,,,,,,,,,,,,,,,,,,,,,,,
"Color Grading
Video Editing
Italian
Video Production
Video Post-Editing
Adobe After Effects
Audio Editing",Color Grading,Video Editing,Italian,Video Production,Video Post-Editing,Adobe After Effects,Audio Editing,,,,,,,,,,,,,,,,,,,,,,,,
"Landing Page
Shopify",Landing Page,Shopify,,,,,,,,,,,,,,,,,,,,,,,,,,,,,
"TikTok
Social Media Management
Facebook
Social Media Marketing
Instagram
Social Media Content
Social Media Content Creation
Marketing Strategy",TikTok,Social Media Management,Facebook,Social Media Marketing,Instagram,Social Media Content,Social Media Content Creation,Marketing Strategy,,,,,,,,,,,,,,,,,,,,,,,
"Bug Tracking & Reports
Software QA
Software Testing
Functional Testing
Test Script",Bug Tracking & Reports,Software QA,Software Testing,Functional Testing,Test Script,,,,,,,,,,,,,,,,,,,,,,,,,,
,,,,,,,,,,,,,,,,,,,,,,,,,,,,,,,
"TikTok
Social Media Management
Facebook
Social Media Marketing
Instagram
Social Media Content
Social Media Content Creation
Marketing Strategy",TikTok,Social Media Management,Facebook,Social Media Marketing,Instagram,Social Media Content,Social Media Content Creation,Marketing Strategy,,,,,,,,,,,,,,,,,,,,,,,
"Bug Tracking & Reports
Software QA
Software Testing
Functional Testing
Test Script",Bug Tracking & Reports,Software QA,Software Testing,Functional Testing,Test Script,,,,,,,,,,,,,,,,,,,,,,,,,,
JavaScript,JavaScript,,,,,,,,,,,,,,,,,,,,,,,,,,,,,,
"Graphic Design
Adobe Photoshop
Creative Strategy
Creative Writing
Visual Communication
Brand Development",Graphic Design,Adobe Photoshop,Creative Strategy,Creative Writing,Visual Communication,Brand Development,,,,,,,,,,,,,,,,,,,,,,,,,
"Website Content
Content Writing
Landing Page
SEO Writing
Ad Copy
Copywriting",Website Content,Content Writing,Landing Page,SEO Writing,Ad Copy,Copywriting,,,,,,,,,,,,,,,,,,,,,,,,,
"Social Media Advertising
Conversion Rate Optimization
Budget Management
Social Media Ad Campaign
Fashion & Beauty
Pinterest Ads Manager
Social Media Management
Pinterest
Social Media Content Creation
Social Media Marketing",Social Media Advertising,Conversion Rate Optimization,Budget Management,Social Media Ad Campaign,Fashion & Beauty,Pinterest Ads Manager,Social Media Management,Pinterest,Social Media Content Creation,Social Media Marketing,,,,,,,,,,,,,,,,,,,,,
"Female
Audio Editing
Voice Acting
Audio Production
English
Young Adult
Hungarian",Female,Audio Editing,Voice Acting,Audio Production,English,Young Adult,Hungarian,,,,,,,,,,,,,,,,,,,,,,,,
"Arduino
C++
Embedded System
Microcontroller Programming
Arduino Firmware
ESP32
Internet of Things",Arduino,C++,Embedded System,Microcontroller Programming,Arduino Firmware,ESP32,Internet of Things,,,,,,,,,,,,,,,,,,,,,,,,
"Image Editing
Photo Editing
Adobe Photoshop
Photo Retouching",Image Editing,Photo Editing,Adobe Photoshop,Photo Retouching,,,,,,,,,,,,,,,,,,,,,,,,,,,
"Video Editing
Video Post-Editing
Adobe After Effects
Adobe Premiere Pro
Final Cut Pro X
Video Commercial
Video Production",Video Editing,Video Post-Editing,Adobe After Effects,Adobe Premiere Pro,Final Cut Pro X,Video Commercial,Video Production,,,,,,,,,,,,,,,,,,,,,,,,
"Blog Content
Blog Writing
Content Writing
Article Writing
SEO Writing
Search Engine Optimization
Creative Writing
Copywriting
Researcher
Food & Beverage",Blog Content,Blog Writing,Content Writing,Article Writing,SEO Writing,Search Engine Optimization,Creative Writing,Copywriting,Researcher,Food & Beverage,,,,,,,,,,,,,,,,,,,,,
"React
JavaScript
TypeScript
React Native
HTML
CSS
Git
API
API Integration",React,JavaScript,TypeScript,React Native,HTML,CSS,Git,API,API Integration,,,,,,,,,,,,,,,,,,,,,,
"List Building
Data Scraping
Lead Generation
Data Entry
Data Mining",List Building,Data Scraping,Lead Generation,Data Entry,Data Mining,,,,,,,,,,,,,,,,,,,,,,,,,,
"Mobile App Design
User Experience Design
User Interface Design
Wireframing
Mockup
Mobile UI Design
Graphic Design
User Flow
Responsive Design
Web Design",Mobile App Design,User Experience Design,User Interface Design,Wireframing,Mockup,Mobile UI Design,Graphic Design,User Flow,Responsive Design,Web Design,,,,,,,,,,,,,,,,,,,,,
"Business Planning & Strategy
Marketing Strategy
Lead Generation
Sales
Internet Marketing
Social Media Marketing
Email Marketing
Facebook
Marketing Automation
Brand Development",Business Planning & Strategy,Marketing Strategy,Lead Generation,Sales,Internet Marketing,Social Media Marketing,Email Marketing,Facebook,Marketing Automation,Brand Development,,,,,,,,,,,,,,,,,,,,,
"Conversion Rate Optimization
Campaign Reporting
Campaign Setup
Campaign Management
Campaign Optimization
Amazon
Amazon PPC",Conversion Rate Optimization,Campaign Reporting,Campaign Setup,Campaign Management,Campaign Optimization,Amazon,Amazon PPC,,,,,,,,,,,,,,,,,,,,,,,,
"Google Ads
Google Analytics
SEO Keyword Research
Pay Per Click Advertising
Search Engine Marketing
On-Page SEO
Search Engine Optimization
Google Ad Manager
PPC Campaign Setup & Management",Google Ads,Google Analytics,SEO Keyword Research,Pay Per Click Advertising,Search Engine Marketing,On-Page SEO,Search Engine Optimization,Google Ad Manager,PPC Campaign Setup & Management,,,,,,,,,,,,,,,,,,,,,,
"Content Audit
Content Creation
Content Strategy
Sales & Marketing
Content Writing
Copywriting",Content Audit,Content Creation,Content Strategy,Sales & Marketing,Content Writing,Copywriting,,,,,,,,,,,,,,,,,,,,,,,,,
"Symfony
Custom PHP
JavaScript
MySQL
HTML5
CSS 3",Symfony,Custom PHP,JavaScript,MySQL,HTML5,CSS 3,,,,,,,,,,,,,,,,,,,,,,,,,
"Blog Writing
SEO Writing",Blog Writing,SEO Writing,,,,,,,,,,,,,,,,,,,,,,,,,,,,,
"Symfony
Custom PHP
JavaScript
MySQL
HTML5
CSS 3",Symfony,Custom PHP,JavaScript,MySQL,HTML5,CSS 3,,,,,,,,,,,,,,,,,,,,,,,,,
"Blog Writing
SEO Writing",Blog Writing,SEO Writing,,,,,,,,,,,,,,,,,,,,,,,,,,,,,
"Shopify Templates
Theme Customization
Webflow",Shopify Templates,Theme Customization,Webflow,,,,,,,,,,,,,,,,,,,,,,,,,,,,
"PPC Campaign Setup & Management
Google Ads
Landing Page
SEM Optimization
Digital Marketing
Google Analytics",PPC Campaign Setup & Management,Google Ads,Landing Page,SEM Optimization,Digital Marketing,Google Analytics,,,,,,,,,,,,,,,,,,,,,,,,,
"English
Content Writing
Blog Content
Article Writing
SEO Writing",English,Content Writing,Blog Content,Article Writing,SEO Writing,,,,,,,,,,,,,,,,,,,,,,,,,,
"Pinterest
Customer Engagement
Social Media Marketing
Social Media Management",Pinterest,Customer Engagement,Social Media Marketing,Social Media Management,,,,,,,,,,,,,,,,,,,,,,,,,,,
"Legal Research
Regulatory Compliance
Retail & Consumer Goods
Cosmetic Regulation
Legal Consulting",Legal Research,Regulatory Compliance,Retail & Consumer Goods,Cosmetic Regulation,Legal Consulting,,,,,,,,,,,,,,,,,,,,,,,,,,
"Brand Guidelines
Logo Design
Web Design
Graphic Design
Corporate Brand Identity",Brand Guidelines,Logo Design,Web Design,Graphic Design,Corporate Brand Identity,,,,,,,,,,,,,,,,,,,,,,,,,,
"Advertising Strategy
Advertisement
Copywriting
Sales Writing
English",Advertising Strategy,Advertisement,Copywriting,Sales Writing,English,,,,,,,,,,,,,,,,,,,,,,,,,,
"WordPress
Web Design
Web Development
Wix
JavaScript",WordPress,Web Design,Web Development,Wix,JavaScript,,,,,,,,,,,,,,,,,,,,,,,,,,
"Firebase
Flutter
Dart
Firebase Cloud Firestore",Firebase,Flutter,Dart,Firebase Cloud Firestore,,,,,,,,,,,,,,,,,,,,,,,,,,,
"Client Management
English
Data Entry
Administrative Support
Customer Service",Client Management,English,Data Entry,Administrative Support,Customer Service,,,,,,,,,,,,,,,,,,,,,,,,,,
"Smartphone
Hybrid App Development
Swift
JavaScript
Apache Cordova Expert
Android
iOS
Android App Development
Mobile App Development
Mobile UI Design",Smartphone,Hybrid App Development,Swift,JavaScript,Apache Cordova Expert,Android,iOS,Android App Development,Mobile App Development,Mobile UI Design,,,,,,,,,,,,,,,,,,,,,
"Instagram
Social Media Marketing
Social Media Management
TikTok Marketing",Instagram,Social Media Marketing,Social Media Management,TikTok Marketing,,,,,,,,,,,,,,,,,,,,,,,,,,,
"Fashion & Beauty
Facebook Ads Manager
TikTok
Influencer Marketing
Instagram
Social Media Management
Facebook
Social Media Advertising
Social Media Content",Fashion & Beauty,Facebook Ads Manager,TikTok,Influencer Marketing,Instagram,Social Media Management,Facebook,Social Media Advertising,Social Media Content,,,,,,,,,,,,,,,,,,,,,,
"Graphic Design
Logo Design",Graphic Design,Logo Design,,,,,,,,,,,,,,,,,,,,,,,,,,,,,
Polymer Engineering,Polymer Engineering,,,,,,,,,,,,,,,,,,,,,,,,,,,,,,
"Java
JavaScript
HTML
Web Development
CSS
Web Application
React
Database",Java,JavaScript,HTML,Web Development,CSS,Web Application,React,Database,,,,,,,,,,,,,,,,,,,,,,,
SEO Backlinking,SEO Backlinking,,,,,,,,,,,,,,,,,,,,,,,,,,,,,,
"Shopify
Web Development
HTML
Ecommerce Platform Development",Shopify,Web Development,HTML,Ecommerce Platform Development,,,,,,,,,,,,,,,,,,,,,,,,,,,
"HTML5
PDF
System Administration",HTML5,PDF,System Administration,,,,,,,,,,,,,,,,,,,,,,,,,,,,
"Amazon
German",Amazon,German,,,,,,,,,,,,,,,,,,,,,,,,,,,,,
"Google Ads
PPC Campaign Setup & Management
Pay Per Click Advertising",Google Ads,PPC Campaign Setup & Management,Pay Per Click Advertising,,,,,,,,,,,,,,,,,,,,,,,,,,,,
"React
API",React,API,,,,,,,,,,,,,,,,,,,,,,,,,,,,,
"Thai
English to Thai Translation",Thai,English to Thai Translation,,,,,,,,,,,,,,,,,,,,,,,,,,,,,
"Visual Basic for Applications
Microsoft Excel
Visual Basic
XML",Visual Basic for Applications,Microsoft Excel,Visual Basic,XML,,,,,,,,,,,,,,,,,,,,,,,,,,,
"HubSpot
Landing Page
Web Design
CSS
HTML
Blog
HTML5
HubSpot Expert",HubSpot,Landing Page,Web Design,CSS,HTML,Blog,HTML5,HubSpot Expert,,,,,,,,,,,,,,,,,,,,,,,
"Landing Page
Email & Newsletter
Tech & IT
Graphic Designer
Graphic Design
Brand Identity & Guidelines",Landing Page,Email & Newsletter,Tech & IT,Graphic Designer,Graphic Design,Brand Identity & Guidelines,,,,,,,,,,,,,,,,,,,,,,,,,
"Database
Python",Database,Python,,,,,,,,,,,,,,,,,,,,,,,,,,,,,
"Content Writing
Dutch",Content Writing,Dutch,,,,,,,,,,,,,,,,,,,,,,,,,,,,,
"TikTok
Content Creation
Ad Creative",TikTok,Content Creation,Ad Creative,,,,,,,,,,,,,,,,,,,,,,,,,,,,
"Elearning Video
English
Scriptwriting
Scripting
Forex Trading
Trading Strategy
Content Writing",Elearning Video,English,Scriptwriting,Scripting,Forex Trading,Trading Strategy,Content Writing,,,,,,,,,,,,,,,,,,,,,,,,
"Accuracy Verification
Microsoft Word
PDF Conversion
PDF
Data Entry
Content Writing",Accuracy Verification,Microsoft Word,PDF Conversion,PDF,Data Entry,Content Writing,,,,,,,,,,,,,,,,,,,,,,,,,
"Computer Vision
Artificial Intelligence
Proofreading
Content Writing
Copy Editing
Deep Learning
Python
Technical Writing
Article Writing",Computer Vision,Artificial Intelligence,Proofreading,Content Writing,Copy Editing,Deep Learning,Python,Technical Writing,Article Writing,,,,,,,,,,,,,,,,,,,,,,
"Fluent
Native
Near-Native
German
Copywriting
Content Writing
Translation
English
English to German Translation
Amazon Webstore",Fluent,Native,Near-Native,German,Copywriting,Content Writing,Translation,English,English to German Translation,Amazon Webstore,,,,,,,,,,,,,,,,,,,,,
"MongoDB
Node.js
Angular",MongoDB,Node.js,Angular,,,,,,,,,,,,,,,,,,,,,,,,,,,,
"Python
Dask",Python,Dask,,,,,,,,,,,,,,,,,,,,,,,,,,,,,
"C#
C++
.NET Framework",C#,C++,.NET Framework,,,,,,,,,,,,,,,,,,,,,,,,,,,,
"Amazon Webstore
Amazon
Amazon Web Services
Amazon Seller Central
Amazon FBA
Amazon PPC
SEO Keyword Research",Amazon Webstore,Amazon,Amazon Web Services,Amazon Seller Central,Amazon FBA,Amazon PPC,SEO Keyword Research,,,,,,,,,,,,,,,,,,,,,,,,
"Community Management
Communications
English
Customer Service
Customer Support",Community Management,Communications,English,Customer Service,Customer Support,,,,,,,,,,,,,,,,,,,,,,,,,,
"Elementor
WordPress
Web Design
Web Development",Elementor,WordPress,Web Design,Web Development,,,,,,,,,,,,,,,,,,,,,,,,,,,
"Wireframing
User Interface Design
User Experience Design
User Flow
Graphic Design
Web Design
Mockup
Sketch",Wireframing,User Interface Design,User Experience Design,User Flow,Graphic Design,Web Design,Mockup,Sketch,,,,,,,,,,,,,,,,,,,,,,,
"Editor
Thai
Proofreading
Content Localization
English",Editor,Thai,Proofreading,Content Localization,English,,,,,,,,,,,,,,,,,,,,,,,,,,
"Shopify Theme
Shopify SEO",Shopify Theme,Shopify SEO,,,,,,,,,,,,,,,,,,,,,,,,,,,,,
"Graphic Design
Instagram
Facebook
Brand Identity & Guidelines
Logo Design
Adobe Photoshop
Social Media Imagery
Adobe Illustrator",Graphic Design,Instagram,Facebook,Brand Identity & Guidelines,Logo Design,Adobe Photoshop,Social Media Imagery,Adobe Illustrator,,,,,,,,,,,,,,,,,,,,,,,
"Video Editing
Video Post-Editing
Audio Editing",Video Editing,Video Post-Editing,Audio Editing,,,,,,,,,,,,,,,,,,,,,,,,,,,,
"Conversational
Basic Fluency
Latin American Spanish Accent
Spanish
Chilean Spanish Dialect
English to Spanish Translation",Conversational,Basic Fluency,Latin American Spanish Accent,Spanish,Chilean Spanish Dialect,English to Spanish Translation,,,,,,,,,,,,,,,,,,,,,,,,,
Shopify,Shopify,,,,,,,,,,,,,,,,,,,,,,,,,,,,,,
React,React,,,,,,,,,,,,,,,,,,,,,,,,,,,,,,
"Shopify
Shopify Templates
Shopify Theme
Ecommerce Platform Development",Shopify,Shopify Templates,Shopify Theme,Ecommerce Platform Development,,,,,,,,,,,,,,,,,,,,,,,,,,,
React,React,,,,,,,,,,,,,,,,,,,,,,,,,,,,,,
"Shopify
Shopify Templates
Shopify Theme
Ecommerce Platform Development",Shopify,Shopify Templates,Shopify Theme,Ecommerce Platform Development,,,,,,,,,,,,,,,,,,,,,,,,,,,
"Near-Native
English to Portuguese Translation",Near-Native,English to Portuguese Translation,,,,,,,,,,,,,,,,,,,,,,,,,,,,,
"Figma
Graphic Design
UX & UI
Illustration",Figma,Graphic Design,UX & UI,Illustration,,,,,,,,,,,,,,,,,,,,,,,,,,,
"Elasticsearch
Kibana
Logstash
Linux System Administration",Elasticsearch,Kibana,Logstash,Linux System Administration,,,,,,,,,,,,,,,,,,,,,,,,,,,
"English to Arabic Translation
Arabic
Translation
English",English to Arabic Translation,Arabic,Translation,English,,,,,,,,,,,,,,,,,,,,,,,,,,,
"Adobe After Effects
Video Editing
Adobe Premiere Pro
Video Commercial
Motion Graphics",Adobe After Effects,Video Editing,Adobe Premiere Pro,Video Commercial,Motion Graphics,,,,,,,,,,,,,,,,,,,,,,,,,,
"Customer Service
Email Support
Online Chat Support
Customer Satisfaction
Customer Support",Customer Service,Email Support,Online Chat Support,Customer Satisfaction,Customer Support,,,,,,,,,,,,,,,,,,,,,,,,,,
"AngularJS
TypeScript
JavaScript
HTML
CSS",AngularJS,TypeScript,JavaScript,HTML,CSS,,,,,,,,,,,,,,,,,,,,,,,,,,
"Customer Service
Online Chat Support
Customer Support
Phone Support",Customer Service,Online Chat Support,Customer Support,Phone Support,,,,,,,,,,,,,,,,,,,,,,,,,,,
"Customer Service
Online Chat Support
Customer Support
Phone Support",Customer Service,Online Chat Support,Customer Support,Phone Support,,,,,,,,,,,,,,,,,,,,,,,,,,,
"Lead Generation
Data Entry
List Building
Prospect List
Data Scraping",Lead Generation,Data Entry,List Building,Prospect List,Data Scraping,,,,,,,,,,,,,,,,,,,,,,,,,,
"Microsoft Excel
Topic Research
Researcher
Market Research",Microsoft Excel,Topic Research,Researcher,Market Research,,,,,,,,,,,,,,,,,,,,,,,,,,,
"Web Application
JavaScript
PHP
Web Development
WordPress
CSS
React
API
HTML
Web Design",Web Application,JavaScript,PHP,Web Development,WordPress,CSS,React,API,HTML,Web Design,,,,,,,,,,,,,,,,,,,,,
"Video Production
Voice Acting",Video Production,Voice Acting,,,,,,,,,,,,,,,,,,,,,,,,,,,,,
"LinkedIn
Facebook
Social Media Management
Graphic Design",LinkedIn,Facebook,Social Media Management,Graphic Design,,,,,,,,,,,,,,,,,,,,,,,,,,,
"3D Design
3D Rendering
3D Modeling
3D Product Rendering",3D Design,3D Rendering,3D Modeling,3D Product Rendering,,,,,,,,,,,,,,,,,,,,,,,,,,,
"Lead Generation
Facebook Advertising",Lead Generation,Facebook Advertising,,,,,,,,,,,,,,,,,,,,,,,,,,,,,
"Logo Design
Graphic Design
Clothing
Adobe Illustrator
3D Design
T-Shirt Design
Illustration
Website Asset",Logo Design,Graphic Design,Clothing,Adobe Illustrator,3D Design,T-Shirt Design,Illustration,Website Asset,,,,,,,,,,,,,,,,,,,,,,,
"Snapchat
YouTube
Facebook
Social Media Marketing
Instagram
Social Media Management
Content Writing
Social Media Content Creation
Social Media Content
Search Engine Optimization",Snapchat,YouTube,Facebook,Social Media Marketing,Instagram,Social Media Management,Content Writing,Social Media Content Creation,Social Media Content,Search Engine Optimization,,,,,,,,,,,,,,,,,,,,,
"Real Estate
Outbound Sales
Cold Calling
Scheduling
Telemarketing
Sales",Real Estate,Outbound Sales,Cold Calling,Scheduling,Telemarketing,Sales,,,,,,,,,,,,,,,,,,,,,,,,,
"Cartoon Art
Freestyle Drawing
Illustration
Drawing
Sketching",Cartoon Art,Freestyle Drawing,Illustration,Drawing,Sketching,,,,,,,,,,,,,,,,,,,,,,,,,,
"Python
Data Scraping
pandas
Data Extraction
Python Script",Python,Data Scraping,pandas,Data Extraction,Python Script,,,,,,,,,,,,,,,,,,,,,,,,,,
"Conversion Rate Optimization
WooCommerce
A/B Testing
Sales Funnel Copywriting
WordPress
Campaign Optimization",Conversion Rate Optimization,WooCommerce,A/B Testing,Sales Funnel Copywriting,WordPress,Campaign Optimization,,,,,,,,,,,,,,,,,,,,,,,,,
"Spring Boot
React
Java",Spring Boot,React,Java,,,,,,,,,,,,,,,,,,,,,,,,,,,,
"Accounting
Bookkeeping",Accounting,Bookkeeping,,,,,,,,,,,,,,,,,,,,,,,,,,,,,
"Photorealistic Rendering
Autodesk Maya
3D Modeling
3D Rendering
Fur",Photorealistic Rendering,Autodesk Maya,3D Modeling,3D Rendering,Fur,,,,,,,,,,,,,,,,,,,,,,,,,,
"Proofreading
German
Search Engine Optimization",Proofreading,German,Search Engine Optimization,,,,,,,,,,,,,,,,,,,,,,,,,,,,
"Research Methods
Topic Research
Company Research
Market Research
Lead Generation",Research Methods,Topic Research,Company Research,Market Research,Lead Generation,,,,,,,,,,,,,,,,,,,,,,,,,,
"Facebook
Facebook Advertising
Social Media Marketing
Social Media Advertising
Retargeting
Instagram",Facebook,Facebook Advertising,Social Media Marketing,Social Media Advertising,Retargeting,Instagram,,,,,,,,,,,,,,,,,,,,,,,,,
"Facebook
Facebook Advertising
Social Media Marketing
Social Media Advertising
Retargeting
Instagram",Facebook,Facebook Advertising,Social Media Marketing,Social Media Advertising,Retargeting,Instagram,,,,,,,,,,,,,,,,,,,,,,,,,
"Article
Essay Writing
Content Writing",Article,Essay Writing,Content Writing,,,,,,,,,,,,,,,,,,,,,,,,,,,,
"Product Knowledge
Administrative Support
Document Formatting
Customer Experience
Shopify
Customer Service
Communications
Content Writing",Product Knowledge,Administrative Support,Document Formatting,Customer Experience,Shopify,Customer Service,Communications,Content Writing,,,,,,,,,,,,,,,,,,,,,,,
"Dutch
Proofreading",Dutch,Proofreading,,,,,,,,,,,,,,,,,,,,,,,,,,,,,
"Media Relations
Web Development
Marketing Advertising
Market Research
Press Advertising
Press Release Submission
Press Distribution
Press Release Writing
Press Release",Media Relations,Web Development,Marketing Advertising,Market Research,Press Advertising,Press Release Submission,Press Distribution,Press Release Writing,Press Release,,,,,,,,,,,,,,,,,,,,,,
"Operations Analytics
Customer Service Analytics
Data Visualization
Data Analytics
Python
SQL
Market Research
Project Management
Certified Associate in Python Programming",Operations Analytics,Customer Service Analytics,Data Visualization,Data Analytics,Python,SQL,Market Research,Project Management,Certified Associate in Python Programming,,,,,,,,,,,,,,,,,,,,,,
"Market Research
Researcher
Dropshipping
Virtual Assistant
Dropshipping Product Researcher",Market Research,Researcher,Dropshipping,Virtual Assistant,Dropshipping Product Researcher,,,,,,,,,,,,,,,,,,,,,,,,,,
Google Maps,Google Maps,,,,,,,,,,,,,,,,,,,,,,,,,,,,,,
"SEO Keyword Research
Search Engine Optimization
SEO Backlinking
SEO Performance",SEO Keyword Research,Search Engine Optimization,SEO Backlinking,SEO Performance,,,,,,,,,,,,,,,,,,,,,,,,,,,
"Node.js
RESTful API
API
API Development",Node.js,RESTful API,API,API Development,,,,,,,,,,,,,,,,,,,,,,,,,,,
"SEO Keyword Research
Search Engine Optimization
SEO Backlinking
SEO Performance",SEO Keyword Research,Search Engine Optimization,SEO Backlinking,SEO Performance,,,,,,,,,,,,,,,,,,,,,,,,,,,
"Node.js
RESTful API
API
API Development",Node.js,RESTful API,API,API Development,,,,,,,,,,,,,,,,,,,,,,,,,,,
"Electrical Design
Electrical Engineering
Electronics
PCB Design
Electronic Design
Circuit Design
Embedded System",Electrical Design,Electrical Engineering,Electronics,PCB Design,Electronic Design,Circuit Design,Embedded System,,,,,,,,,,,,,,,,,,,,,,,,
"Native
Dutch
English
English to Dutch Translation
Dutch to English Translation",Native,Dutch,English,English to Dutch Translation,Dutch to English Translation,,,,,,,,,,,,,,,,,,,,,,,,,,
"Copywriting
Landing Page
Financial Writing
Content Writing
English
Writing
Website Content
Researcher",Copywriting,Landing Page,Financial Writing,Content Writing,English,Writing,Website Content,Researcher,,,,,,,,,,,,,,,,,,,,,,,
"Native
English
Polish
English to Polish Translation
Polish to English Translation",Native,English,Polish,English to Polish Translation,Polish to English Translation,,,,,,,,,,,,,,,,,,,,,,,,,,
"Copywriting
Website Content
Blog Content
Landing Page",Copywriting,Website Content,Blog Content,Landing Page,,,,,,,,,,,,,,,,,,,,,,,,,,,
"Web Design
Shopify
Web Development",Web Design,Shopify,Web Development,,,,,,,,,,,,,,,,,,,,,,,,,,,,
"Content Writing
Writing
Researcher
Article Writing
English
Blog Writing
Blog Content
Article
Creative Writing
Fact-Checking",Content Writing,Writing,Researcher,Article Writing,English,Blog Writing,Blog Content,Article,Creative Writing,Fact-Checking,,,,,,,,,,,,,,,,,,,,,
"Inventory Management
Supply Chain Management
Order Management
Purchase Orders
Production Planning
Logistics Management",Inventory Management,Supply Chain Management,Order Management,Purchase Orders,Production Planning,Logistics Management,,,,,,,,,,,,,,,,,,,,,,,,,
"PHP
JavaScript
Business with 1-9 Employees
Mobile App Development
Android App Development
Smartphone
iOS
API",PHP,JavaScript,Business with 1-9 Employees,Mobile App Development,Android App Development,Smartphone,iOS,API,,,,,,,,,,,,,,,,,,,,,,,
"Market Research Interviewer
Researcher
Market Research
Data Entry
Lead Generation
French",Market Research Interviewer,Researcher,Market Research,Data Entry,Lead Generation,French,,,,,,,,,,,,,,,,,,,,,,,,,
"Social Media Marketing
Copywriting
Search Engine Optimization
Google Ads
Marketing Strategy",Social Media Marketing,Copywriting,Search Engine Optimization,Google Ads,Marketing Strategy,,,,,,,,,,,,,,,,,,,,,,,,,,
"User Authentication
Android
TV
Android App Development",User Authentication,Android,TV,Android App Development,,,,,,,,,,,,,,,,,,,,,,,,,,,
"Pitchbook
Microsoft PowerPoint
Business Presentation
Presentations
Presentation Design
Pitch Deck
Media Pitch",Pitchbook,Microsoft PowerPoint,Business Presentation,Presentations,Presentation Design,Pitch Deck,Media Pitch,,,,,,,,,,,,,,,,,,,,,,,,
"Cover Art Design
Graphic Design
Adobe Photoshop
Book Cover",Cover Art Design,Graphic Design,Adobe Photoshop,Book Cover,,,,,,,,,,,,,,,,,,,,,,,,,,,
"Email Automation
CRM Automation
Omnichannel Automation
API
Email Campaign Setup
Marketing Automation
HubSpot
MAILWIZZ",Email Automation,CRM Automation,Omnichannel Automation,API,Email Campaign Setup,Marketing Automation,HubSpot,MAILWIZZ,,,,,,,,,,,,,,,,,,,,,,,
"Appointment Setting
Tech & IT
Manufacturing & Construction
Scheduling
Cold Calling
B2B Marketing
Outbound Sales
Telemarketing",Appointment Setting,Tech & IT,Manufacturing & Construction,Scheduling,Cold Calling,B2B Marketing,Outbound Sales,Telemarketing,,,,,,,,,,,,,,,,,,,,,,,
tvOS,tvOS,,,,,,,,,,,,,,,,,,,,,,,,,,,,,,
"Amazon Web Services
Amazon EC2
Amazon ECS
System Administration
Network Security
AWS Application
Network Administration",Amazon Web Services,Amazon EC2,Amazon ECS,System Administration,Network Security,AWS Application,Network Administration,,,,,,,,,,,,,,,,,,,,,,,,
"Amazon Web Services
Amazon EC2
Amazon ECS
System Administration
Network Security
AWS Application
Network Administration",Amazon Web Services,Amazon EC2,Amazon ECS,System Administration,Network Security,AWS Application,Network Administration,,,,,,,,,,,,,,,,,,,,,,,,
"Formatting
Grammar & Syntax Review
Content Rewriting
English
Proofreading
Error Detection
Writing",Formatting,Grammar & Syntax Review,Content Rewriting,English,Proofreading,Error Detection,Writing,,,,,,,,,,,,,,,,,,,,,,,,
"Customer Service
Customer Support
Email Support
Phone Support
Order Tracking
Shopify
Dropshipping",Customer Service,Customer Support,Email Support,Phone Support,Order Tracking,Shopify,Dropshipping,,,,,,,,,,,,,,,,,,,,,,,,
"Campaign Optimization
Pay Per Click Advertising
Facebook Advertising
Google Ads
Campaign Management",Campaign Optimization,Pay Per Click Advertising,Facebook Advertising,Google Ads,Campaign Management,,,,,,,,,,,,,,,,,,,,,,,,,,
"Video Editing
Adobe Premiere Pro
Video Post-Editing
YouTube Marketing
Video Production
Adobe After Effects
Audio Editing
YouTube Development
Adobe Photoshop
Final Cut Pro X",Video Editing,Adobe Premiere Pro,Video Post-Editing,YouTube Marketing,Video Production,Adobe After Effects,Audio Editing,YouTube Development,Adobe Photoshop,Final Cut Pro X,,,,,,,,,,,,,,,,,,,,,
"Blog Content
Shopify
Article
Copywriting",Blog Content,Shopify,Article,Copywriting,,,,,,,,,,,,,,,,,,,,,,,,,,,
"German to English Translation
German
Translation
English",German to English Translation,German,Translation,English,,,,,,,,,,,,,,,,,,,,,,,,,,,
"Office 365
Microsoft Windows
Email
Email System
Gmail",Office 365,Microsoft Windows,Email,Email System,Gmail,,,,,,,,,,,,,,,,,,,,,,,,,,
"PPTX
Sales Presentation
Presentation Design
Business Presentation
Microsoft PowerPoint
Graphic Design
Marketing Presentation",PPTX,Sales Presentation,Presentation Design,Business Presentation,Microsoft PowerPoint,Graphic Design,Marketing Presentation,,,,,,,,,,,,,,,,,,,,,,,,
"Translation
Romanian
English",Translation,Romanian,English,,,,,,,,,,,,,,,,,,,,,,,,,,,,
"2D Art
Illustration
Drawing
Graphic Design
Freestyle Drawing
Concept Artistry
Adobe Photoshop
Character Design
Sketch",2D Art,Illustration,Drawing,Graphic Design,Freestyle Drawing,Concept Artistry,Adobe Photoshop,Character Design,Sketch,,,,,,,,,,,,,,,,,,,,,,
"PHP
Web Development
SaaS",PHP,Web Development,SaaS,,,,,,,,,,,,,,,,,,,,,,,,,,,,
"API
PHP
API Development",API,PHP,API Development,,,,,,,,,,,,,,,,,,,,,,,,,,,,
"Phone Support
French
Email Support
Virtual Assistant
Scheduling",Phone Support,French,Email Support,Virtual Assistant,Scheduling,,,,,,,,,,,,,,,,,,,,,,,,,,
"Virtual Assistant
Virtual Assistance
Data Entry",Virtual Assistant,Virtual Assistance,Data Entry,,,,,,,,,,,,,,,,,,,,,,,,,,,,
"Brand Development
Email Marketing
Influencer Marketing
Search Engine Optimization
Social Video Marketing
Social Media Marketing
Events & Weddings
Communications
Marketing Strategy
Community Engagement",Brand Development,Email Marketing,Influencer Marketing,Search Engine Optimization,Social Video Marketing,Social Media Marketing,Events & Weddings,Communications,Marketing Strategy,Community Engagement,,,,,,,,,,,,,,,,,,,,,
Norwegian,Norwegian,,,,,,,,,,,,,,,,,,,,,,,,,,,,,,
"Web Development
Web Design
Squarespace",Web Development,Web Design,Squarespace,,,,,,,,,,,,,,,,,,,,,,,,,,,,
"Adobe Photoshop
Photo Editing",Adobe Photoshop,Photo Editing,,,,,,,,,,,,,,,,,,,,,,,,,,,,,
"Social Media Video
Testimonial Video
Video Production
Videography
Lighting
Audio Production
Camera
Green Screen
TikTok",Social Media Video,Testimonial Video,Video Production,Videography,Lighting,Audio Production,Camera,Green Screen,TikTok,,,,,,,,,,,,,,,,,,,,,,
"Google Sheets
Microsoft Power BI
Data Visualization
Data Analysis
Microsoft Excel
Financial Modeling
Data Modeling
Financial Analysis
Cash Flow Analysis
Sales Analytics",Google Sheets,Microsoft Power BI,Data Visualization,Data Analysis,Microsoft Excel,Financial Modeling,Data Modeling,Financial Analysis,Cash Flow Analysis,Sales Analytics,,,,,,,,,,,,,,,,,,,,,
"Microsoft Excel
Amazon PPC
Amazon
PPC Campaign Setup & Management",Microsoft Excel,Amazon PPC,Amazon,PPC Campaign Setup & Management,,,,,,,,,,,,,,,,,,,,,,,,,,,
Sports & Recreation,Sports & Recreation,,,,,,,,,,,,,,,,,,,,,,,,,,,,,,
"Android
Java
Android App Development
Smartphone
JavaScript
Kotlin
iOS
MySQL
PHP
Mobile App Development",Android,Java,Android App Development,Smartphone,JavaScript,Kotlin,iOS,MySQL,PHP,Mobile App Development,,,,,,,,,,,,,,,,,,,,,
"Video Editing
Adobe Premiere Pro
Video Post-Editing
Video Production
Adobe After Effects
Final Cut Pro X
Documentary
Videography
Motion Graphics
Explainer Video",Video Editing,Adobe Premiere Pro,Video Post-Editing,Video Production,Adobe After Effects,Final Cut Pro X,Documentary,Videography,Motion Graphics,Explainer Video,,,,,,,,,,,,,,,,,,,,,
"Personal Administration
File Maintenance
Email Communication
Virtual Assistance
Virtual Assistant
Researcher
Communications
Executive Assistant",Personal Administration,File Maintenance,Email Communication,Virtual Assistance,Virtual Assistant,Researcher,Communications,Executive Assistant,,,,,,,,,,,,,,,,,,,,,,,
"Social Media Marketing
Pinterest
Advertising
TikTok Ad
Pinterest Ads Manager
Social Media Advertising
TikTok
TikTok Marketing",Social Media Marketing,Pinterest,Advertising,TikTok Ad,Pinterest Ads Manager,Social Media Advertising,TikTok,TikTok Marketing,,,,,,,,,,,,,,,,,,,,,,,
"Shopify
HTML
Shopify Theme
CSS",Shopify,HTML,Shopify Theme,CSS,,,,,,,,,,,,,,,,,,,,,,,,,,,
"Lead Generation
List Building
Prospect List
Email Marketing",Lead Generation,List Building,Prospect List,Email Marketing,,,,,,,,,,,,,,,,,,,,,,,,,,,
"Learning Management System
Elearning
Moodle
Teachable
WordPress
Elearning LMS Consulting
Data Entry
Training Online LMS
Elearning Design",Learning Management System,Elearning,Moodle,Teachable,WordPress,Elearning LMS Consulting,Data Entry,Training Online LMS,Elearning Design,,,,,,,,,,,,,,,,,,,,,,
"Lead Generation
List Building
Prospect List
Email Marketing",Lead Generation,List Building,Prospect List,Email Marketing,,,,,,,,,,,,,,,,,,,,,,,,,,,
"Learning Management System
Elearning
Moodle
Teachable
WordPress
Elearning LMS Consulting
Data Entry
Training Online LMS
Elearning Design",Learning Management System,Elearning,Moodle,Teachable,WordPress,Elearning LMS Consulting,Data Entry,Training Online LMS,Elearning Design,,,,,,,,,,,,,,,,,,,,,,
"Canva
Banner Ad Design
Facebook
Social Media Marketing
Instagram
Adobe After Effects
Adobe Photoshop
Video Production
Video Editing
Graphic Design",Canva,Banner Ad Design,Facebook,Social Media Marketing,Instagram,Adobe After Effects,Adobe Photoshop,Video Production,Video Editing,Graphic Design,,,,,,,,,,,,,,,,,,,,,
"Cold Calling
Customer Acquisition
Microsoft Excel
French",Cold Calling,Customer Acquisition,Microsoft Excel,French,,,,,,,,,,,,,,,,,,,,,,,,,,,
"Ebook Writing
Nonfiction
Content Writing
Ghostwriting
English
Ebook
Researcher
Writing
Fact-Checking
Creative Writing",Ebook Writing,Nonfiction,Content Writing,Ghostwriting,English,Ebook,Researcher,Writing,Fact-Checking,Creative Writing,,,,,,,,,,,,,,,,,,,,,
"SEO Writing
Website Content
Landing Page
On-Page SEO
French",SEO Writing,Website Content,Landing Page,On-Page SEO,French,,,,,,,,,,,,,,,,,,,,,,,,,,
"Lead Generation
Manufacturing & Construction
Mergers & Acquisitions
Private Equity
Lead Management",Lead Generation,Manufacturing & Construction,Mergers & Acquisitions,Private Equity,Lead Management,,,,,,,,,,,,,,,,,,,,,,,,,,
"PHP
WordPress
WordPress Plugin
Plugin Development
HTML
SQL",PHP,WordPress,WordPress Plugin,Plugin Development,HTML,SQL,,,,,,,,,,,,,,,,,,,,,,,,,
"Java Collections Framework
Angular
SQL
Oracle NoSQL Database
Akka
Spring Boot
GitLab
API
API Integration
CI/CD",Java Collections Framework,Angular,SQL,Oracle NoSQL Database,Akka,Spring Boot,GitLab,API,API Integration,CI/CD,,,,,,,,,,,,,,,,,,,,,
"Virtual Assistant
Email Marketing",Virtual Assistant,Email Marketing,,,,,,,,,,,,,,,,,,,,,,,,,,,,,
"Lead Generation
List Building
Prospect List",Lead Generation,List Building,Prospect List,,,,,,,,,,,,,,,,,,,,,,,,,,,,
"Researcher
Topic Research
Company Research
Critical Thinking Skills
Research Methods",Researcher,Topic Research,Company Research,Critical Thinking Skills,Research Methods,,,,,,,,,,,,,,,,,,,,,,,,,,
"React
Front-End Development
Angular
TypeScript
Mobx
HTML
CSS",React,Front-End Development,Angular,TypeScript,Mobx,HTML,CSS,,,,,,,,,,,,,,,,,,,,,,,,
"Search Engine Optimization
SEO Writing
SEO Keyword Research",Search Engine Optimization,SEO Writing,SEO Keyword Research,,,,,,,,,,,,,,,,,,,,,,,,,,,,
"Linux System Administration
NGINX
System Administration",Linux System Administration,NGINX,System Administration,,,,,,,,,,,,,,,,,,,,,,,,,,,,
"Residential Design
Interior Design
Commercial Design",Residential Design,Interior Design,Commercial Design,,,,,,,,,,,,,,,,,,,,,,,,,,,,
"Videography
Camera
Lighting
Video Production",Videography,Camera,Lighting,Video Production,,,,,,,,,,,,,,,,,,,,,,,,,,,
"Public Relations
Media Relations
Content Writing
Article Writing
Writing",Public Relations,Media Relations,Content Writing,Article Writing,Writing,,,,,,,,,,,,,,,,,,,,,,,,,,
"Sales
Lead Generation
Partnership Development
Relationship Management",Sales,Lead Generation,Partnership Development,Relationship Management,,,,,,,,,,,,,,,,,,,,,,,,,,,
"Business Card Design
Fashion & Beauty
Logo Designer
Logo Design
Brand Identity & Guidelines
Adobe Illustrator
Adobe Photoshop
Graphic Design",Business Card Design,Fashion & Beauty,Logo Designer,Logo Design,Brand Identity & Guidelines,Adobe Illustrator,Adobe Photoshop,Graphic Design,,,,,,,,,,,,,,,,,,,,,,,
"Business Card Design
Fashion & Beauty
Logo Designer
Logo Design
Brand Identity & Guidelines
Adobe Illustrator
Adobe Photoshop
Graphic Design",Business Card Design,Fashion & Beauty,Logo Designer,Logo Design,Brand Identity & Guidelines,Adobe Illustrator,Adobe Photoshop,Graphic Design,,,,,,,,,,,,,,,,,,,,,,,
"CAD
CAD Drafting
AutoLISP
CAD Software",CAD,CAD Drafting,AutoLISP,CAD Software,,,,,,,,,,,,,,,,,,,,,,,,,,,
"Zoho Creator
JavaScript
Web Development
HTML
CSS
Web Design",Zoho Creator,JavaScript,Web Development,HTML,CSS,Web Design,,,,,,,,,,,,,,,,,,,,,,,,,
"Customer Service Analytics
Growth Analytics
Human Resources Analytics
Marketing Analytics
Operations Analytics
Product Analytics
Sales Analytics
Data Analysis
R",Customer Service Analytics,Growth Analytics,Human Resources Analytics,Marketing Analytics,Operations Analytics,Product Analytics,Sales Analytics,Data Analysis,R,,,,,,,,,,,,,,,,,,,,,,
"JavaScript
jQuery
Node.js",JavaScript,jQuery,Node.js,,,,,,,,,,,,,,,,,,,,,,,,,,,,
"Network Administration
Network Equipment
Computer Network
System Administration
Network Engineering",Network Administration,Network Equipment,Computer Network,System Administration,Network Engineering,,,,,,,,,,,,,,,,,,,,,,,,,,
"Clothing
Female
Color Forecasting
Fabric Color Matching
Fashion Forecasting
Fashion Consultation
Concept Design
Consumer Profiling",Clothing,Female,Color Forecasting,Fabric Color Matching,Fashion Forecasting,Fashion Consultation,Concept Design,Consumer Profiling,,,,,,,,,,,,,,,,,,,,,,,
"Microsoft Excel
Macro Programming",Microsoft Excel,Macro Programming,,,,,,,,,,,,,,,,,,,,,,,,,,,,,
"Article Writing
SEO Writing
Content Writing
Copywriting
Blog Writing",Article Writing,SEO Writing,Content Writing,Copywriting,Blog Writing,,,,,,,,,,,,,,,,,,,,,,,,,,
"Ebook Writing
Editing & Proofreading
Ebook
English
Ghostwriting",Ebook Writing,Editing & Proofreading,Ebook,English,Ghostwriting,,,,,,,,,,,,,,,,,,,,,,,,,,
"JavaScript
jQuery
Node.js",JavaScript,jQuery,Node.js,,,,,,,,,,,,,,,,,,,,,,,,,,,,
"Network Administration
Network Equipment
Computer Network
System Administration
Network Engineering",Network Administration,Network Equipment,Computer Network,System Administration,Network Engineering,,,,,,,,,,,,,,,,,,,,,,,,,,
"Clothing
Female
Color Forecasting
Fabric Color Matching
Fashion Forecasting
Fashion Consultation
Concept Design
Consumer Profiling",Clothing,Female,Color Forecasting,Fabric Color Matching,Fashion Forecasting,Fashion Consultation,Concept Design,Consumer Profiling,,,,,,,,,,,,,,,,,,,,,,,
"Microsoft Excel
Macro Programming",Microsoft Excel,Macro Programming,,,,,,,,,,,,,,,,,,,,,,,,,,,,,
"Article Writing
SEO Writing
Content Writing
Copywriting
Blog Writing",Article Writing,SEO Writing,Content Writing,Copywriting,Blog Writing,,,,,,,,,,,,,,,,,,,,,,,,,,
"Ebook Writing
Editing & Proofreading
Ebook
English
Ghostwriting",Ebook Writing,Editing & Proofreading,Ebook,English,Ghostwriting,,,,,,,,,,,,,,,,,,,,,,,,,,
"Website
Bug Fix
WooCommerce
WordPress
PHP
MySQL
WordPress Plugin",Website,Bug Fix,WooCommerce,WordPress,PHP,MySQL,WordPress Plugin,,,,,,,,,,,,,,,,,,,,,,,,
"CodeIgniter
Laravel
Web Application
WordPress
PHP
WooCommerce",CodeIgniter,Laravel,Web Application,WordPress,PHP,WooCommerce,,,,,,,,,,,,,,,,,,,,,,,,,
"Fashion & Beauty
Google Ads
Pay Per Click Advertising
PPC Campaign Setup & Management",Fashion & Beauty,Google Ads,Pay Per Click Advertising,PPC Campaign Setup & Management,,,,,,,,,,,,,,,,,,,,,,,,,,,
"Microsoft PowerPoint
Presentation Design
Business Presentation",Microsoft PowerPoint,Presentation Design,Business Presentation,,,,,,,,,,,,,,,,,,,,,,,,,,,,
"Android
iOS
Mobile App Development
Camera
Chat & Messaging Software
Payment Functionality
User Profile Creation",Android,iOS,Mobile App Development,Camera,Chat & Messaging Software,Payment Functionality,User Profile Creation,,,,,,,,,,,,,,,,,,,,,,,,
"Adobe After Effects
Motion Graphics
Animation
2D Animation",Adobe After Effects,Motion Graphics,Animation,2D Animation,,,,,,,,,,,,,,,,,,,,,,,,,,,
Optics,Optics,,,,,,,,,,,,,,,,,,,,,,,,,,,,,,
"Project Management
Project Scheduling
Time Management
Project Plans
Digital Project Management
Technical Project Management",Project Management,Project Scheduling,Time Management,Project Plans,Digital Project Management,Technical Project Management,,,,,,,,,,,,,,,,,,,,,,,,,
"WordPress
Web Development
JavaScript
PHP",WordPress,Web Development,JavaScript,PHP,,,,,,,,,,,,,,,,,,,,,,,,,,,
"Ethereum
Bitcoin
Blockchain Development
Java",Ethereum,Bitcoin,Blockchain Development,Java,,,,,,,,,,,,,,,,,,,,,,,,,,,
"Automated Testing
Selenium
Selenium WebDriver
Test Automation Framework
Software Testing
API Testing
Cucumber",Automated Testing,Selenium,Selenium WebDriver,Test Automation Framework,Software Testing,API Testing,Cucumber,,,,,,,,,,,,,,,,,,,,,,,,
"Fashion & Beauty
People
Product Photography
Videography
Camera
Video Editing
Lighting",Fashion & Beauty,People,Product Photography,Videography,Camera,Video Editing,Lighting,,,,,,,,,,,,,,,,,,,,,,,,
"Website Translation
Turkish
English
English to Turkish Translation
Translation
Proofreading",Website Translation,Turkish,English,English to Turkish Translation,Translation,Proofreading,,,,,,,,,,,,,,,,,,,,,,,,,
"Website
Brand Guidelines
Social Media Design
Brand Identity Design
Graphic Design
Brand Positioning
Project Management
Web Design
Branding",Website,Brand Guidelines,Social Media Design,Brand Identity Design,Graphic Design,Brand Positioning,Project Management,Web Design,Branding,,,,,,,,,,,,,,,,,,,,,,
"Medical Transcription
Audio Transcription
Spanish
English
General Transcription
Spanish to English Translation",Medical Transcription,Audio Transcription,Spanish,English,General Transcription,Spanish to English Translation,,,,,,,,,,,,,,,,,,,,,,,,,
"Landing Page
HubSpot
Web Development",Landing Page,HubSpot,Web Development,,,,,,,,,,,,,,,,,,,,,,,,,,,,
"3D Rendering
Sports & Recreation
3D Design
3D Modeling",3D Rendering,Sports & Recreation,3D Design,3D Modeling,,,,,,,,,,,,,,,,,,,,,,,,,,,
"Ruby on Rails
Ruby",Ruby on Rails,Ruby,,,,,,,,,,,,,,,,,,,,,,,,,,,,,
Bubble.io,Bubble.io,,,,,,,,,,,,,,,,,,,,,,,,,,,,,,
"Food & Beverage
English
Factory & Supplier Auditing
Sourcing
Buying
Alibaba Sourcing
Price & Quote Negotiation
Supplier Search
Chinese",Food & Beverage,English,Factory & Supplier Auditing,Sourcing,Buying,Alibaba Sourcing,Price & Quote Negotiation,Supplier Search,Chinese,,,,,,,,,,,,,,,,,,,,,,
"Candidate Recommendation
Procedure Development
Candidate Evaluation
Compensation
Compensation Report
Company Policy
Human Resource Management
Compensation & Benefits
Interpersonal Skills
Human Resource Information System",Candidate Recommendation,Procedure Development,Candidate Evaluation,Compensation,Compensation Report,Company Policy,Human Resource Management,Compensation & Benefits,Interpersonal Skills,Human Resource Information System,,,,,,,,,,,,,,,,,,,,,
"Game Development
C#",Game Development,C#,,,,,,,,,,,,,,,,,,,,,,,,,,,,,
"Real Estate
Social Media Management
Social Media Marketing
Facebook
Instagram
Social Media Content Creation
Social Media Content
Instagram Story",Real Estate,Social Media Management,Social Media Marketing,Facebook,Instagram,Social Media Content Creation,Social Media Content,Instagram Story,,,,,,,,,,,,,,,,,,,,,,,
"Sports & Recreation
Health & Fitness
Creative Writing
Content Writing
Researcher
Search Engine Optimization
Forum Posting
German
Commenting",Sports & Recreation,Health & Fitness,Creative Writing,Content Writing,Researcher,Search Engine Optimization,Forum Posting,German,Commenting,,,,,,,,,,,,,,,,,,,,,,
"Market Analysis
Market Research",Market Analysis,Market Research,,,,,,,,,,,,,,,,,,,,,,,,,,,,,
"Vector Graphic
Adobe XD
Character Design
Adobe Illustrator
Illustration
Cartoon Art
Lottie
Adobe After Effects",Vector Graphic,Adobe XD,Character Design,Adobe Illustrator,Illustration,Cartoon Art,Lottie,Adobe After Effects,,,,,,,,,,,,,,,,,,,,,,,
"Data Entry
Microsoft Excel
Microsoft Word
Google Docs
Typing",Data Entry,Microsoft Excel,Microsoft Word,Google Docs,Typing,,,,,,,,,,,,,,,,,,,,,,,,,,
"Adobe Photoshop
Graphic Design
YouTube
Photo Editing
Social Media Imagery
Adobe Illustrator
Adobe InDesign
Logo Design
Illustration
YouTube Marketing",Adobe Photoshop,Graphic Design,YouTube,Photo Editing,Social Media Imagery,Adobe Illustrator,Adobe InDesign,Logo Design,Illustration,YouTube Marketing,,,,,,,,,,,,,,,,,,,,,
"Python
React
Web Application
Database Architecture
Electronic Health Record",Python,React,Web Application,Database Architecture,Electronic Health Record,,,,,,,,,,,,,,,,,,,,,,,,,,
"Automotive
Facebook Advertising
Social Media Marketing
Facebook
Lead Generation
Marketing Strategy",Automotive,Facebook Advertising,Social Media Marketing,Facebook,Lead Generation,Marketing Strategy,,,,,,,,,,,,,,,,,,,,,,,,,
"Social Media Marketing
Social Media Management
Facebook
Instagram
Marketing Strategy",Social Media Marketing,Social Media Management,Facebook,Instagram,Marketing Strategy,,,,,,,,,,,,,,,,,,,,,,,,,,
"Adobe InDesign
Print Design",Adobe InDesign,Print Design,,,,,,,,,,,,,,,,,,,,,,,,,,,,,
"Python
Python Script
PostgreSQL",Python,Python Script,PostgreSQL,,,,,,,,,,,,,,,,,,,,,,,,,,,,
"Market Research
Sales
Sales Management
Retail & Consumer Goods
Business with 1-9 Employees
Researcher",Market Research,Sales,Sales Management,Retail & Consumer Goods,Business with 1-9 Employees,Researcher,,,,,,,,,,,,,,,,,,,,,,,,,
"Python
Python Script
PostgreSQL",Python,Python Script,PostgreSQL,,,,,,,,,,,,,,,,,,,,,,,,,,,,
"Market Research
Sales
Sales Management
Retail & Consumer Goods
Business with 1-9 Employees
Researcher",Market Research,Sales,Sales Management,Retail & Consumer Goods,Business with 1-9 Employees,Researcher,,,,,,,,,,,,,,,,,,,,,,,,,
"Cover Letter Writing
Resume Writing
Resume
Resume Development",Cover Letter Writing,Resume Writing,Resume,Resume Development,,,,,,,,,,,,,,,,,,,,,,,,,,,
"Graphic Design
Illustration
Adobe Illustrator
Character Design
Social Media Imagery
2D Design",Graphic Design,Illustration,Adobe Illustrator,Character Design,Social Media Imagery,2D Design,,,,,,,,,,,,,,,,,,,,,,,,,
"Content Writing
Blog Writing
Spanish
Article Writing",Content Writing,Blog Writing,Spanish,Article Writing,,,,,,,,,,,,,,,,,,,,,,,,,,,
"AOSP
Android
Java
Kotlin",AOSP,Android,Java,Kotlin,,,,,,,,,,,,,,,,,,,,,,,,,,,
"Fashion & Beauty
Material Requirements Planning
Business with 1-9 Employees
Import Procedure
International Taxation",Fashion & Beauty,Material Requirements Planning,Business with 1-9 Employees,Import Procedure,International Taxation,,,,,,,,,,,,,,,,,,,,,,,,,,
"Virtual Assistant
Data Entry
Email Communication
Personal Administration
Communications
Administrative Support",Virtual Assistant,Data Entry,Email Communication,Personal Administration,Communications,Administrative Support,,,,,,,,,,,,,,,,,,,,,,,,,
"Competitive Analysis
Researcher
Company Research
Market Research
Market Analysis
Topic Research",Competitive Analysis,Researcher,Company Research,Market Research,Market Analysis,Topic Research,,,,,,,,,,,,,,,,,,,,,,,,,
"Sports & Recreation
Health & Fitness
Creative Writing
Content Writing
Researcher
Search Engine Optimization
Forum Posting
German
Commenting",Sports & Recreation,Health & Fitness,Creative Writing,Content Writing,Researcher,Search Engine Optimization,Forum Posting,German,Commenting,,,,,,,,,,,,,,,,,,,,,,
"Acting
Japanese
Female
Male",Acting,Japanese,Female,Male,,,,,,,,,,,,,,,,,,,,,,,,,,,
Castilian Spanish,Castilian Spanish,,,,,,,,,,,,,,,,,,,,,,,,,,,,,,
"Logo Design
Brand Identity & Guidelines
Illustration
Adobe Illustrator",Logo Design,Brand Identity & Guidelines,Illustration,Adobe Illustrator,,,,,,,,,,,,,,,,,,,,,,,,,,,
"SEO Keyword Research
Search Engine Optimization
SEO Backlinking
Organic Traffic Growth
On-Page SEO
SEO Performance",SEO Keyword Research,Search Engine Optimization,SEO Backlinking,Organic Traffic Growth,On-Page SEO,SEO Performance,,,,,,,,,,,,,,,,,,,,,,,,,
"Copywriting
Content Writing
Polish
SEO Writing
Creative Writing
Article Writing
Writing
Blog Content
Article
Blog Writing",Copywriting,Content Writing,Polish,SEO Writing,Creative Writing,Article Writing,Writing,Blog Content,Article,Blog Writing,,,,,,,,,,,,,,,,,,,,,
"React
Redux",React,Redux,,,,,,,,,,,,,,,,,,,,,,,,,,,,,
"Social Media Marketing
iOS",Social Media Marketing,iOS,,,,,,,,,,,,,,,,,,,,,,,,,,,,,
"Digital Marketing
Social Media Management
Virtual Assistant
Social Media Marketing
Social Media Content Creation
LinkedIn
Communications
Social Media Content",Digital Marketing,Social Media Management,Virtual Assistant,Social Media Marketing,Social Media Content Creation,LinkedIn,Communications,Social Media Content,,,,,,,,,,,,,,,,,,,,,,,
"PHP
WordPress",PHP,WordPress,,,,,,,,,,,,,,,,,,,,,,,,,,,,,
"Vyond
Video Editing
Adobe Premiere Pro
Adobe After Effects
Final Cut Pro X",Vyond,Video Editing,Adobe Premiere Pro,Adobe After Effects,Final Cut Pro X,,,,,,,,,,,,,,,,,,,,,,,,,,
"Copywriting
English
Proofreading",Copywriting,English,Proofreading,,,,,,,,,,,,,,,,,,,,,,,,,,,,
Translation,Translation,,,,,,,,,,,,,,,,,,,,,,,,,,,,,,
"Social Media Management
TikTok
YouTube
Facebook
Instagram
Social Media Marketing
Facebook Advertising
Marketing Strategy
TikTok Ad",Social Media Management,TikTok,YouTube,Facebook,Instagram,Social Media Marketing,Facebook Advertising,Marketing Strategy,TikTok Ad,,,,,,,,,,,,,,,,,,,,,,
"WordPress
PHP
Web Development
WordPress Plugin",WordPress,PHP,Web Development,WordPress Plugin,,,,,,,,,,,,,,,,,,,,,,,,,,,
"Video Editing
Video Post-Editing",Video Editing,Video Post-Editing,,,,,,,,,,,,,,,,,,,,,,,,,,,,,
"Graphic Design
Business Presentation
Presentation Design
Marketing Presentation
Canva",Graphic Design,Business Presentation,Presentation Design,Marketing Presentation,Canva,,,,,,,,,,,,,,,,,,,,,,,,,,
"Ghostwriting
Content Writing
Creative Writing
Article Writing
Blog Writing
Copywriting",Ghostwriting,Content Writing,Creative Writing,Article Writing,Blog Writing,Copywriting,,,,,,,,,,,,,,,,,,,,,,,,,
"Sales & Marketing
Facebook
Social Media Marketing
Campaign Optimization
Marketing Strategy
Facebook Ads Manager
Digital Marketing
Instagram
Campaign Management",Sales & Marketing,Facebook,Social Media Marketing,Campaign Optimization,Marketing Strategy,Facebook Ads Manager,Digital Marketing,Instagram,Campaign Management,,,,,,,,,,,,,,,,,,,,,,
Photography,Photography,,,,,,,,,,,,,,,,,,,,,,,,,,,,,,
Graphic Design,Graphic Design,,,,,,,,,,,,,,,,,,,,,,,,,,,,,,
"Social Media Marketing
Lead Generation",Social Media Marketing,Lead Generation,,,,,,,,,,,,,,,,,,,,,,,,,,,,,
"HTML
CSS",HTML,CSS,,,,,,,,,,,,,,,,,,,,,,,,,,,,,
"Adobe Photoshop
Graphic Design",Adobe Photoshop,Graphic Design,,,,,,,,,,,,,,,,,,,,,,,,,,,,,
"Animaker
Graphic Design
2D Animation
Video Production
Video Commercial",Animaker,Graphic Design,2D Animation,Video Production,Video Commercial,,,,,,,,,,,,,,,,,,,,,,,,,,
"Facebook
Facebook Advertising
Social Media Marketing
Instagram
Retargeting
Internet Marketing
Social Media Advertising",Facebook,Facebook Advertising,Social Media Marketing,Instagram,Retargeting,Internet Marketing,Social Media Advertising,,,,,,,,,,,,,,,,,,,,,,,,
"PyTorch
Python
Deep Learning
Data Science
Neural Network",PyTorch,Python,Deep Learning,Data Science,Neural Network,,,,,,,,,,,,,,,,,,,,,,,,,,
"JavaScript
PHP
Web Development
Web Application",JavaScript,PHP,Web Development,Web Application,,,,,,,,,,,,,,,,,,,,,,,,,,,
"Mockup
User Interface Design
Mobile App Design
Responsive Design
Adobe XD",Mockup,User Interface Design,Mobile App Design,Responsive Design,Adobe XD,,,,,,,,,,,,,,,,,,,,,,,,,,
"Autodesk AutoCAD
Drafting
CAD
Architectural Design",Autodesk AutoCAD,Drafting,CAD,Architectural Design,,,,,,,,,,,,,,,,,,,,,,,,,,,
"Linux
CentOS
System Administration
System Monitoring
Ubuntu",Linux,CentOS,System Administration,System Monitoring,Ubuntu,,,,,,,,,,,,,,,,,,,,,,,,,,
ManyChat,ManyChat,,,,,,,,,,,,,,,,,,,,,,,,,,,,,,
"Sales
Cold Calling
B2B Marketing
Lead Generation",Sales,Cold Calling,B2B Marketing,Lead Generation,,,,,,,,,,,,,,,,,,,,,,,,,,,
"Shopify
Shopify Apps
Shopify Theme
Shopify Templates
Web Development
Ecommerce Platform Development",Shopify,Shopify Apps,Shopify Theme,Shopify Templates,Web Development,Ecommerce Platform Development,,,,,,,,,,,,,,,,,,,,,,,,,
"Social Media Marketing Strategy
Fashion & Beauty
Health & Wellness
Social Media Marketing
Virtual Assistant
Influencer Marketing
Instagram
Social Media Management
Facebook
Marketing Strategy",Social Media Marketing Strategy,Fashion & Beauty,Health & Wellness,Social Media Marketing,Virtual Assistant,Influencer Marketing,Instagram,Social Media Management,Facebook,Marketing Strategy,,,,,,,,,,,,,,,,,,,,,
"Facebook Advertising
Google Ads
Google Analytics
PPC Campaign Setup & Management
LinkedIn Marketing",Facebook Advertising,Google Ads,Google Analytics,PPC Campaign Setup & Management,LinkedIn Marketing,,,,,,,,,,,,,,,,,,,,,,,,,,
"Lead Generation
Prospect List
List Building
Data Entry
Researcher",Lead Generation,Prospect List,List Building,Data Entry,Researcher,,,,,,,,,,,,,,,,,,,,,,,,,,
"Microservice
Database Development
HTTP
Node.js
React
MongoDB
JavaScript
API Development
GraphQL",Microservice,Database Development,HTTP,Node.js,React,MongoDB,JavaScript,API Development,GraphQL,,,,,,,,,,,,,,,,,,,,,,
"PHP
WordPress
WordPress Plugin
API Integration",PHP,WordPress,WordPress Plugin,API Integration,,,,,,,,,,,,,,,,,,,,,,,,,,,
"Figma
Wireframing
Mockup
Web Design
User Interface Design",Figma,Wireframing,Mockup,Web Design,User Interface Design,,,,,,,,,,,,,,,,,,,,,,,,,,
"Digital Strategy
Twitter Marketing
Instagram Marketing
Discord",Digital Strategy,Twitter Marketing,Instagram Marketing,Discord,,,,,,,,,,,,,,,,,,,,,,,,,,,
"Figma
Wireframing
Mockup
Web Design
User Interface Design",Figma,Wireframing,Mockup,Web Design,User Interface Design,,,,,,,,,,,,,,,,,,,,,,,,,,
"Digital Strategy
Twitter Marketing
Instagram Marketing
Discord",Digital Strategy,Twitter Marketing,Instagram Marketing,Discord,,,,,,,,,,,,,,,,,,,,,,,,,,,
"Shopify SEO
Google Analytics
Google Search Console
SEO Backlinking
Search Engine Optimization
SEO Keyword Research
Organic Traffic Growth
Off-Page SEO
SEO Audit
On-Page SEO",Shopify SEO,Google Analytics,Google Search Console,SEO Backlinking,Search Engine Optimization,SEO Keyword Research,Organic Traffic Growth,Off-Page SEO,SEO Audit,On-Page SEO,,,,,,,,,,,,,,,,,,,,,
"Character Design
Illustration
Drawing
Cartoon Art",Character Design,Illustration,Drawing,Cartoon Art,,,,,,,,,,,,,,,,,,,,,,,,,,,
"Adobe InDesign
Adobe Photoshop
Graphic Design
Adobe Illustrator
Illustration",Adobe InDesign,Adobe Photoshop,Graphic Design,Adobe Illustrator,Illustration,,,,,,,,,,,,,,,,,,,,,,,,,,
"JavaScript
Google Chrome Extension",JavaScript,Google Chrome Extension,,,,,,,,,,,,,,,,,,,,,,,,,,,,,
"Vue.js
Sass
webpack
Web Application
Business with 10-99 Employees
TypeScript
JavaScript
Vuex",Vue.js,Sass,webpack,Web Application,Business with 10-99 Employees,TypeScript,JavaScript,Vuex,,,,,,,,,,,,,,,,,,,,,,,
"Data Science
Python
Big Data
Data Analysis
Machine Learning
Data Mining
Derivatives",Data Science,Python,Big Data,Data Analysis,Machine Learning,Data Mining,Derivatives,,,,,,,,,,,,,,,,,,,,,,,,
"Pipedrive
Sales
Lead Generation
Outbound Sales
Cold Calling
List Building
Telemarketing
Scheduling
Prospect List
B2B Marketing",Pipedrive,Sales,Lead Generation,Outbound Sales,Cold Calling,List Building,Telemarketing,Scheduling,Prospect List,B2B Marketing,,,,,,,,,,,,,,,,,,,,,
"Social Media Marketing
Social Media Advertising
Internet Marketing
Marketing Strategy",Social Media Marketing,Social Media Advertising,Internet Marketing,Marketing Strategy,,,,,,,,,,,,,,,,,,,,,,,,,,,
"English
Healthcare",English,Healthcare,,,,,,,,,,,,,,,,,,,,,,,,,,,,,
"Drupal
PHP
Custom PHP
JavaScript
Web Development
Web Design
Web Application",Drupal,PHP,Custom PHP,JavaScript,Web Development,Web Design,Web Application,,,,,,,,,,,,,,,,,,,,,,,,
"Portuguese
Webinar",Portuguese,Webinar,,,,,,,,,,,,,,,,,,,,,,,,,,,,,
"Android
Android App Development
Mobile App Development",Android,Android App Development,Mobile App Development,,,,,,,,,,,,,,,,,,,,,,,,,,,,
"B2B Marketing
Customer Acquisition
Pipedrive
Cold Calling
Telemarketing
Scheduling
Sales
Outbound Sales",B2B Marketing,Customer Acquisition,Pipedrive,Cold Calling,Telemarketing,Scheduling,Sales,Outbound Sales,,,,,,,,,,,,,,,,,,,,,,,
"Web Application
Custom PHP
Web Development
Browser Extension
API Integration
API
PHP
API Development
AliExpress
Dropshipping",Web Application,Custom PHP,Web Development,Browser Extension,API Integration,API,PHP,API Development,AliExpress,Dropshipping,,,,,,,,,,,,,,,,,,,,,
"Microsoft Teams
Microsoft Teams Expert
Reverse Engineering",Microsoft Teams,Microsoft Teams Expert,Reverse Engineering,,,,,,,,,,,,,,,,,,,,,,,,,,,,
"Mobile App
Figma
Adobe Illustrator
Mobile App Design
User Interface Design
User Experience Design
Mobile UI Design
Wireframing",Mobile App,Figma,Adobe Illustrator,Mobile App Design,User Interface Design,User Experience Design,Mobile UI Design,Wireframing,,,,,,,,,,,,,,,,,,,,,,,
"Pixologic Zbrush
Substance Painter
3D Modeling
3D Modeler",Pixologic Zbrush,Substance Painter,3D Modeling,3D Modeler,,,,,,,,,,,,,,,,,,,,,,,,,,,
"English
Content Writing
Business Writing
Copywriting
Healthcare Software",English,Content Writing,Business Writing,Copywriting,Healthcare Software,,,,,,,,,,,,,,,,,,,,,,,,,,
"Copywriting
English
Content Writing
Writing
Creative Writing
Blog Writing
Article Writing
SEO Writing",Copywriting,English,Content Writing,Writing,Creative Writing,Blog Writing,Article Writing,SEO Writing,,,,,,,,,,,,,,,,,,,,,,,
"Software Testing
Functional Testing
Web Testing
Performance Testing
Manual Testing
Mobile App Testing",Software Testing,Functional Testing,Web Testing,Performance Testing,Manual Testing,Mobile App Testing,,,,,,,,,,,,,,,,,,,,,,,,,
"Bookkeeping
Bank Reconciliation
Accounting
Balance Sheet
Intuit QuickBooks",Bookkeeping,Bank Reconciliation,Accounting,Balance Sheet,Intuit QuickBooks,,,,,,,,,,,,,,,,,,,,,,,,,,
Java,Java,,,,,,,,,,,,,,,,,,,,,,,,,,,,,,
"XML
XSD
Microsoft Excel
Accuracy Verification",XML,XSD,Microsoft Excel,Accuracy Verification,,,,,,,,,,,,,,,,,,,,,,,,,,,
"Social Media Advertising
Pinterest Ads Manager",Social Media Advertising,Pinterest Ads Manager,,,,,,,,,,,,,,,,,,,,,,,,,,,,,
"Facebook
Instagram
Social Media Marketing
Social Media Content Creation
Social Media Management
Instagram Story
Social Media Content
Social Media Imagery",Facebook,Instagram,Social Media Marketing,Social Media Content Creation,Social Media Management,Instagram Story,Social Media Content,Social Media Imagery,,,,,,,,,,,,,,,,,,,,,,,
"Virtual Assistant
Virtual Assistance
Scheduling",Virtual Assistant,Virtual Assistance,Scheduling,,,,,,,,,,,,,,,,,,,,,,,,,,,,
"Data Entry
Microsoft Excel
Google Docs
Accuracy Verification
Clerical Procedures",Data Entry,Microsoft Excel,Google Docs,Accuracy Verification,Clerical Procedures,,,,,,,,,,,,,,,,,,,,,,,,,,
Flutter,Flutter,,,,,,,,,,,,,,,,,,,,,,,,,,,,,,
"3D Texturing
Engineering & Architecture
Photorealistic Rendering
3D Rendering
3D Modeling
3D Product Rendering
3D Design
High-Quality Rendering
Exterior Rendering",3D Texturing,Engineering & Architecture,Photorealistic Rendering,3D Rendering,3D Modeling,3D Product Rendering,3D Design,High-Quality Rendering,Exterior Rendering,,,,,,,,,,,,,,,,,,,,,,
"Microsoft Excel
Accounting
Tax Preparation
Data Entry
Bank Reconciliation",Microsoft Excel,Accounting,Tax Preparation,Data Entry,Bank Reconciliation,,,,,,,,,,,,,,,,,,,,,,,,,,
"WordPress
WordPress Development
Web Development",WordPress,WordPress Development,Web Development,,,,,,,,,,,,,,,,,,,,,,,,,,,,
"Lead Generation Analysis
Lead Generation Content Creation
Lead Generation
Market Research
Marketing Strategy
List Building
Prospect List",Lead Generation Analysis,Lead Generation Content Creation,Lead Generation,Market Research,Marketing Strategy,List Building,Prospect List,,,,,,,,,,,,,,,,,,,,,,,,
"Online Research
Data Mining
Researcher",Online Research,Data Mining,Researcher,,,,,,,,,,,,,,,,,,,,,,,,,,,,
"Facebook
Facebook Advertising",Facebook,Facebook Advertising,,,,,,,,,,,,,,,,,,,,,,,,,,,,,
"Canva
HootSuite
Social Media Management
Social Media Content Creation
Graphic Design
Social Media Marketing",Canva,HootSuite,Social Media Management,Social Media Content Creation,Graphic Design,Social Media Marketing,,,,,,,,,,,,,,,,,,,,,,,,,
"Content Writing
Writing
Blog Writing
English
Creative Writing
Technical Writing
Chemistry",Content Writing,Writing,Blog Writing,English,Creative Writing,Technical Writing,Chemistry,,,,,,,,,,,,,,,,,,,,,,,,
"Translation
Chinese to English Translation",Translation,Chinese to English Translation,,,,,,,,,,,,,,,,,,,,,,,,,,,,,
"Spanish
Analytical Presentation
Medical Transcription
Content Analysis",Spanish,Analytical Presentation,Medical Transcription,Content Analysis,,,,,,,,,,,,,,,,,,,,,,,,,,,
"Google Ads
Facebook Advertising
Campaign Optimization
Pay Per Click Advertising
Copywriting",Google Ads,Facebook Advertising,Campaign Optimization,Pay Per Click Advertising,Copywriting,,,,,,,,,,,,,,,,,,,,,,,,,,
YouTube,YouTube,,,,,,,,,,,,,,,,,,,,,,,,,,,,,,
"Content SEO
Search Engine Optimization",Content SEO,Search Engine Optimization,,,,,,,,,,,,,,,,,,,,,,,,,,,,,
HubSpot,HubSpot,,,,,,,,,,,,,,,,,,,,,,,,,,,,,,
Notion,Notion,,,,,,,,,,,,,,,,,,,,,,,,,,,,,,
"Video Editing
TikTok Ad
TikTok
Ad Creative
Ecommerce",Video Editing,TikTok Ad,TikTok,Ad Creative,Ecommerce,,,,,,,,,,,,,,,,,,,,,,,,,,
"British English Accent
Instagram
Facebook
Social Media Content
Female
Voice-Over
Translation",British English Accent,Instagram,Facebook,Social Media Content,Female,Voice-Over,Translation,,,,,,,,,,,,,,,,,,,,,,,,
"Conversion Rate Optimization
A/B Testing
Audience Segmentation & Targeting
Campaign Management
Campaign Optimization
Google Ads
Pay Per Click Advertising
PPC Campaign Setup & Management
Google Analytics
Search Engine Marketing",Conversion Rate Optimization,A/B Testing,Audience Segmentation & Targeting,Campaign Management,Campaign Optimization,Google Ads,Pay Per Click Advertising,PPC Campaign Setup & Management,Google Analytics,Search Engine Marketing,,,,,,,,,,,,,,,,,,,,,
"Content Writing
Copywriting
Search Engine Optimization
Article
Writing
English",Content Writing,Copywriting,Search Engine Optimization,Article,Writing,English,,,,,,,,,,,,,,,,,,,,,,,,,
"English
Functional Testing
Manual Testing
Bug Reports
Web Testing",English,Functional Testing,Manual Testing,Bug Reports,Web Testing,,,,,,,,,,,,,,,,,,,,,,,,,,
"English
Functional Testing
Manual Testing
Bug Reports
Web Testing",English,Functional Testing,Manual Testing,Bug Reports,Web Testing,,,,,,,,,,,,,,,,,,,,,,,,,,
"Elementor
WooCommerce
Landing Page
WordPress
Graphic Design
Web Design",Elementor,WooCommerce,Landing Page,WordPress,Graphic Design,Web Design,,,,,,,,,,,,,,,,,,,,,,,,,
"Redux
React
JavaScript
API Integration",Redux,React,JavaScript,API Integration,,,,,,,,,,,,,,,,,,,,,,,,,,,
"Learning Theory
Education
Curriculum Design
Training & Development
Elearning
Elearning Design
Elearning LMS Consulting
Elearning Multimedia
Learning Management System
Instructional Design
Employee Training",Learning Theory,Education,Curriculum Design,Training & Development,Elearning,Elearning Design,Elearning LMS Consulting,Elearning Multimedia,Learning Management System,Instructional Design,Employee Training,,,,,,,,,,,,,,,,,,,,
"Search Engine Optimization
Email Marketing
Graphic Design
Logo Design",Search Engine Optimization,Email Marketing,Graphic Design,Logo Design,,,,,,,,,,,,,,,,,,,,,,,,,,,
"Data Extraction
Microsoft Excel
Data Entry",Data Extraction,Microsoft Excel,Data Entry,,,,,,,,,,,,,,,,,,,,,,,,,,,,
"Business Planning & Strategy
Finance & Accounting
Business with 10-99 Employees
Startup Company
HubSpot
Customer Relationship Management
Marketing Automation",Business Planning & Strategy,Finance & Accounting,Business with 10-99 Employees,Startup Company,HubSpot,Customer Relationship Management,Marketing Automation,,,,,,,,,,,,,,,,,,,,,,,,
"Python
Business with 1-9 Employees
Django
RESTful API
Python Script",Python,Business with 1-9 Employees,Django,RESTful API,Python Script,,,,,,,,,,,,,,,,,,,,,,,,,,
"Content Writing
Copywriting
Creative Writing
Music Production
Website Content
Blog Writing",Content Writing,Copywriting,Creative Writing,Music Production,Website Content,Blog Writing,,,,,,,,,,,,,,,,,,,,,,,,,
"Lead Generation
Data Scraping",Lead Generation,Data Scraping,,,,,,,,,,,,,,,,,,,,,,,,,,,,,
"Content Writing
Copywriting
Creative Writing
Music Production
Website Content
Blog Writing",Content Writing,Copywriting,Creative Writing,Music Production,Website Content,Blog Writing,,,,,,,,,,,,,,,,,,,,,,,,,
"Lead Generation
Data Scraping",Lead Generation,Data Scraping,,,,,,,,,,,,,,,,,,,,,,,,,,,,,
"PHP
Stripe
JavaScript",PHP,Stripe,JavaScript,,,,,,,,,,,,,,,,,,,,,,,,,,,,
"Editing & Proofreading
Content Marketing Strategy
Ad Copy
Landing Page
Headline
Product Description
Fashion & Beauty
Copywriting
Content Writing
Creative Writing",Editing & Proofreading,Content Marketing Strategy,Ad Copy,Landing Page,Headline,Product Description,Fashion & Beauty,Copywriting,Content Writing,Creative Writing,,,,,,,,,,,,,,,,,,,,,
"WooCommerce
Web Design",WooCommerce,Web Design,,,,,,,,,,,,,,,,,,,,,,,,,,,,,
"Lead Generation
Cold Calling
List Building
Outbound Sales
Communications
Prospect List
Telemarketing
Scheduling
Sales",Lead Generation,Cold Calling,List Building,Outbound Sales,Communications,Prospect List,Telemarketing,Scheduling,Sales,,,,,,,,,,,,,,,,,,,,,,
"Laravel
PHP
Web Application",Laravel,PHP,Web Application,,,,,,,,,,,,,,,,,,,,,,,,,,,,
JavaScript,JavaScript,,,,,,,,,,,,,,,,,,,,,,,,,,,,,,
"LinkedIn
Facebook Messenger
Twitter
Facebook
Social Media Marketing
Social Media Management
Instagram
Search Engine Optimization",LinkedIn,Facebook Messenger,Twitter,Facebook,Social Media Marketing,Social Media Management,Instagram,Search Engine Optimization,,,,,,,,,,,,,,,,,,,,,,,
"French
Article
Article Curation
Business Writing
Writing
Security Infrastructure
Article Writing
Content Writing
Copywriting
Researcher",French,Article,Article Curation,Business Writing,Writing,Security Infrastructure,Article Writing,Content Writing,Copywriting,Researcher,,,,,,,,,,,,,,,,,,,,,
"Bookkeeping
Virtual Assistant
Administrative Support
Real Estate
Virtual Assistance
Customer Service",Bookkeeping,Virtual Assistant,Administrative Support,Real Estate,Virtual Assistance,Customer Service,,,,,,,,,,,,,,,,,,,,,,,,,
"Lead Generation
Sales
Scheduling
Outbound Sales
Communications",Lead Generation,Sales,Scheduling,Outbound Sales,Communications,,,,,,,,,,,,,,,,,,,,,,,,,,
"DevOps
Amazon Web Services
CI/CD
AWS Lambda",DevOps,Amazon Web Services,CI/CD,AWS Lambda,,,,,,,,,,,,,,,,,,,,,,,,,,,
"Shopify
Web Design
Web Development
Shopify Templates
Shopify Theme",Shopify,Web Design,Web Development,Shopify Templates,Shopify Theme,,,,,,,,,,,,,,,,,,,,,,,,,,
"Business Planning & Strategy
Market Research
Sales Management
Price & Quote Negotiation
Sales Development
Competitive Analysis
CRM Software
Lead Generation
Business Development
Sales",Business Planning & Strategy,Market Research,Sales Management,Price & Quote Negotiation,Sales Development,Competitive Analysis,CRM Software,Lead Generation,Business Development,Sales,,,,,,,,,,,,,,,,,,,,,
"Data Entry
Accuracy Verification",Data Entry,Accuracy Verification,,,,,,,,,,,,,,,,,,,,,,,,,,,,,
"Data Entry
Microsoft Excel
Microsoft Word
Google Docs
Typing
File Management
Administrative Support",Data Entry,Microsoft Excel,Microsoft Word,Google Docs,Typing,File Management,Administrative Support,,,,,,,,,,,,,,,,,,,,,,,,
"Copywriting
Researcher
Fact-Checking
Content Writing",Copywriting,Researcher,Fact-Checking,Content Writing,,,,,,,,,,,,,,,,,,,,,,,,,,,
"Blog Content
Software
Content Writing
Copywriting
Blog Writing
Writing
Researcher
English",Blog Content,Software,Content Writing,Copywriting,Blog Writing,Writing,Researcher,English,,,,,,,,,,,,,,,,,,,,,,,
,,,,,,,,,,,,,,,,,,,,,,,,,,,,,,,
"Cybersecurity Management
Information Security
Security Assessment & Testing
Information Security Consultation
Configuration Management
Security Testing
Security Policies & Procedures Documentation
Application Security
Network Security
Vulnerability Assessment",Cybersecurity Management,Information Security,Security Assessment & Testing,Information Security Consultation,Configuration Management,Security Testing,Security Policies & Procedures Documentation,Application Security,Network Security,Vulnerability Assessment,,,,,,,,,,,,,,,,,,,,,
"Telemarketing
Communications
Administrative Support
English
Cold Calling
Cold Email",Telemarketing,Communications,Administrative Support,English,Cold Calling,Cold Email,,,,,,,,,,,,,,,,,,,,,,,,,
"Content Rewriting
Business Editing
Blog Content
English
Tech & IT
Technical Writing
Content Writing
Writing",Content Rewriting,Business Editing,Blog Content,English,Tech & IT,Technical Writing,Content Writing,Writing,,,,,,,,,,,,,,,,,,,,,,,
"Factory & Supplier Auditing
Product Sourcing
Supplier Search
Manufacturing & Construction
Retail & Consumer Goods
Chinese
Researcher
Virtual Assistant
Sourcing",Factory & Supplier Auditing,Product Sourcing,Supplier Search,Manufacturing & Construction,Retail & Consumer Goods,Chinese,Researcher,Virtual Assistant,Sourcing,,,,,,,,,,,,,,,,,,,,,,
"Social Media Carousel
Travel & Hospitality
Food & Beverage
Dutch
Social Media Marketing
Content Writing
Social Media Management
Facebook
Instagram
Creative Writing",Social Media Carousel,Travel & Hospitality,Food & Beverage,Dutch,Social Media Marketing,Content Writing,Social Media Management,Facebook,Instagram,Creative Writing,,,,,,,,,,,,,,,,,,,,,
"Official Documents Translation
Native
Document Translation
Greek
Italian",Official Documents Translation,Native,Document Translation,Greek,Italian,,,,,,,,,,,,,,,,,,,,,,,,,,
"Graphic Design
Adobe Photoshop
Covers & Packaging
Logo Design
Adobe Illustrator
Print Design
Illustration",Graphic Design,Adobe Photoshop,Covers & Packaging,Logo Design,Adobe Illustrator,Print Design,Illustration,,,,,,,,,,,,,,,,,,,,,,,,
"PHP
Symfony
Database
Doctrine ORM",PHP,Symfony,Database,Doctrine ORM,,,,,,,,,,,,,,,,,,,,,,,,,,,
"3D Animation
3D Modeling
3D Rigging",3D Animation,3D Modeling,3D Rigging,,,,,,,,,,,,,,,,,,,,,,,,,,,,
"Etsy Listing
SEO Keyword Research
Search Engine Optimization
Virtual Assistant
Data Entry
Product Listings
SEO Writing
Content Writing
Social Media Marketing",Etsy Listing,SEO Keyword Research,Search Engine Optimization,Virtual Assistant,Data Entry,Product Listings,SEO Writing,Content Writing,Social Media Marketing,,,,,,,,,,,,,,,,,,,,,,
"C++
Driver Development
Microsoft Visual Studio
Linux",C++,Driver Development,Microsoft Visual Studio,Linux,,,,,,,,,,,,,,,,,,,,,,,,,,,
"SEO Keyword Research
Search Engine Optimization
SEO Backlinking
SEO Performance
Google Analytics
Organic Traffic Growth",SEO Keyword Research,Search Engine Optimization,SEO Backlinking,SEO Performance,Google Analytics,Organic Traffic Growth,,,,,,,,,,,,,,,,,,,,,,,,,
"Market Research
Business Planning & Strategy
Partnership Development
Business Analysis
Project Analysis
Sales
Business
Business Consulting
Feasibility Study
Market Analysis",Market Research,Business Planning & Strategy,Partnership Development,Business Analysis,Project Analysis,Sales,Business,Business Consulting,Feasibility Study,Market Analysis,,,,,,,,,,,,,,,,,,,,,
"React
CSS",React,CSS,,,,,,,,,,,,,,,,,,,,,,,,,,,,,
"Facebook Advertising
Social Media Marketing
Social Media Advertising",Facebook Advertising,Social Media Marketing,Social Media Advertising,,,,,,,,,,,,,,,,,,,,,,,,,,,,
"Logo Design
Graphic Design
Brand Identity & Guidelines",Logo Design,Graphic Design,Brand Identity & Guidelines,,,,,,,,,,,,,,,,,,,,,,,,,,,,
"Project Management
Milestones
Decision Making
Project Scheduling
Communications
Time Management
Digital Project Management",Project Management,Milestones,Decision Making,Project Scheduling,Communications,Time Management,Digital Project Management,,,,,,,,,,,,,,,,,,,,,,,,
"Graphic Design
Canva
Brand Identity & Guidelines",Graphic Design,Canva,Brand Identity & Guidelines,,,,,,,,,,,,,,,,,,,,,,,,,,,,
"Website
Website Redesign
Shopify
Landing Page
WordPress
Web Design
Graphic Design
Web Development",Website,Website Redesign,Shopify,Landing Page,WordPress,Web Design,Graphic Design,Web Development,,,,,,,,,,,,,,,,,,,,,,,
PHP,PHP,,,,,,,,,,,,,,,,,,,,,,,,,,,,,,
"Influencer Marketing
Canva
TikTok
Instagram
Social Media Marketing
Social Media Management
Instagram Story
Social Media Content
Social Media Content Creation
Content Writing",Influencer Marketing,Canva,TikTok,Instagram,Social Media Marketing,Social Media Management,Instagram Story,Social Media Content,Social Media Content Creation,Content Writing,,,,,,,,,,,,,,,,,,,,,
"Graphic Design
Adobe Illustrator
Banner Ad Design",Graphic Design,Adobe Illustrator,Banner Ad Design,,,,,,,,,,,,,,,,,,,,,,,,,,,,
"DApp Development
DApps User Experience",DApp Development,DApps User Experience,,,,,,,,,,,,,,,,,,,,,,,,,,,,,
"Video Editing
Video Post-Editing
Adobe Premiere Pro",Video Editing,Video Post-Editing,Adobe Premiere Pro,,,,,,,,,,,,,,,,,,,,,,,,,,,,
"Custom PHP
WordPress Plugin
MariaDB
MySQL
PHP
JavaScript
AngularJS
CSS
Website
Web Development",Custom PHP,WordPress Plugin,MariaDB,MySQL,PHP,JavaScript,AngularJS,CSS,Website,Web Development,,,,,,,,,,,,,,,,,,,,,
"Community Relations
Market Research
Content Writing
Article Writing
Blog Writing
Researcher
SEO Writing
Blog Content
Creative Writing",Community Relations,Market Research,Content Writing,Article Writing,Blog Writing,Researcher,SEO Writing,Blog Content,Creative Writing,,,,,,,,,,,,,,,,,,,,,,
"Google Shopping
Google Merchant Center
Google Ads
Google Analytics",Google Shopping,Google Merchant Center,Google Ads,Google Analytics,,,,,,,,,,,,,,,,,,,,,,,,,,,
"Data Entry
Virtual Assistant
Researcher
Company Research",Data Entry,Virtual Assistant,Researcher,Company Research,,,,,,,,,,,,,,,,,,,,,,,,,,,
"Shopify
Web Development
CSS
Ecommerce Platform Development",Shopify,Web Development,CSS,Ecommerce Platform Development,,,,,,,,,,,,,,,,,,,,,,,,,,,
"Configuration Management
Cybersecurity Management
Information Security
Network Security
ISO 27001
Security Analysis
Security Infrastructure
Information Security Audit
Vulnerability Assessment
Internet Security",Configuration Management,Cybersecurity Management,Information Security,Network Security,ISO 27001,Security Analysis,Security Infrastructure,Information Security Audit,Vulnerability Assessment,Internet Security,,,,,,,,,,,,,,,,,,,,,
"WooCommerce
WordPress
PHP
Web Development
WordPress Plugin
CSS
JavaScript
Web Design",WooCommerce,WordPress,PHP,Web Development,WordPress Plugin,CSS,JavaScript,Web Design,,,,,,,,,,,,,,,,,,,,,,,
"Native
Content Localization
Translation
Proofreading
English to Chinese Translation
English",Native,Content Localization,Translation,Proofreading,English to Chinese Translation,English,,,,,,,,,,,,,,,,,,,,,,,,,
"Virtual Assistance
Booking Management System",Virtual Assistance,Booking Management System,,,,,,,,,,,,,,,,,,,,,,,,,,,,,
"WordPress
WordPress Plugin
WordPress Development
WordPress Theme",WordPress,WordPress Plugin,WordPress Development,WordPress Theme,,,,,,,,,,,,,,,,,,,,,,,,,,,
"Accounting
Tax Preparation",Accounting,Tax Preparation,,,,,,,,,,,,,,,,,,,,,,,,,,,,,
"Facebook Pixel Setup & Optimization
Facebook Ads Manager
Google Analytics
Facebook
Facebook Advertising",Facebook Pixel Setup & Optimization,Facebook Ads Manager,Google Analytics,Facebook,Facebook Advertising,,,,,,,,,,,,,,,,,,,,,,,,,,
"PPC Campaign Setup & Management
Google Ads
Google Analytics",PPC Campaign Setup & Management,Google Ads,Google Analytics,,,,,,,,,,,,,,,,,,,,,,,,,,,,
"Landing Page
WordPress
Web Design
PHP
UX & UI",Landing Page,WordPress,Web Design,PHP,UX & UI,,,,,,,,,,,,,,,,,,,,,,,,,,
"Motion Graphics
2D Animation
Animation
Graphic Design
Logo Design",Motion Graphics,2D Animation,Animation,Graphic Design,Logo Design,,,,,,,,,,,,,,,,,,,,,,,,,,
"PHP
WordPress
API
WordPress Plugin
MySQL
Plugin Development
SQL
MySQL Programming
JavaScript
Custom PHP",PHP,WordPress,API,WordPress Plugin,MySQL,Plugin Development,SQL,MySQL Programming,JavaScript,Custom PHP,,,,,,,,,,,,,,,,,,,,,
"PPC Campaign Setup & Management
Google Ads
Google Analytics",PPC Campaign Setup & Management,Google Ads,Google Analytics,,,,,,,,,,,,,,,,,,,,,,,,,,,,
"Landing Page
WordPress
Web Design
PHP
UX & UI",Landing Page,WordPress,Web Design,PHP,UX & UI,,,,,,,,,,,,,,,,,,,,,,,,,,
"Motion Graphics
2D Animation
Animation
Graphic Design
Logo Design",Motion Graphics,2D Animation,Animation,Graphic Design,Logo Design,,,,,,,,,,,,,,,,,,,,,,,,,,
"PHP
WordPress
API
WordPress Plugin
MySQL
Plugin Development
SQL
MySQL Programming
JavaScript
Custom PHP",PHP,WordPress,API,WordPress Plugin,MySQL,Plugin Development,SQL,MySQL Programming,JavaScript,Custom PHP,,,,,,,,,,,,,,,,,,,,,
"Copywriting
Content Writing
Creative Writing",Copywriting,Content Writing,Creative Writing,,,,,,,,,,,,,,,,,,,,,,,,,,,,
"Travel & Hospitality
Architecture
Website Content
Content Writing
Article
Article Writing
Blog Content
Researcher",Travel & Hospitality,Architecture,Website Content,Content Writing,Article,Article Writing,Blog Content,Researcher,,,,,,,,,,,,,,,,,,,,,,,
"Shopify
Shopify Templates",Shopify,Shopify Templates,,,,,,,,,,,,,,,,,,,,,,,,,,,,,
"Microsoft Windows
Unreal Engine
Simulation Game
Ages 12+
Game
Business with 1-9 Employees
3D Modeling
3D Rendering
3D Animation",Microsoft Windows,Unreal Engine,Simulation Game,Ages 12+,Game,Business with 1-9 Employees,3D Modeling,3D Rendering,3D Animation,,,,,,,,,,,,,,,,,,,,,,
"Brand Identity Design
Logo Design
Graphic Design
Brand Identity & Guidelines",Brand Identity Design,Logo Design,Graphic Design,Brand Identity & Guidelines,,,,,,,,,,,,,,,,,,,,,,,,,,,
"Contract Law
Legal
Business Services
Limited Liability Company
Contract Drafting
Legal Consulting
Corporate Law",Contract Law,Legal,Business Services,Limited Liability Company,Contract Drafting,Legal Consulting,Corporate Law,,,,,,,,,,,,,,,,,,,,,,,,
"Contract Law
Legal
Business Services
Limited Liability Company
Contract Drafting
Legal Consulting
Corporate Law",Contract Law,Legal,Business Services,Limited Liability Company,Contract Drafting,Legal Consulting,Corporate Law,,,,,,,,,,,,,,,,,,,,,,,,
"Web Hosting
Web Development
GoDaddy
Web Design
Search Engine Optimization
Researcher",Web Hosting,Web Development,GoDaddy,Web Design,Search Engine Optimization,Researcher,,,,,,,,,,,,,,,,,,,,,,,,,
"Shopify
Shopify Templates
Ecommerce Platform Development
API
Web Design",Shopify,Shopify Templates,Ecommerce Platform Development,API,Web Design,,,,,,,,,,,,,,,,,,,,,,,,,,
"PrestaShop
Web Development
CSS",PrestaShop,Web Development,CSS,,,,,,,,,,,,,,,,,,,,,,,,,,,,
English to Latvian Translation,English to Latvian Translation,,,,,,,,,,,,,,,,,,,,,,,,,,,,,,
"HTML
WordPress
SEO Performance
SEO Content
SEO Setup & Configuration",HTML,WordPress,SEO Performance,SEO Content,SEO Setup & Configuration,,,,,,,,,,,,,,,,,,,,,,,,,,
"3D Design
3D Modeling",3D Design,3D Modeling,,,,,,,,,,,,,,,,,,,,,,,,,,,,,
"Facebook
Social Media Marketing
Campaign Management",Facebook,Social Media Marketing,Campaign Management,,,,,,,,,,,,,,,,,,,,,,,,,,,,
"Swift
iOS Development
Storyboard",Swift,iOS Development,Storyboard,,,,,,,,,,,,,,,,,,,,,,,,,,,,
"Editing & Proofreading
Self-Help
English
Ghostwriting
Ebook Writing
Personal Development",Editing & Proofreading,Self-Help,English,Ghostwriting,Ebook Writing,Personal Development,,,,,,,,,,,,,,,,,,,,,,,,,
"Editing & Proofreading
Self-Help
English
Ghostwriting
Ebook Writing
Personal Development",Editing & Proofreading,Self-Help,English,Ghostwriting,Ebook Writing,Personal Development,,,,,,,,,,,,,,,,,,,,,,,,,
Chinese,Chinese,,,,,,,,,,,,,,,,,,,,,,,,,,,,,,
"Vue.js
Tailwind CSS
Nuxt.js",Vue.js,Tailwind CSS,Nuxt.js,,,,,,,,,,,,,,,,,,,,,,,,,,,,
"Android
Smartphone",Android,Smartphone,,,,,,,,,,,,,,,,,,,,,,,,,,,,,
"Smartphone
iOS",Smartphone,iOS,,,,,,,,,,,,,,,,,,,,,,,,,,,,,
"Writing
Article Writing
Copywriting
SEO Writing
Article
Blog Writing
Blog Content
English
Content Writing
Search Engine Optimization",Writing,Article Writing,Copywriting,SEO Writing,Article,Blog Writing,Blog Content,English,Content Writing,Search Engine Optimization,,,,,,,,,,,,,,,,,,,,,
"German
Blog Content
Blog Writing
Article Writing
Business Writing
Market Research
Content Writing
English
Sales",German,Blog Content,Blog Writing,Article Writing,Business Writing,Market Research,Content Writing,English,Sales,,,,,,,,,,,,,,,,,,,,,,
English to Estonian Translation,English to Estonian Translation,,,,,,,,,,,,,,,,,,,,,,,,,,,,,,
"Logo Design
Graphic Design",Logo Design,Graphic Design,,,,,,,,,,,,,,,,,,,,,,,,,,,,,
"Cold Calling
Sales
Communications",Cold Calling,Sales,Communications,,,,,,,,,,,,,,,,,,,,,,,,,,,,
"Cold Calling
Sales
Communications",Cold Calling,Sales,Communications,,,,,,,,,,,,,,,,,,,,,,,,,,,,
"Microsoft SQL Server
MySQL
.NET Framework
ASP.NET
MVC Framework
C#
Visual Basic .NET
HTML5
CSS 3
RESTful Architecture",Microsoft SQL Server,MySQL,.NET Framework,ASP.NET,MVC Framework,C#,Visual Basic .NET,HTML5,CSS 3,RESTful Architecture,,,,,,,,,,,,,,,,,,,,,
"Content Writing
Article Writing
Blog Content
Engineering & Architecture
CAD",Content Writing,Article Writing,Blog Content,Engineering & Architecture,CAD,,,,,,,,,,,,,,,,,,,,,,,,,,
"Content Writing
Content Creation
Article Writing",Content Writing,Content Creation,Article Writing,,,,,,,,,,,,,,,,,,,,,,,,,,,,
"Illustration
Animation
2D Animation
Motion Graphics
HTML
Graphic Design",Illustration,Animation,2D Animation,Motion Graphics,HTML,Graphic Design,,,,,,,,,,,,,,,,,,,,,,,,,
"Bookkeeping
Virtual Assistant
Administrative Support
Data Entry
Real Estate
Serbian
Virtual Assistance",Bookkeeping,Virtual Assistant,Administrative Support,Data Entry,Real Estate,Serbian,Virtual Assistance,,,,,,,,,,,,,,,,,,,,,,,,
"Microsoft Excel
Google Docs
Microsoft Office
Web Scraping
API Development",Microsoft Excel,Google Docs,Microsoft Office,Web Scraping,API Development,,,,,,,,,,,,,,,,,,,,,,,,,,
"Web Development
WordPress Development
CSS
HTML
WordPress
JavaScript",Web Development,WordPress Development,CSS,HTML,WordPress,JavaScript,,,,,,,,,,,,,,,,,,,,,,,,,
"Concept Design
Design for Manufacturing
Aerodynamic Analysis
CAD
Mechanical Design
3D Rendering",Concept Design,Design for Manufacturing,Aerodynamic Analysis,CAD,Mechanical Design,3D Rendering,,,,,,,,,,,,,,,,,,,,,,,,,
"Graphic Design
Layout Design
Print Design
Brochure
Drawing
Illustration",Graphic Design,Layout Design,Print Design,Brochure,Drawing,Illustration,,,,,,,,,,,,,,,,,,,,,,,,,
"Concept Design
Design for Manufacturing
Aerodynamic Analysis
CAD
Mechanical Design
3D Rendering",Concept Design,Design for Manufacturing,Aerodynamic Analysis,CAD,Mechanical Design,3D Rendering,,,,,,,,,,,,,,,,,,,,,,,,,
"Graphic Design
Layout Design
Print Design
Brochure
Drawing
Illustration",Graphic Design,Layout Design,Print Design,Brochure,Drawing,Illustration,,,,,,,,,,,,,,,,,,,,,,,,,
"Manufacturing
Quality Control",Manufacturing,Quality Control,,,,,,,,,,,,,,,,,,,,,,,,,,,,,
"Brand Identity & Guidelines
Infographic
Graphic Design
Web Design
Adobe Photoshop",Brand Identity & Guidelines,Infographic,Graphic Design,Web Design,Adobe Photoshop,,,,,,,,,,,,,,,,,,,,,,,,,,
"Content Writing
Copywriting
Writing
SEO Writing",Content Writing,Copywriting,Writing,SEO Writing,,,,,,,,,,,,,,,,,,,,,,,,,,,
"Shopify
Shopify Templates
Web Design
Banner Ad Designer",Shopify,Shopify Templates,Web Design,Banner Ad Designer,,,,,,,,,,,,,,,,,,,,,,,,,,,
"PHP
WordPress
CSS
HTML
Web Development",PHP,WordPress,CSS,HTML,Web Development,,,,,,,,,,,,,,,,,,,,,,,,,,
"Video Editing
Video Post-Editing",Video Editing,Video Post-Editing,,,,,,,,,,,,,,,,,,,,,,,,,,,,,
"Copywriting
Scriptwriting
Scripting
Content Writing",Copywriting,Scriptwriting,Scripting,Content Writing,,,,,,,,,,,,,,,,,,,,,,,,,,,
"Laravel
Docker
Vue.js",Laravel,Docker,Vue.js,,,,,,,,,,,,,,,,,,,,,,,,,,,,
Shopify,Shopify,,,,,,,,,,,,,,,,,,,,,,,,,,,,,,
"Editing & Proofreading
Adobe InDesign
Data Entry
Google Search
Online Research",Editing & Proofreading,Adobe InDesign,Data Entry,Google Search,Online Research,,,,,,,,,,,,,,,,,,,,,,,,,,
"Flutter
Flutter Developer
iOS
Android
Location-Based Service
Mobile App Development
Android App Development
iOS Development
Geolocation",Flutter,Flutter Developer,iOS,Android,Location-Based Service,Mobile App Development,Android App Development,iOS Development,Geolocation,,,,,,,,,,,,,,,,,,,,,,
"Logo Design
Corporate Brand Identity
Brand Guidelines
Brand Positioning",Logo Design,Corporate Brand Identity,Brand Guidelines,Brand Positioning,,,,,,,,,,,,,,,,,,,,,,,,,,,
"Windows Server
Group Policy",Windows Server,Group Policy,,,,,,,,,,,,,,,,,,,,,,,,,,,,,
"Illustration
Adobe Illustrator
2D Art
Graphic Design
T-Shirt Design
2D Design & Drawings
Graphics Tablet
Wacom Bamboo
Vector Graphic
Character Design",Illustration,Adobe Illustrator,2D Art,Graphic Design,T-Shirt Design,2D Design & Drawings,Graphics Tablet,Wacom Bamboo,Vector Graphic,Character Design,,,,,,,,,,,,,,,,,,,,,
"Appointment Setting
Lead Generation Analysis
Social Media Lead Generation
Lead Nurturing
Lead Generation
Customer Relationship Management
List Building
Sales
Data Entry
Communications",Appointment Setting,Lead Generation Analysis,Social Media Lead Generation,Lead Nurturing,Lead Generation,Customer Relationship Management,List Building,Sales,Data Entry,Communications,,,,,,,,,,,,,,,,,,,,,
"JavaScript
Django
Java
PHP
German
Search Engine Optimization",JavaScript,Django,Java,PHP,German,Search Engine Optimization,,,,,,,,,,,,,,,,,,,,,,,,,
"Accounting
Bank Reconciliation
Balance Sheet
Cash Flow Analysis
Xero
Financial Accounting
Management Accounting
Accounting Basics",Accounting,Bank Reconciliation,Balance Sheet,Cash Flow Analysis,Xero,Financial Accounting,Management Accounting,Accounting Basics,,,,,,,,,,,,,,,,,,,,,,,
"Lumion
SketchUp
Interior Design
Architectural Design
Blender",Lumion,SketchUp,Interior Design,Architectural Design,Blender,,,,,,,,,,,,,,,,,,,,,,,,,,
"JavaScript
Django
Java
PHP
German
Search Engine Optimization",JavaScript,Django,Java,PHP,German,Search Engine Optimization,,,,,,,,,,,,,,,,,,,,,,,,,
"Accounting
Bank Reconciliation
Balance Sheet
Cash Flow Analysis
Xero
Financial Accounting
Management Accounting
Accounting Basics",Accounting,Bank Reconciliation,Balance Sheet,Cash Flow Analysis,Xero,Financial Accounting,Management Accounting,Accounting Basics,,,,,,,,,,,,,,,,,,,,,,,
"Lumion
SketchUp
Interior Design
Architectural Design
Blender",Lumion,SketchUp,Interior Design,Architectural Design,Blender,,,,,,,,,,,,,,,,,,,,,,,,,,
"Lead Generation
Internet Marketing
Email
Native
Facebook
Google Ads
Push Notifications
Search Engine Optimization
Instagram
TikTok",Lead Generation,Internet Marketing,Email,Native,Facebook,Google Ads,Push Notifications,Search Engine Optimization,Instagram,TikTok,,,,,,,,,,,,,,,,,,,,,
Microsoft SQL Server,Microsoft SQL Server,,,,,,,,,,,,,,,,,,,,,,,,,,,,,,
"WordPress
Amazon Lightsail
Varnish Cache",WordPress,Amazon Lightsail,Varnish Cache,,,,,,,,,,,,,,,,,,,,,,,,,,,,
"Android App Development
Android",Android App Development,Android,,,,,,,,,,,,,,,,,,,,,,,,,,,,,
"Blockchain
Swift
Cryptocurrency
Content Writing",Blockchain,Swift,Cryptocurrency,Content Writing,,,,,,,,,,,,,,,,,,,,,,,,,,,
"Firebase
AWS Amplify
Smartphone
Flutter
Dart
AWS Lambda",Firebase,AWS Amplify,Smartphone,Flutter,Dart,AWS Lambda,,,,,,,,,,,,,,,,,,,,,,,,,
English,English,,,,,,,,,,,,,,,,,,,,,,,,,,,,,,
Magento,Magento,,,,,,,,,,,,,,,,,,,,,,,,,,,,,,
"Android Developer
iOS Developer
iOS Development
Android
iOS
Tablet
Mobile App Development",Android Developer,iOS Developer,iOS Development,Android,iOS,Tablet,Mobile App Development,,,,,,,,,,,,,,,,,,,,,,,,
"Landing Page
JavaScript
CSS
HTML
CSS 3
React",Landing Page,JavaScript,CSS,HTML,CSS 3,React,,,,,,,,,,,,,,,,,,,,,,,,,
"Terraform
Docker
API Development
Amazon Web Services",Terraform,Docker,API Development,Amazon Web Services,,,,,,,,,,,,,,,,,,,,,,,,,,,
"Landing Page
Mobile App Design
Web Design
HTML
CSS",Landing Page,Mobile App Design,Web Design,HTML,CSS,,,,,,,,,,,,,,,,,,,,,,,,,,
"Annotated Screenshot
Bug Tracking & Reports
Regression Testing
Performance Testing
Manual Testing
Mobile App Testing
Game Testing
Mobile Game",Annotated Screenshot,Bug Tracking & Reports,Regression Testing,Performance Testing,Manual Testing,Mobile App Testing,Game Testing,Mobile Game,,,,,,,,,,,,,,,,,,,,,,,
"Logo Design
Brand Positioning
Branding
Brand Identity",Logo Design,Brand Positioning,Branding,Brand Identity,,,,,,,,,,,,,,,,,,,,,,,,,,,
"Machine Learning
Computer Vision
Content Writing
Blog Writing
Blog Content
SEO Writing",Machine Learning,Computer Vision,Content Writing,Blog Writing,Blog Content,SEO Writing,,,,,,,,,,,,,,,,,,,,,,,,,
"News Writing
Content Writing
Blog Content
Copywriting
Blockchain
Cryptocurrency
Article Writing",News Writing,Content Writing,Blog Content,Copywriting,Blockchain,Cryptocurrency,Article Writing,,,,,,,,,,,,,,,,,,,,,,,,
"Creative Writing
Writing
Editing & Proofreading
Ghostwriting
Content Writing
English",Creative Writing,Writing,Editing & Proofreading,Ghostwriting,Content Writing,English,,,,,,,,,,,,,,,,,,,,,,,,,
"News Writing
Content Writing
Blog Content
Copywriting
Blockchain
Cryptocurrency
Article Writing",News Writing,Content Writing,Blog Content,Copywriting,Blockchain,Cryptocurrency,Article Writing,,,,,,,,,,,,,,,,,,,,,,,,
"Creative Writing
Writing
Editing & Proofreading
Ghostwriting
Content Writing
English",Creative Writing,Writing,Editing & Proofreading,Ghostwriting,Content Writing,English,,,,,,,,,,,,,,,,,,,,,,,,,
"Bookkeeping
Virtual Assistant
Administrative Support
Data Entry
Real Estate
Serbian
Ukrainian
Venezuelan Spanish Dialect
Virtual Assistance",Bookkeeping,Virtual Assistant,Administrative Support,Data Entry,Real Estate,Serbian,Ukrainian,Venezuelan Spanish Dialect,Virtual Assistance,,,,,,,,,,,,,,,,,,,,,,
"Management Accounting
Information Technology Operations
Point of Sale & Payment Systems",Management Accounting,Information Technology Operations,Point of Sale & Payment Systems,,,,,,,,,,,,,,,,,,,,,,,,,,,,
"Node.js
AngularJS
Web Application
JavaScript",Node.js,AngularJS,Web Application,JavaScript,,,,,,,,,,,,,,,,,,,,,,,,,,,
"Data Scraping
Data Mining
Lead Generation
Prospect List
List Building
Data Entry
Researcher
Microsoft Excel",Data Scraping,Data Mining,Lead Generation,Prospect List,List Building,Data Entry,Researcher,Microsoft Excel,,,,,,,,,,,,,,,,,,,,,,,
"Copywriting
Blog Content
Content Writing
English
Swedish
Writing
Article",Copywriting,Blog Content,Content Writing,English,Swedish,Writing,Article,,,,,,,,,,,,,,,,,,,,,,,,
"Penetration Testing
Security Analysis
Information Security
Encryption",Penetration Testing,Security Analysis,Information Security,Encryption,,,,,,,,,,,,,,,,,,,,,,,,,,,
WooCommerce,WooCommerce,,,,,,,,,,,,,,,,,,,,,,,,,,,,,,
Video Editing,Video Editing,,,,,,,,,,,,,,,,,,,,,,,,,,,,,,
"Content Writing
English
Search Engine Optimization
Website Content
Writing",Content Writing,English,Search Engine Optimization,Website Content,Writing,,,,,,,,,,,,,,,,,,,,,,,,,,
"Data Entry
Data Scraping
Data Analysis",Data Entry,Data Scraping,Data Analysis,,,,,,,,,,,,,,,,,,,,,,,,,,,,
"Facebook
Instagram
Social Media Content
Social Media Marketing
Social Media Content Creation
Content Writing
Social Media Management",Facebook,Instagram,Social Media Content,Social Media Marketing,Social Media Content Creation,Content Writing,Social Media Management,,,,,,,,,,,,,,,,,,,,,,,,
"Brand Identity & Guidelines
Brand Identity Design
Health & Wellness
Graphic Design
Adobe Photoshop
Layout Design",Brand Identity & Guidelines,Brand Identity Design,Health & Wellness,Graphic Design,Adobe Photoshop,Layout Design,,,,,,,,,,,,,,,,,,,,,,,,,
"YouTube
Google Analytics
Facebook Ads Manager
LinkedIn Campaign Manager
Facebook Advertising
Influencer Marketing
Facebook
Instagram
Social Media Marketing
Social Media Management",YouTube,Google Analytics,Facebook Ads Manager,LinkedIn Campaign Manager,Facebook Advertising,Influencer Marketing,Facebook,Instagram,Social Media Marketing,Social Media Management,,,,,,,,,,,,,,,,,,,,,
"Food & Supplements
Process Design
Chemistry
Aspen+
Autodesk AutoCAD
Flowsheet
Plant Layout Design
Process Flow Diagram
Piping & Instrumentation Diagram",Food & Supplements,Process Design,Chemistry,Aspen+,Autodesk AutoCAD,Flowsheet,Plant Layout Design,Process Flow Diagram,Piping & Instrumentation Diagram,,,,,,,,,,,,,,,,,,,,,,
"Bookkeeping
Accounting
Tax Preparation
Tax Return
Financial Accounting",Bookkeeping,Accounting,Tax Preparation,Tax Return,Financial Accounting,,,,,,,,,,,,,,,,,,,,,,,,,,
"CI/CD
Deployment Automation
DevOps
Automation Software Release
Jenkins
Docker
Amazon Web Services
Kubernetes
Java
Google Cloud Platform",CI/CD,Deployment Automation,DevOps,Automation Software Release,Jenkins,Docker,Amazon Web Services,Kubernetes,Java,Google Cloud Platform,,,,,,,,,,,,,,,,,,,,,
"Dutch
English to Dutch Translation
Writing
Translation
Content Writing",Dutch,English to Dutch Translation,Writing,Translation,Content Writing,,,,,,,,,,,,,,,,,,,,,,,,,,
"Python
API
JavaScript",Python,API,JavaScript,,,,,,,,,,,,,,,,,,,,,,,,,,,,
"Gambling
Article Writing
Proofreading
Editor",Gambling,Article Writing,Proofreading,Editor,,,,,,,,,,,,,,,,,,,,,,,,,,,
"Graphic Design
Poster
Adobe Illustrator
3D Animation",Graphic Design,Poster,Adobe Illustrator,3D Animation,,,,,,,,,,,,,,,,,,,,,,,,,,,
"WordPress
WooCommerce
Web Design
Ecommerce Website
Elementor",WordPress,WooCommerce,Web Design,Ecommerce Website,Elementor,,,,,,,,,,,,,,,,,,,,,,,,,,
"Fashion & Beauty
Lead Generation
List Building
Email Marketing",Fashion & Beauty,Lead Generation,List Building,Email Marketing,,,,,,,,,,,,,,,,,,,,,,,,,,,
"Database Architecture
Data Engineering
Neo4j
Graph Database
Graph Neural Network
Golang",Database Architecture,Data Engineering,Neo4j,Graph Database,Graph Neural Network,Golang,,,,,,,,,,,,,,,,,,,,,,,,,
"Latvian
Content Writing
Article Writing
Translation
Proofreading
SEO Writing
Writing",Latvian,Content Writing,Article Writing,Translation,Proofreading,SEO Writing,Writing,,,,,,,,,,,,,,,,,,,,,,,,
"Content Writing
Japanese
SEO Writing
Proofreading
Creative Writing
Translation",Content Writing,Japanese,SEO Writing,Proofreading,Creative Writing,Translation,,,,,,,,,,,,,,,,,,,,,,,,,
"Data Entry
Microsoft Excel
Database
Typing",Data Entry,Microsoft Excel,Database,Typing,,,,,,,,,,,,,,,,,,,,,,,,,,,
Translation,Translation,,,,,,,,,,,,,,,,,,,,,,,,,,,,,,
"Content Writing
Translation
Proofreading
Article Writing
SEO Writing
Writing",Content Writing,Translation,Proofreading,Article Writing,SEO Writing,Writing,,,,,,,,,,,,,,,,,,,,,,,,,
"Content Writing
Translation
Proofreading
Article Writing
SEO Writing
Writing",Content Writing,Translation,Proofreading,Article Writing,SEO Writing,Writing,,,,,,,,,,,,,,,,,,,,,,,,,
"Researcher
Data Entry
Prospect List
List Building",Researcher,Data Entry,Prospect List,List Building,,,,,,,,,,,,,,,,,,,,,,,,,,,
"Georgian
Content Writing
SEO Writing
Article Writing
Translation
Proofreading
Writing",Georgian,Content Writing,SEO Writing,Article Writing,Translation,Proofreading,Writing,,,,,,,,,,,,,,,,,,,,,,,,
"YouTube Thumbnail
YouTube
Graphic Design
Adobe Photoshop
Photo Editing",YouTube Thumbnail,YouTube,Graphic Design,Adobe Photoshop,Photo Editing,,,,,,,,,,,,,,,,,,,,,,,,,,
"Native
SEO Writing
Blog Writing
Creative Writing
Estonian
English to Estonian Translation
Translation
Content Writing
Proofreading",Native,SEO Writing,Blog Writing,Creative Writing,Estonian,English to Estonian Translation,Translation,Content Writing,Proofreading,,,,,,,,,,,,,,,,,,,,,,
Medical Writing,Medical Writing,,,,,,,,,,,,,,,,,,,,,,,,,,,,,,
"Typeform
Airtable
HTML
Data Entry
Facebook Ads Manager",Typeform,Airtable,HTML,Data Entry,Facebook Ads Manager,,,,,,,,,,,,,,,,,,,,,,,,,,
"WooCommerce
Ecommerce Website",WooCommerce,Ecommerce Website,,,,,,,,,,,,,,,,,,,,,,,,,,,,,
"Python
Mathematical Modeling
Algorithm Development
Cryptocurrency
Blockchain
Data Analysis
Data Science
Git
Machine Learning",Python,Mathematical Modeling,Algorithm Development,Cryptocurrency,Blockchain,Data Analysis,Data Science,Git,Machine Learning,,,,,,,,,,,,,,,,,,,,,,
"WordPress
Web Development
Web Design",WordPress,Web Development,Web Design,,,,,,,,,,,,,,,,,,,,,,,,,,,,
"Research Methods
Topic Research
Company Research
Market Research
Lead Generation",Research Methods,Topic Research,Company Research,Market Research,Lead Generation,,,,,,,,,,,,,,,,,,,,,,,,,,
"Facebook
Facebook Advertising
Social Media Marketing
Social Media Advertising
Retargeting
Instagram",Facebook,Facebook Advertising,Social Media Marketing,Social Media Advertising,Retargeting,Instagram,,,,,,,,,,,,,,,,,,,,,,,,,
"Article
Essay Writing
Content Writing",Article,Essay Writing,Content Writing,,,,,,,,,,,,,,,,,,,,,,,,,,,,
"Product Knowledge
Administrative Support
Document Formatting
Customer Experience
Shopify
Customer Service
Communications
Content Writing",Product Knowledge,Administrative Support,Document Formatting,Customer Experience,Shopify,Customer Service,Communications,Content Writing,,,,,,,,,,,,,,,,,,,,,,,
"Dutch
Proofreading",Dutch,Proofreading,,,,,,,,,,,,,,,,,,,,,,,,,,,,,
"Media Relations
Web Development
Marketing Advertising
Market Research
Press Advertising
Press Release Submission
Press Distribution
Press Release Writing
Press Release",Media Relations,Web Development,Marketing Advertising,Market Research,Press Advertising,Press Release Submission,Press Distribution,Press Release Writing,Press Release,,,,,,,,,,,,,,,,,,,,,,
"Operations Analytics
Customer Service Analytics
Data Visualization
Data Analytics
Python
SQL
Market Research
Project Management
Certified Associate in Python Programming",Operations Analytics,Customer Service Analytics,Data Visualization,Data Analytics,Python,SQL,Market Research,Project Management,Certified Associate in Python Programming,,,,,,,,,,,,,,,,,,,,,,
"Market Research
Researcher
Dropshipping
Virtual Assistant
Dropshipping Product Researcher",Market Research,Researcher,Dropshipping,Virtual Assistant,Dropshipping Product Researcher,,,,,,,,,,,,,,,,,,,,,,,,,,
Google Maps,Google Maps,,,,,,,,,,,,,,,,,,,,,,,,,,,,,,
"SEO Keyword Research
Search Engine Optimization
SEO Backlinking
SEO Performance",SEO Keyword Research,Search Engine Optimization,SEO Backlinking,SEO Performance,,,,,,,,,,,,,,,,,,,,,,,,,,,
"Node.js
RESTful API
API
API Development",Node.js,RESTful API,API,API Development,,,,,,,,,,,,,,,,,,,,,,,,,,,
"Electrical Design
Electrical Engineering
Electronics
PCB Design
Electronic Design
Circuit Design
Embedded System",Electrical Design,Electrical Engineering,Electronics,PCB Design,Electronic Design,Circuit Design,Embedded System,,,,,,,,,,,,,,,,,,,,,,,,
"Native
Dutch
English
English to Dutch Translation
Dutch to English Translation",Native,Dutch,English,English to Dutch Translation,Dutch to English Translation,,,,,,,,,,,,,,,,,,,,,,,,,,
"Copywriting
Landing Page
Financial Writing
Content Writing
English
Writing
Website Content
Researcher",Copywriting,Landing Page,Financial Writing,Content Writing,English,Writing,Website Content,Researcher,,,,,,,,,,,,,,,,,,,,,,,
"Native
English
Polish
English to Polish Translation
Polish to English Translation",Native,English,Polish,English to Polish Translation,Polish to English Translation,,,,,,,,,,,,,,,,,,,,,,,,,,
"Copywriting
Website Content
Blog Content
Landing Page",Copywriting,Website Content,Blog Content,Landing Page,,,,,,,,,,,,,,,,,,,,,,,,,,,
"Content Writing
Writing
Researcher
Article Writing
English
Blog Writing
Blog Content
Article
Creative Writing
Fact-Checking",Content Writing,Writing,Researcher,Article Writing,English,Blog Writing,Blog Content,Article,Creative Writing,Fact-Checking,,,,,,,,,,,,,,,,,,,,,
"Inventory Management
Supply Chain Management
Order Management
Purchase Orders
Production Planning
Logistics Management",Inventory Management,Supply Chain Management,Order Management,Purchase Orders,Production Planning,Logistics Management,,,,,,,,,,,,,,,,,,,,,,,,,
"PHP
JavaScript
Business with 1-9 Employees
Mobile App Development
Android App Development
Smartphone
iOS
API",PHP,JavaScript,Business with 1-9 Employees,Mobile App Development,Android App Development,Smartphone,iOS,API,,,,,,,,,,,,,,,,,,,,,,,
"Market Research Interviewer
Researcher
Market Research
Data Entry
Lead Generation
French",Market Research Interviewer,Researcher,Market Research,Data Entry,Lead Generation,French,,,,,,,,,,,,,,,,,,,,,,,,,
"Social Media Marketing
Copywriting
Search Engine Optimization
Google Ads
Marketing Strategy",Social Media Marketing,Copywriting,Search Engine Optimization,Google Ads,Marketing Strategy,,,,,,,,,,,,,,,,,,,,,,,,,,
"User Authentication
Android
TV
Android App Development",User Authentication,Android,TV,Android App Development,,,,,,,,,,,,,,,,,,,,,,,,,,,
"Pitchbook
Microsoft PowerPoint
Business Presentation
Presentations
Presentation Design
Pitch Deck
Media Pitch",Pitchbook,Microsoft PowerPoint,Business Presentation,Presentations,Presentation Design,Pitch Deck,Media Pitch,,,,,,,,,,,,,,,,,,,,,,,,
"Cover Art Design
Graphic Design
Adobe Photoshop
Book Cover",Cover Art Design,Graphic Design,Adobe Photoshop,Book Cover,,,,,,,,,,,,,,,,,,,,,,,,,,,
"Email Automation
CRM Automation
Omnichannel Automation
API
Email Campaign Setup
Marketing Automation
HubSpot
MAILWIZZ",Email Automation,CRM Automation,Omnichannel Automation,API,Email Campaign Setup,Marketing Automation,HubSpot,MAILWIZZ,,,,,,,,,,,,,,,,,,,,,,,
"Appointment Setting
Tech & IT
Manufacturing & Construction
Scheduling
Cold Calling
B2B Marketing
Outbound Sales
Telemarketing",Appointment Setting,Tech & IT,Manufacturing & Construction,Scheduling,Cold Calling,B2B Marketing,Outbound Sales,Telemarketing,,,,,,,,,,,,,,,,,,,,,,,
tvOS,tvOS,,,,,,,,,,,,,,,,,,,,,,,,,,,,,,
"Amazon Web Services
Amazon EC2
Amazon ECS
System Administration
Network Security
AWS Application
Network Administration",Amazon Web Services,Amazon EC2,Amazon ECS,System Administration,Network Security,AWS Application,Network Administration,,,,,,,,,,,,,,,,,,,,,,,,
"Formatting
Grammar & Syntax Review
Content Rewriting
English
Proofreading
Error Detection
Writing",Formatting,Grammar & Syntax Review,Content Rewriting,English,Proofreading,Error Detection,Writing,,,,,,,,,,,,,,,,,,,,,,,,
"Customer Service
Customer Support
Email Support
Phone Support
Order Tracking
Shopify
Dropshipping",Customer Service,Customer Support,Email Support,Phone Support,Order Tracking,Shopify,Dropshipping,,,,,,,,,,,,,,,,,,,,,,,,
"PHP
JavaScript
Business with 1-9 Employees
Mobile App Development
Android App Development
Smartphone
iOS
API",PHP,JavaScript,Business with 1-9 Employees,Mobile App Development,Android App Development,Smartphone,iOS,API,,,,,,,,,,,,,,,,,,,,,,,
"Market Research Interviewer
Researcher
Market Research
Data Entry
Lead Generation
French",Market Research Interviewer,Researcher,Market Research,Data Entry,Lead Generation,French,,,,,,,,,,,,,,,,,,,,,,,,,
"Social Media Marketing
Copywriting
Search Engine Optimization
Google Ads
Marketing Strategy",Social Media Marketing,Copywriting,Search Engine Optimization,Google Ads,Marketing Strategy,,,,,,,,,,,,,,,,,,,,,,,,,,
"User Authentication
Android
TV
Android App Development",User Authentication,Android,TV,Android App Development,,,,,,,,,,,,,,,,,,,,,,,,,,,
"Pitchbook
Microsoft PowerPoint
Business Presentation
Presentations
Presentation Design
Pitch Deck
Media Pitch",Pitchbook,Microsoft PowerPoint,Business Presentation,Presentations,Presentation Design,Pitch Deck,Media Pitch,,,,,,,,,,,,,,,,,,,,,,,,
"Cover Art Design
Graphic Design
Adobe Photoshop
Book Cover",Cover Art Design,Graphic Design,Adobe Photoshop,Book Cover,,,,,,,,,,,,,,,,,,,,,,,,,,,
"Email Automation
CRM Automation
Omnichannel Automation
API
Email Campaign Setup
Marketing Automation
HubSpot
MAILWIZZ",Email Automation,CRM Automation,Omnichannel Automation,API,Email Campaign Setup,Marketing Automation,HubSpot,MAILWIZZ,,,,,,,,,,,,,,,,,,,,,,,
"Appointment Setting
Tech & IT
Manufacturing & Construction
Scheduling
Cold Calling
B2B Marketing
Outbound Sales
Telemarketing",Appointment Setting,Tech & IT,Manufacturing & Construction,Scheduling,Cold Calling,B2B Marketing,Outbound Sales,Telemarketing,,,,,,,,,,,,,,,,,,,,,,,
tvOS,tvOS,,,,,,,,,,,,,,,,,,,,,,,,,,,,,,
"Amazon Web Services
Amazon EC2
Amazon ECS
System Administration
Network Security
AWS Application
Network Administration",Amazon Web Services,Amazon EC2,Amazon ECS,System Administration,Network Security,AWS Application,Network Administration,,,,,,,,,,,,,,,,,,,,,,,,
"Appointment Setting
Tech & IT
Manufacturing & Construction
Scheduling
Cold Calling
B2B Marketing
Outbound Sales
Telemarketing",Appointment Setting,Tech & IT,Manufacturing & Construction,Scheduling,Cold Calling,B2B Marketing,Outbound Sales,Telemarketing,,,,,,,,,,,,,,,,,,,,,,,
tvOS,tvOS,,,,,,,,,,,,,,,,,,,,,,,,,,,,,,
"Amazon Web Services
Amazon EC2
Amazon ECS
System Administration
Network Security
AWS Application
Network Administration",Amazon Web Services,Amazon EC2,Amazon ECS,System Administration,Network Security,AWS Application,Network Administration,,,,,,,,,,,,,,,,,,,,,,,,
"Formatting
Grammar & Syntax Review
Content Rewriting
English
Proofreading
Error Detection
Writing",Formatting,Grammar & Syntax Review,Content Rewriting,English,Proofreading,Error Detection,Writing,,,,,,,,,,,,,,,,,,,,,,,,
"Customer Service
Customer Support
Email Support
Phone Support
Order Tracking
Shopify
Dropshipping",Customer Service,Customer Support,Email Support,Phone Support,Order Tracking,Shopify,Dropshipping,,,,,,,,,,,,,,,,,,,,,,,,
"Campaign Optimization
Pay Per Click Advertising
Facebook Advertising
Google Ads
Campaign Management",Campaign Optimization,Pay Per Click Advertising,Facebook Advertising,Google Ads,Campaign Management,,,,,,,,,,,,,,,,,,,,,,,,,,
"Video Editing
Adobe Premiere Pro
Video Post-Editing
YouTube Marketing
Video Production
Adobe After Effects
Audio Editing
YouTube Development
Adobe Photoshop
Final Cut Pro X",Video Editing,Adobe Premiere Pro,Video Post-Editing,YouTube Marketing,Video Production,Adobe After Effects,Audio Editing,YouTube Development,Adobe Photoshop,Final Cut Pro X,,,,,,,,,,,,,,,,,,,,,
"Blog Content
Shopify
Article
Copywriting",Blog Content,Shopify,Article,Copywriting,,,,,,,,,,,,,,,,,,,,,,,,,,,
"German to English Translation
German
Translation
English",German to English Translation,German,Translation,English,,,,,,,,,,,,,,,,,,,,,,,,,,,
"Office 365
Microsoft Windows
Email
Email System
Gmail",Office 365,Microsoft Windows,Email,Email System,Gmail,,,,,,,,,,,,,,,,,,,,,,,,,,
"Office 365
Microsoft Windows
Email
Email System
Gmail",Office 365,Microsoft Windows,Email,Email System,Gmail,,,,,,,,,,,,,,,,,,,,,,,,,,
"PPTX
Sales Presentation
Presentation Design
Business Presentation
Microsoft PowerPoint
Graphic Design
Marketing Presentation",PPTX,Sales Presentation,Presentation Design,Business Presentation,Microsoft PowerPoint,Graphic Design,Marketing Presentation,,,,,,,,,,,,,,,,,,,,,,,,
"Translation
Romanian
English",Translation,Romanian,English,,,,,,,,,,,,,,,,,,,,,,,,,,,,
"PHP
Web Development
SaaS",PHP,Web Development,SaaS,,,,,,,,,,,,,,,,,,,,,,,,,,,,
"API
PHP
API Development",API,PHP,API Development,,,,,,,,,,,,,,,,,,,,,,,,,,,,
"Phone Support
French
Email Support
Virtual Assistant
Scheduling",Phone Support,French,Email Support,Virtual Assistant,Scheduling,,,,,,,,,,,,,,,,,,,,,,,,,,
"Virtual Assistant
Virtual Assistance
Data Entry",Virtual Assistant,Virtual Assistance,Data Entry,,,,,,,,,,,,,,,,,,,,,,,,,,,,
"Brand Development
Email Marketing
Influencer Marketing
Search Engine Optimization
Social Video Marketing
Social Media Marketing
Events & Weddings
Communications
Marketing Strategy
Community Engagement",Brand Development,Email Marketing,Influencer Marketing,Search Engine Optimization,Social Video Marketing,Social Media Marketing,Events & Weddings,Communications,Marketing Strategy,Community Engagement,,,,,,,,,,,,,,,,,,,,,
Norwegian,Norwegian,,,,,,,,,,,,,,,,,,,,,,,,,,,,,,
"Web Development
Web Design
Squarespace",Web Development,Web Design,Squarespace,,,,,,,,,,,,,,,,,,,,,,,,,,,,
"Adobe Photoshop
Photo Editing",Adobe Photoshop,Photo Editing,,,,,,,,,,,,,,,,,,,,,,,,,,,,,
"Social Media Video
Testimonial Video
Video Production
Videography
Lighting
Audio Production
Camera
Green Screen
TikTok",Social Media Video,Testimonial Video,Video Production,Videography,Lighting,Audio Production,Camera,Green Screen,TikTok,,,,,,,,,,,,,,,,,,,,,,
"Company Research
Researcher
LinkedIn
Lead Generation",Company Research,Researcher,LinkedIn,Lead Generation,,,,,,,,,,,,,,,,,,,,,,,,,,,
"Google Sheets
Microsoft Power BI
Data Visualization
Data Analysis
Microsoft Excel
Financial Modeling
Data Modeling
Financial Analysis
Cash Flow Analysis
Sales Analytics",Google Sheets,Microsoft Power BI,Data Visualization,Data Analysis,Microsoft Excel,Financial Modeling,Data Modeling,Financial Analysis,Cash Flow Analysis,Sales Analytics,,,,,,,,,,,,,,,,,,,,,
"Microsoft Excel
Amazon PPC
Amazon
PPC Campaign Setup & Management",Microsoft Excel,Amazon PPC,Amazon,PPC Campaign Setup & Management,,,,,,,,,,,,,,,,,,,,,,,,,,,
Sports & Recreation,Sports & Recreation,,,,,,,,,,,,,,,,,,,,,,,,,,,,,,
"Android
Java
Android App Development
Smartphone
JavaScript
Kotlin
iOS
MySQL
PHP
Mobile App Development",Android,Java,Android App Development,Smartphone,JavaScript,Kotlin,iOS,MySQL,PHP,Mobile App Development,,,,,,,,,,,,,,,,,,,,,
"Video Editing
Adobe Premiere Pro
Video Post-Editing
Video Production
Adobe After Effects
Final Cut Pro X
Documentary
Videography
Motion Graphics
Explainer Video",Video Editing,Adobe Premiere Pro,Video Post-Editing,Video Production,Adobe After Effects,Final Cut Pro X,Documentary,Videography,Motion Graphics,Explainer Video,,,,,,,,,,,,,,,,,,,,,
"Personal Administration
File Maintenance
Email Communication
Virtual Assistance
Virtual Assistant
Researcher
Communications
Executive Assistant",Personal Administration,File Maintenance,Email Communication,Virtual Assistance,Virtual Assistant,Researcher,Communications,Executive Assistant,,,,,,,,,,,,,,,,,,,,,,,
"Social Media Marketing
Pinterest
Advertising
TikTok Ad
Pinterest Ads Manager
Social Media Advertising
TikTok
TikTok Marketing",Social Media Marketing,Pinterest,Advertising,TikTok Ad,Pinterest Ads Manager,Social Media Advertising,TikTok,TikTok Marketing,,,,,,,,,,,,,,,,,,,,,,,
"Social Media Marketing
Pinterest
Advertising
TikTok Ad
Pinterest Ads Manager
Social Media Advertising
TikTok
TikTok Marketing",Social Media Marketing,Pinterest,Advertising,TikTok Ad,Pinterest Ads Manager,Social Media Advertising,TikTok,TikTok Marketing,,,,,,,,,,,,,,,,,,,,,,,
"Shopify
HTML
Shopify Theme
CSS",Shopify,HTML,Shopify Theme,CSS,,,,,,,,,,,,,,,,,,,,,,,,,,,
"Lead Generation
List Building
Prospect List
Email Marketing",Lead Generation,List Building,Prospect List,Email Marketing,,,,,,,,,,,,,,,,,,,,,,,,,,,
"Learning Management System
Elearning
Moodle
Teachable
WordPress
Elearning LMS Consulting
Data Entry
Training Online LMS
Elearning Design",Learning Management System,Elearning,Moodle,Teachable,WordPress,Elearning LMS Consulting,Data Entry,Training Online LMS,Elearning Design,,,,,,,,,,,,,,,,,,,,,,
"Canva
Banner Ad Design
Facebook
Social Media Marketing
Instagram
Adobe After Effects
Adobe Photoshop
Video Production
Video Editing
Graphic Design",Canva,Banner Ad Design,Facebook,Social Media Marketing,Instagram,Adobe After Effects,Adobe Photoshop,Video Production,Video Editing,Graphic Design,,,,,,,,,,,,,,,,,,,,,
"Cold Calling
Customer Acquisition
Microsoft Excel
French",Cold Calling,Customer Acquisition,Microsoft Excel,French,,,,,,,,,,,,,,,,,,,,,,,,,,,
"Ebook Writing
Nonfiction
Content Writing
Ghostwriting
English
Ebook
Researcher
Writing
Fact-Checking
Creative Writing",Ebook Writing,Nonfiction,Content Writing,Ghostwriting,English,Ebook,Researcher,Writing,Fact-Checking,Creative Writing,,,,,,,,,,,,,,,,,,,,,
"SEO Writing
Website Content
Landing Page
On-Page SEO
French",SEO Writing,Website Content,Landing Page,On-Page SEO,French,,,,,,,,,,,,,,,,,,,,,,,,,,
"Lead Generation
Manufacturing & Construction
Mergers & Acquisitions
Private Equity
Lead Management",Lead Generation,Manufacturing & Construction,Mergers & Acquisitions,Private Equity,Lead Management,,,,,,,,,,,,,,,,,,,,,,,,,,
"PHP
WordPress
WordPress Plugin
Plugin Development
HTML
SQL",PHP,WordPress,WordPress Plugin,Plugin Development,HTML,SQL,,,,,,,,,,,,,,,,,,,,,,,,,
"Virtual Assistant
Email Marketing",Virtual Assistant,Email Marketing,,,,,,,,,,,,,,,,,,,,,,,,,,,,,
"Lead Generation
List Building
Prospect List",Lead Generation,List Building,Prospect List,,,,,,,,,,,,,,,,,,,,,,,,,,,,
"Researcher
Topic Research
Company Research
Critical Thinking Skills
Research Methods",Researcher,Topic Research,Company Research,Critical Thinking Skills,Research Methods,,,,,,,,,,,,,,,,,,,,,,,,,,
"React
Front-End Development
Angular
TypeScript
Mobx
HTML
CSS",React,Front-End Development,Angular,TypeScript,Mobx,HTML,CSS,,,,,,,,,,,,,,,,,,,,,,,,
"Search Engine Optimization
SEO Writing
SEO Keyword Research",Search Engine Optimization,SEO Writing,SEO Keyword Research,,,,,,,,,,,,,,,,,,,,,,,,,,,,
"Linux System Administration
NGINX
System Administration",Linux System Administration,NGINX,System Administration,,,,,,,,,,,,,,,,,,,,,,,,,,,,
"Residential Design
Interior Design
Commercial Design",Residential Design,Interior Design,Commercial Design,,,,,,,,,,,,,,,,,,,,,,,,,,,,
"Videography
Camera
Lighting
Video Production",Videography,Camera,Lighting,Video Production,,,,,,,,,,,,,,,,,,,,,,,,,,,
"Public Relations
Media Relations
Content Writing
Article Writing
Writing",Public Relations,Media Relations,Content Writing,Article Writing,Writing,,,,,,,,,,,,,,,,,,,,,,,,,,
"Sales
Lead Generation
Partnership Development
Relationship Management",Sales,Lead Generation,Partnership Development,Relationship Management,,,,,,,,,,,,,,,,,,,,,,,,,,,
"Public Relations
Media Relations
Content Writing
Article Writing
Writing",Public Relations,Media Relations,Content Writing,Article Writing,Writing,,,,,,,,,,,,,,,,,,,,,,,,,,
"Sales
Lead Generation
Partnership Development
Relationship Management",Sales,Lead Generation,Partnership Development,Relationship Management,,,,,,,,,,,,,,,,,,,,,,,,,,,
"Business Card Design
Fashion & Beauty
Logo Designer
Logo Design
Brand Identity & Guidelines
Adobe Illustrator
Adobe Photoshop
Graphic Design",Business Card Design,Fashion & Beauty,Logo Designer,Logo Design,Brand Identity & Guidelines,Adobe Illustrator,Adobe Photoshop,Graphic Design,,,,,,,,,,,,,,,,,,,,,,,
"CAD
CAD Drafting
AutoLISP
CAD Software",CAD,CAD Drafting,AutoLISP,CAD Software,,,,,,,,,,,,,,,,,,,,,,,,,,,
"Zoho Creator
JavaScript
Web Development
HTML
CSS
Web Design",Zoho Creator,JavaScript,Web Development,HTML,CSS,Web Design,,,,,,,,,,,,,,,,,,,,,,,,,
"Customer Service Analytics
Growth Analytics
Human Resources Analytics
Marketing Analytics
Operations Analytics
Product Analytics
Sales Analytics
Data Analysis
R",Customer Service Analytics,Growth Analytics,Human Resources Analytics,Marketing Analytics,Operations Analytics,Product Analytics,Sales Analytics,Data Analysis,R,,,,,,,,,,,,,,,,,,,,,,
"JavaScript
jQuery
Node.js",JavaScript,jQuery,Node.js,,,,,,,,,,,,,,,,,,,,,,,,,,,,
"Network Administration
Network Equipment
Computer Network
System Administration
Network Engineering",Network Administration,Network Equipment,Computer Network,System Administration,Network Engineering,,,,,,,,,,,,,,,,,,,,,,,,,,
"Clothing
Female
Color Forecasting
Fabric Color Matching
Fashion Forecasting
Fashion Consultation
Concept Design
Consumer Profiling",Clothing,Female,Color Forecasting,Fabric Color Matching,Fashion Forecasting,Fashion Consultation,Concept Design,Consumer Profiling,,,,,,,,,,,,,,,,,,,,,,,
"Microsoft Excel
Macro Programming",Microsoft Excel,Macro Programming,,,,,,,,,,,,,,,,,,,,,,,,,,,,,
"Microsoft Excel
Macro Programming",Microsoft Excel,Macro Programming,,,,,,,,,,,,,,,,,,,,,,,,,,,,,
"Article Writing
SEO Writing
Content Writing
Copywriting
Blog Writing",Article Writing,SEO Writing,Content Writing,Copywriting,Blog Writing,,,,,,,,,,,,,,,,,,,,,,,,,,
"Ebook Writing
Editing & Proofreading
Ebook
English
Ghostwriting",Ebook Writing,Editing & Proofreading,Ebook,English,Ghostwriting,,,,,,,,,,,,,,,,,,,,,,,,,,
"Website
Bug Fix
WooCommerce
WordPress
PHP
MySQL
WordPress Plugin",Website,Bug Fix,WooCommerce,WordPress,PHP,MySQL,WordPress Plugin,,,,,,,,,,,,,,,,,,,,,,,,
"CodeIgniter
Laravel
Web Application
WordPress
PHP
WooCommerce",CodeIgniter,Laravel,Web Application,WordPress,PHP,WooCommerce,,,,,,,,,,,,,,,,,,,,,,,,,
"Fashion & Beauty
Google Ads
Pay Per Click Advertising
PPC Campaign Setup & Management",Fashion & Beauty,Google Ads,Pay Per Click Advertising,PPC Campaign Setup & Management,,,,,,,,,,,,,,,,,,,,,,,,,,,
"Microsoft PowerPoint
Presentation Design
Business Presentation",Microsoft PowerPoint,Presentation Design,Business Presentation,,,,,,,,,,,,,,,,,,,,,,,,,,,,
"Android
iOS
Mobile App Development
Camera
Chat & Messaging Software
Payment Functionality
User Profile Creation",Android,iOS,Mobile App Development,Camera,Chat & Messaging Software,Payment Functionality,User Profile Creation,,,,,,,,,,,,,,,,,,,,,,,,
"Adobe After Effects
Motion Graphics
Animation
2D Animation",Adobe After Effects,Motion Graphics,Animation,2D Animation,,,,,,,,,,,,,,,,,,,,,,,,,,,
Optics,Optics,,,,,,,,,,,,,,,,,,,,,,,,,,,,,,
"Article Writing
SEO Writing
Content Writing
Copywriting
Blog Writing",Article Writing,SEO Writing,Content Writing,Copywriting,Blog Writing,,,,,,,,,,,,,,,,,,,,,,,,,,
"Ebook Writing
Editing & Proofreading
Ebook
English
Ghostwriting",Ebook Writing,Editing & Proofreading,Ebook,English,Ghostwriting,,,,,,,,,,,,,,,,,,,,,,,,,,
"Website
Bug Fix
WooCommerce
WordPress
PHP
MySQL
WordPress Plugin",Website,Bug Fix,WooCommerce,WordPress,PHP,MySQL,WordPress Plugin,,,,,,,,,,,,,,,,,,,,,,,,
"CodeIgniter
Laravel
Web Application
WordPress
PHP
WooCommerce",CodeIgniter,Laravel,Web Application,WordPress,PHP,WooCommerce,,,,,,,,,,,,,,,,,,,,,,,,,
"Fashion & Beauty
Google Ads
Pay Per Click Advertising
PPC Campaign Setup & Management",Fashion & Beauty,Google Ads,Pay Per Click Advertising,PPC Campaign Setup & Management,,,,,,,,,,,,,,,,,,,,,,,,,,,
"Microsoft PowerPoint
Presentation Design
Business Presentation",Microsoft PowerPoint,Presentation Design,Business Presentation,,,,,,,,,,,,,,,,,,,,,,,,,,,,
"Android
iOS
Mobile App Development
Camera
Chat & Messaging Software
Payment Functionality
User Profile Creation",Android,iOS,Mobile App Development,Camera,Chat & Messaging Software,Payment Functionality,User Profile Creation,,,,,,,,,,,,,,,,,,,,,,,,
"Adobe After Effects
Motion Graphics
Animation
2D Animation",Adobe After Effects,Motion Graphics,Animation,2D Animation,,,,,,,,,,,,,,,,,,,,,,,,,,,
Optics,Optics,,,,,,,,,,,,,,,,,,,,,,,,,,,,,,
"Project Management
Project Scheduling
Time Management
Project Plans
Digital Project Management
Technical Project Management",Project Management,Project Scheduling,Time Management,Project Plans,Digital Project Management,Technical Project Management,,,,,,,,,,,,,,,,,,,,,,,,,
"WordPress
Web Development
JavaScript
PHP",WordPress,Web Development,JavaScript,PHP,,,,,,,,,,,,,,,,,,,,,,,,,,,
"Ethereum
Bitcoin
Blockchain Development
Java",Ethereum,Bitcoin,Blockchain Development,Java,,,,,,,,,,,,,,,,,,,,,,,,,,,
"Automated Testing
Selenium
Selenium WebDriver
Test Automation Framework
Software Testing
API Testing
Cucumber",Automated Testing,Selenium,Selenium WebDriver,Test Automation Framework,Software Testing,API Testing,Cucumber,,,,,,,,,,,,,,,,,,,,,,,,
"Fashion & Beauty
People
Product Photography
Videography
Camera
Video Editing
Lighting",Fashion & Beauty,People,Product Photography,Videography,Camera,Video Editing,Lighting,,,,,,,,,,,,,,,,,,,,,,,,
"Website Translation
Turkish
English
English to Turkish Translation
Translation
Proofreading",Website Translation,Turkish,English,English to Turkish Translation,Translation,Proofreading,,,,,,,,,,,,,,,,,,,,,,,,,
"Website
Brand Guidelines
Social Media Design
Brand Identity Design
Graphic Design
Brand Positioning
Project Management
Web Design
Branding",Website,Brand Guidelines,Social Media Design,Brand Identity Design,Graphic Design,Brand Positioning,Project Management,Web Design,Branding,,,,,,,,,,,,,,,,,,,,,,
"Medical Transcription
Audio Transcription
Spanish
English
General Transcription
Spanish to English Translation",Medical Transcription,Audio Transcription,Spanish,English,General Transcription,Spanish to English Translation,,,,,,,,,,,,,,,,,,,,,,,,,
"Landing Page
HubSpot
Web Development",Landing Page,HubSpot,Web Development,,,,,,,,,,,,,,,,,,,,,,,,,,,,
"3D Rendering
Sports & Recreation
3D Design
3D Modeling",3D Rendering,Sports & Recreation,3D Design,3D Modeling,,,,,,,,,,,,,,,,,,,,,,,,,,,
"Ruby on Rails
Ruby",Ruby on Rails,Ruby,,,,,,,,,,,,,,,,,,,,,,,,,,,,,
Bubble.io,Bubble.io,,,,,,,,,,,,,,,,,,,,,,,,,,,,,,
"Food & Beverage
English
Factory & Supplier Auditing
Sourcing
Buying
Alibaba Sourcing
Price & Quote Negotiation
Supplier Search
Chinese",Food & Beverage,English,Factory & Supplier Auditing,Sourcing,Buying,Alibaba Sourcing,Price & Quote Negotiation,Supplier Search,Chinese,,,,,,,,,,,,,,,,,,,,,,
"Candidate Recommendation
Procedure Development
Candidate Evaluation
Compensation
Compensation Report
Company Policy
Human Resource Management
Compensation & Benefits
Interpersonal Skills
Human Resource Information System",Candidate Recommendation,Procedure Development,Candidate Evaluation,Compensation,Compensation Report,Company Policy,Human Resource Management,Compensation & Benefits,Interpersonal Skills,Human Resource Information System,,,,,,,,,,,,,,,,,,,,,
"Game Development
C#",Game Development,C#,,,,,,,,,,,,,,,,,,,,,,,,,,,,,
"Real Estate
Social Media Management
Social Media Marketing
Facebook
Instagram
Social Media Content Creation
Social Media Content
Instagram Story",Real Estate,Social Media Management,Social Media Marketing,Facebook,Instagram,Social Media Content Creation,Social Media Content,Instagram Story,,,,,,,,,,,,,,,,,,,,,,,
"Sports & Recreation
Health & Fitness
Creative Writing
Content Writing
Researcher
Search Engine Optimization
Forum Posting
German
Commenting",Sports & Recreation,Health & Fitness,Creative Writing,Content Writing,Researcher,Search Engine Optimization,Forum Posting,German,Commenting,,,,,,,,,,,,,,,,,,,,,,
"Amazon Webstore
Amazon FBA
Amazon PPC
Dropshipping",Amazon Webstore,Amazon FBA,Amazon PPC,Dropshipping,,,,,,,,,,,,,,,,,,,,,,,,,,,
"Market Analysis
Market Research",Market Analysis,Market Research,,,,,,,,,,,,,,,,,,,,,,,,,,,,,
"Vector Graphic
Adobe XD
Character Design
Adobe Illustrator
Illustration
Cartoon Art
Lottie
Adobe After Effects",Vector Graphic,Adobe XD,Character Design,Adobe Illustrator,Illustration,Cartoon Art,Lottie,Adobe After Effects,,,,,,,,,,,,,,,,,,,,,,,
"Data Entry
Microsoft Excel
Microsoft Word
Google Docs
Typing",Data Entry,Microsoft Excel,Microsoft Word,Google Docs,Typing,,,,,,,,,,,,,,,,,,,,,,,,,,
"Adobe Photoshop
Graphic Design
YouTube
Photo Editing
Social Media Imagery
Adobe Illustrator
Adobe InDesign
Logo Design
Illustration
YouTube Marketing",Adobe Photoshop,Graphic Design,YouTube,Photo Editing,Social Media Imagery,Adobe Illustrator,Adobe InDesign,Logo Design,Illustration,YouTube Marketing,,,,,,,,,,,,,,,,,,,,,
"Python
React
Web Application
Database Architecture
Electronic Health Record",Python,React,Web Application,Database Architecture,Electronic Health Record,,,,,,,,,,,,,,,,,,,,,,,,,,
"Automotive
Facebook Advertising
Social Media Marketing
Facebook
Lead Generation
Marketing Strategy",Automotive,Facebook Advertising,Social Media Marketing,Facebook,Lead Generation,Marketing Strategy,,,,,,,,,,,,,,,,,,,,,,,,,
"Social Media Marketing
Social Media Management
Facebook
Instagram
Marketing Strategy",Social Media Marketing,Social Media Management,Facebook,Instagram,Marketing Strategy,,,,,,,,,,,,,,,,,,,,,,,,,,
"Adobe InDesign
Print Design",Adobe InDesign,Print Design,,,,,,,,,,,,,,,,,,,,,,,,,,,,,
"Python
Python Script
PostgreSQL",Python,Python Script,PostgreSQL,,,,,,,,,,,,,,,,,,,,,,,,,,,,
"Market Research
Sales
Sales Management
Retail & Consumer Goods
Business with 1-9 Employees
Researcher",Market Research,Sales,Sales Management,Retail & Consumer Goods,Business with 1-9 Employees,Researcher,,,,,,,,,,,,,,,,,,,,,,,,,
"Cover Letter Writing
Resume Writing
Resume
Resume Development",Cover Letter Writing,Resume Writing,Resume,Resume Development,,,,,,,,,,,,,,,,,,,,,,,,,,,
"Graphic Design
Illustration
Adobe Illustrator
Character Design
Social Media Imagery
2D Design",Graphic Design,Illustration,Adobe Illustrator,Character Design,Social Media Imagery,2D Design,,,,,,,,,,,,,,,,,,,,,,,,,
"Content Writing
Blog Writing
Spanish
Article Writing",Content Writing,Blog Writing,Spanish,Article Writing,,,,,,,,,,,,,,,,,,,,,,,,,,,
"AOSP
Android
Java
Kotlin",AOSP,Android,Java,Kotlin,,,,,,,,,,,,,,,,,,,,,,,,,,,
"Fashion & Beauty
Material Requirements Planning
Business with 1-9 Employees
Import Procedure
International Taxation",Fashion & Beauty,Material Requirements Planning,Business with 1-9 Employees,Import Procedure,International Taxation,,,,,,,,,,,,,,,,,,,,,,,,,,
"Virtual Assistant
Data Entry
Email Communication
Personal Administration
Communications
Administrative Support",Virtual Assistant,Data Entry,Email Communication,Personal Administration,Communications,Administrative Support,,,,,,,,,,,,,,,,,,,,,,,,,
"Competitive Analysis
Researcher
Company Research
Market Research
Market Analysis
Topic Research",Competitive Analysis,Researcher,Company Research,Market Research,Market Analysis,Topic Research,,,,,,,,,,,,,,,,,,,,,,,,,
"Sports & Recreation
Health & Fitness
Creative Writing
Content Writing
Researcher
Search Engine Optimization
Forum Posting
German
Commenting",Sports & Recreation,Health & Fitness,Creative Writing,Content Writing,Researcher,Search Engine Optimization,Forum Posting,German,Commenting,,,,,,,,,,,,,,,,,,,,,,
"Acting
Japanese
Female
Male",Acting,Japanese,Female,Male,,,,,,,,,,,,,,,,,,,,,,,,,,,
Castilian Spanish,Castilian Spanish,,,,,,,,,,,,,,,,,,,,,,,,,,,,,,
"Logo Design
Brand Identity & Guidelines
Illustration
Adobe Illustrator",Logo Design,Brand Identity & Guidelines,Illustration,Adobe Illustrator,,,,,,,,,,,,,,,,,,,,,,,,,,,
"SEO Keyword Research
Search Engine Optimization
SEO Backlinking
Organic Traffic Growth
On-Page SEO
SEO Performance",SEO Keyword Research,Search Engine Optimization,SEO Backlinking,Organic Traffic Growth,On-Page SEO,SEO Performance,,,,,,,,,,,,,,,,,,,,,,,,,
"Copywriting
Content Writing
Polish
SEO Writing
Creative Writing
Article Writing
Writing
Blog Content
Article
Blog Writing",Copywriting,Content Writing,Polish,SEO Writing,Creative Writing,Article Writing,Writing,Blog Content,Article,Blog Writing,,,,,,,,,,,,,,,,,,,,,
"Social Media Marketing
iOS",Social Media Marketing,iOS,,,,,,,,,,,,,,,,,,,,,,,,,,,,,
"Digital Marketing
Social Media Management
Virtual Assistant
Social Media Marketing
Social Media Content Creation
LinkedIn
Communications
Social Media Content",Digital Marketing,Social Media Management,Virtual Assistant,Social Media Marketing,Social Media Content Creation,LinkedIn,Communications,Social Media Content,,,,,,,,,,,,,,,,,,,,,,,
"PHP
WordPress",PHP,WordPress,,,,,,,,,,,,,,,,,,,,,,,,,,,,,
"Vyond
Video Editing
Adobe Premiere Pro
Adobe After Effects
Final Cut Pro X",Vyond,Video Editing,Adobe Premiere Pro,Adobe After Effects,Final Cut Pro X,,,,,,,,,,,,,,,,,,,,,,,,,,
"Usability Testing
Product Management
Product Roadmap
Product Backlog",Usability Testing,Product Management,Product Roadmap,Product Backlog,,,,,,,,,,,,,,,,,,,,,,,,,,,
"English
Acting
YouTube",English,Acting,YouTube,,,,,,,,,,,,,,,,,,,,,,,,,,,,
"Copywriting
English
Proofreading",Copywriting,English,Proofreading,,,,,,,,,,,,,,,,,,,,,,,,,,,,
Translation,Translation,,,,,,,,,,,,,,,,,,,,,,,,,,,,,,
"Social Media Management
TikTok
YouTube
Facebook
Instagram
Social Media Marketing
Facebook Advertising
Marketing Strategy
TikTok Ad",Social Media Management,TikTok,YouTube,Facebook,Instagram,Social Media Marketing,Facebook Advertising,Marketing Strategy,TikTok Ad,,,,,,,,,,,,,,,,,,,,,,
"WordPress
PHP
Web Development
WordPress Plugin",WordPress,PHP,Web Development,WordPress Plugin,,,,,,,,,,,,,,,,,,,,,,,,,,,
"Video Editing
Video Post-Editing",Video Editing,Video Post-Editing,,,,,,,,,,,,,,,,,,,,,,,,,,,,,
"Graphic Design
Business Presentation
Presentation Design
Marketing Presentation
Canva",Graphic Design,Business Presentation,Presentation Design,Marketing Presentation,Canva,,,,,,,,,,,,,,,,,,,,,,,,,,
"Ghostwriting
Content Writing
Creative Writing
Article Writing
Blog Writing
Copywriting",Ghostwriting,Content Writing,Creative Writing,Article Writing,Blog Writing,Copywriting,,,,,,,,,,,,,,,,,,,,,,,,,
"Sales & Marketing
Facebook
Social Media Marketing
Campaign Optimization
Marketing Strategy
Facebook Ads Manager
Digital Marketing
Instagram
Campaign Management",Sales & Marketing,Facebook,Social Media Marketing,Campaign Optimization,Marketing Strategy,Facebook Ads Manager,Digital Marketing,Instagram,Campaign Management,,,,,,,,,,,,,,,,,,,,,,
Photography,Photography,,,,,,,,,,,,,,,,,,,,,,,,,,,,,,
Graphic Design,Graphic Design,,,,,,,,,,,,,,,,,,,,,,,,,,,,,,
"Mobile App Development
Android App Development
iOS Development",Mobile App Development,Android App Development,iOS Development,,,,,,,,,,,,,,,,,,,,,,,,,,,,
"Social Media Marketing
Lead Generation",Social Media Marketing,Lead Generation,,,,,,,,,,,,,,,,,,,,,,,,,,,,,
"HTML
CSS",HTML,CSS,,,,,,,,,,,,,,,,,,,,,,,,,,,,,
"Animaker
Graphic Design
2D Animation
Video Production
Video Commercial",Animaker,Graphic Design,2D Animation,Video Production,Video Commercial,,,,,,,,,,,,,,,,,,,,,,,,,,
"Facebook
Facebook Advertising
Social Media Marketing
Instagram
Retargeting
Internet Marketing
Social Media Advertising",Facebook,Facebook Advertising,Social Media Marketing,Instagram,Retargeting,Internet Marketing,Social Media Advertising,,,,,,,,,,,,,,,,,,,,,,,,
"PyTorch
Python
Deep Learning
Data Science
Neural Network",PyTorch,Python,Deep Learning,Data Science,Neural Network,,,,,,,,,,,,,,,,,,,,,,,,,,
"JavaScript
PHP
Web Development
Web Application",JavaScript,PHP,Web Development,Web Application,,,,,,,,,,,,,,,,,,,,,,,,,,,
"Mockup
User Interface Design
Mobile App Design
Responsive Design
Adobe XD",Mockup,User Interface Design,Mobile App Design,Responsive Design,Adobe XD,,,,,,,,,,,,,,,,,,,,,,,,,,
"Autodesk AutoCAD
Drafting
CAD
Architectural Design",Autodesk AutoCAD,Drafting,CAD,Architectural Design,,,,,,,,,,,,,,,,,,,,,,,,,,,
"Linux
CentOS
System Administration
System Monitoring
Ubuntu",Linux,CentOS,System Administration,System Monitoring,Ubuntu,,,,,,,,,,,,,,,,,,,,,,,,,,
ManyChat,ManyChat,,,,,,,,,,,,,,,,,,,,,,,,,,,,,,
"Sales
Cold Calling
B2B Marketing
Lead Generation",Sales,Cold Calling,B2B Marketing,Lead Generation,,,,,,,,,,,,,,,,,,,,,,,,,,,
"Shopify
Shopify Apps
Shopify Theme
Shopify Templates
Web Development
Ecommerce Platform Development",Shopify,Shopify Apps,Shopify Theme,Shopify Templates,Web Development,Ecommerce Platform Development,,,,,,,,,,,,,,,,,,,,,,,,,
"Social Media Marketing Strategy
Fashion & Beauty
Health & Wellness
Social Media Marketing
Virtual Assistant
Influencer Marketing
Instagram
Social Media Management
Facebook
Marketing Strategy",Social Media Marketing Strategy,Fashion & Beauty,Health & Wellness,Social Media Marketing,Virtual Assistant,Influencer Marketing,Instagram,Social Media Management,Facebook,Marketing Strategy,,,,,,,,,,,,,,,,,,,,,
"Facebook Advertising
Google Ads
Google Analytics
PPC Campaign Setup & Management
LinkedIn Marketing",Facebook Advertising,Google Ads,Google Analytics,PPC Campaign Setup & Management,LinkedIn Marketing,,,,,,,,,,,,,,,,,,,,,,,,,,
"Lead Generation
Prospect List
List Building
Data Entry
Researcher",Lead Generation,Prospect List,List Building,Data Entry,Researcher,,,,,,,,,,,,,,,,,,,,,,,,,,
"Microservice
Database Development
HTTP
Node.js
React
MongoDB
JavaScript
API Development
GraphQL",Microservice,Database Development,HTTP,Node.js,React,MongoDB,JavaScript,API Development,GraphQL,,,,,,,,,,,,,,,,,,,,,,
"PHP
WordPress
WordPress Plugin
API Integration",PHP,WordPress,WordPress Plugin,API Integration,,,,,,,,,,,,,,,,,,,,,,,,,,,
"Figma
Wireframing
Mockup
Web Design
User Interface Design",Figma,Wireframing,Mockup,Web Design,User Interface Design,,,,,,,,,,,,,,,,,,,,,,,,,,
"Digital Strategy
Twitter Marketing
Instagram Marketing
Discord",Digital Strategy,Twitter Marketing,Instagram Marketing,Discord,,,,,,,,,,,,,,,,,,,,,,,,,,,
"Shopify SEO
Google Analytics
Google Search Console
SEO Backlinking
Search Engine Optimization
SEO Keyword Research
Organic Traffic Growth
Off-Page SEO
SEO Audit
On-Page SEO",Shopify SEO,Google Analytics,Google Search Console,SEO Backlinking,Search Engine Optimization,SEO Keyword Research,Organic Traffic Growth,Off-Page SEO,SEO Audit,On-Page SEO,,,,,,,,,,,,,,,,,,,,,
"Character Design
Illustration
Drawing
Cartoon Art",Character Design,Illustration,Drawing,Cartoon Art,,,,,,,,,,,,,,,,,,,,,,,,,,,
"Adobe InDesign
Adobe Photoshop
Graphic Design
Adobe Illustrator
Illustration",Adobe InDesign,Adobe Photoshop,Graphic Design,Adobe Illustrator,Illustration,,,,,,,,,,,,,,,,,,,,,,,,,,
"JavaScript
Google Chrome Extension",JavaScript,Google Chrome Extension,,,,,,,,,,,,,,,,,,,,,,,,,,,,,
"Vue.js
Sass
webpack
Web Application
Business with 10-99 Employees
TypeScript
JavaScript
Vuex",Vue.js,Sass,webpack,Web Application,Business with 10-99 Employees,TypeScript,JavaScript,Vuex,,,,,,,,,,,,,,,,,,,,,,,
"Data Science
Python
Big Data
Data Analysis
Machine Learning
Data Mining
Derivatives",Data Science,Python,Big Data,Data Analysis,Machine Learning,Data Mining,Derivatives,,,,,,,,,,,,,,,,,,,,,,,,
"Pipedrive
Sales
Lead Generation
Outbound Sales
Cold Calling
List Building
Telemarketing
Scheduling
Prospect List
B2B Marketing",Pipedrive,Sales,Lead Generation,Outbound Sales,Cold Calling,List Building,Telemarketing,Scheduling,Prospect List,B2B Marketing,,,,,,,,,,,,,,,,,,,,,
"Social Media Marketing
Social Media Advertising
Internet Marketing
Marketing Strategy",Social Media Marketing,Social Media Advertising,Internet Marketing,Marketing Strategy,,,,,,,,,,,,,,,,,,,,,,,,,,,
"English
Healthcare",English,Healthcare,,,,,,,,,,,,,,,,,,,,,,,,,,,,,
"Drupal
PHP
Custom PHP
JavaScript
Web Development
Web Design
Web Application",Drupal,PHP,Custom PHP,JavaScript,Web Development,Web Design,Web Application,,,,,,,,,,,,,,,,,,,,,,,,
"Portuguese
Webinar",Portuguese,Webinar,,,,,,,,,,,,,,,,,,,,,,,,,,,,,
"Android
Android App Development
Mobile App Development",Android,Android App Development,Mobile App Development,,,,,,,,,,,,,,,,,,,,,,,,,,,,
"B2B Marketing
Customer Acquisition
Pipedrive
Cold Calling
Telemarketing
Scheduling
Sales
Outbound Sales",B2B Marketing,Customer Acquisition,Pipedrive,Cold Calling,Telemarketing,Scheduling,Sales,Outbound Sales,,,,,,,,,,,,,,,,,,,,,,,
"Web Application
Custom PHP
Web Development
Browser Extension
API Integration
API
PHP
API Development
AliExpress
Dropshipping",Web Application,Custom PHP,Web Development,Browser Extension,API Integration,API,PHP,API Development,AliExpress,Dropshipping,,,,,,,,,,,,,,,,,,,,,
"Web Application
Custom PHP
Web Development
Browser Extension
API Integration
API
PHP
API Development
AliExpress
Dropshipping",Web Application,Custom PHP,Web Development,Browser Extension,API Integration,API,PHP,API Development,AliExpress,Dropshipping,,,,,,,,,,,,,,,,,,,,,
"Microsoft Teams
Microsoft Teams Expert
Reverse Engineering",Microsoft Teams,Microsoft Teams Expert,Reverse Engineering,,,,,,,,,,,,,,,,,,,,,,,,,,,,
"Mobile App
Figma
Adobe Illustrator
Mobile App Design
User Interface Design
User Experience Design
Mobile UI Design
Wireframing",Mobile App,Figma,Adobe Illustrator,Mobile App Design,User Interface Design,User Experience Design,Mobile UI Design,Wireframing,,,,,,,,,,,,,,,,,,,,,,,
"Pixologic Zbrush
Substance Painter
3D Modeling
3D Modeler",Pixologic Zbrush,Substance Painter,3D Modeling,3D Modeler,,,,,,,,,,,,,,,,,,,,,,,,,,,
"English
Content Writing
Business Writing
Copywriting
Healthcare Software",English,Content Writing,Business Writing,Copywriting,Healthcare Software,,,,,,,,,,,,,,,,,,,,,,,,,,
"Copywriting
English
Content Writing
Writing
Creative Writing
Blog Writing
Article Writing
SEO Writing",Copywriting,English,Content Writing,Writing,Creative Writing,Blog Writing,Article Writing,SEO Writing,,,,,,,,,,,,,,,,,,,,,,,
"Software Testing
Functional Testing
Web Testing
Performance Testing
Manual Testing
Mobile App Testing",Software Testing,Functional Testing,Web Testing,Performance Testing,Manual Testing,Mobile App Testing,,,,,,,,,,,,,,,,,,,,,,,,,
"Bookkeeping
Bank Reconciliation
Accounting
Balance Sheet
Intuit QuickBooks",Bookkeeping,Bank Reconciliation,Accounting,Balance Sheet,Intuit QuickBooks,,,,,,,,,,,,,,,,,,,,,,,,,,
Java,Java,,,,,,,,,,,,,,,,,,,,,,,,,,,,,,
"XML
XSD
Microsoft Excel
Accuracy Verification",XML,XSD,Microsoft Excel,Accuracy Verification,,,,,,,,,,,,,,,,,,,,,,,,,,,
"XML
XSD
Microsoft Excel
Accuracy Verification",XML,XSD,Microsoft Excel,Accuracy Verification,,,,,,,,,,,,,,,,,,,,,,,,,,,
"Social Media Advertising
Pinterest Ads Manager",Social Media Advertising,Pinterest Ads Manager,,,,,,,,,,,,,,,,,,,,,,,,,,,,,
"Facebook
Instagram
Social Media Marketing
Social Media Content Creation
Social Media Management
Instagram Story
Social Media Content
Social Media Imagery",Facebook,Instagram,Social Media Marketing,Social Media Content Creation,Social Media Management,Instagram Story,Social Media Content,Social Media Imagery,,,,,,,,,,,,,,,,,,,,,,,
"Virtual Assistant
Virtual Assistance
Scheduling",Virtual Assistant,Virtual Assistance,Scheduling,,,,,,,,,,,,,,,,,,,,,,,,,,,,
"Data Entry
Microsoft Excel
Google Docs
Accuracy Verification
Clerical Procedures",Data Entry,Microsoft Excel,Google Docs,Accuracy Verification,Clerical Procedures,,,,,,,,,,,,,,,,,,,,,,,,,,
Flutter,Flutter,,,,,,,,,,,,,,,,,,,,,,,,,,,,,,
"3D Texturing
Engineering & Architecture
Photorealistic Rendering
3D Rendering
3D Modeling
3D Product Rendering
3D Design
High-Quality Rendering
Exterior Rendering",3D Texturing,Engineering & Architecture,Photorealistic Rendering,3D Rendering,3D Modeling,3D Product Rendering,3D Design,High-Quality Rendering,Exterior Rendering,,,,,,,,,,,,,,,,,,,,,,
"Microsoft Excel
Accounting
Tax Preparation
Data Entry
Bank Reconciliation",Microsoft Excel,Accounting,Tax Preparation,Data Entry,Bank Reconciliation,,,,,,,,,,,,,,,,,,,,,,,,,,
"WordPress
WordPress Development
Web Development",WordPress,WordPress Development,Web Development,,,,,,,,,,,,,,,,,,,,,,,,,,,,
"Lead Generation Analysis
Lead Generation Content Creation
Lead Generation
Market Research
Marketing Strategy
List Building
Prospect List",Lead Generation Analysis,Lead Generation Content Creation,Lead Generation,Market Research,Marketing Strategy,List Building,Prospect List,,,,,,,,,,,,,,,,,,,,,,,,
"Online Research
Data Mining
Researcher",Online Research,Data Mining,Researcher,,,,,,,,,,,,,,,,,,,,,,,,,,,,
"Facebook
Facebook Advertising",Facebook,Facebook Advertising,,,,,,,,,,,,,,,,,,,,,,,,,,,,,
"Canva
HootSuite
Social Media Management
Social Media Content Creation
Graphic Design
Social Media Marketing",Canva,HootSuite,Social Media Management,Social Media Content Creation,Graphic Design,Social Media Marketing,,,,,,,,,,,,,,,,,,,,,,,,,
"Content Writing
Writing
Blog Writing
English
Creative Writing
Technical Writing
Chemistry",Content Writing,Writing,Blog Writing,English,Creative Writing,Technical Writing,Chemistry,,,,,,,,,,,,,,,,,,,,,,,,
"Translation
Chinese to English Translation",Translation,Chinese to English Translation,,,,,,,,,,,,,,,,,,,,,,,,,,,,,
"Spanish
Analytical Presentation
Medical Transcription
Content Analysis",Spanish,Analytical Presentation,Medical Transcription,Content Analysis,,,,,,,,,,,,,,,,,,,,,,,,,,,
"Search Engine Optimization
Content Writing
Copywriting
Writing
Norwegian",Search Engine Optimization,Content Writing,Copywriting,Writing,Norwegian,,,,,,,,,,,,,,,,,,,,,,,,,,
"Google Ads
Facebook Advertising
Campaign Optimization
Pay Per Click Advertising
Copywriting",Google Ads,Facebook Advertising,Campaign Optimization,Pay Per Click Advertising,Copywriting,,,,,,,,,,,,,,,,,,,,,,,,,,
YouTube,YouTube,,,,,,,,,,,,,,,,,,,,,,,,,,,,,,
HubSpot,HubSpot,,,,,,,,,,,,,,,,,,,,,,,,,,,,,,
HubSpot,HubSpot,,,,,,,,,,,,,,,,,,,,,,,,,,,,,,
Notion,Notion,,,,,,,,,,,,,,,,,,,,,,,,,,,,,,
"Video Editing
TikTok Ad
TikTok
Ad Creative
Ecommerce",Video Editing,TikTok Ad,TikTok,Ad Creative,Ecommerce,,,,,,,,,,,,,,,,,,,,,,,,,,
"British English Accent
Instagram
Facebook
Social Media Content
Female
Voice-Over
Translation",British English Accent,Instagram,Facebook,Social Media Content,Female,Voice-Over,Translation,,,,,,,,,,,,,,,,,,,,,,,,
"Conversion Rate Optimization
A/B Testing
Audience Segmentation & Targeting
Campaign Management
Campaign Optimization
Google Ads
Pay Per Click Advertising
PPC Campaign Setup & Management
Google Analytics
Search Engine Marketing",Conversion Rate Optimization,A/B Testing,Audience Segmentation & Targeting,Campaign Management,Campaign Optimization,Google Ads,Pay Per Click Advertising,PPC Campaign Setup & Management,Google Analytics,Search Engine Marketing,,,,,,,,,,,,,,,,,,,,,
"Content Writing
Copywriting
Search Engine Optimization
Article
Writing
English",Content Writing,Copywriting,Search Engine Optimization,Article,Writing,English,,,,,,,,,,,,,,,,,,,,,,,,,
"English
Functional Testing
Manual Testing
Bug Reports
Web Testing",English,Functional Testing,Manual Testing,Bug Reports,Web Testing,,,,,,,,,,,,,,,,,,,,,,,,,,
"Elementor
WooCommerce
Landing Page
WordPress
Graphic Design
Web Design",Elementor,WooCommerce,Landing Page,WordPress,Graphic Design,Web Design,,,,,,,,,,,,,,,,,,,,,,,,,
"Redux
React
JavaScript
API Integration",Redux,React,JavaScript,API Integration,,,,,,,,,,,,,,,,,,,,,,,,,,,
"Learning Theory
Education
Curriculum Design
Training & Development
Elearning
Elearning Design
Elearning LMS Consulting
Elearning Multimedia
Learning Management System
Instructional Design
Employee Training",Learning Theory,Education,Curriculum Design,Training & Development,Elearning,Elearning Design,Elearning LMS Consulting,Elearning Multimedia,Learning Management System,Instructional Design,Employee Training,,,,,,,,,,,,,,,,,,,,
"Learning Theory
Education
Curriculum Design
Training & Development
Elearning
Elearning Design
Elearning LMS Consulting
Elearning Multimedia
Learning Management System
Instructional Design
Employee Training",Learning Theory,Education,Curriculum Design,Training & Development,Elearning,Elearning Design,Elearning LMS Consulting,Elearning Multimedia,Learning Management System,Instructional Design,Employee Training,,,,,,,,,,,,,,,,,,,,
"Search Engine Optimization
Email Marketing
Graphic Design
Logo Design",Search Engine Optimization,Email Marketing,Graphic Design,Logo Design,,,,,,,,,,,,,,,,,,,,,,,,,,,
"Data Extraction
Microsoft Excel
Data Entry",Data Extraction,Microsoft Excel,Data Entry,,,,,,,,,,,,,,,,,,,,,,,,,,,,
"Business Planning & Strategy
Finance & Accounting
Business with 10-99 Employees
Startup Company
HubSpot
Customer Relationship Management
Marketing Automation",Business Planning & Strategy,Finance & Accounting,Business with 10-99 Employees,Startup Company,HubSpot,Customer Relationship Management,Marketing Automation,,,,,,,,,,,,,,,,,,,,,,,,
"Python
Business with 1-9 Employees
Django
RESTful API
Python Script",Python,Business with 1-9 Employees,Django,RESTful API,Python Script,,,,,,,,,,,,,,,,,,,,,,,,,,
"Content Writing
Copywriting
Creative Writing
Music Production
Website Content
Blog Writing",Content Writing,Copywriting,Creative Writing,Music Production,Website Content,Blog Writing,,,,,,,,,,,,,,,,,,,,,,,,,
"Lead Generation
Data Scraping",Lead Generation,Data Scraping,,,,,,,,,,,,,,,,,,,,,,,,,,,,,
"PHP
Stripe
JavaScript",PHP,Stripe,JavaScript,,,,,,,,,,,,,,,,,,,,,,,,,,,,
"Editing & Proofreading
Content Marketing Strategy
Ad Copy
Landing Page
Headline
Product Description
Fashion & Beauty
Copywriting
Content Writing
Creative Writing",Editing & Proofreading,Content Marketing Strategy,Ad Copy,Landing Page,Headline,Product Description,Fashion & Beauty,Copywriting,Content Writing,Creative Writing,,,,,,,,,,,,,,,,,,,,,
"WooCommerce
Web Design",WooCommerce,Web Design,,,,,,,,,,,,,,,,,,,,,,,,,,,,,
"Lead Generation
Cold Calling
List Building
Outbound Sales
Communications
Prospect List
Telemarketing
Scheduling
Sales",Lead Generation,Cold Calling,List Building,Outbound Sales,Communications,Prospect List,Telemarketing,Scheduling,Sales,,,,,,,,,,,,,,,,,,,,,,
"Laravel
PHP
Web Application",Laravel,PHP,Web Application,,,,,,,,,,,,,,,,,,,,,,,,,,,,
JavaScript,JavaScript,,,,,,,,,,,,,,,,,,,,,,,,,,,,,,
"LinkedIn
Facebook Messenger
Twitter
Facebook
Social Media Marketing
Social Media Management
Instagram
Search Engine Optimization",LinkedIn,Facebook Messenger,Twitter,Facebook,Social Media Marketing,Social Media Management,Instagram,Search Engine Optimization,,,,,,,,,,,,,,,,,,,,,,,
"French
Article
Article Curation
Business Writing
Writing
Security Infrastructure
Article Writing
Content Writing
Copywriting
Researcher",French,Article,Article Curation,Business Writing,Writing,Security Infrastructure,Article Writing,Content Writing,Copywriting,Researcher,,,,,,,,,,,,,,,,,,,,,
"Bookkeeping
Virtual Assistant
Administrative Support
Real Estate
Virtual Assistance
Customer Service",Bookkeeping,Virtual Assistant,Administrative Support,Real Estate,Virtual Assistance,Customer Service,,,,,,,,,,,,,,,,,,,,,,,,,
"Lead Generation
Sales
Scheduling
Outbound Sales
Communications",Lead Generation,Sales,Scheduling,Outbound Sales,Communications,,,,,,,,,,,,,,,,,,,,,,,,,,
"DevOps
Amazon Web Services
CI/CD
AWS Lambda",DevOps,Amazon Web Services,CI/CD,AWS Lambda,,,,,,,,,,,,,,,,,,,,,,,,,,,
"Shopify
Web Design
Web Development
Shopify Templates
Shopify Theme",Shopify,Web Design,Web Development,Shopify Templates,Shopify Theme,,,,,,,,,,,,,,,,,,,,,,,,,,
,,,,,,,,,,,,,,,,,,,,,,,,,,,,,,,
"Business Planning & Strategy
Market Research
Sales Management
Price & Quote Negotiation
Sales Development
Competitive Analysis
CRM Software
Lead Generation
Business Development
Sales",Business Planning & Strategy,Market Research,Sales Management,Price & Quote Negotiation,Sales Development,Competitive Analysis,CRM Software,Lead Generation,Business Development,Sales,,,,,,,,,,,,,,,,,,,,,
"Data Entry
Accuracy Verification",Data Entry,Accuracy Verification,,,,,,,,,,,,,,,,,,,,,,,,,,,,,
"Data Entry
Microsoft Excel
Microsoft Word
Google Docs
Typing
File Management
Administrative Support",Data Entry,Microsoft Excel,Microsoft Word,Google Docs,Typing,File Management,Administrative Support,,,,,,,,,,,,,,,,,,,,,,,,
"Copywriting
Researcher
Fact-Checking
Content Writing",Copywriting,Researcher,Fact-Checking,Content Writing,,,,,,,,,,,,,,,,,,,,,,,,,,,
"Blog Content
Software
Content Writing
Copywriting
Blog Writing
Writing
Researcher
English",Blog Content,Software,Content Writing,Copywriting,Blog Writing,Writing,Researcher,English,,,,,,,,,,,,,,,,,,,,,,,
"Cybersecurity Management
Information Security
Security Assessment & Testing
Information Security Consultation
Configuration Management
Security Testing
Security Policies & Procedures Documentation
Application Security
Network Security
Vulnerability Assessment",Cybersecurity Management,Information Security,Security Assessment & Testing,Information Security Consultation,Configuration Management,Security Testing,Security Policies & Procedures Documentation,Application Security,Network Security,Vulnerability Assessment,,,,,,,,,,,,,,,,,,,,,
"Telemarketing
Communications
Administrative Support
English
Cold Calling
Cold Email",Telemarketing,Communications,Administrative Support,English,Cold Calling,Cold Email,,,,,,,,,,,,,,,,,,,,,,,,,
"Content Rewriting
Business Editing
Blog Content
English
Tech & IT
Technical Writing
Content Writing
Writing",Content Rewriting,Business Editing,Blog Content,English,Tech & IT,Technical Writing,Content Writing,Writing,,,,,,,,,,,,,,,,,,,,,,,
"Factory & Supplier Auditing
Product Sourcing
Supplier Search
Manufacturing & Construction
Retail & Consumer Goods
Chinese
Researcher
Virtual Assistant
Sourcing",Factory & Supplier Auditing,Product Sourcing,Supplier Search,Manufacturing & Construction,Retail & Consumer Goods,Chinese,Researcher,Virtual Assistant,Sourcing,,,,,,,,,,,,,,,,,,,,,,
"Social Media Carousel
Travel & Hospitality
Food & Beverage
Dutch
Social Media Marketing
Content Writing
Social Media Management
Facebook
Instagram
Creative Writing",Social Media Carousel,Travel & Hospitality,Food & Beverage,Dutch,Social Media Marketing,Content Writing,Social Media Management,Facebook,Instagram,Creative Writing,,,,,,,,,,,,,,,,,,,,,
"Official Documents Translation
Native
Document Translation
Greek
Italian",Official Documents Translation,Native,Document Translation,Greek,Italian,,,,,,,,,,,,,,,,,,,,,,,,,,
"Graphic Design
Adobe Photoshop
Covers & Packaging
Logo Design
Adobe Illustrator
Print Design
Illustration",Graphic Design,Adobe Photoshop,Covers & Packaging,Logo Design,Adobe Illustrator,Print Design,Illustration,,,,,,,,,,,,,,,,,,,,,,,,
"PHP
Symfony
Database
Doctrine ORM",PHP,Symfony,Database,Doctrine ORM,,,,,,,,,,,,,,,,,,,,,,,,,,,
"3D Animation
3D Modeling
3D Rigging",3D Animation,3D Modeling,3D Rigging,,,,,,,,,,,,,,,,,,,,,,,,,,,,
"Etsy Listing
SEO Keyword Research
Search Engine Optimization
Virtual Assistant
Data Entry
Product Listings
SEO Writing
Content Writing
Social Media Marketing",Etsy Listing,SEO Keyword Research,Search Engine Optimization,Virtual Assistant,Data Entry,Product Listings,SEO Writing,Content Writing,Social Media Marketing,,,,,,,,,,,,,,,,,,,,,,
"Shopify
Shopify Templates
Web Development
Web Design
Shopify Theme
Shopify Apps
Ecommerce Platform Development",Shopify,Shopify Templates,Web Development,Web Design,Shopify Theme,Shopify Apps,Ecommerce Platform Development,,,,,,,,,,,,,,,,,,,,,,,,
"C++
Driver Development
Microsoft Visual Studio
Linux",C++,Driver Development,Microsoft Visual Studio,Linux,,,,,,,,,,,,,,,,,,,,,,,,,,,
"SEO Keyword Research
Search Engine Optimization
SEO Backlinking
SEO Performance
Google Analytics
Organic Traffic Growth",SEO Keyword Research,Search Engine Optimization,SEO Backlinking,SEO Performance,Google Analytics,Organic Traffic Growth,,,,,,,,,,,,,,,,,,,,,,,,,
"Market Research
Business Planning & Strategy
Partnership Development
Business Analysis
Project Analysis
Sales
Business
Business Consulting
Feasibility Study
Market Analysis",Market Research,Business Planning & Strategy,Partnership Development,Business Analysis,Project Analysis,Sales,Business,Business Consulting,Feasibility Study,Market Analysis,,,,,,,,,,,,,,,,,,,,,
"React
CSS",React,CSS,,,,,,,,,,,,,,,,,,,,,,,,,,,,,
"Google Ads
PPC Campaign Setup & Management
SEO Keyword Research
Google Tag Manager
Google Analytics
Campaign Optimization
Google Local Business Optimization",Google Ads,PPC Campaign Setup & Management,SEO Keyword Research,Google Tag Manager,Google Analytics,Campaign Optimization,Google Local Business Optimization,,,,,,,,,,,,,,,,,,,,,,,,
Angular,Angular,,,,,,,,,,,,,,,,,,,,,,,,,,,,,,
"Medical Transcription
Audio Transcription
English
General Transcription
Japanese
Japanese to English Translation",Medical Transcription,Audio Transcription,English,General Transcription,Japanese,Japanese to English Translation,,,,,,,,,,,,,,,,,,,,,,,,,
"CSS Grid
Web Application
React
JavaScript
Auth0
Django",CSS Grid,Web Application,React,JavaScript,Auth0,Django,,,,,,,,,,,,,,,,,,,,,,,,,
"Graphic Design
Adobe Illustrator
Layout Design
Social Media Imagery
Brand Identity & Guidelines",Graphic Design,Adobe Illustrator,Layout Design,Social Media Imagery,Brand Identity & Guidelines,,,,,,,,,,,,,,,,,,,,,,,,,,
"Business Proposal Writing
Proposal Writing
Project Proposal
Content Writing
English",Business Proposal Writing,Proposal Writing,Project Proposal,Content Writing,English,,,,,,,,,,,,,,,,,,,,,,,,,,
"Spanish
Content Localization
Documentation
Native
Business Translation
English
English to Spanish Translation
Proofreading",Spanish,Content Localization,Documentation,Native,Business Translation,English,English to Spanish Translation,Proofreading,,,,,,,,,,,,,,,,,,,,,,,
"Education
Market Research
Sales
English
Marketing Strategy",Education,Market Research,Sales,English,Marketing Strategy,,,,,,,,,,,,,,,,,,,,,,,,,,
"Website Content
Researcher
English
Writing
SEO Writing
Content Writing
French
Blog Content
Copywriting",Website Content,Researcher,English,Writing,SEO Writing,Content Writing,French,Blog Content,Copywriting,,,,,,,,,,,,,,,,,,,,,,
"German
Dari
Translation
English to German Translation",German,Dari,Translation,English to German Translation,,,,,,,,,,,,,,,,,,,,,,,,,,,
"German
Dari
Translation
English to German Translation",German,Dari,Translation,English to German Translation,,,,,,,,,,,,,,,,,,,,,,,,,,,
"WordPress
PHP
Web Development",WordPress,PHP,Web Development,,,,,,,,,,,,,,,,,,,,,,,,,,,,
"Community Engagement
Community Management
Social Media Marketing
Social Media Management
Marketing Strategy
Content Writing
Japanese",Community Engagement,Community Management,Social Media Marketing,Social Media Management,Marketing Strategy,Content Writing,Japanese,,,,,,,,,,,,,,,,,,,,,,,,
"Creative Writing
Writing
Scriptwriting
Content Writing",Creative Writing,Writing,Scriptwriting,Content Writing,,,,,,,,,,,,,,,,,,,,,,,,,,,
"Elementor
WordPress
Web Design
CSS
Website",Elementor,WordPress,Web Design,CSS,Website,,,,,,,,,,,,,,,,,,,,,,,,,,
"SEO Keyword Research
Google Tag Manager
Search Engine Optimization
Search Engine Marketing
PPC Campaign Setup & Management",SEO Keyword Research,Google Tag Manager,Search Engine Optimization,Search Engine Marketing,PPC Campaign Setup & Management,,,,,,,,,,,,,,,,,,,,,,,,,,
"Researcher
Data Entry",Researcher,Data Entry,,,,,,,,,,,,,,,,,,,,,,,,,,,,,
"PHP
CodeIgniter
API
API Integration
Payment Gateway Integration",PHP,CodeIgniter,API,API Integration,Payment Gateway Integration,,,,,,,,,,,,,,,,,,,,,,,,,,
"Education
Sales Writing
B2B Marketing
Researcher
Email Copywriting",Education,Sales Writing,B2B Marketing,Researcher,Email Copywriting,,,,,,,,,,,,,,,,,,,,,,,,,,
"Copywriting
Content Writing
Website Content
Landing Page
Writing
Ad Copy",Copywriting,Content Writing,Website Content,Landing Page,Writing,Ad Copy,,,,,,,,,,,,,,,,,,,,,,,,,
"Amazon FBA
Virtual Assistant
Amazon",Amazon FBA,Virtual Assistant,Amazon,,,,,,,,,,,,,,,,,,,,,,,,,,,,
"Google Ads
Pay Per Click Advertising
Campaign Optimization
Campaign Management
Google Analytics",Google Ads,Pay Per Click Advertising,Campaign Optimization,Campaign Management,Google Analytics,,,,,,,,,,,,,,,,,,,,,,,,,,
"Web Application
Web Development
Angular 2
Python
English",Web Application,Web Development,Angular 2,Python,English,,,,,,,,,,,,,,,,,,,,,,,,,,
"2D Art
2D Illustration
Figurative Illustration
Illustration
Scientific Illustration",2D Art,2D Illustration,Figurative Illustration,Illustration,Scientific Illustration,,,,,,,,,,,,,,,,,,,,,,,,,,
"Artificial Intelligence
C++
Python
Trading Automation
Trading Language",Artificial Intelligence,C++,Python,Trading Automation,Trading Language,,,,,,,,,,,,,,,,,,,,,,,,,,
"Facebook Advertising
Facebook
Social Media Marketing
Retargeting",Facebook Advertising,Facebook,Social Media Marketing,Retargeting,,,,,,,,,,,,,,,,,,,,,,,,,,,
"YouTube Monetization
YouTube Subscribers
YouTube Ad
YouTube Marketing
YouTube Development",YouTube Monetization,YouTube Subscribers,YouTube Ad,YouTube Marketing,YouTube Development,,,,,,,,,,,,,,,,,,,,,,,,,,
"Adobe After Effects
Motion Graphics
2D Animation
Adobe Premiere Pro
Video Post-Editing
Animation",Adobe After Effects,Motion Graphics,2D Animation,Adobe Premiere Pro,Video Post-Editing,Animation,,,,,,,,,,,,,,,,,,,,,,,,,
"Python
Business with 1000+ Employees
C++ Developer
Cloud Engineering
API
Agile Software Development
C++
JavaScript",Python,Business with 1000+ Employees,C++ Developer,Cloud Engineering,API,Agile Software Development,C++,JavaScript,,,,,,,,,,,,,,,,,,,,,,,
"Facebook
Facebook Advertising
Retargeting
Social Media Marketing",Facebook,Facebook Advertising,Retargeting,Social Media Marketing,,,,,,,,,,,,,,,,,,,,,,,,,,,
"Video Editing
Video Commercial
Videography
Adobe Premiere Pro
Photo Slideshow
Video Post-Editing
Adobe After Effects
Music Video
Video Production
Explainer Video",Video Editing,Video Commercial,Videography,Adobe Premiere Pro,Photo Slideshow,Video Post-Editing,Adobe After Effects,Music Video,Video Production,Explainer Video,,,,,,,,,,,,,,,,,,,,,
"Intellectual Property Law
Shopify
Corporate Law
Trademark Law",Intellectual Property Law,Shopify,Corporate Law,Trademark Law,,,,,,,,,,,,,,,,,,,,,,,,,,,
"Search Engine Optimization
Organic Traffic Growth
On-Page SEO
Off-Page SEO
SEO Audit",Search Engine Optimization,Organic Traffic Growth,On-Page SEO,Off-Page SEO,SEO Audit,,,,,,,,,,,,,,,,,,,,,,,,,,
"Business
Travel & Hospitality
Street Photography
Videography
Video Production
Video Editing
Video Commercial
Adobe Premiere Pro
Adobe After Effects
Video Post-Editing",Business,Travel & Hospitality,Street Photography,Videography,Video Production,Video Editing,Video Commercial,Adobe Premiere Pro,Adobe After Effects,Video Post-Editing,,,,,,,,,,,,,,,,,,,,,
"Branding
Social Media Marketing
Marketing Strategy
Web Design
Content Writing",Branding,Social Media Marketing,Marketing Strategy,Web Design,Content Writing,,,,,,,,,,,,,,,,,,,,,,,,,,
"Pixel Art
2D Game Art
2D Animation
Mobile Game
Game Art
2D Art",Pixel Art,2D Game Art,2D Animation,Mobile Game,Game Art,2D Art,,,,,,,,,,,,,,,,,,,,,,,,,
"Off-Page SEO
Content SEO
Technical SEO
SEO Backlinking
SEO Keyword Research
Organic Traffic Growth
SEO Audit
SEO Performance
Search Engine Optimization
On-Page SEO",Off-Page SEO,Content SEO,Technical SEO,SEO Backlinking,SEO Keyword Research,Organic Traffic Growth,SEO Audit,SEO Performance,Search Engine Optimization,On-Page SEO,,,,,,,,,,,,,,,,,,,,,
"Virtual Assistant
Data Entry
Researcher
Administrative Support
Graphic Design
Social Media Marketing
YouTube Marketing
Microsoft Excel
Topic Research
Video Editing",Virtual Assistant,Data Entry,Researcher,Administrative Support,Graphic Design,Social Media Marketing,YouTube Marketing,Microsoft Excel,Topic Research,Video Editing,,,,,,,,,,,,,,,,,,,,,
"Off-Page SEO
Technical SEO
Content SEO
SEO Audit
SEO Performance
Search Engine Optimization
On-Page SEO
SEO Backlinking
SEO Keyword Research
Organic Traffic Growth",Off-Page SEO,Technical SEO,Content SEO,SEO Audit,SEO Performance,Search Engine Optimization,On-Page SEO,SEO Backlinking,SEO Keyword Research,Organic Traffic Growth,,,,,,,,,,,,,,,,,,,,,
"Supply Chain & Logistics
Transportation
Sales & Marketing
English
Urdu
Punjabi
Phone Support
Phone Communication
Customer Service
Customer Support",Supply Chain & Logistics,Transportation,Sales & Marketing,English,Urdu,Punjabi,Phone Support,Phone Communication,Customer Service,Customer Support,,,,,,,,,,,,,,,,,,,,,
"Supply Chain & Logistics
Transportation
Sales & Marketing
English
Urdu
Punjabi
Phone Support
Phone Communication
Customer Service
Customer Support",Supply Chain & Logistics,Transportation,Sales & Marketing,English,Urdu,Punjabi,Phone Support,Phone Communication,Customer Service,Customer Support,,,,,,,,,,,,,,,,,,,,,
"Content Localization
German
English to German Translation
Voice-Over
German to English Translation
Voice Acting
Translation",Content Localization,German,English to German Translation,Voice-Over,German to English Translation,Voice Acting,Translation,,,,,,,,,,,,,,,,,,,,,,,,
"Ad Copy
Landing Page
Copywriting
Website Content
Content Writing
Product Description
Writing",Ad Copy,Landing Page,Copywriting,Website Content,Content Writing,Product Description,Writing,,,,,,,,,,,,,,,,,,,,,,,,
"Motion Graphics
Adobe After Effects
Adobe Illustrator",Motion Graphics,Adobe After Effects,Adobe Illustrator,,,,,,,,,,,,,,,,,,,,,,,,,,,,
"Facebook Advertising
Lead Generation
Campaign Optimization",Facebook Advertising,Lead Generation,Campaign Optimization,,,,,,,,,,,,,,,,,,,,,,,,,,,,
"RESTful API
Git
R Shiny",RESTful API,Git,R Shiny,,,,,,,,,,,,,,,,,,,,,,,,,,,,
".NET Framework
ASP.NET
ASP.NET MVC
Windows Server",.NET Framework,ASP.NET,ASP.NET MVC,Windows Server,,,,,,,,,,,,,,,,,,,,,,,,,,,
"API Testing
End-to-End Testing
Regression Testing
Smoke Testing
Software QA
Bug Reports
Software Testing
Manual Testing
Test Case Design
Web Testing
Jira
Functional Testing
Performance Testing
Startup Company
Annotated Screenshot
Release Notes
Bug Tracking & Reports
Test Execution
Test Management",API Testing,End-to-End Testing,Regression Testing,Smoke Testing,Software QA,Bug Reports,Software Testing,Manual Testing,Test Case Design,Web Testing,Jira,Functional Testing,Performance Testing,Startup Company,Annotated Screenshot,Release Notes,Bug Tracking & Reports,Test Execution,Test Management,,,,,,,,,,,,
"Editing & Proofreading
Ghostwriting
Ebook
Writing
Content Writing
Researcher
English
Ebook Writing
Nonfiction",Editing & Proofreading,Ghostwriting,Ebook,Writing,Content Writing,Researcher,English,Ebook Writing,Nonfiction,,,,,,,,,,,,,,,,,,,,,,
"SQL
Python
Data Analysis
Google Analytics
Data Mining
Project Management",SQL,Python,Data Analysis,Google Analytics,Data Mining,Project Management,,,,,,,,,,,,,,,,,,,,,,,,,
"Adobe Photoshop
Adobe Illustrator
Image Editing",Adobe Photoshop,Adobe Illustrator,Image Editing,,,,,,,,,,,,,,,,,,,,,,,,,,,,
"Testimonial Video
Video Commercial
Video Production
Videography
Video Advertising
Camera
Explainer Video",Testimonial Video,Video Commercial,Video Production,Videography,Video Advertising,Camera,Explainer Video,,,,,,,,,,,,,,,,,,,,,,,,
"Human Resource Management
Candidate Sourcing
Candidate Interviewing
Candidate Evaluation
LinkedIn Recruiting
Candidate Management
Interpersonal Skills
Technical Recruiter",Human Resource Management,Candidate Sourcing,Candidate Interviewing,Candidate Evaluation,LinkedIn Recruiting,Candidate Management,Interpersonal Skills,Technical Recruiter,,,,,,,,,,,,,,,,,,,,,,,
"Core Data
Android
iOS Development
Swift
Objective-C
iOS
Mobile App Development
Core Animation
Scrum",Core Data,Android,iOS Development,Swift,Objective-C,iOS,Mobile App Development,Core Animation,Scrum,,,,,,,,,,,,,,,,,,,,,,
"Amazon FBA
Pinduoduo
Chinese
1688.com
Taobao
Sourcing
Researcher
Alibaba Sourcing
Supplier Search",Amazon FBA,Pinduoduo,Chinese,1688.com,Taobao,Sourcing,Researcher,Alibaba Sourcing,Supplier Search,,,,,,,,,,,,,,,,,,,,,,
"Google Ads
Search Engine Marketing
Pay Per Click Advertising
Google Analytics
Internet Marketing",Google Ads,Search Engine Marketing,Pay Per Click Advertising,Google Analytics,Internet Marketing,,,,,,,,,,,,,,,,,,,,,,,,,,
"Bug Fix
Game
Business with 1-9 Employees
User Interface Design
Unreal Engine
Game Design
Game Development",Bug Fix,Game,Business with 1-9 Employees,User Interface Design,Unreal Engine,Game Design,Game Development,,,,,,,,,,,,,,,,,,,,,,,,
"Native
German
Dutch
Italian
Mobile App Localization
Content Writing
Translation",Native,German,Dutch,Italian,Mobile App Localization,Content Writing,Translation,,,,,,,,,,,,,,,,,,,,,,,,
"WordPress
Web Development
CSS
JavaScript
Troubleshooting",WordPress,Web Development,CSS,JavaScript,Troubleshooting,,,,,,,,,,,,,,,,,,,,,,,,,,
,,,,,,,,,,,,,,,,,,,,,,,,,,,,,,,
Flutter,Flutter,,,,,,,,,,,,,,,,,,,,,,,,,,,,,,
"Shopify
Web Development",Shopify,Web Development,,,,,,,,,,,,,,,,,,,,,,,,,,,,,
"Male
Female
Elearning
Voice-Over
Narration
Hawaiian Pidgin",Male,Female,Elearning,Voice-Over,Narration,Hawaiian Pidgin,,,,,,,,,,,,,,,,,,,,,,,,,
Mathematics,Mathematics,,,,,,,,,,,,,,,,,,,,,,,,,,,,,,
"Audio Editing
Voice Acting
Audio Production
English
Young Adult
Hungarian
Male",Audio Editing,Voice Acting,Audio Production,English,Young Adult,Hungarian,Male,,,,,,,,,,,,,,,,,,,,,,,,
"Office 365
Microsoft Exchange Server
Network Administration
System Administration
Microsoft Outlook
Email Communication",Office 365,Microsoft Exchange Server,Network Administration,System Administration,Microsoft Outlook,Email Communication,,,,,,,,,,,,,,,,,,,,,,,,,
"WordPress Plugin
WordPress
PHP
CSS
HTML
MySQL
HTML5
CSS 3
JavaScript
Web Development",WordPress Plugin,WordPress,PHP,CSS,HTML,MySQL,HTML5,CSS 3,JavaScript,Web Development,,,,,,,,,,,,,,,,,,,,,
"Social Media Marketing
Social Media Advertising
Forex Trading
Lead Generation
Marketing Strategy",Social Media Marketing,Social Media Advertising,Forex Trading,Lead Generation,Marketing Strategy,,,,,,,,,,,,,,,,,,,,,,,,,,
"Bash
Linux
Microsoft Windows
DevOps
CI/CD
Amazon Web Services
Cloud Engineering
LAMP Stack
IT Infrastructure
CI/CD Platform",Bash,Linux,Microsoft Windows,DevOps,CI/CD,Amazon Web Services,Cloud Engineering,LAMP Stack,IT Infrastructure,CI/CD Platform,,,,,,,,,,,,,,,,,,,,,
"Manual Testing
Software QA
Web Testing
Functional Testing
Test Case Design
Danish",Manual Testing,Software QA,Web Testing,Functional Testing,Test Case Design,Danish,,,,,,,,,,,,,,,,,,,,,,,,,
"Microsoft Windows
Visual Basic",Microsoft Windows,Visual Basic,,,,,,,,,,,,,,,,,,,,,,,,,,,,,
"English
Copywriting
Content Writing
SEO Writing
Article Writing",English,Copywriting,Content Writing,SEO Writing,Article Writing,,,,,,,,,,,,,,,,,,,,,,,,,,
WordPress Plugin,WordPress Plugin,,,,,,,,,,,,,,,,,,,,,,,,,,,,,,
"Android
Unity
iOS
C#
Vuforia
Smartphone
Augmented Reality
Game Development
Game Design",Android,Unity,iOS,C#,Vuforia,Smartphone,Augmented Reality,Game Development,Game Design,,,,,,,,,,,,,,,,,,,,,,
Angular,Angular,,,,,,,,,,,,,,,,,,,,,,,,,,,,,,
"Functional Testing
Manual Testing
Data Entry",Functional Testing,Manual Testing,Data Entry,,,,,,,,,,,,,,,,,,,,,,,,,,,,
"Customer Experience
Phone Support
Online Chat Support
Email Support
Social Media Management
English
French
Customer Support
Customer Service",Customer Experience,Phone Support,Online Chat Support,Email Support,Social Media Management,English,French,Customer Support,Customer Service,,,,,,,,,,,,,,,,,,,,,,
"Facebook Ads Manager
Marketing Strategy
Instagram Ad Campaign
Facebook Ad Campaign
Lead Generation",Facebook Ads Manager,Marketing Strategy,Instagram Ad Campaign,Facebook Ad Campaign,Lead Generation,,,,,,,,,,,,,,,,,,,,,,,,,,
"Testimonial Video
Footage-Based Video
Color Grading
Dialogue Editing
Video Editing",Testimonial Video,Footage-Based Video,Color Grading,Dialogue Editing,Video Editing,,,,,,,,,,,,,,,,,,,,,,,,,,
,,,,,,,,,,,,,,,,,,,,,,,,,,,,,,,
"Testimonial Video
Footage-Based Video
Color Grading
Dialogue Editing
Video Editing",Testimonial Video,Footage-Based Video,Color Grading,Dialogue Editing,Video Editing,,,,,,,,,,,,,,,,,,,,,,,,,,
"Latvian
English
Translation
English to Latvian Translation",Latvian,English,Translation,English to Latvian Translation,,,,,,,,,,,,,,,,,,,,,,,,,,,
"White Paper
Content Writing
Technical Writing
Researcher
English
Article
Copywriting
Article Writing
Qualitative Research
Writing",White Paper,Content Writing,Technical Writing,Researcher,English,Article,Copywriting,Article Writing,Qualitative Research,Writing,,,,,,,,,,,,,,,,,,,,,
"iOS
Smartphone
Swift
iOS Development
Mobile App Development
Objective-C
Apple Xcode
Quiz",iOS,Smartphone,Swift,iOS Development,Mobile App Development,Objective-C,Apple Xcode,Quiz,,,,,,,,,,,,,,,,,,,,,,,
"HTML
HTML5
CSS
JavaScript",HTML,HTML5,CSS,JavaScript,,,,,,,,,,,,,,,,,,,,,,,,,,,
"English to Arabic Translation
Arabic to English Translation
Arabic",English to Arabic Translation,Arabic to English Translation,Arabic,,,,,,,,,,,,,,,,,,,,,,,,,,,,
"Video Production
YouTube Development",Video Production,YouTube Development,,,,,,,,,,,,,,,,,,,,,,,,,,,,,
"Social Media Kit
Logo Design
Social Media Imagery
Brand Identity & Guidelines
Graphic Design",Social Media Kit,Logo Design,Social Media Imagery,Brand Identity & Guidelines,Graphic Design,,,,,,,,,,,,,,,,,,,,,,,,,,
"SQL
Java
HTML
CSS
JavaScript
Google Cloud Platform
Secure SDLC",SQL,Java,HTML,CSS,JavaScript,Google Cloud Platform,Secure SDLC,,,,,,,,,,,,,,,,,,,,,,,,
JavaScript,JavaScript,,,,,,,,,,,,,,,,,,,,,,,,,,,,,,
"App Development
Internet of Things
Artificial Intelligence
Electrical Engineering",App Development,Internet of Things,Artificial Intelligence,Electrical Engineering,,,,,,,,,,,,,,,,,,,,,,,,,,,
"Instagram
Social Media Management
Facebook
Social Media Content
Social Media Content Creation
Social Media Marketing
Social Media Strategy
Social Media Marketing Plan",Instagram,Social Media Management,Facebook,Social Media Content,Social Media Content Creation,Social Media Marketing,Social Media Strategy,Social Media Marketing Plan,,,,,,,,,,,,,,,,,,,,,,,
"Near-Native
Native
English to Lithuanian Translation
Lithuanian
English",Near-Native,Native,English to Lithuanian Translation,Lithuanian,English,,,,,,,,,,,,,,,,,,,,,,,,,,
"Audio Post Production
Audio Editing
Podcast
Audio Mastering
Sound Mixing
Audio Production",Audio Post Production,Audio Editing,Podcast,Audio Mastering,Sound Mixing,Audio Production,,,,,,,,,,,,,,,,,,,,,,,,,
"Social Media Advertising
Conversion Rate Optimization
Budget Management
Social Media Ad Campaign
Fashion & Beauty
Pinterest Ads Manager
Pinterest
Social Media Management
Social Media Content",Social Media Advertising,Conversion Rate Optimization,Budget Management,Social Media Ad Campaign,Fashion & Beauty,Pinterest Ads Manager,Pinterest,Social Media Management,Social Media Content,,,,,,,,,,,,,,,,,,,,,,
"Social Media Management
Social Media Marketing
Instagram
Facebook
Instagram Story
Social Media Advertising
Social Media Strategy
Content Strategy
Content Writing",Social Media Management,Social Media Marketing,Instagram,Facebook,Instagram Story,Social Media Advertising,Social Media Strategy,Content Strategy,Content Writing,,,,,,,,,,,,,,,,,,,,,,
"Bug Fix
Desktop Application
Application Improvement
Business with 10-99 Employees
Microsoft PowerApps
Microsoft Windows",Bug Fix,Desktop Application,Application Improvement,Business with 10-99 Employees,Microsoft PowerApps,Microsoft Windows,,,,,,,,,,,,,,,,,,,,,,,,,
"Color Grading
Video Editing
Italian
Video Production
Video Post-Editing
Adobe After Effects
Audio Editing",Color Grading,Video Editing,Italian,Video Production,Video Post-Editing,Adobe After Effects,Audio Editing,,,,,,,,,,,,,,,,,,,,,,,,
"Landing Page
Shopify",Landing Page,Shopify,,,,,,,,,,,,,,,,,,,,,,,,,,,,,
,,,,,,,,,,,,,,,,,,,,,,,,,,,,,,,
"Landing Page
Shopify",Landing Page,Shopify,,,,,,,,,,,,,,,,,,,,,,,,,,,,,
"TikTok
Social Media Management
Facebook
Social Media Marketing
Instagram
Social Media Content
Social Media Content Creation
Marketing Strategy",TikTok,Social Media Management,Facebook,Social Media Marketing,Instagram,Social Media Content,Social Media Content Creation,Marketing Strategy,,,,,,,,,,,,,,,,,,,,,,,
"Bug Tracking & Reports
Software QA
Software Testing
Functional Testing
Test Script",Bug Tracking & Reports,Software QA,Software Testing,Functional Testing,Test Script,,,,,,,,,,,,,,,,,,,,,,,,,,
JavaScript,JavaScript,,,,,,,,,,,,,,,,,,,,,,,,,,,,,,
"Graphic Design
Adobe Photoshop
Creative Strategy
Creative Writing
Visual Communication
Brand Development",Graphic Design,Adobe Photoshop,Creative Strategy,Creative Writing,Visual Communication,Brand Development,,,,,,,,,,,,,,,,,,,,,,,,,
"Website Content
Content Writing
Landing Page
SEO Writing
Ad Copy
Copywriting",Website Content,Content Writing,Landing Page,SEO Writing,Ad Copy,Copywriting,,,,,,,,,,,,,,,,,,,,,,,,,
"Social Media Advertising
Conversion Rate Optimization
Budget Management
Social Media Ad Campaign
Fashion & Beauty
Pinterest Ads Manager
Social Media Management
Pinterest
Social Media Content Creation
Social Media Marketing",Social Media Advertising,Conversion Rate Optimization,Budget Management,Social Media Ad Campaign,Fashion & Beauty,Pinterest Ads Manager,Social Media Management,Pinterest,Social Media Content Creation,Social Media Marketing,,,,,,,,,,,,,,,,,,,,,
"Female
Audio Editing
Voice Acting
Audio Production
English
Young Adult
Hungarian",Female,Audio Editing,Voice Acting,Audio Production,English,Young Adult,Hungarian,,,,,,,,,,,,,,,,,,,,,,,,
"Image Editing
Photo Editing
Adobe Photoshop
Photo Retouching",Image Editing,Photo Editing,Adobe Photoshop,Photo Retouching,,,,,,,,,,,,,,,,,,,,,,,,,,,
"Video Editing
Video Post-Editing
Adobe After Effects
Adobe Premiere Pro
Final Cut Pro X
Video Commercial
Video Production",Video Editing,Video Post-Editing,Adobe After Effects,Adobe Premiere Pro,Final Cut Pro X,Video Commercial,Video Production,,,,,,,,,,,,,,,,,,,,,,,,
"Facebook Advertising
Google Ads
On-Camera Presenting
Elevator Pitch",Facebook Advertising,Google Ads,On-Camera Presenting,Elevator Pitch,,,,,,,,,,,,,,,,,,,,,,,,,,,
"Blog Content
Blog Writing
Content Writing
Article Writing
SEO Writing
Search Engine Optimization
Creative Writing
Copywriting
Researcher
Food & Beverage",Blog Content,Blog Writing,Content Writing,Article Writing,SEO Writing,Search Engine Optimization,Creative Writing,Copywriting,Researcher,Food & Beverage,,,,,,,,,,,,,,,,,,,,,
"React
JavaScript
TypeScript
React Native
HTML
CSS
Git
API
API Integration",React,JavaScript,TypeScript,React Native,HTML,CSS,Git,API,API Integration,,,,,,,,,,,,,,,,,,,,,,
"List Building
Data Scraping
Lead Generation
Data Entry
Data Mining",List Building,Data Scraping,Lead Generation,Data Entry,Data Mining,,,,,,,,,,,,,,,,,,,,,,,,,,
"Mobile App Design
User Experience Design
User Interface Design
Wireframing
Mockup
Mobile UI Design
Graphic Design
User Flow
Responsive Design
Web Design",Mobile App Design,User Experience Design,User Interface Design,Wireframing,Mockup,Mobile UI Design,Graphic Design,User Flow,Responsive Design,Web Design,,,,,,,,,,,,,,,,,,,,,
"Business Planning & Strategy
Marketing Strategy
Lead Generation
Sales
Internet Marketing
Social Media Marketing
Email Marketing
Facebook
Marketing Automation
Brand Development",Business Planning & Strategy,Marketing Strategy,Lead Generation,Sales,Internet Marketing,Social Media Marketing,Email Marketing,Facebook,Marketing Automation,Brand Development,,,,,,,,,,,,,,,,,,,,,
"Conversion Rate Optimization
Campaign Reporting
Campaign Setup
Campaign Management
Campaign Optimization
Amazon
Amazon PPC",Conversion Rate Optimization,Campaign Reporting,Campaign Setup,Campaign Management,Campaign Optimization,Amazon,Amazon PPC,,,,,,,,,,,,,,,,,,,,,,,,
"Google Ads
Google Analytics
SEO Keyword Research
Pay Per Click Advertising
Search Engine Marketing
On-Page SEO
Search Engine Optimization
Google Ad Manager
PPC Campaign Setup & Management",Google Ads,Google Analytics,SEO Keyword Research,Pay Per Click Advertising,Search Engine Marketing,On-Page SEO,Search Engine Optimization,Google Ad Manager,PPC Campaign Setup & Management,,,,,,,,,,,,,,,,,,,,,,
"Content Audit
Content Creation
Content Strategy
Sales & Marketing
Content Writing
Copywriting",Content Audit,Content Creation,Content Strategy,Sales & Marketing,Content Writing,Copywriting,,,,,,,,,,,,,,,,,,,,,,,,,
"Symfony
Custom PHP
JavaScript
MySQL
HTML5
CSS 3",Symfony,Custom PHP,JavaScript,MySQL,HTML5,CSS 3,,,,,,,,,,,,,,,,,,,,,,,,,
"Shopify Templates
Theme Customization
Webflow",Shopify Templates,Theme Customization,Webflow,,,,,,,,,,,,,,,,,,,,,,,,,,,,
"PPC Campaign Setup & Management
Google Ads
Landing Page
SEM Optimization
Digital Marketing
Google Analytics",PPC Campaign Setup & Management,Google Ads,Landing Page,SEM Optimization,Digital Marketing,Google Analytics,,,,,,,,,,,,,,,,,,,,,,,,,
"Pinterest
Customer Engagement
Social Media Marketing
Social Media Management",Pinterest,Customer Engagement,Social Media Marketing,Social Media Management,,,,,,,,,,,,,,,,,,,,,,,,,,,
"Legal Research
Regulatory Compliance
Retail & Consumer Goods
Cosmetic Regulation
Legal Consulting",Legal Research,Regulatory Compliance,Retail & Consumer Goods,Cosmetic Regulation,Legal Consulting,,,,,,,,,,,,,,,,,,,,,,,,,,
"Brand Guidelines
Logo Design
Web Design
Graphic Design
Corporate Brand Identity",Brand Guidelines,Logo Design,Web Design,Graphic Design,Corporate Brand Identity,,,,,,,,,,,,,,,,,,,,,,,,,,
"Advertising Strategy
Advertisement
Copywriting
Sales Writing
English",Advertising Strategy,Advertisement,Copywriting,Sales Writing,English,,,,,,,,,,,,,,,,,,,,,,,,,,
"WordPress
Web Design
Web Development
Wix
JavaScript",WordPress,Web Design,Web Development,Wix,JavaScript,,,,,,,,,,,,,,,,,,,,,,,,,,
"Firebase
Flutter
Dart
Firebase Cloud Firestore",Firebase,Flutter,Dart,Firebase Cloud Firestore,,,,,,,,,,,,,,,,,,,,,,,,,,,
"Client Management
English
Data Entry
Administrative Support
Customer Service",Client Management,English,Data Entry,Administrative Support,Customer Service,,,,,,,,,,,,,,,,,,,,,,,,,,
"Smartphone
Hybrid App Development
Swift
JavaScript
Apache Cordova Expert
Android
iOS
Android App Development
Mobile App Development
Mobile UI Design",Smartphone,Hybrid App Development,Swift,JavaScript,Apache Cordova Expert,Android,iOS,Android App Development,Mobile App Development,Mobile UI Design,,,,,,,,,,,,,,,,,,,,,
"Client Management
English
Data Entry
Administrative Support
Customer Service",Client Management,English,Data Entry,Administrative Support,Customer Service,,,,,,,,,,,,,,,,,,,,,,,,,,
"Smartphone
Hybrid App Development
Swift
JavaScript
Apache Cordova Expert
Android
iOS
Android App Development
Mobile App Development
Mobile UI Design",Smartphone,Hybrid App Development,Swift,JavaScript,Apache Cordova Expert,Android,iOS,Android App Development,Mobile App Development,Mobile UI Design,,,,,,,,,,,,,,,,,,,,,
"Instagram
Social Media Marketing
Social Media Management
TikTok Marketing",Instagram,Social Media Marketing,Social Media Management,TikTok Marketing,,,,,,,,,,,,,,,,,,,,,,,,,,,
"Fashion & Beauty
Facebook Ads Manager
TikTok
Influencer Marketing
Instagram
Social Media Management
Facebook
Social Media Advertising
Social Media Content",Fashion & Beauty,Facebook Ads Manager,TikTok,Influencer Marketing,Instagram,Social Media Management,Facebook,Social Media Advertising,Social Media Content,,,,,,,,,,,,,,,,,,,,,,
"Graphic Design
Logo Design",Graphic Design,Logo Design,,,,,,,,,,,,,,,,,,,,,,,,,,,,,
Polymer Engineering,Polymer Engineering,,,,,,,,,,,,,,,,,,,,,,,,,,,,,,
"Java
JavaScript
HTML
Web Development
CSS
Web Application
React
Database",Java,JavaScript,HTML,Web Development,CSS,Web Application,React,Database,,,,,,,,,,,,,,,,,,,,,,,
SEO Backlinking,SEO Backlinking,,,,,,,,,,,,,,,,,,,,,,,,,,,,,,
"Shopify
Web Development
HTML
Ecommerce Platform Development",Shopify,Web Development,HTML,Ecommerce Platform Development,,,,,,,,,,,,,,,,,,,,,,,,,,,
"HTML5
PDF
System Administration",HTML5,PDF,System Administration,,,,,,,,,,,,,,,,,,,,,,,,,,,,
"Amazon
German",Amazon,German,,,,,,,,,,,,,,,,,,,,,,,,,,,,,
"Google Ads
PPC Campaign Setup & Management
Pay Per Click Advertising",Google Ads,PPC Campaign Setup & Management,Pay Per Click Advertising,,,,,,,,,,,,,,,,,,,,,,,,,,,,
"React
API",React,API,,,,,,,,,,,,,,,,,,,,,,,,,,,,,
"Thai
English to Thai Translation",Thai,English to Thai Translation,,,,,,,,,,,,,,,,,,,,,,,,,,,,,
"Visual Basic for Applications
Microsoft Excel
Visual Basic
XML",Visual Basic for Applications,Microsoft Excel,Visual Basic,XML,,,,,,,,,,,,,,,,,,,,,,,,,,,
"HubSpot
Landing Page
Web Design
CSS
HTML
Blog
HTML5
HubSpot Expert",HubSpot,Landing Page,Web Design,CSS,HTML,Blog,HTML5,HubSpot Expert,,,,,,,,,,,,,,,,,,,,,,,
"Landing Page
Email & Newsletter
Tech & IT
Graphic Designer
Graphic Design
Brand Identity & Guidelines",Landing Page,Email & Newsletter,Tech & IT,Graphic Designer,Graphic Design,Brand Identity & Guidelines,,,,,,,,,,,,,,,,,,,,,,,,,
"Database
Python",Database,Python,,,,,,,,,,,,,,,,,,,,,,,,,,,,,
"Content Writing
Dutch",Content Writing,Dutch,,,,,,,,,,,,,,,,,,,,,,,,,,,,,
"TikTok
Content Creation
Ad Creative",TikTok,Content Creation,Ad Creative,,,,,,,,,,,,,,,,,,,,,,,,,,,,
"TikTok
Content Creation
Ad Creative",TikTok,Content Creation,Ad Creative,,,,,,,,,,,,,,,,,,,,,,,,,,,,
"Elearning Video
English
Scriptwriting
Scripting
Forex Trading
Trading Strategy
Content Writing",Elearning Video,English,Scriptwriting,Scripting,Forex Trading,Trading Strategy,Content Writing,,,,,,,,,,,,,,,,,,,,,,,,
"Accuracy Verification
Microsoft Word
PDF Conversion
PDF
Data Entry
Content Writing",Accuracy Verification,Microsoft Word,PDF Conversion,PDF,Data Entry,Content Writing,,,,,,,,,,,,,,,,,,,,,,,,,
"Computer Vision
Artificial Intelligence
Proofreading
Content Writing
Copy Editing
Deep Learning
Python
Technical Writing
Article Writing",Computer Vision,Artificial Intelligence,Proofreading,Content Writing,Copy Editing,Deep Learning,Python,Technical Writing,Article Writing,,,,,,,,,,,,,,,,,,,,,,
"Fluent
Native
Near-Native
German
Copywriting
Content Writing
Translation
English
English to German Translation
Amazon Webstore",Fluent,Native,Near-Native,German,Copywriting,Content Writing,Translation,English,English to German Translation,Amazon Webstore,,,,,,,,,,,,,,,,,,,,,
"MongoDB
Node.js
Angular",MongoDB,Node.js,Angular,,,,,,,,,,,,,,,,,,,,,,,,,,,,
"Python
Dask",Python,Dask,,,,,,,,,,,,,,,,,,,,,,,,,,,,,
"C#
C++
.NET Framework",C#,C++,.NET Framework,,,,,,,,,,,,,,,,,,,,,,,,,,,,
"Amazon Webstore
Amazon
Amazon Web Services
Amazon Seller Central
Amazon FBA
Amazon PPC
SEO Keyword Research",Amazon Webstore,Amazon,Amazon Web Services,Amazon Seller Central,Amazon FBA,Amazon PPC,SEO Keyword Research,,,,,,,,,,,,,,,,,,,,,,,,
"Community Management
Communications
English
Customer Service
Customer Support",Community Management,Communications,English,Customer Service,Customer Support,,,,,,,,,,,,,,,,,,,,,,,,,,
"Elementor
WordPress
Web Design
Web Development",Elementor,WordPress,Web Design,Web Development,,,,,,,,,,,,,,,,,,,,,,,,,,,
"Wireframing
User Interface Design
User Experience Design
User Flow
Graphic Design
Web Design
Mockup
Sketch",Wireframing,User Interface Design,User Experience Design,User Flow,Graphic Design,Web Design,Mockup,Sketch,,,,,,,,,,,,,,,,,,,,,,,
"Editor
Thai
Proofreading
Content Localization
English",Editor,Thai,Proofreading,Content Localization,English,,,,,,,,,,,,,,,,,,,,,,,,,,
"Shopify Theme
Shopify SEO",Shopify Theme,Shopify SEO,,,,,,,,,,,,,,,,,,,,,,,,,,,,,
"Graphic Design
Instagram
Facebook
Brand Identity & Guidelines
Logo Design
Adobe Photoshop
Social Media Imagery
Adobe Illustrator",Graphic Design,Instagram,Facebook,Brand Identity & Guidelines,Logo Design,Adobe Photoshop,Social Media Imagery,Adobe Illustrator,,,,,,,,,,,,,,,,,,,,,,,
"Video Editing
Video Post-Editing
Audio Editing",Video Editing,Video Post-Editing,Audio Editing,,,,,,,,,,,,,,,,,,,,,,,,,,,,
"Conversational
Basic Fluency
Latin American Spanish Accent
Spanish
Chilean Spanish Dialect
English to Spanish Translation",Conversational,Basic Fluency,Latin American Spanish Accent,Spanish,Chilean Spanish Dialect,English to Spanish Translation,,,,,,,,,,,,,,,,,,,,,,,,,
Shopify,Shopify,,,,,,,,,,,,,,,,,,,,,,,,,,,,,,
React,React,,,,,,,,,,,,,,,,,,,,,,,,,,,,,,
"Shopify
Shopify Templates
Shopify Theme
Ecommerce Platform Development",Shopify,Shopify Templates,Shopify Theme,Ecommerce Platform Development,,,,,,,,,,,,,,,,,,,,,,,,,,,
"Near-Native
English to Portuguese Translation",Near-Native,English to Portuguese Translation,,,,,,,,,,,,,,,,,,,,,,,,,,,,,
"Figma
Graphic Design
UX & UI
Illustration",Figma,Graphic Design,UX & UI,Illustration,,,,,,,,,,,,,,,,,,,,,,,,,,,
"Elasticsearch
Kibana
Logstash
Linux System Administration",Elasticsearch,Kibana,Logstash,Linux System Administration,,,,,,,,,,,,,,,,,,,,,,,,,,,
"English to Arabic Translation
Arabic
Translation
English",English to Arabic Translation,Arabic,Translation,English,,,,,,,,,,,,,,,,,,,,,,,,,,,
"Adobe After Effects
Video Editing
Adobe Premiere Pro
Video Commercial
Motion Graphics",Adobe After Effects,Video Editing,Adobe Premiere Pro,Video Commercial,Motion Graphics,,,,,,,,,,,,,,,,,,,,,,,,,,
"Customer Service
Email Support
Online Chat Support
Customer Satisfaction
Customer Support",Customer Service,Email Support,Online Chat Support,Customer Satisfaction,Customer Support,,,,,,,,,,,,,,,,,,,,,,,,,,
"AngularJS
TypeScript
JavaScript
HTML
CSS",AngularJS,TypeScript,JavaScript,HTML,CSS,,,,,,,,,,,,,,,,,,,,,,,,,,
"Customer Service
Online Chat Support
Customer Support
Phone Support",Customer Service,Online Chat Support,Customer Support,Phone Support,,,,,,,,,,,,,,,,,,,,,,,,,,,
"Lead Generation
Data Entry
List Building
Prospect List
Data Scraping",Lead Generation,Data Entry,List Building,Prospect List,Data Scraping,,,,,,,,,,,,,,,,,,,,,,,,,,
"Microsoft Excel
Topic Research
Researcher
Market Research",Microsoft Excel,Topic Research,Researcher,Market Research,,,,,,,,,,,,,,,,,,,,,,,,,,,
"Web Application
JavaScript
PHP
Web Development
WordPress
CSS
React
API
HTML
Web Design",Web Application,JavaScript,PHP,Web Development,WordPress,CSS,React,API,HTML,Web Design,,,,,,,,,,,,,,,,,,,,,
"Video Production
Voice Acting",Video Production,Voice Acting,,,,,,,,,,,,,,,,,,,,,,,,,,,,,
"LinkedIn
Facebook
Social Media Management
Graphic Design",LinkedIn,Facebook,Social Media Management,Graphic Design,,,,,,,,,,,,,,,,,,,,,,,,,,,
"3D Design
3D Rendering
3D Modeling
3D Product Rendering",3D Design,3D Rendering,3D Modeling,3D Product Rendering,,,,,,,,,,,,,,,,,,,,,,,,,,,
"Lead Generation
Facebook Advertising",Lead Generation,Facebook Advertising,,,,,,,,,,,,,,,,,,,,,,,,,,,,,
"Logo Design
Graphic Design
Clothing
Adobe Illustrator
3D Design
T-Shirt Design
Illustration
Website Asset",Logo Design,Graphic Design,Clothing,Adobe Illustrator,3D Design,T-Shirt Design,Illustration,Website Asset,,,,,,,,,,,,,,,,,,,,,,,
"Snapchat
YouTube
Facebook
Social Media Marketing
Instagram
Social Media Management
Content Writing
Social Media Content Creation
Social Media Content
Search Engine Optimization",Snapchat,YouTube,Facebook,Social Media Marketing,Instagram,Social Media Management,Content Writing,Social Media Content Creation,Social Media Content,Search Engine Optimization,,,,,,,,,,,,,,,,,,,,,
"Business Writing
Newsletter
Content Writing
Client Interview
Storytelling
Dashboard
Graphic Design
Infographic Designer",Business Writing,Newsletter,Content Writing,Client Interview,Storytelling,Dashboard,Graphic Design,Infographic Designer,,,,,,,,,,,,,,,,,,,,,,,
"Real Estate
Outbound Sales
Cold Calling
Scheduling
Telemarketing
Sales",Real Estate,Outbound Sales,Cold Calling,Scheduling,Telemarketing,Sales,,,,,,,,,,,,,,,,,,,,,,,,,
"Cartoon Art
Freestyle Drawing
Illustration
Drawing
Sketching",Cartoon Art,Freestyle Drawing,Illustration,Drawing,Sketching,,,,,,,,,,,,,,,,,,,,,,,,,,
"Cartoon Art
Freestyle Drawing
Illustration
Drawing
Sketching",Cartoon Art,Freestyle Drawing,Illustration,Drawing,Sketching,,,,,,,,,,,,,,,,,,,,,,,,,,
"Python
Data Scraping
pandas
Data Extraction
Python Script",Python,Data Scraping,pandas,Data Extraction,Python Script,,,,,,,,,,,,,,,,,,,,,,,,,,
"Conversion Rate Optimization
WooCommerce
A/B Testing
Sales Funnel Copywriting
WordPress
Campaign Optimization",Conversion Rate Optimization,WooCommerce,A/B Testing,Sales Funnel Copywriting,WordPress,Campaign Optimization,,,,,,,,,,,,,,,,,,,,,,,,,
"Spring Boot
React
Java",Spring Boot,React,Java,,,,,,,,,,,,,,,,,,,,,,,,,,,,
"Accounting
Bookkeeping",Accounting,Bookkeeping,,,,,,,,,,,,,,,,,,,,,,,,,,,,,
"Photorealistic Rendering
Autodesk Maya
3D Modeling
3D Rendering
Fur",Photorealistic Rendering,Autodesk Maya,3D Modeling,3D Rendering,Fur,,,,,,,,,,,,,,,,,,,,,,,,,,
"Proofreading
German
Search Engine Optimization",Proofreading,German,Search Engine Optimization,,,,,,,,,,,,,,,,,,,,,,,,,,,,
"Research Methods
Topic Research
Company Research
Market Research
Lead Generation",Research Methods,Topic Research,Company Research,Market Research,Lead Generation,,,,,,,,,,,,,,,,,,,,,,,,,,
"Facebook
Facebook Advertising
Social Media Marketing
Social Media Advertising
Retargeting
Instagram",Facebook,Facebook Advertising,Social Media Marketing,Social Media Advertising,Retargeting,Instagram,,,,,,,,,,,,,,,,,,,,,,,,,
"Article
Essay Writing
Content Writing",Article,Essay Writing,Content Writing,,,,,,,,,,,,,,,,,,,,,,,,,,,,
"Product Knowledge
Administrative Support
Document Formatting
Customer Experience
Shopify
Customer Service
Communications
Content Writing",Product Knowledge,Administrative Support,Document Formatting,Customer Experience,Shopify,Customer Service,Communications,Content Writing,,,,,,,,,,,,,,,,,,,,,,,
"Dutch
Proofreading",Dutch,Proofreading,,,,,,,,,,,,,,,,,,,,,,,,,,,,,
"Media Relations
Web Development
Marketing Advertising
Market Research
Press Advertising
Press Release Submission
Press Distribution
Press Release Writing
Press Release",Media Relations,Web Development,Marketing Advertising,Market Research,Press Advertising,Press Release Submission,Press Distribution,Press Release Writing,Press Release,,,,,,,,,,,,,,,,,,,,,,
"Operations Analytics
Customer Service Analytics
Data Visualization
Data Analytics
Python
SQL
Market Research
Project Management
Certified Associate in Python Programming",Operations Analytics,Customer Service Analytics,Data Visualization,Data Analytics,Python,SQL,Market Research,Project Management,Certified Associate in Python Programming,,,,,,,,,,,,,,,,,,,,,,
"Market Research
Researcher
Dropshipping
Virtual Assistant
Dropshipping Product Researcher",Market Research,Researcher,Dropshipping,Virtual Assistant,Dropshipping Product Researcher,,,,,,,,,,,,,,,,,,,,,,,,,,
Google Maps,Google Maps,,,,,,,,,,,,,,,,,,,,,,,,,,,,,,
"SEO Keyword Research
Search Engine Optimization
SEO Backlinking
SEO Performance",SEO Keyword Research,Search Engine Optimization,SEO Backlinking,SEO Performance,,,,,,,,,,,,,,,,,,,,,,,,,,,
"Node.js
RESTful API
API
API Development",Node.js,RESTful API,API,API Development,,,,,,,,,,,,,,,,,,,,,,,,,,,
"Electrical Design
Electrical Engineering
Electronics
PCB Design
Electronic Design
Circuit Design
Embedded System",Electrical Design,Electrical Engineering,Electronics,PCB Design,Electronic Design,Circuit Design,Embedded System,,,,,,,,,,,,,,,,,,,,,,,,
"Native
Dutch
English
English to Dutch Translation
Dutch to English Translation",Native,Dutch,English,English to Dutch Translation,Dutch to English Translation,,,,,,,,,,,,,,,,,,,,,,,,,,
"Copywriting
Landing Page
Financial Writing
Content Writing
English
Writing
Website Content
Researcher",Copywriting,Landing Page,Financial Writing,Content Writing,English,Writing,Website Content,Researcher,,,,,,,,,,,,,,,,,,,,,,,
"Native
English
Polish
English to Polish Translation
Polish to English Translation",Native,English,Polish,English to Polish Translation,Polish to English Translation,,,,,,,,,,,,,,,,,,,,,,,,,,
"Copywriting
Website Content
Blog Content
Landing Page",Copywriting,Website Content,Blog Content,Landing Page,,,,,,,,,,,,,,,,,,,,,,,,,,,
"Content Writing
Writing
Researcher
Article Writing
English
Blog Writing
Blog Content
Article
Creative Writing
Fact-Checking",Content Writing,Writing,Researcher,Article Writing,English,Blog Writing,Blog Content,Article,Creative Writing,Fact-Checking,,,,,,,,,,,,,,,,,,,,,
"Inventory Management
Supply Chain Management
Order Management
Purchase Orders
Production Planning
Logistics Management",Inventory Management,Supply Chain Management,Order Management,Purchase Orders,Production Planning,Logistics Management,,,,,,,,,,,,,,,,,,,,,,,,,
"PHP
JavaScript
Business with 1-9 Employees
Mobile App Development
Android App Development
Smartphone
iOS
API",PHP,JavaScript,Business with 1-9 Employees,Mobile App Development,Android App Development,Smartphone,iOS,API,,,,,,,,,,,,,,,,,,,,,,,
"Market Research Interviewer
Researcher
Market Research
Data Entry
Lead Generation
French",Market Research Interviewer,Researcher,Market Research,Data Entry,Lead Generation,French,,,,,,,,,,,,,,,,,,,,,,,,,
"Social Media Marketing
Copywriting
Search Engine Optimization
Google Ads
Marketing Strategy",Social Media Marketing,Copywriting,Search Engine Optimization,Google Ads,Marketing Strategy,,,,,,,,,,,,,,,,,,,,,,,,,,
"User Authentication
Android
TV
Android App Development",User Authentication,Android,TV,Android App Development,,,,,,,,,,,,,,,,,,,,,,,,,,,
"Pitchbook
Microsoft PowerPoint
Business Presentation
Presentations
Presentation Design
Pitch Deck
Media Pitch",Pitchbook,Microsoft PowerPoint,Business Presentation,Presentations,Presentation Design,Pitch Deck,Media Pitch,,,,,,,,,,,,,,,,,,,,,,,,
"Cover Art Design
Graphic Design
Adobe Photoshop
Book Cover",Cover Art Design,Graphic Design,Adobe Photoshop,Book Cover,,,,,,,,,,,,,,,,,,,,,,,,,,,
"Email Automation
CRM Automation
Omnichannel Automation
API
Email Campaign Setup
Marketing Automation
HubSpot
MAILWIZZ",Email Automation,CRM Automation,Omnichannel Automation,API,Email Campaign Setup,Marketing Automation,HubSpot,MAILWIZZ,,,,,,,,,,,,,,,,,,,,,,,
"Appointment Setting
Tech & IT
Manufacturing & Construction
Scheduling
Cold Calling
B2B Marketing
Outbound Sales
Telemarketing",Appointment Setting,Tech & IT,Manufacturing & Construction,Scheduling,Cold Calling,B2B Marketing,Outbound Sales,Telemarketing,,,,,,,,,,,,,,,,,,,,,,,
tvOS,tvOS,,,,,,,,,,,,,,,,,,,,,,,,,,,,,,
"Amazon Web Services
Amazon EC2
Amazon ECS
System Administration
Network Security
AWS Application
Network Administration",Amazon Web Services,Amazon EC2,Amazon ECS,System Administration,Network Security,AWS Application,Network Administration,,,,,,,,,,,,,,,,,,,,,,,,
"Formatting
Grammar & Syntax Review
Content Rewriting
English
Proofreading
Error Detection
Writing",Formatting,Grammar & Syntax Review,Content Rewriting,English,Proofreading,Error Detection,Writing,,,,,,,,,,,,,,,,,,,,,,,,
"Customer Service
Customer Support
Email Support
Phone Support
Order Tracking
Shopify
Dropshipping",Customer Service,Customer Support,Email Support,Phone Support,Order Tracking,Shopify,Dropshipping,,,,,,,,,,,,,,,,,,,,,,,,
"Campaign Optimization
Pay Per Click Advertising
Facebook Advertising
Google Ads
Campaign Management",Campaign Optimization,Pay Per Click Advertising,Facebook Advertising,Google Ads,Campaign Management,,,,,,,,,,,,,,,,,,,,,,,,,,
"Video Editing
Adobe Premiere Pro
Video Post-Editing
YouTube Marketing
Video Production
Adobe After Effects
Audio Editing
YouTube Development
Adobe Photoshop
Final Cut Pro X",Video Editing,Adobe Premiere Pro,Video Post-Editing,YouTube Marketing,Video Production,Adobe After Effects,Audio Editing,YouTube Development,Adobe Photoshop,Final Cut Pro X,,,,,,,,,,,,,,,,,,,,,
"Blog Content
Shopify
Article
Copywriting",Blog Content,Shopify,Article,Copywriting,,,,,,,,,,,,,,,,,,,,,,,,,,,
"German to English Translation
German
Translation
English",German to English Translation,German,Translation,English,,,,,,,,,,,,,,,,,,,,,,,,,,,
"Office 365
Microsoft Windows
Email
Email System
Gmail",Office 365,Microsoft Windows,Email,Email System,Gmail,,,,,,,,,,,,,,,,,,,,,,,,,,
"PPTX
Sales Presentation
Presentation Design
Business Presentation
Microsoft PowerPoint
Graphic Design
Marketing Presentation",PPTX,Sales Presentation,Presentation Design,Business Presentation,Microsoft PowerPoint,Graphic Design,Marketing Presentation,,,,,,,,,,,,,,,,,,,,,,,,
"Translation
Romanian
English",Translation,Romanian,English,,,,,,,,,,,,,,,,,,,,,,,,,,,,
"PHP
Web Development
SaaS",PHP,Web Development,SaaS,,,,,,,,,,,,,,,,,,,,,,,,,,,,
"API
PHP
API Development",API,PHP,API Development,,,,,,,,,,,,,,,,,,,,,,,,,,,,
"Phone Support
French
Email Support
Virtual Assistant
Scheduling",Phone Support,French,Email Support,Virtual Assistant,Scheduling,,,,,,,,,,,,,,,,,,,,,,,,,,
"Virtual Assistant
Virtual Assistance
Data Entry",Virtual Assistant,Virtual Assistance,Data Entry,,,,,,,,,,,,,,,,,,,,,,,,,,,,
"Brand Development
Email Marketing
Influencer Marketing
Search Engine Optimization
Social Video Marketing
Social Media Marketing
Events & Weddings
Communications
Marketing Strategy
Community Engagement",Brand Development,Email Marketing,Influencer Marketing,Search Engine Optimization,Social Video Marketing,Social Media Marketing,Events & Weddings,Communications,Marketing Strategy,Community Engagement,,,,,,,,,,,,,,,,,,,,,
Norwegian,Norwegian,,,,,,,,,,,,,,,,,,,,,,,,,,,,,,
"Web Development
Web Design
Squarespace",Web Development,Web Design,Squarespace,,,,,,,,,,,,,,,,,,,,,,,,,,,,
"Adobe Photoshop
Photo Editing",Adobe Photoshop,Photo Editing,,,,,,,,,,,,,,,,,,,,,,,,,,,,,
"Social Media Video
Testimonial Video
Video Production
Videography
Lighting
Audio Production
Camera
Green Screen
TikTok",Social Media Video,Testimonial Video,Video Production,Videography,Lighting,Audio Production,Camera,Green Screen,TikTok,,,,,,,,,,,,,,,,,,,,,,
"Company Research
Researcher
LinkedIn
Lead Generation",Company Research,Researcher,LinkedIn,Lead Generation,,,,,,,,,,,,,,,,,,,,,,,,,,,
"Google Sheets
Microsoft Power BI
Data Visualization
Data Analysis
Microsoft Excel
Financial Modeling
Data Modeling
Financial Analysis
Cash Flow Analysis
Sales Analytics",Google Sheets,Microsoft Power BI,Data Visualization,Data Analysis,Microsoft Excel,Financial Modeling,Data Modeling,Financial Analysis,Cash Flow Analysis,Sales Analytics,,,,,,,,,,,,,,,,,,,,,
"Microsoft Excel
Amazon PPC
Amazon
PPC Campaign Setup & Management",Microsoft Excel,Amazon PPC,Amazon,PPC Campaign Setup & Management,,,,,,,,,,,,,,,,,,,,,,,,,,,
"Android
Java
Android App Development
Smartphone
JavaScript
Kotlin
iOS
MySQL
PHP
Mobile App Development",Android,Java,Android App Development,Smartphone,JavaScript,Kotlin,iOS,MySQL,PHP,Mobile App Development,,,,,,,,,,,,,,,,,,,,,
"Video Editing
Adobe Premiere Pro
Video Post-Editing
Video Production
Adobe After Effects
Final Cut Pro X
Documentary
Videography
Motion Graphics
Explainer Video",Video Editing,Adobe Premiere Pro,Video Post-Editing,Video Production,Adobe After Effects,Final Cut Pro X,Documentary,Videography,Motion Graphics,Explainer Video,,,,,,,,,,,,,,,,,,,,,
"Personal Administration
File Maintenance
Email Communication
Virtual Assistance
Virtual Assistant
Researcher
Communications
Executive Assistant",Personal Administration,File Maintenance,Email Communication,Virtual Assistance,Virtual Assistant,Researcher,Communications,Executive Assistant,,,,,,,,,,,,,,,,,,,,,,,
"Social Media Marketing
Pinterest
Advertising
TikTok Ad
Pinterest Ads Manager
Social Media Advertising
TikTok
TikTok Marketing",Social Media Marketing,Pinterest,Advertising,TikTok Ad,Pinterest Ads Manager,Social Media Advertising,TikTok,TikTok Marketing,,,,,,,,,,,,,,,,,,,,,,,
"Shopify
HTML
Shopify Theme
CSS",Shopify,HTML,Shopify Theme,CSS,,,,,,,,,,,,,,,,,,,,,,,,,,,
"Learning Management System
Elearning
Moodle
Teachable
WordPress
Elearning LMS Consulting
Data Entry
Training Online LMS
Elearning Design",Learning Management System,Elearning,Moodle,Teachable,WordPress,Elearning LMS Consulting,Data Entry,Training Online LMS,Elearning Design,,,,,,,,,,,,,,,,,,,,,,
"Canva
Banner Ad Design
Facebook
Social Media Marketing
Instagram
Adobe After Effects
Adobe Photoshop
Video Production
Video Editing
Graphic Design",Canva,Banner Ad Design,Facebook,Social Media Marketing,Instagram,Adobe After Effects,Adobe Photoshop,Video Production,Video Editing,Graphic Design,,,,,,,,,,,,,,,,,,,,,
"Cold Calling
Customer Acquisition
Microsoft Excel
French",Cold Calling,Customer Acquisition,Microsoft Excel,French,,,,,,,,,,,,,,,,,,,,,,,,,,,
"Ebook Writing
Nonfiction
Content Writing
Ghostwriting
English
Ebook
Researcher
Writing
Fact-Checking
Creative Writing",Ebook Writing,Nonfiction,Content Writing,Ghostwriting,English,Ebook,Researcher,Writing,Fact-Checking,Creative Writing,,,,,,,,,,,,,,,,,,,,,
"SEO Writing
Website Content
Landing Page
On-Page SEO
French",SEO Writing,Website Content,Landing Page,On-Page SEO,French,,,,,,,,,,,,,,,,,,,,,,,,,,
"Lead Generation
Manufacturing & Construction
Mergers & Acquisitions
Private Equity
Lead Management",Lead Generation,Manufacturing & Construction,Mergers & Acquisitions,Private Equity,Lead Management,,,,,,,,,,,,,,,,,,,,,,,,,,
"PHP
WordPress
WordPress Plugin
Plugin Development
HTML
SQL",PHP,WordPress,WordPress Plugin,Plugin Development,HTML,SQL,,,,,,,,,,,,,,,,,,,,,,,,,
"Java Collections Framework
Angular
SQL
Oracle NoSQL Database
Akka
Spring Boot
GitLab
API
API Integration
CI/CD",Java Collections Framework,Angular,SQL,Oracle NoSQL Database,Akka,Spring Boot,GitLab,API,API Integration,CI/CD,,,,,,,,,,,,,,,,,,,,,
"Virtual Assistant
Email Marketing",Virtual Assistant,Email Marketing,,,,,,,,,,,,,,,,,,,,,,,,,,,,,
"Lead Generation
List Building
Prospect List",Lead Generation,List Building,Prospect List,,,,,,,,,,,,,,,,,,,,,,,,,,,,
"Researcher
Topic Research
Company Research
Critical Thinking Skills
Research Methods",Researcher,Topic Research,Company Research,Critical Thinking Skills,Research Methods,,,,,,,,,,,,,,,,,,,,,,,,,,
"React
Front-End Development
Angular
TypeScript
Mobx
HTML
CSS",React,Front-End Development,Angular,TypeScript,Mobx,HTML,CSS,,,,,,,,,,,,,,,,,,,,,,,,
"Search Engine Optimization
SEO Writing
SEO Keyword Research",Search Engine Optimization,SEO Writing,SEO Keyword Research,,,,,,,,,,,,,,,,,,,,,,,,,,,,
"Linux System Administration
NGINX
System Administration",Linux System Administration,NGINX,System Administration,,,,,,,,,,,,,,,,,,,,,,,,,,,,
"Residential Design
Interior Design
Commercial Design",Residential Design,Interior Design,Commercial Design,,,,,,,,,,,,,,,,,,,,,,,,,,,,
"Videography
Camera
Lighting
Video Production",Videography,Camera,Lighting,Video Production,,,,,,,,,,,,,,,,,,,,,,,,,,,
"Public Relations
Media Relations
Content Writing
Article Writing
Writing",Public Relations,Media Relations,Content Writing,Article Writing,Writing,,,,,,,,,,,,,,,,,,,,,,,,,,
"Sales
Lead Generation
Partnership Development
Relationship Management",Sales,Lead Generation,Partnership Development,Relationship Management,,,,,,,,,,,,,,,,,,,,,,,,,,,
"Business Card Design
Fashion & Beauty
Logo Designer
Logo Design
Brand Identity & Guidelines
Adobe Illustrator
Adobe Photoshop
Graphic Design",Business Card Design,Fashion & Beauty,Logo Designer,Logo Design,Brand Identity & Guidelines,Adobe Illustrator,Adobe Photoshop,Graphic Design,,,,,,,,,,,,,,,,,,,,,,,
"Business Card Design
Fashion & Beauty
Logo Designer
Logo Design
Brand Identity & Guidelines
Adobe Illustrator
Adobe Photoshop
Graphic Design",Business Card Design,Fashion & Beauty,Logo Designer,Logo Design,Brand Identity & Guidelines,Adobe Illustrator,Adobe Photoshop,Graphic Design,,,,,,,,,,,,,,,,,,,,,,,
"CAD
CAD Drafting
AutoLISP
CAD Software",CAD,CAD Drafting,AutoLISP,CAD Software,,,,,,,,,,,,,,,,,,,,,,,,,,,
"Zoho Creator
JavaScript
Web Development
HTML
CSS
Web Design",Zoho Creator,JavaScript,Web Development,HTML,CSS,Web Design,,,,,,,,,,,,,,,,,,,,,,,,,
"Customer Service Analytics
Growth Analytics
Human Resources Analytics
Marketing Analytics
Operations Analytics
Product Analytics
Sales Analytics
Data Analysis
R",Customer Service Analytics,Growth Analytics,Human Resources Analytics,Marketing Analytics,Operations Analytics,Product Analytics,Sales Analytics,Data Analysis,R,,,,,,,,,,,,,,,,,,,,,,
"JavaScript
jQuery
Node.js",JavaScript,jQuery,Node.js,,,,,,,,,,,,,,,,,,,,,,,,,,,,
"Network Administration
Network Equipment
Computer Network
System Administration
Network Engineering",Network Administration,Network Equipment,Computer Network,System Administration,Network Engineering,,,,,,,,,,,,,,,,,,,,,,,,,,
"Clothing
Female
Color Forecasting
Fabric Color Matching
Fashion Forecasting
Fashion Consultation
Concept Design
Consumer Profiling",Clothing,Female,Color Forecasting,Fabric Color Matching,Fashion Forecasting,Fashion Consultation,Concept Design,Consumer Profiling,,,,,,,,,,,,,,,,,,,,,,,
"Microsoft Excel
Macro Programming",Microsoft Excel,Macro Programming,,,,,,,,,,,,,,,,,,,,,,,,,,,,,
"Article Writing
SEO Writing
Content Writing
Copywriting
Blog Writing",Article Writing,SEO Writing,Content Writing,Copywriting,Blog Writing,,,,,,,,,,,,,,,,,,,,,,,,,,
"Ebook Writing
Editing & Proofreading
Ebook
English
Ghostwriting",Ebook Writing,Editing & Proofreading,Ebook,English,Ghostwriting,,,,,,,,,,,,,,,,,,,,,,,,,,
"Android
iOS
Mobile App Development
Camera
Chat & Messaging Software
Payment Functionality
User Profile Creation",Android,iOS,Mobile App Development,Camera,Chat & Messaging Software,Payment Functionality,User Profile Creation,,,,,,,,,,,,,,,,,,,,,,,,
"Adobe After Effects
Motion Graphics
Animation
2D Animation",Adobe After Effects,Motion Graphics,Animation,2D Animation,,,,,,,,,,,,,,,,,,,,,,,,,,,
Optics,Optics,,,,,,,,,,,,,,,,,,,,,,,,,,,,,,
"Project Management
Project Scheduling
Time Management
Project Plans
Digital Project Management
Technical Project Management",Project Management,Project Scheduling,Time Management,Project Plans,Digital Project Management,Technical Project Management,,,,,,,,,,,,,,,,,,,,,,,,,
"WordPress
Web Development
JavaScript
PHP",WordPress,Web Development,JavaScript,PHP,,,,,,,,,,,,,,,,,,,,,,,,,,,
"Ethereum
Bitcoin
Blockchain Development
Java",Ethereum,Bitcoin,Blockchain Development,Java,,,,,,,,,,,,,,,,,,,,,,,,,,,
"Automated Testing
Selenium
Selenium WebDriver
Test Automation Framework
Software Testing
API Testing
Cucumber",Automated Testing,Selenium,Selenium WebDriver,Test Automation Framework,Software Testing,API Testing,Cucumber,,,,,,,,,,,,,,,,,,,,,,,,
"Fashion & Beauty
People
Product Photography
Videography
Camera
Video Editing
Lighting",Fashion & Beauty,People,Product Photography,Videography,Camera,Video Editing,Lighting,,,,,,,,,,,,,,,,,,,,,,,,
"Website Translation
Turkish
English
English to Turkish Translation
Translation
Proofreading",Website Translation,Turkish,English,English to Turkish Translation,Translation,Proofreading,,,,,,,,,,,,,,,,,,,,,,,,,
"Website
Brand Guidelines
Social Media Design
Brand Identity Design
Graphic Design
Brand Positioning
Project Management
Web Design
Branding",Website,Brand Guidelines,Social Media Design,Brand Identity Design,Graphic Design,Brand Positioning,Project Management,Web Design,Branding,,,,,,,,,,,,,,,,,,,,,,
"Website
Brand Guidelines
Social Media Design
Brand Identity Design
Graphic Design
Brand Positioning
Project Management
Web Design
Branding",Website,Brand Guidelines,Social Media Design,Brand Identity Design,Graphic Design,Brand Positioning,Project Management,Web Design,Branding,,,,,,,,,,,,,,,,,,,,,,
"Medical Transcription
Audio Transcription
Spanish
English
General Transcription
Spanish to English Translation",Medical Transcription,Audio Transcription,Spanish,English,General Transcription,Spanish to English Translation,,,,,,,,,,,,,,,,,,,,,,,,,
"Landing Page
HubSpot
Web Development",Landing Page,HubSpot,Web Development,,,,,,,,,,,,,,,,,,,,,,,,,,,,
"3D Rendering
Sports & Recreation
3D Design
3D Modeling",3D Rendering,Sports & Recreation,3D Design,3D Modeling,,,,,,,,,,,,,,,,,,,,,,,,,,,
"Ruby on Rails
Ruby",Ruby on Rails,Ruby,,,,,,,,,,,,,,,,,,,,,,,,,,,,,
Bubble.io,Bubble.io,,,,,,,,,,,,,,,,,,,,,,,,,,,,,,
"Food & Beverage
English
Factory & Supplier Auditing
Sourcing
Buying
Alibaba Sourcing
Price & Quote Negotiation
Supplier Search
Chinese",Food & Beverage,English,Factory & Supplier Auditing,Sourcing,Buying,Alibaba Sourcing,Price & Quote Negotiation,Supplier Search,Chinese,,,,,,,,,,,,,,,,,,,,,,
"Candidate Recommendation
Procedure Development
Candidate Evaluation
Compensation
Compensation Report
Company Policy
Human Resource Management
Compensation & Benefits
Interpersonal Skills
Human Resource Information System",Candidate Recommendation,Procedure Development,Candidate Evaluation,Compensation,Compensation Report,Company Policy,Human Resource Management,Compensation & Benefits,Interpersonal Skills,Human Resource Information System,,,,,,,,,,,,,,,,,,,,,
"Game Development
C#",Game Development,C#,,,,,,,,,,,,,,,,,,,,,,,,,,,,,
"Real Estate
Social Media Management
Social Media Marketing
Facebook
Instagram
Social Media Content Creation
Social Media Content
Instagram Story",Real Estate,Social Media Management,Social Media Marketing,Facebook,Instagram,Social Media Content Creation,Social Media Content,Instagram Story,,,,,,,,,,,,,,,,,,,,,,,
"Sports & Recreation
Health & Fitness
Creative Writing
Content Writing
Researcher
Search Engine Optimization
Forum Posting
German
Commenting",Sports & Recreation,Health & Fitness,Creative Writing,Content Writing,Researcher,Search Engine Optimization,Forum Posting,German,Commenting,,,,,,,,,,,,,,,,,,,,,,
"Amazon Webstore
Amazon FBA
Amazon PPC
Dropshipping",Amazon Webstore,Amazon FBA,Amazon PPC,Dropshipping,,,,,,,,,,,,,,,,,,,,,,,,,,,
"Market Analysis
Market Research",Market Analysis,Market Research,,,,,,,,,,,,,,,,,,,,,,,,,,,,,
"Vector Graphic
Adobe XD
Character Design
Adobe Illustrator
Illustration
Cartoon Art
Lottie
Adobe After Effects",Vector Graphic,Adobe XD,Character Design,Adobe Illustrator,Illustration,Cartoon Art,Lottie,Adobe After Effects,,,,,,,,,,,,,,,,,,,,,,,
"Data Entry
Microsoft Excel
Microsoft Word
Google Docs
Typing",Data Entry,Microsoft Excel,Microsoft Word,Google Docs,Typing,,,,,,,,,,,,,,,,,,,,,,,,,,
"Adobe Photoshop
Graphic Design
YouTube
Photo Editing
Social Media Imagery
Adobe Illustrator
Adobe InDesign
Logo Design
Illustration
YouTube Marketing",Adobe Photoshop,Graphic Design,YouTube,Photo Editing,Social Media Imagery,Adobe Illustrator,Adobe InDesign,Logo Design,Illustration,YouTube Marketing,,,,,,,,,,,,,,,,,,,,,
"Python
React
Web Application
Database Architecture
Electronic Health Record",Python,React,Web Application,Database Architecture,Electronic Health Record,,,,,,,,,,,,,,,,,,,,,,,,,,
"Automotive
Facebook Advertising
Social Media Marketing
Facebook
Lead Generation
Marketing Strategy",Automotive,Facebook Advertising,Social Media Marketing,Facebook,Lead Generation,Marketing Strategy,,,,,,,,,,,,,,,,,,,,,,,,,
"Social Media Marketing
Social Media Management
Facebook
Instagram
Marketing Strategy",Social Media Marketing,Social Media Management,Facebook,Instagram,Marketing Strategy,,,,,,,,,,,,,,,,,,,,,,,,,,
"Python
Python Script
PostgreSQL",Python,Python Script,PostgreSQL,,,,,,,,,,,,,,,,,,,,,,,,,,,,
"Graphic Design
Illustration
Adobe Illustrator
Character Design
Social Media Imagery
2D Design",Graphic Design,Illustration,Adobe Illustrator,Character Design,Social Media Imagery,2D Design,,,,,,,,,,,,,,,,,,,,,,,,,
"Content Writing
Blog Writing
Spanish
Article Writing",Content Writing,Blog Writing,Spanish,Article Writing,,,,,,,,,,,,,,,,,,,,,,,,,,,
"AOSP
Android
Java
Kotlin",AOSP,Android,Java,Kotlin,,,,,,,,,,,,,,,,,,,,,,,,,,,
"Fashion & Beauty
Material Requirements Planning
Business with 1-9 Employees
Import Procedure
International Taxation",Fashion & Beauty,Material Requirements Planning,Business with 1-9 Employees,Import Procedure,International Taxation,,,,,,,,,,,,,,,,,,,,,,,,,,
"Virtual Assistant
Data Entry
Email Communication
Personal Administration
Communications
Administrative Support",Virtual Assistant,Data Entry,Email Communication,Personal Administration,Communications,Administrative Support,,,,,,,,,,,,,,,,,,,,,,,,,
"Competitive Analysis
Researcher
Company Research
Market Research
Market Analysis
Topic Research",Competitive Analysis,Researcher,Company Research,Market Research,Market Analysis,Topic Research,,,,,,,,,,,,,,,,,,,,,,,,,
"Sports & Recreation
Health & Fitness
Creative Writing
Content Writing
Researcher
Search Engine Optimization
Forum Posting
German
Commenting",Sports & Recreation,Health & Fitness,Creative Writing,Content Writing,Researcher,Search Engine Optimization,Forum Posting,German,Commenting,,,,,,,,,,,,,,,,,,,,,,
"Acting
Japanese
Female
Male",Acting,Japanese,Female,Male,,,,,,,,,,,,,,,,,,,,,,,,,,,
Castilian Spanish,Castilian Spanish,,,,,,,,,,,,,,,,,,,,,,,,,,,,,,
"Logo Design
Brand Identity & Guidelines
Illustration
Adobe Illustrator",Logo Design,Brand Identity & Guidelines,Illustration,Adobe Illustrator,,,,,,,,,,,,,,,,,,,,,,,,,,,
"Competitive Analysis
Researcher
Company Research
Market Research
Market Analysis
Topic Research",Competitive Analysis,Researcher,Company Research,Market Research,Market Analysis,Topic Research,,,,,,,,,,,,,,,,,,,,,,,,,
"Sports & Recreation
Health & Fitness
Creative Writing
Content Writing
Researcher
Search Engine Optimization
Forum Posting
German
Commenting",Sports & Recreation,Health & Fitness,Creative Writing,Content Writing,Researcher,Search Engine Optimization,Forum Posting,German,Commenting,,,,,,,,,,,,,,,,,,,,,,
"Acting
Japanese
Female
Male",Acting,Japanese,Female,Male,,,,,,,,,,,,,,,,,,,,,,,,,,,
Castilian Spanish,Castilian Spanish,,,,,,,,,,,,,,,,,,,,,,,,,,,,,,
"Logo Design
Brand Identity & Guidelines
Illustration
Adobe Illustrator",Logo Design,Brand Identity & Guidelines,Illustration,Adobe Illustrator,,,,,,,,,,,,,,,,,,,,,,,,,,,
"SEO Keyword Research
Search Engine Optimization
SEO Backlinking
Organic Traffic Growth
On-Page SEO
SEO Performance",SEO Keyword Research,Search Engine Optimization,SEO Backlinking,Organic Traffic Growth,On-Page SEO,SEO Performance,,,,,,,,,,,,,,,,,,,,,,,,,
"Copywriting
Content Writing
Polish
SEO Writing
Creative Writing
Article Writing
Writing
Blog Content
Article
Blog Writing",Copywriting,Content Writing,Polish,SEO Writing,Creative Writing,Article Writing,Writing,Blog Content,Article,Blog Writing,,,,,,,,,,,,,,,,,,,,,
"React
Redux",React,Redux,,,,,,,,,,,,,,,,,,,,,,,,,,,,,
"Social Media Marketing
iOS",Social Media Marketing,iOS,,,,,,,,,,,,,,,,,,,,,,,,,,,,,
"Digital Marketing
Social Media Management
Virtual Assistant
Social Media Marketing
Social Media Content Creation
LinkedIn
Communications
Social Media Content",Digital Marketing,Social Media Management,Virtual Assistant,Social Media Marketing,Social Media Content Creation,LinkedIn,Communications,Social Media Content,,,,,,,,,,,,,,,,,,,,,,,
"Digital Marketing
Social Media Management
Virtual Assistant
Social Media Marketing
Social Media Content Creation
LinkedIn
Communications
Social Media Content",Digital Marketing,Social Media Management,Virtual Assistant,Social Media Marketing,Social Media Content Creation,LinkedIn,Communications,Social Media Content,,,,,,,,,,,,,,,,,,,,,,,
"PHP
WordPress",PHP,WordPress,,,,,,,,,,,,,,,,,,,,,,,,,,,,,
"Vyond
Video Editing
Adobe Premiere Pro
Adobe After Effects
Final Cut Pro X",Vyond,Video Editing,Adobe Premiere Pro,Adobe After Effects,Final Cut Pro X,,,,,,,,,,,,,,,,,,,,,,,,,,
"Usability Testing
Product Management
Product Roadmap
Product Backlog",Usability Testing,Product Management,Product Roadmap,Product Backlog,,,,,,,,,,,,,,,,,,,,,,,,,,,
"English
Acting
YouTube",English,Acting,YouTube,,,,,,,,,,,,,,,,,,,,,,,,,,,,
"Copywriting
English
Proofreading",Copywriting,English,Proofreading,,,,,,,,,,,,,,,,,,,,,,,,,,,,
Translation,Translation,,,,,,,,,,,,,,,,,,,,,,,,,,,,,,
"Social Media Management
TikTok
YouTube
Facebook
Instagram
Social Media Marketing
Facebook Advertising
Marketing Strategy
TikTok Ad",Social Media Management,TikTok,YouTube,Facebook,Instagram,Social Media Marketing,Facebook Advertising,Marketing Strategy,TikTok Ad,,,,,,,,,,,,,,,,,,,,,,
"WordPress
PHP
Web Development
WordPress Plugin",WordPress,PHP,Web Development,WordPress Plugin,,,,,,,,,,,,,,,,,,,,,,,,,,,
"Video Editing
Video Post-Editing",Video Editing,Video Post-Editing,,,,,,,,,,,,,,,,,,,,,,,,,,,,,
"WordPress
PHP
Web Development
WordPress Plugin",WordPress,PHP,Web Development,WordPress Plugin,,,,,,,,,,,,,,,,,,,,,,,,,,,
"Video Editing
Video Post-Editing",Video Editing,Video Post-Editing,,,,,,,,,,,,,,,,,,,,,,,,,,,,,
"Graphic Design
Business Presentation
Presentation Design
Marketing Presentation
Canva",Graphic Design,Business Presentation,Presentation Design,Marketing Presentation,Canva,,,,,,,,,,,,,,,,,,,,,,,,,,
"Ghostwriting
Content Writing
Creative Writing
Article Writing
Blog Writing
Copywriting",Ghostwriting,Content Writing,Creative Writing,Article Writing,Blog Writing,Copywriting,,,,,,,,,,,,,,,,,,,,,,,,,
"Sales & Marketing
Facebook
Social Media Marketing
Campaign Optimization
Marketing Strategy
Facebook Ads Manager
Digital Marketing
Instagram
Campaign Management",Sales & Marketing,Facebook,Social Media Marketing,Campaign Optimization,Marketing Strategy,Facebook Ads Manager,Digital Marketing,Instagram,Campaign Management,,,,,,,,,,,,,,,,,,,,,,
Photography,Photography,,,,,,,,,,,,,,,,,,,,,,,,,,,,,,
Graphic Design,Graphic Design,,,,,,,,,,,,,,,,,,,,,,,,,,,,,,
"Mobile App Development
Android App Development
iOS Development",Mobile App Development,Android App Development,iOS Development,,,,,,,,,,,,,,,,,,,,,,,,,,,,
"Social Media Marketing
Lead Generation",Social Media Marketing,Lead Generation,,,,,,,,,,,,,,,,,,,,,,,,,,,,,
"HTML
CSS",HTML,CSS,,,,,,,,,,,,,,,,,,,,,,,,,,,,,
"Facebook
Facebook Advertising
Social Media Marketing
Instagram
Retargeting
Internet Marketing
Social Media Advertising",Facebook,Facebook Advertising,Social Media Marketing,Instagram,Retargeting,Internet Marketing,Social Media Advertising,,,,,,,,,,,,,,,,,,,,,,,,
"PyTorch
Python
Deep Learning
Data Science
Neural Network",PyTorch,Python,Deep Learning,Data Science,Neural Network,,,,,,,,,,,,,,,,,,,,,,,,,,
"JavaScript
PHP
Web Development
Web Application",JavaScript,PHP,Web Development,Web Application,,,,,,,,,,,,,,,,,,,,,,,,,,,
"Mockup
User Interface Design
Mobile App Design
Responsive Design
Adobe XD",Mockup,User Interface Design,Mobile App Design,Responsive Design,Adobe XD,,,,,,,,,,,,,,,,,,,,,,,,,,
"Autodesk AutoCAD
Drafting
CAD
Architectural Design",Autodesk AutoCAD,Drafting,CAD,Architectural Design,,,,,,,,,,,,,,,,,,,,,,,,,,,
"Linux
CentOS
System Administration
System Monitoring
Ubuntu",Linux,CentOS,System Administration,System Monitoring,Ubuntu,,,,,,,,,,,,,,,,,,,,,,,,,,
ManyChat,ManyChat,,,,,,,,,,,,,,,,,,,,,,,,,,,,,,
"Sales
Cold Calling
B2B Marketing
Lead Generation",Sales,Cold Calling,B2B Marketing,Lead Generation,,,,,,,,,,,,,,,,,,,,,,,,,,,
"Shopify
Shopify Apps
Shopify Theme
Shopify Templates
Web Development
Ecommerce Platform Development",Shopify,Shopify Apps,Shopify Theme,Shopify Templates,Web Development,Ecommerce Platform Development,,,,,,,,,,,,,,,,,,,,,,,,,
"Social Media Marketing Strategy
Fashion & Beauty
Health & Wellness
Social Media Marketing
Virtual Assistant
Influencer Marketing
Instagram
Social Media Management
Facebook
Marketing Strategy",Social Media Marketing Strategy,Fashion & Beauty,Health & Wellness,Social Media Marketing,Virtual Assistant,Influencer Marketing,Instagram,Social Media Management,Facebook,Marketing Strategy,,,,,,,,,,,,,,,,,,,,,
"Facebook Advertising
Google Ads
Google Analytics
PPC Campaign Setup & Management
LinkedIn Marketing",Facebook Advertising,Google Ads,Google Analytics,PPC Campaign Setup & Management,LinkedIn Marketing,,,,,,,,,,,,,,,,,,,,,,,,,,
"Lead Generation
Prospect List
List Building
Data Entry
Researcher",Lead Generation,Prospect List,List Building,Data Entry,Researcher,,,,,,,,,,,,,,,,,,,,,,,,,,
"Microservice
Database Development
HTTP
Node.js
React
MongoDB
JavaScript
API Development
GraphQL",Microservice,Database Development,HTTP,Node.js,React,MongoDB,JavaScript,API Development,GraphQL,,,,,,,,,,,,,,,,,,,,,,
"PHP
WordPress
WordPress Plugin
API Integration",PHP,WordPress,WordPress Plugin,API Integration,,,,,,,,,,,,,,,,,,,,,,,,,,,
"Figma
Wireframing
Mockup
Web Design
User Interface Design",Figma,Wireframing,Mockup,Web Design,User Interface Design,,,,,,,,,,,,,,,,,,,,,,,,,,
"Digital Strategy
Twitter Marketing
Instagram Marketing
Discord",Digital Strategy,Twitter Marketing,Instagram Marketing,Discord,,,,,,,,,,,,,,,,,,,,,,,,,,,
"Shopify SEO
Google Analytics
Google Search Console
SEO Backlinking
Search Engine Optimization
SEO Keyword Research
Organic Traffic Growth
Off-Page SEO
SEO Audit
On-Page SEO",Shopify SEO,Google Analytics,Google Search Console,SEO Backlinking,Search Engine Optimization,SEO Keyword Research,Organic Traffic Growth,Off-Page SEO,SEO Audit,On-Page SEO,,,,,,,,,,,,,,,,,,,,,
"Character Design
Illustration
Drawing
Cartoon Art",Character Design,Illustration,Drawing,Cartoon Art,,,,,,,,,,,,,,,,,,,,,,,,,,,
"Adobe InDesign
Adobe Photoshop
Graphic Design
Adobe Illustrator
Illustration",Adobe InDesign,Adobe Photoshop,Graphic Design,Adobe Illustrator,Illustration,,,,,,,,,,,,,,,,,,,,,,,,,,
"JavaScript
Google Chrome Extension",JavaScript,Google Chrome Extension,,,,,,,,,,,,,,,,,,,,,,,,,,,,,
"Vue.js
Sass
webpack
Web Application
Business with 10-99 Employees
TypeScript
JavaScript
Vuex",Vue.js,Sass,webpack,Web Application,Business with 10-99 Employees,TypeScript,JavaScript,Vuex,,,,,,,,,,,,,,,,,,,,,,,
"Data Science
Python
Big Data
Data Analysis
Machine Learning
Data Mining
Derivatives",Data Science,Python,Big Data,Data Analysis,Machine Learning,Data Mining,Derivatives,,,,,,,,,,,,,,,,,,,,,,,,
"Pipedrive
Sales
Lead Generation
Outbound Sales
Cold Calling
List Building
Telemarketing
Scheduling
Prospect List
B2B Marketing",Pipedrive,Sales,Lead Generation,Outbound Sales,Cold Calling,List Building,Telemarketing,Scheduling,Prospect List,B2B Marketing,,,,,,,,,,,,,,,,,,,,,
"Social Media Marketing
Social Media Advertising
Internet Marketing
Marketing Strategy",Social Media Marketing,Social Media Advertising,Internet Marketing,Marketing Strategy,,,,,,,,,,,,,,,,,,,,,,,,,,,
"English
Healthcare",English,Healthcare,,,,,,,,,,,,,,,,,,,,,,,,,,,,,
"Drupal
PHP
Custom PHP
JavaScript
Web Development
Web Design
Web Application",Drupal,PHP,Custom PHP,JavaScript,Web Development,Web Design,Web Application,,,,,,,,,,,,,,,,,,,,,,,,
"Portuguese
Webinar",Portuguese,Webinar,,,,,,,,,,,,,,,,,,,,,,,,,,,,,
"Android
Android App Development
Mobile App Development",Android,Android App Development,Mobile App Development,,,,,,,,,,,,,,,,,,,,,,,,,,,,
"B2B Marketing
Customer Acquisition
Pipedrive
Cold Calling
Telemarketing
Scheduling
Sales
Outbound Sales",B2B Marketing,Customer Acquisition,Pipedrive,Cold Calling,Telemarketing,Scheduling,Sales,Outbound Sales,,,,,,,,,,,,,,,,,,,,,,,
"Web Application
Custom PHP
Web Development
Browser Extension
API Integration
API
PHP
API Development
AliExpress
Dropshipping",Web Application,Custom PHP,Web Development,Browser Extension,API Integration,API,PHP,API Development,AliExpress,Dropshipping,,,,,,,,,,,,,,,,,,,,,
"Microsoft Teams
Microsoft Teams Expert
Reverse Engineering",Microsoft Teams,Microsoft Teams Expert,Reverse Engineering,,,,,,,,,,,,,,,,,,,,,,,,,,,,
"Mobile App
Figma
Adobe Illustrator
Mobile App Design
User Interface Design
User Experience Design
Mobile UI Design
Wireframing",Mobile App,Figma,Adobe Illustrator,Mobile App Design,User Interface Design,User Experience Design,Mobile UI Design,Wireframing,,,,,,,,,,,,,,,,,,,,,,,
"Pixologic Zbrush
Substance Painter
3D Modeling
3D Modeler",Pixologic Zbrush,Substance Painter,3D Modeling,3D Modeler,,,,,,,,,,,,,,,,,,,,,,,,,,,
"English
Content Writing
Business Writing
Copywriting
Healthcare Software",English,Content Writing,Business Writing,Copywriting,Healthcare Software,,,,,,,,,,,,,,,,,,,,,,,,,,
"Copywriting
English
Content Writing
Writing
Creative Writing
Blog Writing
Article Writing
SEO Writing",Copywriting,English,Content Writing,Writing,Creative Writing,Blog Writing,Article Writing,SEO Writing,,,,,,,,,,,,,,,,,,,,,,,
"Software Testing
Functional Testing
Web Testing
Performance Testing
Manual Testing
Mobile App Testing",Software Testing,Functional Testing,Web Testing,Performance Testing,Manual Testing,Mobile App Testing,,,,,,,,,,,,,,,,,,,,,,,,,
"Bookkeeping
Bank Reconciliation
Accounting
Balance Sheet
Intuit QuickBooks",Bookkeeping,Bank Reconciliation,Accounting,Balance Sheet,Intuit QuickBooks,,,,,,,,,,,,,,,,,,,,,,,,,,
Java,Java,,,,,,,,,,,,,,,,,,,,,,,,,,,,,,
"XML
XSD
Microsoft Excel
Accuracy Verification",XML,XSD,Microsoft Excel,Accuracy Verification,,,,,,,,,,,,,,,,,,,,,,,,,,,
"Social Media Advertising
Pinterest Ads Manager",Social Media Advertising,Pinterest Ads Manager,,,,,,,,,,,,,,,,,,,,,,,,,,,,,
"Facebook
Instagram
Social Media Marketing
Social Media Content Creation
Social Media Management
Instagram Story
Social Media Content
Social Media Imagery",Facebook,Instagram,Social Media Marketing,Social Media Content Creation,Social Media Management,Instagram Story,Social Media Content,Social Media Imagery,,,,,,,,,,,,,,,,,,,,,,,
"Virtual Assistant
Virtual Assistance
Scheduling",Virtual Assistant,Virtual Assistance,Scheduling,,,,,,,,,,,,,,,,,,,,,,,,,,,,
"Data Entry
Microsoft Excel
Google Docs
Accuracy Verification
Clerical Procedures",Data Entry,Microsoft Excel,Google Docs,Accuracy Verification,Clerical Procedures,,,,,,,,,,,,,,,,,,,,,,,,,,
Flutter,Flutter,,,,,,,,,,,,,,,,,,,,,,,,,,,,,,
"3D Texturing
Engineering & Architecture
Photorealistic Rendering
3D Rendering
3D Modeling
3D Product Rendering
3D Design
High-Quality Rendering
Exterior Rendering",3D Texturing,Engineering & Architecture,Photorealistic Rendering,3D Rendering,3D Modeling,3D Product Rendering,3D Design,High-Quality Rendering,Exterior Rendering,,,,,,,,,,,,,,,,,,,,,,
"Microsoft Excel
Accounting
Tax Preparation
Data Entry
Bank Reconciliation",Microsoft Excel,Accounting,Tax Preparation,Data Entry,Bank Reconciliation,,,,,,,,,,,,,,,,,,,,,,,,,,
"WordPress
WordPress Development
Web Development",WordPress,WordPress Development,Web Development,,,,,,,,,,,,,,,,,,,,,,,,,,,,
"Lead Generation Analysis
Lead Generation Content Creation
Lead Generation
Market Research
Marketing Strategy
List Building
Prospect List",Lead Generation Analysis,Lead Generation Content Creation,Lead Generation,Market Research,Marketing Strategy,List Building,Prospect List,,,,,,,,,,,,,,,,,,,,,,,,
"Online Research
Data Mining
Researcher",Online Research,Data Mining,Researcher,,,,,,,,,,,,,,,,,,,,,,,,,,,,
"Facebook
Facebook Advertising",Facebook,Facebook Advertising,,,,,,,,,,,,,,,,,,,,,,,,,,,,,
"Facebook
Facebook Advertising",Facebook,Facebook Advertising,,,,,,,,,,,,,,,,,,,,,,,,,,,,,
"Canva
HootSuite
Social Media Management
Social Media Content Creation
Graphic Design
Social Media Marketing",Canva,HootSuite,Social Media Management,Social Media Content Creation,Graphic Design,Social Media Marketing,,,,,,,,,,,,,,,,,,,,,,,,,
"Content Writing
Writing
Blog Writing
English
Creative Writing
Technical Writing
Chemistry",Content Writing,Writing,Blog Writing,English,Creative Writing,Technical Writing,Chemistry,,,,,,,,,,,,,,,,,,,,,,,,
"Translation
Chinese to English Translation",Translation,Chinese to English Translation,,,,,,,,,,,,,,,,,,,,,,,,,,,,,
"Spanish
Analytical Presentation
Medical Transcription
Content Analysis",Spanish,Analytical Presentation,Medical Transcription,Content Analysis,,,,,,,,,,,,,,,,,,,,,,,,,,,
"Search Engine Optimization
Content Writing
Copywriting
Writing
Norwegian",Search Engine Optimization,Content Writing,Copywriting,Writing,Norwegian,,,,,,,,,,,,,,,,,,,,,,,,,,
"Google Ads
Facebook Advertising
Campaign Optimization
Pay Per Click Advertising
Copywriting",Google Ads,Facebook Advertising,Campaign Optimization,Pay Per Click Advertising,Copywriting,,,,,,,,,,,,,,,,,,,,,,,,,,
YouTube,YouTube,,,,,,,,,,,,,,,,,,,,,,,,,,,,,,
HubSpot,HubSpot,,,,,,,,,,,,,,,,,,,,,,,,,,,,,,
Notion,Notion,,,,,,,,,,,,,,,,,,,,,,,,,,,,,,
"Video Editing
TikTok Ad
TikTok
Ad Creative
Ecommerce",Video Editing,TikTok Ad,TikTok,Ad Creative,Ecommerce,,,,,,,,,,,,,,,,,,,,,,,,,,
"British English Accent
Instagram
Facebook
Social Media Content
Female
Voice-Over
Translation",British English Accent,Instagram,Facebook,Social Media Content,Female,Voice-Over,Translation,,,,,,,,,,,,,,,,,,,,,,,,
"Conversion Rate Optimization
A/B Testing
Audience Segmentation & Targeting
Campaign Management
Campaign Optimization
Google Ads
Pay Per Click Advertising
PPC Campaign Setup & Management
Google Analytics
Search Engine Marketing",Conversion Rate Optimization,A/B Testing,Audience Segmentation & Targeting,Campaign Management,Campaign Optimization,Google Ads,Pay Per Click Advertising,PPC Campaign Setup & Management,Google Analytics,Search Engine Marketing,,,,,,,,,,,,,,,,,,,,,
"Content Writing
Copywriting
Search Engine Optimization
Article
Writing
English",Content Writing,Copywriting,Search Engine Optimization,Article,Writing,English,,,,,,,,,,,,,,,,,,,,,,,,,
"English
Functional Testing
Manual Testing
Bug Reports
Web Testing",English,Functional Testing,Manual Testing,Bug Reports,Web Testing,,,,,,,,,,,,,,,,,,,,,,,,,,
"Elementor
WooCommerce
Landing Page
WordPress
Graphic Design
Web Design",Elementor,WooCommerce,Landing Page,WordPress,Graphic Design,Web Design,,,,,,,,,,,,,,,,,,,,,,,,,
"Redux
React
JavaScript
API Integration",Redux,React,JavaScript,API Integration,,,,,,,,,,,,,,,,,,,,,,,,,,,
"Learning Theory
Education
Curriculum Design
Training & Development
Elearning
Elearning Design
Elearning LMS Consulting
Elearning Multimedia
Learning Management System
Instructional Design
Employee Training",Learning Theory,Education,Curriculum Design,Training & Development,Elearning,Elearning Design,Elearning LMS Consulting,Elearning Multimedia,Learning Management System,Instructional Design,Employee Training,,,,,,,,,,,,,,,,,,,,
"Search Engine Optimization
Email Marketing
Graphic Design
Logo Design",Search Engine Optimization,Email Marketing,Graphic Design,Logo Design,,,,,,,,,,,,,,,,,,,,,,,,,,,
"Data Extraction
Microsoft Excel
Data Entry",Data Extraction,Microsoft Excel,Data Entry,,,,,,,,,,,,,,,,,,,,,,,,,,,,
"Data Extraction
Microsoft Excel
Data Entry",Data Extraction,Microsoft Excel,Data Entry,,,,,,,,,,,,,,,,,,,,,,,,,,,,
"Business Planning & Strategy
Finance & Accounting
Business with 10-99 Employees
Startup Company
HubSpot
Customer Relationship Management
Marketing Automation",Business Planning & Strategy,Finance & Accounting,Business with 10-99 Employees,Startup Company,HubSpot,Customer Relationship Management,Marketing Automation,,,,,,,,,,,,,,,,,,,,,,,,
"Python
Business with 1-9 Employees
Django
RESTful API
Python Script",Python,Business with 1-9 Employees,Django,RESTful API,Python Script,,,,,,,,,,,,,,,,,,,,,,,,,,
"Content Writing
Copywriting
Creative Writing
Music Production
Website Content
Blog Writing",Content Writing,Copywriting,Creative Writing,Music Production,Website Content,Blog Writing,,,,,,,,,,,,,,,,,,,,,,,,,
"Lead Generation
Data Scraping",Lead Generation,Data Scraping,,,,,,,,,,,,,,,,,,,,,,,,,,,,,
"PHP
Stripe
JavaScript",PHP,Stripe,JavaScript,,,,,,,,,,,,,,,,,,,,,,,,,,,,
"Editing & Proofreading
Content Marketing Strategy
Ad Copy
Landing Page
Headline
Product Description
Fashion & Beauty
Copywriting
Content Writing
Creative Writing",Editing & Proofreading,Content Marketing Strategy,Ad Copy,Landing Page,Headline,Product Description,Fashion & Beauty,Copywriting,Content Writing,Creative Writing,,,,,,,,,,,,,,,,,,,,,
"WooCommerce
Web Design",WooCommerce,Web Design,,,,,,,,,,,,,,,,,,,,,,,,,,,,,
"Lead Generation
Cold Calling
List Building
Outbound Sales
Communications
Prospect List
Telemarketing
Scheduling
Sales",Lead Generation,Cold Calling,List Building,Outbound Sales,Communications,Prospect List,Telemarketing,Scheduling,Sales,,,,,,,,,,,,,,,,,,,,,,
"Laravel
PHP
Web Application",Laravel,PHP,Web Application,,,,,,,,,,,,,,,,,,,,,,,,,,,,
JavaScript,JavaScript,,,,,,,,,,,,,,,,,,,,,,,,,,,,,,
"LinkedIn
Facebook Messenger
Twitter
Facebook
Social Media Marketing
Social Media Management
Instagram
Search Engine Optimization",LinkedIn,Facebook Messenger,Twitter,Facebook,Social Media Marketing,Social Media Management,Instagram,Search Engine Optimization,,,,,,,,,,,,,,,,,,,,,,,
"French
Article
Article Curation
Business Writing
Writing
Security Infrastructure
Article Writing
Content Writing
Copywriting
Researcher",French,Article,Article Curation,Business Writing,Writing,Security Infrastructure,Article Writing,Content Writing,Copywriting,Researcher,,,,,,,,,,,,,,,,,,,,,
"Bookkeeping
Virtual Assistant
Administrative Support
Real Estate
Virtual Assistance
Customer Service",Bookkeeping,Virtual Assistant,Administrative Support,Real Estate,Virtual Assistance,Customer Service,,,,,,,,,,,,,,,,,,,,,,,,,
"Lead Generation
Sales
Scheduling
Outbound Sales
Communications",Lead Generation,Sales,Scheduling,Outbound Sales,Communications,,,,,,,,,,,,,,,,,,,,,,,,,,
"DevOps
Amazon Web Services
CI/CD
AWS Lambda",DevOps,Amazon Web Services,CI/CD,AWS Lambda,,,,,,,,,,,,,,,,,,,,,,,,,,,
"Shopify
Web Design
Web Development
Shopify Templates
Shopify Theme",Shopify,Web Design,Web Development,Shopify Templates,Shopify Theme,,,,,,,,,,,,,,,,,,,,,,,,,,
"Data Entry
Accuracy Verification",Data Entry,Accuracy Verification,,,,,,,,,,,,,,,,,,,,,,,,,,,,,
"Data Entry
Microsoft Excel
Microsoft Word
Google Docs
Typing
File Management
Administrative Support",Data Entry,Microsoft Excel,Microsoft Word,Google Docs,Typing,File Management,Administrative Support,,,,,,,,,,,,,,,,,,,,,,,,
,,,,,,,,,,,,,,,,,,,,,,,,,,,,,,,
"Copywriting
Researcher
Fact-Checking
Content Writing",Copywriting,Researcher,Fact-Checking,Content Writing,,,,,,,,,,,,,,,,,,,,,,,,,,,
"Blog Content
Software
Content Writing
Copywriting
Blog Writing
Writing
Researcher
English",Blog Content,Software,Content Writing,Copywriting,Blog Writing,Writing,Researcher,English,,,,,,,,,,,,,,,,,,,,,,,
"Cybersecurity Management
Information Security
Security Assessment & Testing
Information Security Consultation
Configuration Management
Security Testing
Security Policies & Procedures Documentation
Application Security
Network Security
Vulnerability Assessment",Cybersecurity Management,Information Security,Security Assessment & Testing,Information Security Consultation,Configuration Management,Security Testing,Security Policies & Procedures Documentation,Application Security,Network Security,Vulnerability Assessment,,,,,,,,,,,,,,,,,,,,,
"Telemarketing
Communications
Administrative Support
English
Cold Calling
Cold Email",Telemarketing,Communications,Administrative Support,English,Cold Calling,Cold Email,,,,,,,,,,,,,,,,,,,,,,,,,
"Content Rewriting
Business Editing
Blog Content
English
Tech & IT
Technical Writing
Content Writing
Writing",Content Rewriting,Business Editing,Blog Content,English,Tech & IT,Technical Writing,Content Writing,Writing,,,,,,,,,,,,,,,,,,,,,,,
"Factory & Supplier Auditing
Product Sourcing
Supplier Search
Manufacturing & Construction
Retail & Consumer Goods
Chinese
Researcher
Virtual Assistant
Sourcing",Factory & Supplier Auditing,Product Sourcing,Supplier Search,Manufacturing & Construction,Retail & Consumer Goods,Chinese,Researcher,Virtual Assistant,Sourcing,,,,,,,,,,,,,,,,,,,,,,
"Social Media Carousel
Travel & Hospitality
Food & Beverage
Dutch
Social Media Marketing
Content Writing
Social Media Management
Facebook
Instagram
Creative Writing",Social Media Carousel,Travel & Hospitality,Food & Beverage,Dutch,Social Media Marketing,Content Writing,Social Media Management,Facebook,Instagram,Creative Writing,,,,,,,,,,,,,,,,,,,,,
"Official Documents Translation
Native
Document Translation
Greek
Italian",Official Documents Translation,Native,Document Translation,Greek,Italian,,,,,,,,,,,,,,,,,,,,,,,,,,
"Graphic Design
Adobe Photoshop
Covers & Packaging
Logo Design
Adobe Illustrator
Print Design
Illustration",Graphic Design,Adobe Photoshop,Covers & Packaging,Logo Design,Adobe Illustrator,Print Design,Illustration,,,,,,,,,,,,,,,,,,,,,,,,
"PHP
Symfony
Database
Doctrine ORM",PHP,Symfony,Database,Doctrine ORM,,,,,,,,,,,,,,,,,,,,,,,,,,,
"C++
Driver Development
Microsoft Visual Studio
Linux",C++,Driver Development,Microsoft Visual Studio,Linux,,,,,,,,,,,,,,,,,,,,,,,,,,,
"SEO Keyword Research
Search Engine Optimization
SEO Backlinking
SEO Performance
Google Analytics
Organic Traffic Growth",SEO Keyword Research,Search Engine Optimization,SEO Backlinking,SEO Performance,Google Analytics,Organic Traffic Growth,,,,,,,,,,,,,,,,,,,,,,,,,
"Market Research
Business Planning & Strategy
Partnership Development
Business Analysis
Project Analysis
Sales
Business
Business Consulting
Feasibility Study
Market Analysis",Market Research,Business Planning & Strategy,Partnership Development,Business Analysis,Project Analysis,Sales,Business,Business Consulting,Feasibility Study,Market Analysis,,,,,,,,,,,,,,,,,,,,,
"React
CSS",React,CSS,,,,,,,,,,,,,,,,,,,,,,,,,,,,,
"Facebook Advertising
Social Media Marketing
Social Media Advertising",Facebook Advertising,Social Media Marketing,Social Media Advertising,,,,,,,,,,,,,,,,,,,,,,,,,,,,
"Logo Design
Graphic Design
Brand Identity & Guidelines",Logo Design,Graphic Design,Brand Identity & Guidelines,,,,,,,,,,,,,,,,,,,,,,,,,,,,
"Project Management
Milestones
Decision Making
Project Scheduling
Communications
Time Management
Digital Project Management",Project Management,Milestones,Decision Making,Project Scheduling,Communications,Time Management,Digital Project Management,,,,,,,,,,,,,,,,,,,,,,,,
"Graphic Design
Canva
Brand Identity & Guidelines",Graphic Design,Canva,Brand Identity & Guidelines,,,,,,,,,,,,,,,,,,,,,,,,,,,,
"Website
Website Redesign
Shopify
Landing Page
WordPress
Web Design
Graphic Design
Web Development",Website,Website Redesign,Shopify,Landing Page,WordPress,Web Design,Graphic Design,Web Development,,,,,,,,,,,,,,,,,,,,,,,
PHP,PHP,,,,,,,,,,,,,,,,,,,,,,,,,,,,,,
PHP,PHP,,,,,,,,,,,,,,,,,,,,,,,,,,,,,,
"Web Development
WordPress
Web Design
HTML
CSS",Web Development,WordPress,Web Design,HTML,CSS,,,,,,,,,,,,,,,,,,,,,,,,,,
"Influencer Marketing
Canva
TikTok
Instagram
Social Media Marketing
Social Media Management
Instagram Story
Social Media Content
Social Media Content Creation
Content Writing",Influencer Marketing,Canva,TikTok,Instagram,Social Media Marketing,Social Media Management,Instagram Story,Social Media Content,Social Media Content Creation,Content Writing,,,,,,,,,,,,,,,,,,,,,
"Graphic Design
Adobe Illustrator
Banner Ad Design",Graphic Design,Adobe Illustrator,Banner Ad Design,,,,,,,,,,,,,,,,,,,,,,,,,,,,
"DApp Development
DApps User Experience",DApp Development,DApps User Experience,,,,,,,,,,,,,,,,,,,,,,,,,,,,,
"Video Editing
Video Post-Editing
Adobe Premiere Pro",Video Editing,Video Post-Editing,Adobe Premiere Pro,,,,,,,,,,,,,,,,,,,,,,,,,,,,
"Custom PHP
WordPress Plugin
MariaDB
MySQL
PHP
JavaScript
AngularJS
CSS
Website
Web Development",Custom PHP,WordPress Plugin,MariaDB,MySQL,PHP,JavaScript,AngularJS,CSS,Website,Web Development,,,,,,,,,,,,,,,,,,,,,
"Community Relations
Market Research
Content Writing
Article Writing
Blog Writing
Researcher
SEO Writing
Blog Content
Creative Writing",Community Relations,Market Research,Content Writing,Article Writing,Blog Writing,Researcher,SEO Writing,Blog Content,Creative Writing,,,,,,,,,,,,,,,,,,,,,,
"Google Shopping
Google Merchant Center
Google Ads
Google Analytics",Google Shopping,Google Merchant Center,Google Ads,Google Analytics,,,,,,,,,,,,,,,,,,,,,,,,,,,
"Data Entry
Virtual Assistant
Researcher
Company Research",Data Entry,Virtual Assistant,Researcher,Company Research,,,,,,,,,,,,,,,,,,,,,,,,,,,
"Shopify
Web Development
CSS
Ecommerce Platform Development",Shopify,Web Development,CSS,Ecommerce Platform Development,,,,,,,,,,,,,,,,,,,,,,,,,,,
"Configuration Management
Cybersecurity Management
Information Security
Network Security
ISO 27001
Security Analysis
Security Infrastructure
Information Security Audit
Vulnerability Assessment
Internet Security",Configuration Management,Cybersecurity Management,Information Security,Network Security,ISO 27001,Security Analysis,Security Infrastructure,Information Security Audit,Vulnerability Assessment,Internet Security,,,,,,,,,,,,,,,,,,,,,
"WooCommerce
WordPress
PHP
Web Development
WordPress Plugin
CSS
JavaScript
Web Design",WooCommerce,WordPress,PHP,Web Development,WordPress Plugin,CSS,JavaScript,Web Design,,,,,,,,,,,,,,,,,,,,,,,
"Native
Content Localization
Translation
Proofreading
English to Chinese Translation
English",Native,Content Localization,Translation,Proofreading,English to Chinese Translation,English,,,,,,,,,,,,,,,,,,,,,,,,,
"Virtual Assistance
Booking Management System",Virtual Assistance,Booking Management System,,,,,,,,,,,,,,,,,,,,,,,,,,,,,
"WordPress
WordPress Plugin
WordPress Development
WordPress Theme",WordPress,WordPress Plugin,WordPress Development,WordPress Theme,,,,,,,,,,,,,,,,,,,,,,,,,,,
"Accounting
Tax Preparation",Accounting,Tax Preparation,,,,,,,,,,,,,,,,,,,,,,,,,,,,,
"Facebook Pixel Setup & Optimization
Facebook Ads Manager
Google Analytics
Facebook
Facebook Advertising",Facebook Pixel Setup & Optimization,Facebook Ads Manager,Google Analytics,Facebook,Facebook Advertising,,,,,,,,,,,,,,,,,,,,,,,,,,
"PPC Campaign Setup & Management
Google Ads
Google Analytics",PPC Campaign Setup & Management,Google Ads,Google Analytics,,,,,,,,,,,,,,,,,,,,,,,,,,,,
"Landing Page
WordPress
Web Design
PHP
UX & UI",Landing Page,WordPress,Web Design,PHP,UX & UI,,,,,,,,,,,,,,,,,,,,,,,,,,
"Motion Graphics
2D Animation
Animation
Graphic Design
Logo Design",Motion Graphics,2D Animation,Animation,Graphic Design,Logo Design,,,,,,,,,,,,,,,,,,,,,,,,,,
"PHP
WordPress
API
WordPress Plugin
MySQL
Plugin Development
SQL
MySQL Programming
JavaScript
Custom PHP",PHP,WordPress,API,WordPress Plugin,MySQL,Plugin Development,SQL,MySQL Programming,JavaScript,Custom PHP,,,,,,,,,,,,,,,,,,,,,
"Copywriting
Content Writing
Creative Writing",Copywriting,Content Writing,Creative Writing,,,,,,,,,,,,,,,,,,,,,,,,,,,,
"Travel & Hospitality
Architecture
Website Content
Content Writing
Article
Article Writing
Blog Content
Researcher",Travel & Hospitality,Architecture,Website Content,Content Writing,Article,Article Writing,Blog Content,Researcher,,,,,,,,,,,,,,,,,,,,,,,
"Shopify
Shopify Templates",Shopify,Shopify Templates,,,,,,,,,,,,,,,,,,,,,,,,,,,,,
"Microsoft Windows
Unreal Engine
Simulation Game
Ages 12+
Game
Business with 1-9 Employees
3D Modeling
3D Rendering
3D Animation",Microsoft Windows,Unreal Engine,Simulation Game,Ages 12+,Game,Business with 1-9 Employees,3D Modeling,3D Rendering,3D Animation,,,,,,,,,,,,,,,,,,,,,,
"Brand Identity Design
Logo Design
Graphic Design
Brand Identity & Guidelines",Brand Identity Design,Logo Design,Graphic Design,Brand Identity & Guidelines,,,,,,,,,,,,,,,,,,,,,,,,,,,
"Contract Law
Legal
Business Services
Limited Liability Company
Contract Drafting
Legal Consulting
Corporate Law",Contract Law,Legal,Business Services,Limited Liability Company,Contract Drafting,Legal Consulting,Corporate Law,,,,,,,,,,,,,,,,,,,,,,,,
"Web Hosting
Web Development
GoDaddy
Web Design
Search Engine Optimization
Researcher",Web Hosting,Web Development,GoDaddy,Web Design,Search Engine Optimization,Researcher,,,,,,,,,,,,,,,,,,,,,,,,,
"Shopify
Shopify Templates
Ecommerce Platform Development
API
Web Design",Shopify,Shopify Templates,Ecommerce Platform Development,API,Web Design,,,,,,,,,,,,,,,,,,,,,,,,,,
"Web Hosting
Web Development
GoDaddy
Web Design
Search Engine Optimization
Researcher",Web Hosting,Web Development,GoDaddy,Web Design,Search Engine Optimization,Researcher,,,,,,,,,,,,,,,,,,,,,,,,,
"Shopify
Shopify Templates
Ecommerce Platform Development
API
Web Design",Shopify,Shopify Templates,Ecommerce Platform Development,API,Web Design,,,,,,,,,,,,,,,,,,,,,,,,,,
"PrestaShop
Web Development
CSS",PrestaShop,Web Development,CSS,,,,,,,,,,,,,,,,,,,,,,,,,,,,
English to Latvian Translation,English to Latvian Translation,,,,,,,,,,,,,,,,,,,,,,,,,,,,,,
"HTML
WordPress
SEO Performance
SEO Content
SEO Setup & Configuration",HTML,WordPress,SEO Performance,SEO Content,SEO Setup & Configuration,,,,,,,,,,,,,,,,,,,,,,,,,,
"3D Design
3D Modeling",3D Design,3D Modeling,,,,,,,,,,,,,,,,,,,,,,,,,,,,,
"Facebook
Social Media Marketing
Campaign Management",Facebook,Social Media Marketing,Campaign Management,,,,,,,,,,,,,,,,,,,,,,,,,,,,
"Swift
iOS Development
Storyboard",Swift,iOS Development,Storyboard,,,,,,,,,,,,,,,,,,,,,,,,,,,,
"Editing & Proofreading
Self-Help
English
Ghostwriting
Ebook Writing
Personal Development",Editing & Proofreading,Self-Help,English,Ghostwriting,Ebook Writing,Personal Development,,,,,,,,,,,,,,,,,,,,,,,,,
Chinese,Chinese,,,,,,,,,,,,,,,,,,,,,,,,,,,,,,
"Vue.js
Tailwind CSS
Nuxt.js",Vue.js,Tailwind CSS,Nuxt.js,,,,,,,,,,,,,,,,,,,,,,,,,,,,
"Android
Smartphone",Android,Smartphone,,,,,,,,,,,,,,,,,,,,,,,,,,,,,
"Smartphone
iOS",Smartphone,iOS,,,,,,,,,,,,,,,,,,,,,,,,,,,,,
"Writing
Article Writing
Copywriting
SEO Writing
Article
Blog Writing
Blog Content
English
Content Writing
Search Engine Optimization",Writing,Article Writing,Copywriting,SEO Writing,Article,Blog Writing,Blog Content,English,Content Writing,Search Engine Optimization,,,,,,,,,,,,,,,,,,,,,
"German
Blog Content
Blog Writing
Article Writing
Business Writing
Market Research
Content Writing
English
Sales",German,Blog Content,Blog Writing,Article Writing,Business Writing,Market Research,Content Writing,English,Sales,,,,,,,,,,,,,,,,,,,,,,
English to Estonian Translation,English to Estonian Translation,,,,,,,,,,,,,,,,,,,,,,,,,,,,,,
"Logo Design
Graphic Design",Logo Design,Graphic Design,,,,,,,,,,,,,,,,,,,,,,,,,,,,,
"Cold Calling
Sales
Communications",Cold Calling,Sales,Communications,,,,,,,,,,,,,,,,,,,,,,,,,,,,
"Microsoft SQL Server
MySQL
.NET Framework
ASP.NET
MVC Framework
C#
Visual Basic .NET
HTML5
CSS 3
RESTful Architecture",Microsoft SQL Server,MySQL,.NET Framework,ASP.NET,MVC Framework,C#,Visual Basic .NET,HTML5,CSS 3,RESTful Architecture,,,,,,,,,,,,,,,,,,,,,
"Content Writing
Article Writing
Blog Content
Engineering & Architecture
CAD",Content Writing,Article Writing,Blog Content,Engineering & Architecture,CAD,,,,,,,,,,,,,,,,,,,,,,,,,,
"Content Writing
Content Creation
Article Writing",Content Writing,Content Creation,Article Writing,,,,,,,,,,,,,,,,,,,,,,,,,,,,
"Illustration
Animation
2D Animation
Motion Graphics
HTML
Graphic Design",Illustration,Animation,2D Animation,Motion Graphics,HTML,Graphic Design,,,,,,,,,,,,,,,,,,,,,,,,,
"Bookkeeping
Virtual Assistant
Administrative Support
Data Entry
Real Estate
Serbian
Virtual Assistance",Bookkeeping,Virtual Assistant,Administrative Support,Data Entry,Real Estate,Serbian,Virtual Assistance,,,,,,,,,,,,,,,,,,,,,,,,
"Microsoft Excel
Google Docs
Microsoft Office
Web Scraping
API Development",Microsoft Excel,Google Docs,Microsoft Office,Web Scraping,API Development,,,,,,,,,,,,,,,,,,,,,,,,,,
"Web Development
WordPress Development
CSS
HTML
WordPress
JavaScript",Web Development,WordPress Development,CSS,HTML,WordPress,JavaScript,,,,,,,,,,,,,,,,,,,,,,,,,
"Concept Design
Design for Manufacturing
Aerodynamic Analysis
CAD
Mechanical Design
3D Rendering",Concept Design,Design for Manufacturing,Aerodynamic Analysis,CAD,Mechanical Design,3D Rendering,,,,,,,,,,,,,,,,,,,,,,,,,
"Graphic Design
Layout Design
Print Design
Brochure
Drawing
Illustration",Graphic Design,Layout Design,Print Design,Brochure,Drawing,Illustration,,,,,,,,,,,,,,,,,,,,,,,,,
"Manufacturing
Quality Control",Manufacturing,Quality Control,,,,,,,,,,,,,,,,,,,,,,,,,,,,,
"Brand Identity & Guidelines
Infographic
Graphic Design
Web Design
Adobe Photoshop",Brand Identity & Guidelines,Infographic,Graphic Design,Web Design,Adobe Photoshop,,,,,,,,,,,,,,,,,,,,,,,,,,
"Content Writing
Copywriting
Writing
SEO Writing",Content Writing,Copywriting,Writing,SEO Writing,,,,,,,,,,,,,,,,,,,,,,,,,,,
"Content Writing
Copywriting
Writing
SEO Writing",Content Writing,Copywriting,Writing,SEO Writing,,,,,,,,,,,,,,,,,,,,,,,,,,,
"Shopify
Shopify Templates
Web Design
Banner Ad Designer",Shopify,Shopify Templates,Web Design,Banner Ad Designer,,,,,,,,,,,,,,,,,,,,,,,,,,,
"PHP
WordPress
CSS
HTML
Web Development",PHP,WordPress,CSS,HTML,Web Development,,,,,,,,,,,,,,,,,,,,,,,,,,
"Video Editing
Video Post-Editing",Video Editing,Video Post-Editing,,,,,,,,,,,,,,,,,,,,,,,,,,,,,
"Copywriting
Scriptwriting
Scripting
Content Writing",Copywriting,Scriptwriting,Scripting,Content Writing,,,,,,,,,,,,,,,,,,,,,,,,,,,
"Laravel
Docker
Vue.js",Laravel,Docker,Vue.js,,,,,,,,,,,,,,,,,,,,,,,,,,,,
Shopify,Shopify,,,,,,,,,,,,,,,,,,,,,,,,,,,,,,
"Editing & Proofreading
Adobe InDesign
Data Entry
Google Search
Online Research",Editing & Proofreading,Adobe InDesign,Data Entry,Google Search,Online Research,,,,,,,,,,,,,,,,,,,,,,,,,,
"Flutter
Flutter Developer
iOS
Android
Location-Based Service
Mobile App Development
Android App Development
iOS Development
Geolocation",Flutter,Flutter Developer,iOS,Android,Location-Based Service,Mobile App Development,Android App Development,iOS Development,Geolocation,,,,,,,,,,,,,,,,,,,,,,
"Logo Design
Corporate Brand Identity
Brand Guidelines
Brand Positioning",Logo Design,Corporate Brand Identity,Brand Guidelines,Brand Positioning,,,,,,,,,,,,,,,,,,,,,,,,,,,
"Windows Server
Group Policy",Windows Server,Group Policy,,,,,,,,,,,,,,,,,,,,,,,,,,,,,
"Appointment Setting
Lead Generation Analysis
Social Media Lead Generation
Lead Nurturing
Lead Generation
Customer Relationship Management
List Building
Sales
Data Entry
Communications",Appointment Setting,Lead Generation Analysis,Social Media Lead Generation,Lead Nurturing,Lead Generation,Customer Relationship Management,List Building,Sales,Data Entry,Communications,,,,,,,,,,,,,,,,,,,,,
"JavaScript
Django
Java
PHP
German
Search Engine Optimization",JavaScript,Django,Java,PHP,German,Search Engine Optimization,,,,,,,,,,,,,,,,,,,,,,,,,
"Accounting
Bank Reconciliation
Balance Sheet
Cash Flow Analysis
Xero
Financial Accounting
Management Accounting
Accounting Basics",Accounting,Bank Reconciliation,Balance Sheet,Cash Flow Analysis,Xero,Financial Accounting,Management Accounting,Accounting Basics,,,,,,,,,,,,,,,,,,,,,,,
"Lumion
SketchUp
Interior Design
Architectural Design
Blender",Lumion,SketchUp,Interior Design,Architectural Design,Blender,,,,,,,,,,,,,,,,,,,,,,,,,,
"Lead Generation
Internet Marketing
Email
Native
Facebook
Google Ads
Push Notifications
Search Engine Optimization
Instagram
TikTok",Lead Generation,Internet Marketing,Email,Native,Facebook,Google Ads,Push Notifications,Search Engine Optimization,Instagram,TikTok,,,,,,,,,,,,,,,,,,,,,
Microsoft SQL Server,Microsoft SQL Server,,,,,,,,,,,,,,,,,,,,,,,,,,,,,,
"WordPress
Amazon Lightsail
Varnish Cache",WordPress,Amazon Lightsail,Varnish Cache,,,,,,,,,,,,,,,,,,,,,,,,,,,,
"Android App Development
Android",Android App Development,Android,,,,,,,,,,,,,,,,,,,,,,,,,,,,,
"Blockchain
Swift
Cryptocurrency
Content Writing",Blockchain,Swift,Cryptocurrency,Content Writing,,,,,,,,,,,,,,,,,,,,,,,,,,,
English,English,,,,,,,,,,,,,,,,,,,,,,,,,,,,,,
"Mockup
Website
Website Redesign
Usability Testing
Web Development
WordPress
CSS
Web Design",Mockup,Website,Website Redesign,Usability Testing,Web Development,WordPress,CSS,Web Design,,,,,,,,,,,,,,,,,,,,,,,
Magento,Magento,,,,,,,,,,,,,,,,,,,,,,,,,,,,,,
"Android Developer
iOS Developer
iOS Development
Android
iOS
Tablet
Mobile App Development",Android Developer,iOS Developer,iOS Development,Android,iOS,Tablet,Mobile App Development,,,,,,,,,,,,,,,,,,,,,,,,
"Landing Page
JavaScript
CSS
HTML
CSS 3
React",Landing Page,JavaScript,CSS,HTML,CSS 3,React,,,,,,,,,,,,,,,,,,,,,,,,,
"Terraform
Docker
API Development
Amazon Web Services",Terraform,Docker,API Development,Amazon Web Services,,,,,,,,,,,,,,,,,,,,,,,,,,,
"Landing Page
Mobile App Design
Web Design
HTML
CSS",Landing Page,Mobile App Design,Web Design,HTML,CSS,,,,,,,,,,,,,,,,,,,,,,,,,,
"Annotated Screenshot
Bug Tracking & Reports
Regression Testing
Performance Testing
Manual Testing
Mobile App Testing
Game Testing
Mobile Game",Annotated Screenshot,Bug Tracking & Reports,Regression Testing,Performance Testing,Manual Testing,Mobile App Testing,Game Testing,Mobile Game,,,,,,,,,,,,,,,,,,,,,,,
"Logo Design
Brand Positioning
Branding
Brand Identity",Logo Design,Brand Positioning,Branding,Brand Identity,,,,,,,,,,,,,,,,,,,,,,,,,,,
"Machine Learning
Computer Vision
Content Writing
Blog Writing
Blog Content
SEO Writing",Machine Learning,Computer Vision,Content Writing,Blog Writing,Blog Content,SEO Writing,,,,,,,,,,,,,,,,,,,,,,,,,
"Logo Design
Brand Positioning
Branding
Brand Identity",Logo Design,Brand Positioning,Branding,Brand Identity,,,,,,,,,,,,,,,,,,,,,,,,,,,
"Machine Learning
Computer Vision
Content Writing
Blog Writing
Blog Content
SEO Writing",Machine Learning,Computer Vision,Content Writing,Blog Writing,Blog Content,SEO Writing,,,,,,,,,,,,,,,,,,,,,,,,,
"News Writing
Content Writing
Blog Content
Copywriting
Blockchain
Cryptocurrency
Article Writing",News Writing,Content Writing,Blog Content,Copywriting,Blockchain,Cryptocurrency,Article Writing,,,,,,,,,,,,,,,,,,,,,,,,
"Creative Writing
Writing
Editing & Proofreading
Ghostwriting
Content Writing
English",Creative Writing,Writing,Editing & Proofreading,Ghostwriting,Content Writing,English,,,,,,,,,,,,,,,,,,,,,,,,,
"Bookkeeping
Virtual Assistant
Administrative Support
Data Entry
Real Estate
Serbian
Ukrainian
Venezuelan Spanish Dialect
Virtual Assistance",Bookkeeping,Virtual Assistant,Administrative Support,Data Entry,Real Estate,Serbian,Ukrainian,Venezuelan Spanish Dialect,Virtual Assistance,,,,,,,,,,,,,,,,,,,,,,
"Node.js
AngularJS
Web Application
JavaScript",Node.js,AngularJS,Web Application,JavaScript,,,,,,,,,,,,,,,,,,,,,,,,,,,
"Data Scraping
Data Mining
Lead Generation
Prospect List
List Building
Data Entry
Researcher
Microsoft Excel",Data Scraping,Data Mining,Lead Generation,Prospect List,List Building,Data Entry,Researcher,Microsoft Excel,,,,,,,,,,,,,,,,,,,,,,,
"Copywriting
Blog Content
Content Writing
English
Swedish
Writing
Article",Copywriting,Blog Content,Content Writing,English,Swedish,Writing,Article,,,,,,,,,,,,,,,,,,,,,,,,
"Penetration Testing
Security Analysis
Information Security
Encryption",Penetration Testing,Security Analysis,Information Security,Encryption,,,,,,,,,,,,,,,,,,,,,,,,,,,
WooCommerce,WooCommerce,,,,,,,,,,,,,,,,,,,,,,,,,,,,,,
"Copywriting
Blog Content
Content Writing
English
Swedish
Writing
Article",Copywriting,Blog Content,Content Writing,English,Swedish,Writing,Article,,,,,,,,,,,,,,,,,,,,,,,,
"Penetration Testing
Security Analysis
Information Security
Encryption",Penetration Testing,Security Analysis,Information Security,Encryption,,,,,,,,,,,,,,,,,,,,,,,,,,,
WooCommerce,WooCommerce,,,,,,,,,,,,,,,,,,,,,,,,,,,,,,
"Blockchain
Ethereum
JavaScript
Blockchain Development
Web Development
Node.js",Blockchain,Ethereum,JavaScript,Blockchain Development,Web Development,Node.js,,,,,,,,,,,,,,,,,,,,,,,,,
"Content Writing
English
Search Engine Optimization
Website Content
Writing",Content Writing,English,Search Engine Optimization,Website Content,Writing,,,,,,,,,,,,,,,,,,,,,,,,,,
"Data Entry
Data Scraping
Data Analysis",Data Entry,Data Scraping,Data Analysis,,,,,,,,,,,,,,,,,,,,,,,,,,,,
"Facebook
Instagram
Social Media Content
Social Media Marketing
Social Media Content Creation
Content Writing
Social Media Management",Facebook,Instagram,Social Media Content,Social Media Marketing,Social Media Content Creation,Content Writing,Social Media Management,,,,,,,,,,,,,,,,,,,,,,,,
"Brand Identity & Guidelines
Brand Identity Design
Health & Wellness
Graphic Design
Adobe Photoshop
Layout Design",Brand Identity & Guidelines,Brand Identity Design,Health & Wellness,Graphic Design,Adobe Photoshop,Layout Design,,,,,,,,,,,,,,,,,,,,,,,,,
"YouTube
Google Analytics
Facebook Ads Manager
LinkedIn Campaign Manager
Facebook Advertising
Influencer Marketing
Facebook
Instagram
Social Media Marketing
Social Media Management",YouTube,Google Analytics,Facebook Ads Manager,LinkedIn Campaign Manager,Facebook Advertising,Influencer Marketing,Facebook,Instagram,Social Media Marketing,Social Media Management,,,,,,,,,,,,,,,,,,,,,
"Food & Supplements
Process Design
Chemistry
Aspen+
Autodesk AutoCAD
Flowsheet
Plant Layout Design
Process Flow Diagram
Piping & Instrumentation Diagram",Food & Supplements,Process Design,Chemistry,Aspen+,Autodesk AutoCAD,Flowsheet,Plant Layout Design,Process Flow Diagram,Piping & Instrumentation Diagram,,,,,,,,,,,,,,,,,,,,,,
"Bookkeeping
Accounting
Tax Preparation
Tax Return
Financial Accounting",Bookkeeping,Accounting,Tax Preparation,Tax Return,Financial Accounting,,,,,,,,,,,,,,,,,,,,,,,,,,
"CI/CD
Deployment Automation
DevOps
Automation Software Release
Jenkins
Docker
Amazon Web Services
Kubernetes
Java
Google Cloud Platform",CI/CD,Deployment Automation,DevOps,Automation Software Release,Jenkins,Docker,Amazon Web Services,Kubernetes,Java,Google Cloud Platform,,,,,,,,,,,,,,,,,,,,,
"Dutch
English to Dutch Translation
Writing
Translation
Content Writing",Dutch,English to Dutch Translation,Writing,Translation,Content Writing,,,,,,,,,,,,,,,,,,,,,,,,,,
"Python
API
JavaScript",Python,API,JavaScript,,,,,,,,,,,,,,,,,,,,,,,,,,,,
"Gambling
Article Writing
Proofreading
Editor",Gambling,Article Writing,Proofreading,Editor,,,,,,,,,,,,,,,,,,,,,,,,,,,
"Graphic Design
Poster
Adobe Illustrator
3D Animation",Graphic Design,Poster,Adobe Illustrator,3D Animation,,,,,,,,,,,,,,,,,,,,,,,,,,,
"WordPress
WooCommerce
Web Design
Ecommerce Website
Elementor",WordPress,WooCommerce,Web Design,Ecommerce Website,Elementor,,,,,,,,,,,,,,,,,,,,,,,,,,
"Fashion & Beauty
Lead Generation
List Building
Email Marketing",Fashion & Beauty,Lead Generation,List Building,Email Marketing,,,,,,,,,,,,,,,,,,,,,,,,,,,
"Database Architecture
Data Engineering
Neo4j
Graph Database
Graph Neural Network
Golang",Database Architecture,Data Engineering,Neo4j,Graph Database,Graph Neural Network,Golang,,,,,,,,,,,,,,,,,,,,,,,,,
"Latvian
Content Writing
Article Writing
Translation
Proofreading
SEO Writing
Writing",Latvian,Content Writing,Article Writing,Translation,Proofreading,SEO Writing,Writing,,,,,,,,,,,,,,,,,,,,,,,,
"Latvian
Content Writing
Article Writing
Translation
Proofreading
SEO Writing
Writing",Latvian,Content Writing,Article Writing,Translation,Proofreading,SEO Writing,Writing,,,,,,,,,,,,,,,,,,,,,,,,
"Content Writing
Japanese
SEO Writing
Proofreading
Creative Writing
Translation",Content Writing,Japanese,SEO Writing,Proofreading,Creative Writing,Translation,,,,,,,,,,,,,,,,,,,,,,,,,
"Data Entry
Microsoft Excel
Database
Typing",Data Entry,Microsoft Excel,Database,Typing,,,,,,,,,,,,,,,,,,,,,,,,,,,
Translation,Translation,,,,,,,,,,,,,,,,,,,,,,,,,,,,,,
"Content Writing
Translation
Proofreading
Article Writing
SEO Writing
Writing",Content Writing,Translation,Proofreading,Article Writing,SEO Writing,Writing,,,,,,,,,,,,,,,,,,,,,,,,,
"Researcher
Data Entry
Prospect List
List Building",Researcher,Data Entry,Prospect List,List Building,,,,,,,,,,,,,,,,,,,,,,,,,,,
"Georgian
Content Writing
SEO Writing
Article Writing
Translation
Proofreading
Writing",Georgian,Content Writing,SEO Writing,Article Writing,Translation,Proofreading,Writing,,,,,,,,,,,,,,,,,,,,,,,,
"YouTube Thumbnail
YouTube
Graphic Design
Adobe Photoshop
Photo Editing",YouTube Thumbnail,YouTube,Graphic Design,Adobe Photoshop,Photo Editing,,,,,,,,,,,,,,,,,,,,,,,,,,
"Native
SEO Writing
Blog Writing
Creative Writing
Estonian
English to Estonian Translation
Translation
Content Writing
Proofreading",Native,SEO Writing,Blog Writing,Creative Writing,Estonian,English to Estonian Translation,Translation,Content Writing,Proofreading,,,,,,,,,,,,,,,,,,,,,,
Medical Writing,Medical Writing,,,,,,,,,,,,,,,,,,,,,,,,,,,,,,
"WooCommerce
Ecommerce Website",WooCommerce,Ecommerce Website,,,,,,,,,,,,,,,,,,,,,,,,,,,,,
"Python
Mathematical Modeling
Algorithm Development
Cryptocurrency
Blockchain
Data Analysis
Data Science
Git
Machine Learning",Python,Mathematical Modeling,Algorithm Development,Cryptocurrency,Blockchain,Data Analysis,Data Science,Git,Machine Learning,,,,,,,,,,,,,,,,,,,,,,
"WordPress
Web Development
Web Design",WordPress,Web Development,Web Design,,,,,,,,,,,,,,,,,,,,,,,,,,,,
"Female
Male
Voice-Over",Female,Male,Voice-Over,,,,,,,,,,,,,,,,,,,,,,,,,,,,
"PCB Design
Electronics
Electronic Design
Circuit Design
Altium Designer",PCB Design,Electronics,Electronic Design,Circuit Design,Altium Designer,,,,,,,,,,,,,,,,,,,,,,,,,,
"Smartwatch
Microsoft Windows
Google Analytics
Android
Smartphone
Android App Development
Mobile App Development
In-App Purchases
JavaScript
Java",Smartwatch,Microsoft Windows,Google Analytics,Android,Smartphone,Android App Development,Mobile App Development,In-App Purchases,JavaScript,Java,,,,,,,,,,,,,,,,,,,,,
"eBay Listing
Facebook Marketplace",eBay Listing,Facebook Marketplace,,,,,,,,,,,,,,,,,,,,,,,,,,,,,
"Social Media Management
Social Media Marketing
Facebook
Instagram
Social Media Content Creation
Social Media Content
Instagram Story
Content Strategy
Social Media Strategy
Content Creation
Content Management
Content Planning
Canva",Social Media Management,Social Media Marketing,Facebook,Instagram,Social Media Content Creation,Social Media Content,Instagram Story,Content Strategy,Social Media Strategy,Content Creation,Content Management,Content Planning,Canva,,,,,,,,,,,,,,,,,,
Local Operations,Local Operations,,,,,,,,,,,,,,,,,,,,,,,,,,,,,,
"Social Media Management
Social Media Marketing",Social Media Management,Social Media Marketing,,,,,,,,,,,,,,,,,,,,,,,,,,,,,
Autodesk Revit,Autodesk Revit,,,,,,,,,,,,,,,,,,,,,,,,,,,,,,
"Candidate Management
Candidate Sourcing
Resume Screening
Boolean Search
Internet Recruiting
Recruiting
Candidate Interviewing
Candidate Evaluation
LinkedIn Recruiting",Candidate Management,Candidate Sourcing,Resume Screening,Boolean Search,Internet Recruiting,Recruiting,Candidate Interviewing,Candidate Evaluation,LinkedIn Recruiting,,,,,,,,,,,,,,,,,,,,,,
"Amazon Webstore
Amazon FBA",Amazon Webstore,Amazon FBA,,,,,,,,,,,,,,,,,,,,,,,,,,,,,
"Researcher
Pillar Page
Blog Content",Researcher,Pillar Page,Blog Content,,,,,,,,,,,,,,,,,,,,,,,,,,,,
"Website Copywriting
Copywriting
German",Website Copywriting,Copywriting,German,,,,,,,,,,,,,,,,,,,,,,,,,,,,
"Fluent
Near-Native
Native
German
Voice Acting
Voice Recording
Upwork",Fluent,Near-Native,Native,German,Voice Acting,Voice Recording,Upwork,,,,,,,,,,,,,,,,,,,,,,,,
"Google Ads
Google Analytics
Campaign Management
Facebook Advertising
Social Media Marketing
Ecommerce
Campaign Optimization",Google Ads,Google Analytics,Campaign Management,Facebook Advertising,Social Media Marketing,Ecommerce,Campaign Optimization,,,,,,,,,,,,,,,,,,,,,,,,
"Content Writing
Search Engine Optimization
SEO Writing",Content Writing,Search Engine Optimization,SEO Writing,,,,,,,,,,,,,,,,,,,,,,,,,,,,
"Scripting
Automation
Robotic Process Automation Software
Robotics
Java",Scripting,Automation,Robotic Process Automation Software,Robotics,Java,,,,,,,,,,,,,,,,,,,,,,,,,,
Accounting,Accounting,,,,,,,,,,,,,,,,,,,,,,,,,,,,,,
Accounting,Accounting,,,,,,,,,,,,,,,,,,,,,,,,,,,,,,
"API
Google Analytics
AWS Application",API,Google Analytics,AWS Application,,,,,,,,,,,,,,,,,,,,,,,,,,,,
"Web Development
Web Application
HTML
CSS
HTML5
Web Design",Web Development,Web Application,HTML,CSS,HTML5,Web Design,,,,,,,,,,,,,,,,,,,,,,,,,
"Data Entry
Microsoft Excel
Microsoft Word
Typing
Google Docs",Data Entry,Microsoft Excel,Microsoft Word,Typing,Google Docs,,,,,,,,,,,,,,,,,,,,,,,,,,
"Writing
Live Chat Operator
Online Chat Support
Chat & Messaging Software
English",Writing,Live Chat Operator,Online Chat Support,Chat & Messaging Software,English,,,,,,,,,,,,,,,,,,,,,,,,,,
"Sales
Customer Service
Customer Support
Organizational Behavior",Sales,Customer Service,Customer Support,Organizational Behavior,,,,,,,,,,,,,,,,,,,,,,,,,,,
"Romanian
Customer Service
Customer Support
Email Support
Phone Support
French
Customer Satisfaction",Romanian,Customer Service,Customer Support,Email Support,Phone Support,French,Customer Satisfaction,,,,,,,,,,,,,,,,,,,,,,,,
"Russian
Japanese",Russian,Japanese,,,,,,,,,,,,,,,,,,,,,,,,,,,,,
"Video Editing
Adobe Premiere Pro
Video Production
Adobe After Effects",Video Editing,Adobe Premiere Pro,Video Production,Adobe After Effects,,,,,,,,,,,,,,,,,,,,,,,,,,,
"Male
Angry Tone
Authoritative Tone
Dramatic Tone
British English Accent
Voice-Over
US English Dialect",Male,Angry Tone,Authoritative Tone,Dramatic Tone,British English Accent,Voice-Over,US English Dialect,,,,,,,,,,,,,,,,,,,,,,,,
"TikTok
TikTok Ad
TikTok Marketing",TikTok,TikTok Ad,TikTok Marketing,,,,,,,,,,,,,,,,,,,,,,,,,,,,
"Market Research
Prospect List
List Building
Data Scraping
Data Mining
Data Entry",Market Research,Prospect List,List Building,Data Scraping,Data Mining,Data Entry,,,,,,,,,,,,,,,,,,,,,,,,,
"Social Media Management
Instagram
Social Media Marketing
Instagram Story
Social Media Content",Social Media Management,Instagram,Social Media Marketing,Instagram Story,Social Media Content,,,,,,,,,,,,,,,,,,,,,,,,,,
"Instagram
Social Media Imagery
Social Media Management
Social Media Content
Content Strategy",Instagram,Social Media Imagery,Social Media Management,Social Media Content,Content Strategy,,,,,,,,,,,,,,,,,,,,,,,,,,
"Android
iOS
Smartphone
React Native
Jest
Mobile App Development",Android,iOS,Smartphone,React Native,Jest,Mobile App Development,,,,,,,,,,,,,,,,,,,,,,,,,
"Search Engine Optimization
SEO Backlinking
Off-Page SEO
B2B Marketing",Search Engine Optimization,SEO Backlinking,Off-Page SEO,B2B Marketing,,,,,,,,,,,,,,,,,,,,,,,,,,,
"Business with 1-9 Employees
Mapbox
GIS
WooCommerce
WordPress",Business with 1-9 Employees,Mapbox,GIS,WooCommerce,WordPress,,,,,,,,,,,,,,,,,,,,,,,,,,
"Native
Fluent
Polish
Near-Native
Software Localization
Audio Recording",Native,Fluent,Polish,Near-Native,Software Localization,Audio Recording,,,,,,,,,,,,,,,,,,,,,,,,,
GDPR,GDPR,,,,,,,,,,,,,,,,,,,,,,,,,,,,,,
"Social Media Management
Social Media Marketing
Social Media Content
Search Engine Optimization
Facebook
Marketing Strategy
Instagram
Internet Marketing
Content Strategy",Social Media Management,Social Media Marketing,Social Media Content,Search Engine Optimization,Facebook,Marketing Strategy,Instagram,Internet Marketing,Content Strategy,,,,,,,,,,,,,,,,,,,,,,
"Copywriting
Content Writing
Search Engine Optimization
Dutch",Copywriting,Content Writing,Search Engine Optimization,Dutch,,,,,,,,,,,,,,,,,,,,,,,,,,,
"Social Media Management
Social Media Marketing
Virtual Assistant
Instagram
Researcher
Lead Generation
Virtual Assistance",Social Media Management,Social Media Marketing,Virtual Assistant,Instagram,Researcher,Lead Generation,Virtual Assistance,,,,,,,,,,,,,,,,,,,,,,,,
"JavaScript
WordPress",JavaScript,WordPress,,,,,,,,,,,,,,,,,,,,,,,,,,,,,
"English
Dutch
Translation",English,Dutch,Translation,,,,,,,,,,,,,,,,,,,,,,,,,,,,
"Ecommerce
Recruiter
Product Listings
Virtual Assistance
Virtual Assistant
Executive Support
Administrative Support
Researcher
Communications",Ecommerce,Recruiter,Product Listings,Virtual Assistance,Virtual Assistant,Executive Support,Administrative Support,Researcher,Communications,,,,,,,,,,,,,,,,,,,,,,
"Adobe Photoshop
Graphic Design
Mockup
Design Mockup",Adobe Photoshop,Graphic Design,Mockup,Design Mockup,,,,,,,,,,,,,,,,,,,,,,,,,,,
"Print Design
Stationery Design
Poster Design
Adobe InDesign
Graphic Design
Layout Design
Illustration",Print Design,Stationery Design,Poster Design,Adobe InDesign,Graphic Design,Layout Design,Illustration,,,,,,,,,,,,,,,,,,,,,,,,
"Design Concept
Graphic Design
Photo Editing
Poster
Print Design
Adobe Photoshop",Design Concept,Graphic Design,Photo Editing,Poster,Print Design,Adobe Photoshop,,,,,,,,,,,,,,,,,,,,,,,,,
"TikTok
Fashion & Beauty
Video Production
Video Editing
Social Media Management
Social Media Marketing",TikTok,Fashion & Beauty,Video Production,Video Editing,Social Media Management,Social Media Marketing,,,,,,,,,,,,,,,,,,,,,,,,,
Amazon,Amazon,,,,,,,,,,,,,,,,,,,,,,,,,,,,,,
"TikTok
Fashion & Beauty
Video Production
Video Editing
Social Media Management
Social Media Marketing",TikTok,Fashion & Beauty,Video Production,Video Editing,Social Media Management,Social Media Marketing,,,,,,,,,,,,,,,,,,,,,,,,,
Amazon,Amazon,,,,,,,,,,,,,,,,,,,,,,,,,,,,,,
"Business Presentation
Google Slides
Presentation Design
Pitchbook
Marketing Presentation",Business Presentation,Google Slides,Presentation Design,Pitchbook,Marketing Presentation,,,,,,,,,,,,,,,,,,,,,,,,,,
"JavaScript
WordPress",JavaScript,WordPress,,,,,,,,,,,,,,,,,,,,,,,,,,,,,
"Article Writing
Writing
Creative Writing
SEO Writing
Review
Swedish",Article Writing,Writing,Creative Writing,SEO Writing,Review,Swedish,,,,,,,,,,,,,,,,,,,,,,,,,
"WordPress
Web Design
JavaScript
HTML",WordPress,Web Design,JavaScript,HTML,,,,,,,,,,,,,,,,,,,,,,,,,,,
"Search Engine Optimization
SEO Keyword Research
Content Writing
SEO Backlinking
SEO Writing
On-Page SEO
Organic Traffic Growth",Search Engine Optimization,SEO Keyword Research,Content Writing,SEO Backlinking,SEO Writing,On-Page SEO,Organic Traffic Growth,,,,,,,,,,,,,,,,,,,,,,,,
"Video Editing
TikTok Ad
TikTok
Ad Creative
Ecommerce",Video Editing,TikTok Ad,TikTok,Ad Creative,Ecommerce,,,,,,,,,,,,,,,,,,,,,,,,,,
"Amazon Web Services
DevOps
Kubernetes",Amazon Web Services,DevOps,Kubernetes,,,,,,,,,,,,,,,,,,,,,,,,,,,,
"Content Creation
Content Strategy
Social Media Marketing Plan
Social Media Strategy
Content Writing
Social Media Marketing",Content Creation,Content Strategy,Social Media Marketing Plan,Social Media Strategy,Content Writing,Social Media Marketing,,,,,,,,,,,,,,,,,,,,,,,,,
"Flutter
Android
Smartphone
Hybrid App Development
Firebase
Mobile App Development
Android App Development",Flutter,Android,Smartphone,Hybrid App Development,Firebase,Mobile App Development,Android App Development,,,,,,,,,,,,,,,,,,,,,,,,
English to Spanish Translation,English to Spanish Translation,,,,,,,,,,,,,,,,,,,,,,,,,,,,,,
"Google Ads
Facebook Ads Manager
Facebook Advertising
Pay Per Click Advertising
Google Analytics
Campaign Optimization
Campaign Reporting
Google Data Studio",Google Ads,Facebook Ads Manager,Facebook Advertising,Pay Per Click Advertising,Google Analytics,Campaign Optimization,Campaign Reporting,Google Data Studio,,,,,,,,,,,,,,,,,,,,,,,
"Shopify
Shopify Templates
Ecommerce Website
Ecommerce Platform Development
Ecommerce
Store Management
Store Page",Shopify,Shopify Templates,Ecommerce Website,Ecommerce Platform Development,Ecommerce,Store Management,Store Page,,,,,,,,,,,,,,,,,,,,,,,,
"WordPress
Web Design
CSS",WordPress,Web Design,CSS,,,,,,,,,,,,,,,,,,,,,,,,,,,,
"Lead Generation
Sales
Prospect List
Marketing Strategy",Lead Generation,Sales,Prospect List,Marketing Strategy,,,,,,,,,,,,,,,,,,,,,,,,,,,
"Google Ads
Facebook Advertising
Social Media Advertising
Social Media Marketing",Google Ads,Facebook Advertising,Social Media Advertising,Social Media Marketing,,,,,,,,,,,,,,,,,,,,,,,,,,,
"Copywriting
Content Writing
Creative Writing
Email Copywriting
Email Communication
English",Copywriting,Content Writing,Creative Writing,Email Copywriting,Email Communication,English,,,,,,,,,,,,,,,,,,,,,,,,,
"Researcher
Article Writing
Content Writing
Blog Writing
Blog Content
Search Engine Optimization
Writing
Article
Creative Writing",Researcher,Article Writing,Content Writing,Blog Writing,Blog Content,Search Engine Optimization,Writing,Article,Creative Writing,,,,,,,,,,,,,,,,,,,,,,
"Python
JavaScript
D3.js
Django
Data Visualization
API
CSS
HTML5",Python,JavaScript,D3.js,Django,Data Visualization,API,CSS,HTML5,,,,,,,,,,,,,,,,,,,,,,,
"Video Editing
Graphic Design",Video Editing,Graphic Design,,,,,,,,,,,,,,,,,,,,,,,,,,,,,
"Shopify
Web Development
Shopify Templates
Web Design",Shopify,Web Development,Shopify Templates,Web Design,,,,,,,,,,,,,,,,,,,,,,,,,,,
"Project Management
Communications
Critical Thinking Skills",Project Management,Communications,Critical Thinking Skills,,,,,,,,,,,,,,,,,,,,,,,,,,,,
"Virtual Assistant
Researcher
Communications
Dropshipping
Shopify",Virtual Assistant,Researcher,Communications,Dropshipping,Shopify,,,,,,,,,,,,,,,,,,,,,,,,,,
"AR & VR
Game
Oculus Rift Game
Virtual Reality
VR Application
C#
Game Development
Oculus Rift
Unity
AR & VR Applications
AR & VR Development
Virtual Reality Game",AR & VR,Game,Oculus Rift Game,Virtual Reality,VR Application,C#,Game Development,Oculus Rift,Unity,AR & VR Applications,AR & VR Development,Virtual Reality Game,,,,,,,,,,,,,,,,,,,
"JavaScript
Shopify",JavaScript,Shopify,,,,,,,,,,,,,,,,,,,,,,,,,,,,,
"English
Writing
Content Writing",English,Writing,Content Writing,,,,,,,,,,,,,,,,,,,,,,,,,,,,
"PHP
API
WooCommerce
WordPress
Figma
HTML
CSS
Elementor
UX & UI
Laravel
Front-End Development
SCSS
Plugin Installation
WordPress SEO Plugins
Web Development",PHP,API,WooCommerce,WordPress,Figma,HTML,CSS,Elementor,UX & UI,Laravel,Front-End Development,SCSS,Plugin Installation,WordPress SEO Plugins,Web Development,,,,,,,,,,,,,,,,
"Headline
Typing
English
Microsoft Word
Writing",Headline,Typing,English,Microsoft Word,Writing,,,,,,,,,,,,,,,,,,,,,,,,,,
"About Us Page
Campaign Copywriting
Business Writing
Copywriting
Website Content
English
Landing Page",About Us Page,Campaign Copywriting,Business Writing,Copywriting,Website Content,English,Landing Page,,,,,,,,,,,,,,,,,,,,,,,,
Web Development,Web Development,,,,,,,,,,,,,,,,,,,,,,,,,,,,,,
"Google Analytics
Google Tag Manager
WordPress
WooCommerce",Google Analytics,Google Tag Manager,WordPress,WooCommerce,,,,,,,,,,,,,,,,,,,,,,,,,,,
"Lighting Design
DIALux evo
CAD
Adobe Photoshop Lightroom
Autodesk AutoCAD
Report",Lighting Design,DIALux evo,CAD,Adobe Photoshop Lightroom,Autodesk AutoCAD,Report,,,,,,,,,,,,,,,,,,,,,,,,,
"Virtual Assistance
Personal Administration
Email Communication
Virtual Assistant
Swedish
Communications",Virtual Assistance,Personal Administration,Email Communication,Virtual Assistant,Swedish,Communications,,,,,,,,,,,,,,,,,,,,,,,,,
"Cover Letter Writing
Resume Writing
Resume
Resume Development
LinkedIn Development",Cover Letter Writing,Resume Writing,Resume,Resume Development,LinkedIn Development,,,,,,,,,,,,,,,,,,,,,,,,,,
"Content Writing
Article Writing
Blog Content
Researcher
Blog Writing
Article
Search Engine Optimization
Creative Writing
SEO Writing",Content Writing,Article Writing,Blog Content,Researcher,Blog Writing,Article,Search Engine Optimization,Creative Writing,SEO Writing,,,,,,,,,,,,,,,,,,,,,,
"PayPal
Stripe
Shopify
Shopify Templates
Shopify Theme
Web Development
HTML
CSS
Web Design
Ecommerce Platform Development",PayPal,Stripe,Shopify,Shopify Templates,Shopify Theme,Web Development,HTML,CSS,Web Design,Ecommerce Platform Development,,,,,,,,,,,,,,,,,,,,,
"Italian
English to Italian Translation",Italian,English to Italian Translation,,,,,,,,,,,,,,,,,,,,,,,,,,,,,
"Google Ads
PPC Campaign Setup & Management",Google Ads,PPC Campaign Setup & Management,,,,,,,,,,,,,,,,,,,,,,,,,,,,,
Researcher,Researcher,,,,,,,,,,,,,,,,,,,,,,,,,,,,,,
"Driver Development
Hardware Design",Driver Development,Hardware Design,,,,,,,,,,,,,,,,,,,,,,,,,,,,,
"Lead Generation
Sales
Marketing Strategy
Market Research
Content Writing
Social Media Marketing
Copywriting
Email Marketing",Lead Generation,Sales,Marketing Strategy,Market Research,Content Writing,Social Media Marketing,Copywriting,Email Marketing,,,,,,,,,,,,,,,,,,,,,,,
"Business Researcher
Internet Researcher
Company Research
Report
Contact List
Researcher",Business Researcher,Internet Researcher,Company Research,Report,Contact List,Researcher,,,,,,,,,,,,,,,,,,,,,,,,,
"Search Engine Optimization
Content Writing
SEO Writing
Researcher
SEO Keyword Research
Blog Content
Copywriting",Search Engine Optimization,Content Writing,SEO Writing,Researcher,SEO Keyword Research,Blog Content,Copywriting,,,,,,,,,,,,,,,,,,,,,,,,
WordPress,WordPress,,,,,,,,,,,,,,,,,,,,,,,,,,,,,,
"Influencer Marketing
Content Marketing
Direct Marketing
Event Marketing
Inbound Marketing
Sports & Recreation
Food & Beverage
Brand Positioning
Advertising Strategy
Social Media Management",Influencer Marketing,Content Marketing,Direct Marketing,Event Marketing,Inbound Marketing,Sports & Recreation,Food & Beverage,Brand Positioning,Advertising Strategy,Social Media Management,,,,,,,,,,,,,,,,,,,,,
"Network Administration
VPN
OpenVPN",Network Administration,VPN,OpenVPN,,,,,,,,,,,,,,,,,,,,,,,,,,,,
"Blog Content
Content Writing
Blog Writing
Creative Writing
Article Writing
Researcher
Search Engine Optimization
Writing",Blog Content,Content Writing,Blog Writing,Creative Writing,Article Writing,Researcher,Search Engine Optimization,Writing,,,,,,,,,,,,,,,,,,,,,,,
"ECMAScript
Front-End Development
TypeScript
JavaScript",ECMAScript,Front-End Development,TypeScript,JavaScript,,,,,,,,,,,,,,,,,,,,,,,,,,,
"Administrative Support
Executive Support",Administrative Support,Executive Support,,,,,,,,,,,,,,,,,,,,,,,,,,,,,
"Polish
Error Detection
Proofreading
Editor",Polish,Error Detection,Proofreading,Editor,,,,,,,,,,,,,,,,,,,,,,,,,,,
"Community Management
Social Media Management
Facebook
Marketing Strategy
Digital Marketing",Community Management,Social Media Management,Facebook,Marketing Strategy,Digital Marketing,,,,,,,,,,,,,,,,,,,,,,,,,,
"Facebook
Facebook Advertising
Social Media Marketing
Social Media Advertising
Instagram",Facebook,Facebook Advertising,Social Media Marketing,Social Media Advertising,Instagram,,,,,,,,,,,,,,,,,,,,,,,,,,
"Shopify
Shopify Apps
JavaScript",Shopify,Shopify Apps,JavaScript,,,,,,,,,,,,,,,,,,,,,,,,,,,,
"Theme Development
Liquid
Theme Customization
Shopify
Shopify Theme
Web Development
Shopify Templates
CSS
HTML
Web Design",Theme Development,Liquid,Theme Customization,Shopify,Shopify Theme,Web Development,Shopify Templates,CSS,HTML,Web Design,,,,,,,,,,,,,,,,,,,,,
"German
English to German Translation
Translation",German,English to German Translation,Translation,,,,,,,,,,,,,,,,,,,,,,,,,,,,
"Proofreading
Editor
German",Proofreading,Editor,German,,,,,,,,,,,,,,,,,,,,,,,,,,,,
"Copywriting
Content Writing
SEO Writing
German
Writing
Search Engine Optimization
Article Writing",Copywriting,Content Writing,SEO Writing,German,Writing,Search Engine Optimization,Article Writing,,,,,,,,,,,,,,,,,,,,,,,,
"Researcher
Content Writing
Market Research
Article Writing
Search Engine Optimization
Article
Creative Writing",Researcher,Content Writing,Market Research,Article Writing,Search Engine Optimization,Article,Creative Writing,,,,,,,,,,,,,,,,,,,,,,,,
"Virtual Assistant
Virtual Assistance
Kindle Direct Publishing
Ebook",Virtual Assistant,Virtual Assistance,Kindle Direct Publishing,Ebook,,,,,,,,,,,,,,,,,,,,,,,,,,,
"Project Management
Project Scheduling
Agile Project Management
Digital Project Management
Scrum
Team Alignment
Project Management Professional
Product Management
Project Workflows",Project Management,Project Scheduling,Agile Project Management,Digital Project Management,Scrum,Team Alignment,Project Management Professional,Product Management,Project Workflows,,,,,,,,,,,,,,,,,,,,,,
"Blog Content
Blog Writing
Article Writing
Article
Content Writing
SEO Writing
Fact-Checking
Search Engine Optimization",Blog Content,Blog Writing,Article Writing,Article,Content Writing,SEO Writing,Fact-Checking,Search Engine Optimization,,,,,,,,,,,,,,,,,,,,,,,
"Architectural Design
3D Rendering
Interior Design",Architectural Design,3D Rendering,Interior Design,,,,,,,,,,,,,,,,,,,,,,,,,,,,
"Illustration
Adobe Illustrator
Adobe Photoshop
Drawing",Illustration,Adobe Illustrator,Adobe Photoshop,Drawing,,,,,,,,,,,,,,,,,,,,,,,,,,,
"Digital Strategy
Asana
Microsoft Excel
Sales & Marketing
Communications
Project Management",Digital Strategy,Asana,Microsoft Excel,Sales & Marketing,Communications,Project Management,,,,,,,,,,,,,,,,,,,,,,,,,
"ASP.NET
C#
AngularJS",ASP.NET,C#,AngularJS,,,,,,,,,,,,,,,,,,,,,,,,,,,,
"Smartphone
Tablet
iOS
Android
Mobile App Development",Smartphone,Tablet,iOS,Android,Mobile App Development,,,,,,,,,,,,,,,,,,,,,,,,,,
"Final Cut Pro
Apple Motion
Explainer Video
Animation
Video Animation
Video Editing
Motion Graphics",Final Cut Pro,Apple Motion,Explainer Video,Animation,Video Animation,Video Editing,Motion Graphics,,,,,,,,,,,,,,,,,,,,,,,,
"Marketing Automation
Internet Marketing
Social Media Management
Marketing Strategy",Marketing Automation,Internet Marketing,Social Media Management,Marketing Strategy,,,,,,,,,,,,,,,,,,,,,,,,,,,
"Content Writing
Marketing Strategy
Copywriting
Search Engine Optimization
Social Media Marketing
Marketing
Blog Writing",Content Writing,Marketing Strategy,Copywriting,Search Engine Optimization,Social Media Marketing,Marketing,Blog Writing,,,,,,,,,,,,,,,,,,,,,,,,
"Content Writing
Marketing Strategy
Copywriting
Search Engine Optimization
Social Media Marketing
Marketing
Blog Writing",Content Writing,Marketing Strategy,Copywriting,Search Engine Optimization,Social Media Marketing,Marketing,Blog Writing,,,,,,,,,,,,,,,,,,,,,,,,
"Phone Communication
Cold Calling
Scheduling
Lead Generation",Phone Communication,Cold Calling,Scheduling,Lead Generation,,,,,,,,,,,,,,,,,,,,,,,,,,,
"Content Writing
Search Engine Optimization
Copywriting
SEO Writing
SEO Keyword Research
Marketing Strategy",Content Writing,Search Engine Optimization,Copywriting,SEO Writing,SEO Keyword Research,Marketing Strategy,,,,,,,,,,,,,,,,,,,,,,,,,
"WordPress
Web Design
Web Development
HTML",WordPress,Web Design,Web Development,HTML,,,,,,,,,,,,,,,,,,,,,,,,,,,
"Illustration
Adobe Illustrator
Book Cover
Graphic Design
Ebook Design",Illustration,Adobe Illustrator,Book Cover,Graphic Design,Ebook Design,,,,,,,,,,,,,,,,,,,,,,,,,,
"Copywriting
Content Marketing Strategy
Social Media Content
Content Writing",Copywriting,Content Marketing Strategy,Social Media Content,Content Writing,,,,,,,,,,,,,,,,,,,,,,,,,,,
HighLevel,HighLevel,,,,,,,,,,,,,,,,,,,,,,,,,,,,,,
"Video Editing
Adobe Premiere Pro
Audio Editing
Adobe After Effects
Video Post-Editing
YouTube",Video Editing,Adobe Premiere Pro,Audio Editing,Adobe After Effects,Video Post-Editing,YouTube,,,,,,,,,,,,,,,,,,,,,,,,,
"Smartphone
iOS
JavaScript
Mobile App Development",Smartphone,iOS,JavaScript,Mobile App Development,,,,,,,,,,,,,,,,,,,,,,,,,,,
"Web Development
Graphic Design
Content Writing",Web Development,Graphic Design,Content Writing,,,,,,,,,,,,,,,,,,,,,,,,,,,,
"Video Editing
Video Post-Editing
Video Production
Adobe Premiere Pro
Video Commercial
Videography
Explainer Video
Movie
Adobe After Effects",Video Editing,Video Post-Editing,Video Production,Adobe Premiere Pro,Video Commercial,Videography,Explainer Video,Movie,Adobe After Effects,,,,,,,,,,,,,,,,,,,,,,
"Translation
German
Italian
English to Italian Translation",Translation,German,Italian,English to Italian Translation,,,,,,,,,,,,,,,,,,,,,,,,,,,
"Structural Engineering
Structural Analysis
Construction",Structural Engineering,Structural Analysis,Construction,,,,,,,,,,,,,,,,,,,,,,,,,,,,
"Business Proposal Writing
Proposal Writing
Project Proposal
Content Writing
English",Business Proposal Writing,Proposal Writing,Project Proposal,Content Writing,English,,,,,,,,,,,,,,,,,,,,,,,,,,
"Graphic Design
Set Up Etsy Site",Graphic Design,Set Up Etsy Site,,,,,,,,,,,,,,,,,,,,,,,,,,,,,
"Linux
Kubernetes
Golang
JavaScript",Linux,Kubernetes,Golang,JavaScript,,,,,,,,,,,,,,,,,,,,,,,,,,,
"JavaScript
React
CSS
Web Design",JavaScript,React,CSS,Web Design,,,,,,,,,,,,,,,,,,,,,,,,,,,
"Creative Writing
Content Writing
English
Researcher
Writing
Editing & Proofreading",Creative Writing,Content Writing,English,Researcher,Writing,Editing & Proofreading,,,,,,,,,,,,,,,,,,,,,,,,,
"Sourcing
Buying
Price & Quote Negotiation",Sourcing,Buying,Price & Quote Negotiation,,,,,,,,,,,,,,,,,,,,,,,,,,,,
Microsoft Azure,Microsoft Azure,,,,,,,,,,,,,,,,,,,,,,,,,,,,,,
Microsoft Azure,Microsoft Azure,,,,,,,,,,,,,,,,,,,,,,,,,,,,,,
"Laravel
Laravel
PHP
Web Development
API",Laravel,Laravel,PHP,Web Development,API,,,,,,,,,,,,,,,,,,,,,,,,,,
"Creative Writing
Content Writing
English
Researcher
Writing
Editing & Proofreading",Creative Writing,Content Writing,English,Researcher,Writing,Editing & Proofreading,,,,,,,,,,,,,,,,,,,,,,,,,
"WordPress
WooCommerce
Payment Plugin
Customer Support Plugin
Analytics Plugin",WordPress,WooCommerce,Payment Plugin,Customer Support Plugin,Analytics Plugin,,,,,,,,,,,,,,,,,,,,,,,,,,
"Virtual Assistant
Customer Service
Sales & Marketing
Online Sales Management
Relationship Management",Virtual Assistant,Customer Service,Sales & Marketing,Online Sales Management,Relationship Management,,,,,,,,,,,,,,,,,,,,,,,,,,
"Python
API Integration
Unity",Python,API Integration,Unity,,,,,,,,,,,,,,,,,,,,,,,,,,,,
"Virtual Assistance
Email Communication",Virtual Assistance,Email Communication,,,,,,,,,,,,,,,,,,,,,,,,,,,,,
"Creative Writing
Blog Writing
Article Writing
SEO Writing",Creative Writing,Blog Writing,Article Writing,SEO Writing,,,,,,,,,,,,,,,,,,,,,,,,,,,
"Translation
English to Italian Translation
English to German Translation
Italian
English",Translation,English to Italian Translation,English to German Translation,Italian,English,,,,,,,,,,,,,,,,,,,,,,,,,,
"Presentation Design
Infographic
Pitchbook",Presentation Design,Infographic,Pitchbook,,,,,,,,,,,,,,,,,,,,,,,,,,,,
"Presentation Design
Infographic
Pitchbook",Presentation Design,Infographic,Pitchbook,,,,,,,,,,,,,,,,,,,,,,,,,,,,
"Creative Writing
Content Writing
English
Writing
Narrative
Short Story
Ghostwriting
Copywriting
Article Writing",Creative Writing,Content Writing,English,Writing,Narrative,Short Story,Ghostwriting,Copywriting,Article Writing,,,,,,,,,,,,,,,,,,,,,,
"Python
OpenCV
TensorFlow
Artificial Intelligence",Python,OpenCV,TensorFlow,Artificial Intelligence,,,,,,,,,,,,,,,,,,,,,,,,,,,
"Instagram
Social Media Marketing",Instagram,Social Media Marketing,,,,,,,,,,,,,,,,,,,,,,,,,,,,,
"Custom Graphics
Graphic Design
Infographic
Concept Artistry
Brand Identity Design
Graphic Designer
Drawing
Adobe Illustrator
Adobe Photoshop
Adobe InDesign",Custom Graphics,Graphic Design,Infographic,Concept Artistry,Brand Identity Design,Graphic Designer,Drawing,Adobe Illustrator,Adobe Photoshop,Adobe InDesign,,,,,,,,,,,,,,,,,,,,,
Webflow,Webflow,,,,,,,,,,,,,,,,,,,,,,,,,,,,,,
TikTok Marketing,TikTok Marketing,,,,,,,,,,,,,,,,,,,,,,,,,,,,,,
Logistics Management,Logistics Management,,,,,,,,,,,,,,,,,,,,,,,,,,,,,,
Video Editing,Video Editing,,,,,,,,,,,,,,,,,,,,,,,,,,,,,,
,,,,,,,,,,,,,,,,,,,,,,,,,,,,,,,
"Telemarketing
Cold Calling
Appointment Setting
Outbound Call
Outbound Sales",Telemarketing,Cold Calling,Appointment Setting,Outbound Call,Outbound Sales,,,,,,,,,,,,,,,,,,,,,,,,,,
"Technical SEO
SEO Performance
SEO Audit
SEO Strategy
Yoast SEO
On-Page SEO
Organic Traffic Growth
SEO Keyword Research
Search Engine Optimization
Google Analytics",Technical SEO,SEO Performance,SEO Audit,SEO Strategy,Yoast SEO,On-Page SEO,Organic Traffic Growth,SEO Keyword Research,Search Engine Optimization,Google Analytics,,,,,,,,,,,,,,,,,,,,,
"Italian
Phone Support
Online Chat Support
Customer Service",Italian,Phone Support,Online Chat Support,Customer Service,,,,,,,,,,,,,,,,,,,,,,,,,,,
"Ages 3+
Ages 7+
Ages 12+
Game Design
Game Development
Mobile Game",Ages 3+,Ages 7+,Ages 12+,Game Design,Game Development,Mobile Game,,,,,,,,,,,,,,,,,,,,,,,,,
"WordPress
Elementor
WordPress Development
HTML
CSS
WooCommerce",WordPress,Elementor,WordPress Development,HTML,CSS,WooCommerce,,,,,,,,,,,,,,,,,,,,,,,,,
"Illustration
Vector Graphic
Vector Art
Concept Artistry
Flat Style
Digital Illustration
Typography
Graphic Design",Illustration,Vector Graphic,Vector Art,Concept Artistry,Flat Style,Digital Illustration,Typography,Graphic Design,,,,,,,,,,,,,,,,,,,,,,,
"PSD
Product Photography Prep
Photo Retouching
Infographic
Food Photography
Product Photography
PNG
Graphic Design
Photo Editing",PSD,Product Photography Prep,Photo Retouching,Infographic,Food Photography,Product Photography,PNG,Graphic Design,Photo Editing,,,,,,,,,,,,,,,,,,,,,,
"Virtual Assistance
Data Entry
File Maintenance
File Management
Email Communication
Ecommerce
Influencer Marketing
Social Media Content
TikTok",Virtual Assistance,Data Entry,File Maintenance,File Management,Email Communication,Ecommerce,Influencer Marketing,Social Media Content,TikTok,,,,,,,,,,,,,,,,,,,,,,
"Email Automation
Email Copywriting
Campaign Management
HubSpot
Copywriting
Lead Generation
B2B Marketing
Email Marketing
Marketing Strategy
Cold Email",Email Automation,Email Copywriting,Campaign Management,HubSpot,Copywriting,Lead Generation,B2B Marketing,Email Marketing,Marketing Strategy,Cold Email,,,,,,,,,,,,,,,,,,,,,
"Hybrid App Development
Android
Smartphone
Tablet
CSV
Mobile App Development",Hybrid App Development,Android,Smartphone,Tablet,CSV,Mobile App Development,,,,,,,,,,,,,,,,,,,,,,,,,
"Hugo
Website Customization
HTML
CSS
Web Development
Web Design",Hugo,Website Customization,HTML,CSS,Web Development,Web Design,,,,,,,,,,,,,,,,,,,,,,,,,
"Autodesk AutoCAD
Interior Design",Autodesk AutoCAD,Interior Design,,,,,,,,,,,,,,,,,,,,,,,,,,,,,
"HTML
CSS
HTML5
JavaScript
Bootstrap
CSS 3
PHP
Web Development",HTML,CSS,HTML5,JavaScript,Bootstrap,CSS 3,PHP,Web Development,,,,,,,,,,,,,,,,,,,,,,,
"Video Editing
Adobe Premiere Pro
TikTok
YouTube",Video Editing,Adobe Premiere Pro,TikTok,YouTube,,,,,,,,,,,,,,,,,,,,,,,,,,,
"RxJS
Web Application
Angular
TypeScript
JavaScript
Angular Material",RxJS,Web Application,Angular,TypeScript,JavaScript,Angular Material,,,,,,,,,,,,,,,,,,,,,,,,,
"Web Design
Adobe Photoshop
Web Development
Graphic Design",Web Design,Adobe Photoshop,Web Development,Graphic Design,,,,,,,,,,,,,,,,,,,,,,,,,,,
"DataTables
WordPress",DataTables,WordPress,,,,,,,,,,,,,,,,,,,,,,,,,,,,,
"Instagram
Social Media Advertising
Social Media Marketing
Graphic Design",Instagram,Social Media Advertising,Social Media Marketing,Graphic Design,,,,,,,,,,,,,,,,,,,,,,,,,,,
"Market Research
Researcher
Dropshipping
Virtual Assistant",Market Research,Researcher,Dropshipping,Virtual Assistant,,,,,,,,,,,,,,,,,,,,,,,,,,,
"Catalog
Graphic Design
Adobe Photoshop
Adobe Illustrator
Print Design
Layout Design
Adobe InDesign
Photo Editing
Content Writing
Illustration",Catalog,Graphic Design,Adobe Photoshop,Adobe Illustrator,Print Design,Layout Design,Adobe InDesign,Photo Editing,Content Writing,Illustration,,,,,,,,,,,,,,,,,,,,,
"Catalog
Graphic Design
Adobe Photoshop
Adobe Illustrator
Print Design
Layout Design
Adobe InDesign
Photo Editing
Content Writing
Illustration",Catalog,Graphic Design,Adobe Photoshop,Adobe Illustrator,Print Design,Layout Design,Adobe InDesign,Photo Editing,Content Writing,Illustration,,,,,,,,,,,,,,,,,,,,,
"Lead Generation Strategy
Real Estate
Lead Generation
Real Estate Marketing",Lead Generation Strategy,Real Estate,Lead Generation,Real Estate Marketing,,,,,,,,,,,,,,,,,,,,,,,,,,,
"Content Writing
Internet Marketing
Campaign Management
Marketing Strategy",Content Writing,Internet Marketing,Campaign Management,Marketing Strategy,,,,,,,,,,,,,,,,,,,,,,,,,,,
"Machine Learning
Python",Machine Learning,Python,,,,,,,,,,,,,,,,,,,,,,,,,,,,,
Sourcing,Sourcing,,,,,,,,,,,,,,,,,,,,,,,,,,,,,,
"Grammar & Syntax Review
Content Rewriting
Formatting
Proofreading Feedback
English
Error Detection
APA Formatting
Econometrics
Statistics",Grammar & Syntax Review,Content Rewriting,Formatting,Proofreading Feedback,English,Error Detection,APA Formatting,Econometrics,Statistics,,,,,,,,,,,,,,,,,,,,,,
"Telegram API
MTProto",Telegram API,MTProto,,,,,,,,,,,,,,,,,,,,,,,,,,,,,
"Cold Calling
Outbound Sales
Sales
Telemarketing
Phone Communication
B2B Marketing
Communication Etiquette
Scheduling
Lead Generation
Interpersonal Skills",Cold Calling,Outbound Sales,Sales,Telemarketing,Phone Communication,B2B Marketing,Communication Etiquette,Scheduling,Lead Generation,Interpersonal Skills,,,,,,,,,,,,,,,,,,,,,
"Artificial Intelligence
Machine Learning",Artificial Intelligence,Machine Learning,,,,,,,,,,,,,,,,,,,,,,,,,,,,,
"Facebook
Facebook Advertising
Social Media Marketing
Sales Funnel",Facebook,Facebook Advertising,Social Media Marketing,Sales Funnel,,,,,,,,,,,,,,,,,,,,,,,,,,,
"PHP
MySQL
PHP Script
MySQL Programming
Custom PHP",PHP,MySQL,PHP Script,MySQL Programming,Custom PHP,,,,,,,,,,,,,,,,,,,,,,,,,,
"Graphic Design
Brand Positioning
Logo Design
Web Design
Brand Identity",Graphic Design,Brand Positioning,Logo Design,Web Design,Brand Identity,,,,,,,,,,,,,,,,,,,,,,,,,,
"Affinity Designer
Graphic Design
Adobe Photoshop
Adobe Illustrator",Affinity Designer,Graphic Design,Adobe Photoshop,Adobe Illustrator,,,,,,,,,,,,,,,,,,,,,,,,,,,
"Logistics Management
Project Management
Inventory Management
Price & Quote Negotiation
Lead Generation",Logistics Management,Project Management,Inventory Management,Price & Quote Negotiation,Lead Generation,,,,,,,,,,,,,,,,,,,,,,,,,,
Discord Bot Development,Discord Bot Development,,,,,,,,,,,,,,,,,,,,,,,,,,,,,,
"Facebook Advertising
Media Buying
Google Ads",Facebook Advertising,Media Buying,Google Ads,,,,,,,,,,,,,,,,,,,,,,,,,,,,
"Copywriting
Content Marketing Strategy
Blog Content
Blog Writing
Content Writing
Article Writing
Researcher
Gardening
Home & Garden
Article",Copywriting,Content Marketing Strategy,Blog Content,Blog Writing,Content Writing,Article Writing,Researcher,Gardening,Home & Garden,Article,,,,,,,,,,,,,,,,,,,,,
"Video Editing
Adobe Premiere Pro
Video Post-Editing
Video Production",Video Editing,Adobe Premiere Pro,Video Post-Editing,Video Production,,,,,,,,,,,,,,,,,,,,,,,,,,,
"Email Campaign Setup
Internet Marketing
Email Communication
Blog Writing
Article Writing
Researcher
Marketing Strategy
Social Media Marketing
Content Writing",Email Campaign Setup,Internet Marketing,Email Communication,Blog Writing,Article Writing,Researcher,Marketing Strategy,Social Media Marketing,Content Writing,,,,,,,,,,,,,,,,,,,,,,
"Video Editing
Motion Graphics
Video Post-Editing
Music Video",Video Editing,Motion Graphics,Video Post-Editing,Music Video,,,,,,,,,,,,,,,,,,,,,,,,,,,
"Email Campaign Setup
Internet Marketing
Email Communication
Blog Writing
Article Writing
Researcher
Marketing Strategy
Social Media Marketing
Content Writing",Email Campaign Setup,Internet Marketing,Email Communication,Blog Writing,Article Writing,Researcher,Marketing Strategy,Social Media Marketing,Content Writing,,,,,,,,,,,,,,,,,,,,,,
"Video Editing
Motion Graphics
Video Post-Editing
Music Video",Video Editing,Motion Graphics,Video Post-Editing,Music Video,,,,,,,,,,,,,,,,,,,,,,,,,,,
"Python
PHP
JavaScript
Shopify",Python,PHP,JavaScript,Shopify,,,,,,,,,,,,,,,,,,,,,,,,,,,
"Logo Design
Graphic Design
Brand Identity & Guidelines
Illustration",Logo Design,Graphic Design,Brand Identity & Guidelines,Illustration,,,,,,,,,,,,,,,,,,,,,,,,,,,
"Ghostwriting
Editor
Creative Writing
Proofreading
English",Ghostwriting,Editor,Creative Writing,Proofreading,English,,,,,,,,,,,,,,,,,,,,,,,,,,
"Email Marketing
Data Cleansing
Finance & Accounting
Market Research
List Building
Prospect List
Data Entry
Lead Generation
Data Scraping",Email Marketing,Data Cleansing,Finance & Accounting,Market Research,List Building,Prospect List,Data Entry,Lead Generation,Data Scraping,,,,,,,,,,,,,,,,,,,,,,
"Editor
Proofreading
Ghostwriting
Creative Writing
Writing
English",Editor,Proofreading,Ghostwriting,Creative Writing,Writing,English,,,,,,,,,,,,,,,,,,,,,,,,,
"Content Writing
Copywriting
Social Media Marketing
Social Media Content
Creative Writing",Content Writing,Copywriting,Social Media Marketing,Social Media Content,Creative Writing,,,,,,,,,,,,,,,,,,,,,,,,,,
"Article
Article Writing
Content Writing
Creative Writing
Researcher
Writing",Article,Article Writing,Content Writing,Creative Writing,Researcher,Writing,,,,,,,,,,,,,,,,,,,,,,,,,
"WordPress
GDPR
CSS
HTML
Web Development",WordPress,GDPR,CSS,HTML,Web Development,,,,,,,,,,,,,,,,,,,,,,,,,,
"Microsoft Dynamics 365
Microsoft Dynamics Development
Office 365",Microsoft Dynamics 365,Microsoft Dynamics Development,Office 365,,,,,,,,,,,,,,,,,,,,,,,,,,,,
"Animation
3D Animation
Unreal Engine
Autodesk 3ds Max
3D Rendering
3D Modeling",Animation,3D Animation,Unreal Engine,Autodesk 3ds Max,3D Rendering,3D Modeling,,,,,,,,,,,,,,,,,,,,,,,,,
"Narrative
Writing
Copywriting
Search Engine Optimization
Article Writing",Narrative,Writing,Copywriting,Search Engine Optimization,Article Writing,,,,,,,,,,,,,,,,,,,,,,,,,,
"Website
Webflow",Website,Webflow,,,,,,,,,,,,,,,,,,,,,,,,,,,,,
"Google Ads
Social Media Advertising
Facebook Advertising
Copywriting
Ad Creative",Google Ads,Social Media Advertising,Facebook Advertising,Copywriting,Ad Creative,,,,,,,,,,,,,,,,,,,,,,,,,,
Photography,Photography,,,,,,,,,,,,,,,,,,,,,,,,,,,,,,
"On-Page SEO
Technical SEO
Off-Page SEO
Art & Design
Researcher
SEO Backlinking",On-Page SEO,Technical SEO,Off-Page SEO,Art & Design,Researcher,SEO Backlinking,,,,,,,,,,,,,,,,,,,,,,,,,
"WordPress
PHP
MySQL
Web Development
API
Custom PHP
Amazon Web Services",WordPress,PHP,MySQL,Web Development,API,Custom PHP,Amazon Web Services,,,,,,,,,,,,,,,,,,,,,,,,
"Lead Generation Content Creation
Lead Generation
Data Scraping
List Building
Data Mining
Data Entry
Researcher",Lead Generation Content Creation,Lead Generation,Data Scraping,List Building,Data Mining,Data Entry,Researcher,,,,,,,,,,,,,,,,,,,,,,,,
"3CX
Grandstream
VoIP",3CX,Grandstream,VoIP,,,,,,,,,,,,,,,,,,,,,,,,,,,,
"3CX
Grandstream
VoIP",3CX,Grandstream,VoIP,,,,,,,,,,,,,,,,,,,,,,,,,,,,
"Blog Content
Blog Writing
Content Writing
Web3",Blog Content,Blog Writing,Content Writing,Web3,,,,,,,,,,,,,,,,,,,,,,,,,,,
"Scala
Java
MongoDB",Scala,Java,MongoDB,,,,,,,,,,,,,,,,,,,,,,,,,,,,
"Branding
Bottle
Graphic Design
Packaging Design
Brand Identity & Guidelines
Print Design
Illustration
Layout Design",Branding,Bottle,Graphic Design,Packaging Design,Brand Identity & Guidelines,Print Design,Illustration,Layout Design,,,,,,,,,,,,,,,,,,,,,,,
"Symfony
PHP",Symfony,PHP,,,,,,,,,,,,,,,,,,,,,,,,,,,,,
"Search Engine Optimization
SEO Writing
SEO Keyword Research
Content Writing
SEO Performance
Website Content",Search Engine Optimization,SEO Writing,SEO Keyword Research,Content Writing,SEO Performance,Website Content,,,,,,,,,,,,,,,,,,,,,,,,,
"Python
PyQt
Python Script",Python,PyQt,Python Script,,,,,,,,,,,,,,,,,,,,,,,,,,,,
"SEO Backlinking
Organic Traffic Growth
SEO Keyword Research
Search Engine Optimization
Off-Page SEO",SEO Backlinking,Organic Traffic Growth,SEO Keyword Research,Search Engine Optimization,Off-Page SEO,,,,,,,,,,,,,,,,,,,,,,,,,,
"Photo Editing
Adobe Photoshop
Photo Retouching
Image Editing",Photo Editing,Adobe Photoshop,Photo Retouching,Image Editing,,,,,,,,,,,,,,,,,,,,,,,,,,,
"Content Writing
Online Instruction
English
Writing
Researcher
Course
Article",Content Writing,Online Instruction,English,Writing,Researcher,Course,Article,,,,,,,,,,,,,,,,,,,,,,,,
"Content Writing
Online Instruction
English
Writing
Researcher
Course
Article",Content Writing,Online Instruction,English,Writing,Researcher,Course,Article,,,,,,,,,,,,,,,,,,,,,,,,
"Scriptwriting
Documentary
Researcher
Creative Writing
Script
Explainer Video
Storytelling",Scriptwriting,Documentary,Researcher,Creative Writing,Script,Explainer Video,Storytelling,,,,,,,,,,,,,,,,,,,,,,,,
"YouTube
Video Editing
Video Editing & Production
Voice Acting
Voice-Over Recording",YouTube,Video Editing,Video Editing & Production,Voice Acting,Voice-Over Recording,,,,,,,,,,,,,,,,,,,,,,,,,,
"Market Analysis
Market Research
Competitive Analysis
Data Analysis
Researcher
Marketing Strategy",Market Analysis,Market Research,Competitive Analysis,Data Analysis,Researcher,Marketing Strategy,,,,,,,,,,,,,,,,,,,,,,,,,
"Project Management
Agile Project Management
Technical Project Management",Project Management,Agile Project Management,Technical Project Management,,,,,,,,,,,,,,,,,,,,,,,,,,,,
"Shopify
WooCommerce
Web Development
WordPress
Web Design",Shopify,WooCommerce,Web Development,WordPress,Web Design,,,,,,,,,,,,,,,,,,,,,,,,,,
"Accounting
Legal
Tax Law
Finance & Accounting
Financial Accounting",Accounting,Legal,Tax Law,Finance & Accounting,Financial Accounting,,,,,,,,,,,,,,,,,,,,,,,,,,
"Facebook
Social Media Marketing
Social Media Management
Instagram
Social Media Content
Social Media Content Creation
Social Media Advertising
Facebook Advertising
Social Media Strategy
Social Media Marketing Plan",Facebook,Social Media Marketing,Social Media Management,Instagram,Social Media Content,Social Media Content Creation,Social Media Advertising,Facebook Advertising,Social Media Strategy,Social Media Marketing Plan,,,,,,,,,,,,,,,,,,,,,
"US English Dialect
Middle-Aged Adult
Male
Narration
Audiobook
Audio Production
Voice Acting
Male Voice",US English Dialect,Middle-Aged Adult,Male,Narration,Audiobook,Audio Production,Voice Acting,Male Voice,,,,,,,,,,,,,,,,,,,,,,,
"Twitter Marketing
Twitter
Social Media Management
Social Media Marketing
Social Media Content Creation
Twitter Ads Manager
Content Writing
Twitter API
Social Media Content",Twitter Marketing,Twitter,Social Media Management,Social Media Marketing,Social Media Content Creation,Twitter Ads Manager,Content Writing,Twitter API,Social Media Content,,,,,,,,,,,,,,,,,,,,,,
"User Experience Design
Web Design",User Experience Design,Web Design,,,,,,,,,,,,,,,,,,,,,,,,,,,,,
"Virtual Assistance
Social Media Management
Social Media Marketing
Virtual Assistant
Social Media Content Creation",Virtual Assistance,Social Media Management,Social Media Marketing,Virtual Assistant,Social Media Content Creation,,,,,,,,,,,,,,,,,,,,,,,,,,
"CSS
Liquid
JavaScript
HTML
PayPal
Stripe
Shopify
Virtual Assistant",CSS,Liquid,JavaScript,HTML,PayPal,Stripe,Shopify,Virtual Assistant,,,,,,,,,,,,,,,,,,,,,,,
"MySQL
CSS
HTML
Laravel
Payment Gateway Integration",MySQL,CSS,HTML,Laravel,Payment Gateway Integration,,,,,,,,,,,,,,,,,,,,,,,,,,
"Technical Accounting
Cash Flow Analysis
Accounting",Technical Accounting,Cash Flow Analysis,Accounting,,,,,,,,,,,,,,,,,,,,,,,,,,,,
"Photo Retouching
Photo Editing
Sports Photography",Photo Retouching,Photo Editing,Sports Photography,,,,,,,,,,,,,,,,,,,,,,,,,,,,
"Graphic Design
Logo Design",Graphic Design,Logo Design,,,,,,,,,,,,,,,,,,,,,,,,,,,,,
"Adobe Photoshop
Graphic Design
Photo Editing",Adobe Photoshop,Graphic Design,Photo Editing,,,,,,,,,,,,,,,,,,,,,,,,,,,,
"Platform Plugin
WordPress Plugin
Website Optimization
Software Debugging
Business with 1-9 Employees
WordPress
Web Design
Web Development
CSS",Platform Plugin,WordPress Plugin,Website Optimization,Software Debugging,Business with 1-9 Employees,WordPress,Web Design,Web Development,CSS,,,,,,,,,,,,,,,,,,,,,,
"Intellectual Property Law
Legal
Trademark",Intellectual Property Law,Legal,Trademark,,,,,,,,,,,,,,,,,,,,,,,,,,,,
Google Analytics,Google Analytics,,,,,,,,,,,,,,,,,,,,,,,,,,,,,,
"Automation
Business with 1-9 Employees
Python
Appium
Test Automation Framework
Python Script",Automation,Business with 1-9 Employees,Python,Appium,Test Automation Framework,Python Script,,,,,,,,,,,,,,,,,,,,,,,,,
"Video Editing
Video Post-Editing
Adobe Premiere Pro
Final Cut Pro X
Motion Graphics",Video Editing,Video Post-Editing,Adobe Premiere Pro,Final Cut Pro X,Motion Graphics,,,,,,,,,,,,,,,,,,,,,,,,,,
"Google Ads
Search Engine Optimization
Google Analytics
SEO Keyword Research
Search Engine Marketing
German
SEO Backlinking",Google Ads,Search Engine Optimization,Google Analytics,SEO Keyword Research,Search Engine Marketing,German,SEO Backlinking,,,,,,,,,,,,,,,,,,,,,,,,
"Blockchain
Smart Contract
Cryptocurrency
Solidity",Blockchain,Smart Contract,Cryptocurrency,Solidity,,,,,,,,,,,,,,,,,,,,,,,,,,,
"Incident Response Plan
Cybersecurity Management
Business with 100-999 Employees
Splunk",Incident Response Plan,Cybersecurity Management,Business with 100-999 Employees,Splunk,,,,,,,,,,,,,,,,,,,,,,,,,,,
"Magento 2
Magento
Web Development
Ecommerce",Magento 2,Magento,Web Development,Ecommerce,,,,,,,,,,,,,,,,,,,,,,,,,,,
"TypeScript
CSS
React
Front-End Development",TypeScript,CSS,React,Front-End Development,,,,,,,,,,,,,,,,,,,,,,,,,,,
"Media & Entertainment
Intellectual Property Law
Legal Consulting
Copyright
Legal",Media & Entertainment,Intellectual Property Law,Legal Consulting,Copyright,Legal,,,,,,,,,,,,,,,,,,,,,,,,,,
"Content Creation
Content Management
Content Planning
Content Strategy
Social Media Marketing
Social Media Management
Instagram
Social Media Content Creation
Social Media Content
Marketing Strategy",Content Creation,Content Management,Content Planning,Content Strategy,Social Media Marketing,Social Media Management,Instagram,Social Media Content Creation,Social Media Content,Marketing Strategy,,,,,,,,,,,,,,,,,,,,,
"On-Page SEO
Off-Page SEO
Technical SEO
Content SEO
Competitive Analysis
SEO Performance
SEO Strategy
Ahrefs
Google Search Console
WordPress SEO Plugins
SEO Keyword Research
Search Engine Optimization
SEO Backlinking
Google Analytics
SEO Audit
On-Page SEO
Off-Page SEO
Conversion Rate Optimization
Organic Traffic Growth",On-Page SEO,Off-Page SEO,Technical SEO,Content SEO,Competitive Analysis,SEO Performance,SEO Strategy,Ahrefs,Google Search Console,WordPress SEO Plugins,SEO Keyword Research,Search Engine Optimization,SEO Backlinking,Google Analytics,SEO Audit,On-Page SEO,Off-Page SEO,Conversion Rate Optimization,Organic Traffic Growth,,,,,,,,,,,,
Automatic Speech Recognition,Automatic Speech Recognition,,,,,,,,,,,,,,,,,,,,,,,,,,,,,,
"Digital Marketing
Ecommerce
Virtual Assistance
Researcher
Virtual Assistant
Copywriting
Social Media Marketing
Ad Copy
Email Communication
Website Content",Digital Marketing,Ecommerce,Virtual Assistance,Researcher,Virtual Assistant,Copywriting,Social Media Marketing,Ad Copy,Email Communication,Website Content,,,,,,,,,,,,,,,,,,,,,
"Trailer
Video Editing
Video Production
Video Commercial
Movie
Adobe After Effects",Trailer,Video Editing,Video Production,Video Commercial,Movie,Adobe After Effects,,,,,,,,,,,,,,,,,,,,,,,,,
"Instagram
Social Media Marketing
Instagram Story
Content Writing
Search Engine Optimization
Social Media Advertising
Social Media Management
Social Media Content Creation
Facebook
Social Media Imagery
German",Instagram,Social Media Marketing,Instagram Story,Content Writing,Search Engine Optimization,Social Media Advertising,Social Media Management,Social Media Content Creation,Facebook,Social Media Imagery,German,,,,,,,,,,,,,,,,,,,,
"Logo Transparency
Printable File
Source File
Vector File Format
Versatile Logo Design
Logo Design
Adobe Illustrator
Brand Identity & Guidelines
Graphic Design
Adobe InDesign",Logo Transparency,Printable File,Source File,Vector File Format,Versatile Logo Design,Logo Design,Adobe Illustrator,Brand Identity & Guidelines,Graphic Design,Adobe InDesign,,,,,,,,,,,,,,,,,,,,,
"Facebook Ads Manager
Instagram
Social Media Marketing
Social Media Advertising",Facebook Ads Manager,Instagram,Social Media Marketing,Social Media Advertising,,,,,,,,,,,,,,,,,,,,,,,,,,,
"Bookkeeping
Customer Service
Virtual Assistant
Administrative Support
Data Entry
Real Estate",Bookkeeping,Customer Service,Virtual Assistant,Administrative Support,Data Entry,Real Estate,,,,,,,,,,,,,,,,,,,,,,,,,
"Java
Apache Maven
Technical Writing
Technical Documentation
QA Engineering
Linux
Ubuntu",Java,Apache Maven,Technical Writing,Technical Documentation,QA Engineering,Linux,Ubuntu,,,,,,,,,,,,,,,,,,,,,,,,
"Technical Writing
Technical Documentation
QA Management
QA Engineering
Bash
Linux
Ubuntu
Project Management
Agile Project Management
Scrum Master",Technical Writing,Technical Documentation,QA Management,QA Engineering,Bash,Linux,Ubuntu,Project Management,Agile Project Management,Scrum Master,,,,,,,,,,,,,,,,,,,,,
"Web Design
Web Development
Graphic Design",Web Design,Web Development,Graphic Design,,,,,,,,,,,,,,,,,,,,,,,,,,,,
"Virtual Assistance
Email Communication
Data Entry Clerk
Lead Generation
List Building
Data Entry
Microsoft Excel
Prospect List
Researcher
Email Design",Virtual Assistance,Email Communication,Data Entry Clerk,Lead Generation,List Building,Data Entry,Microsoft Excel,Prospect List,Researcher,Email Design,,,,,,,,,,,,,,,,,,,,,
Italian,Italian,,,,,,,,,,,,,,,,,,,,,,,,,,,,,,
"Appointment Setting
Data Cleansing
Data Entry
Facebook
Facebook Advertising
Marketing Strategy
Campaign Management
Lead Generation
Retargeting
Social Media Marketing",Appointment Setting,Data Cleansing,Data Entry,Facebook,Facebook Advertising,Marketing Strategy,Campaign Management,Lead Generation,Retargeting,Social Media Marketing,,,,,,,,,,,,,,,,,,,,,
"Video Editing
Video Production
Adobe Premiere Pro
Video Post-Editing
Adobe After Effects
Videography
Video Commercial
Graphic Design
Motion Graphics
Final Cut Pro X",Video Editing,Video Production,Adobe Premiere Pro,Video Post-Editing,Adobe After Effects,Videography,Video Commercial,Graphic Design,Motion Graphics,Final Cut Pro X,,,,,,,,,,,,,,,,,,,,,
"Instagram
Influencer Marketing
Social Media Content
Social Media Marketing
Social Media Management
Social Media Content Creation
Marketing Strategy",Instagram,Influencer Marketing,Social Media Content,Social Media Marketing,Social Media Management,Social Media Content Creation,Marketing Strategy,,,,,,,,,,,,,,,,,,,,,,,,
"React
Web Development
Landing Page
Website
Web Application",React,Web Development,Landing Page,Website,Web Application,,,,,,,,,,,,,,,,,,,,,,,,,,
"Native
Near-Native
Document Translation
Translation
German",Native,Near-Native,Document Translation,Translation,German,,,,,,,,,,,,,,,,,,,,,,,,,,
"Technical Recruiter
Researcher
Compensation Report",Technical Recruiter,Researcher,Compensation Report,,,,,,,,,,,,,,,,,,,,,,,,,,,,
"Facebook Advertising
Facebook Ads Manager
Campaign Management
Facebook Pixel Setup & Optimization
Google Ads
Social Media Marketing
Media Buying
SEO Setup & Configuration
Retargeting
Social Media Advertising",Facebook Advertising,Facebook Ads Manager,Campaign Management,Facebook Pixel Setup & Optimization,Google Ads,Social Media Marketing,Media Buying,SEO Setup & Configuration,Retargeting,Social Media Advertising,,,,,,,,,,,,,,,,,,,,,
Lead Generation,Lead Generation,,,,,,,,,,,,,,,,,,,,,,,,,,,,,,
"Content Writing
English
Article Writing
Blog Writing
Researcher
Article
Writing
Blog Content
Copywriting
Creative Writing",Content Writing,English,Article Writing,Blog Writing,Researcher,Article,Writing,Blog Content,Copywriting,Creative Writing,,,,,,,,,,,,,,,,,,,,,
"Translation
Dutch
Albanian
English
Flemish Dialect",Translation,Dutch,Albanian,English,Flemish Dialect,,,,,,,,,,,,,,,,,,,,,,,,,,
"Sales & Marketing
Business with 1-9 Employees
Customer Service
Google Sheets
English
Vendor & Supplier Outreach",Sales & Marketing,Business with 1-9 Employees,Customer Service,Google Sheets,English,Vendor & Supplier Outreach,,,,,,,,,,,,,,,,,,,,,,,,,
"Content Localization
English
Translation
Content Writing
English to French Translation
French to English Translation
Proofreading",Content Localization,English,Translation,Content Writing,English to French Translation,French to English Translation,Proofreading,,,,,,,,,,,,,,,,,,,,,,,,
"Interaction Design
Mockup
User Experience Design
Responsive Design
Wireframing",Interaction Design,Mockup,User Experience Design,Responsive Design,Wireframing,,,,,,,,,,,,,,,,,,,,,,,,,,
"Audio Editing
Color Grading
Video Editing
YouTube Marketing
YouTube Development
Adobe Premiere Pro
Video Production
Adobe After Effects
YouTube
Video Post-Editing",Audio Editing,Color Grading,Video Editing,YouTube Marketing,YouTube Development,Adobe Premiere Pro,Video Production,Adobe After Effects,YouTube,Video Post-Editing,,,,,,,,,,,,,,,,,,,,,
"Marketing Strategy
Lead Generation
Retargeting
Campaign Management
Campaign Optimization
Customer Acquisition Strategy
Advertising Strategy
Marketing Campaign Setup & Implementation
Marketing Analytics
Social Media Marketing
LinkedIn
B2B Marketing
LinkedIn Development
Campaign Reporting",Marketing Strategy,Lead Generation,Retargeting,Campaign Management,Campaign Optimization,Customer Acquisition Strategy,Advertising Strategy,Marketing Campaign Setup & Implementation,Marketing Analytics,Social Media Marketing,LinkedIn,B2B Marketing,LinkedIn Development,Campaign Reporting,,,,,,,,,,,,,,,,,
"WordPress
Web Development",WordPress,Web Development,,,,,,,,,,,,,,,,,,,,,,,,,,,,,
"UX & UI
Web Design",UX & UI,Web Design,,,,,,,,,,,,,,,,,,,,,,,,,,,,,
"UX & UI
Web Design",UX & UI,Web Design,,,,,,,,,,,,,,,,,,,,,,,,,,,,,
"Figma
Graphic Design
Web Design",Figma,Graphic Design,Web Design,,,,,,,,,,,,,,,,,,,,,,,,,,,,
"Middle-Aged Adult
English
Male
Female
US English Dialect",Middle-Aged Adult,English,Male,Female,US English Dialect,,,,,,,,,,,,,,,,,,,,,,,,,,
"Music Arrangement
Music Production
Music
MIDI
Audio Production",Music Arrangement,Music Production,Music,MIDI,Audio Production,,,,,,,,,,,,,,,,,,,,,,,,,,
"Content Localization
German
English to German Translation
German to English Translation
English
Translation
Content Writing",Content Localization,German,English to German Translation,German to English Translation,English,Translation,Content Writing,,,,,,,,,,,,,,,,,,,,,,,,
"Color Grading
Audio Editing
Video Cleanup
Video Editing
Adobe Premiere Pro
Adobe After Effects",Color Grading,Audio Editing,Video Cleanup,Video Editing,Adobe Premiere Pro,Adobe After Effects,,,,,,,,,,,,,,,,,,,,,,,,,
Logo Design,Logo Design,,,,,,,,,,,,,,,,,,,,,,,,,,,,,,
"Clothing
Fashion & Beauty
Graphic Designer
Canva
Graphic Design",Clothing,Fashion & Beauty,Graphic Designer,Canva,Graphic Design,,,,,,,,,,,,,,,,,,,,,,,,,,
"Lead Generation Analysis
Lead Generation
Google Ads
Social Media Marketing
Pay Per Click Advertising
Google Analytics
Marketing Strategy
PPC Campaign Setup & Management
Internet Marketing
Facebook",Lead Generation Analysis,Lead Generation,Google Ads,Social Media Marketing,Pay Per Click Advertising,Google Analytics,Marketing Strategy,PPC Campaign Setup & Management,Internet Marketing,Facebook,,,,,,,,,,,,,,,,,,,,,
"Social Media Account Setup
File Maintenance
Google Suite
Virtual Assistant
Communications
Data Entry
Virtual Assistance
Personal Administration
Administrative Support
Content Writing",Social Media Account Setup,File Maintenance,Google Suite,Virtual Assistant,Communications,Data Entry,Virtual Assistance,Personal Administration,Administrative Support,Content Writing,,,,,,,,,,,,,,,,,,,,,
"Lead Generation Analysis
Lead Generation
Google Ads
Social Media Marketing
Pay Per Click Advertising
Google Analytics
Marketing Strategy
PPC Campaign Setup & Management
Internet Marketing
Facebook",Lead Generation Analysis,Lead Generation,Google Ads,Social Media Marketing,Pay Per Click Advertising,Google Analytics,Marketing Strategy,PPC Campaign Setup & Management,Internet Marketing,Facebook,,,,,,,,,,,,,,,,,,,,,
"Social Media Account Setup
File Maintenance
Google Suite
Virtual Assistant
Communications
Data Entry
Virtual Assistance
Personal Administration
Administrative Support
Content Writing",Social Media Account Setup,File Maintenance,Google Suite,Virtual Assistant,Communications,Data Entry,Virtual Assistance,Personal Administration,Administrative Support,Content Writing,,,,,,,,,,,,,,,,,,,,,
"Nonfiction
How To
Formatting
Typesetting
Layout Design
Ebook Design
Print Design
Ebook
Graphic Design
Book",Nonfiction,How To,Formatting,Typesetting,Layout Design,Ebook Design,Print Design,Ebook,Graphic Design,Book,,,,,,,,,,,,,,,,,,,,,
"PHP
Laravel
MySQL
API
JavaScript
CSS
Web Development",PHP,Laravel,MySQL,API,JavaScript,CSS,Web Development,,,,,,,,,,,,,,,,,,,,,,,,
"Python
Ubuntu
Linux System Administration
Linux
Bash
Bash Programming
Scripting
Automation
PHP
JavaScript",Python,Ubuntu,Linux System Administration,Linux,Bash,Bash Programming,Scripting,Automation,PHP,JavaScript,,,,,,,,,,,,,,,,,,,,,
"Web Development
Web Design",Web Development,Web Design,,,,,,,,,,,,,,,,,,,,,,,,,,,,,
"PLC
Electronics
Electrical Engineering
Electrical Drawing
Electronic Design
Circuit Design
PCB Design",PLC,Electronics,Electrical Engineering,Electrical Drawing,Electronic Design,Circuit Design,PCB Design,,,,,,,,,,,,,,,,,,,,,,,,
"API Integration
Digital Mapping
Dashboard
Presentations
AnyChart
ArcGIS
Cognos
BIRT
Chartio
Domo
Geckoboard
Google Data Studio
Google Sheets
Infogram
Grafana
SAP Analytics
Tableau
SAP Crystal Reports
QlikView
Matplotlib
Oracle Analytics Cloud
Java
SQL
Microsoft Excel
Data Analysis
Data Modeling
Data Visualization
Microsoft Power BI
Business Intelligence
Microsoft Excel PowerPivot
Data Mining",API Integration,Digital Mapping,Dashboard,Presentations,AnyChart,ArcGIS,Cognos,BIRT,Chartio,Domo,Geckoboard,Google Data Studio,Google Sheets,Infogram,Grafana,SAP Analytics,Tableau,SAP Crystal Reports,QlikView,Matplotlib,Oracle Analytics Cloud,Java,SQL,Microsoft Excel,Data Analysis,Data Modeling,Data Visualization,Microsoft Power BI,Business Intelligence,Microsoft Excel PowerPivot,Data Mining
"German
Researcher
Writing
Content Writing
Copywriting
Ebook
Ebook Writing",German,Researcher,Writing,Content Writing,Copywriting,Ebook,Ebook Writing,,,,,,,,,,,,,,,,,,,,,,,,
"Microsoft Word
Data Entry
Typing
English
Microsoft Excel",Microsoft Word,Data Entry,Typing,English,Microsoft Excel,,,,,,,,,,,,,,,,,,,,,,,,,,
"Microsoft Word
Data Entry
Typing
English
Microsoft Excel",Microsoft Word,Data Entry,Typing,English,Microsoft Excel,,,,,,,,,,,,,,,,,,,,,,,,,,
"Microsoft Excel
SQL
Accounting Basics",Microsoft Excel,SQL,Accounting Basics,,,,,,,,,,,,,,,,,,,,,,,,,,,,
"Web Design
WordPress
Web Development
Graphic Design
GoDaddy
Mockup
SEO Content",Web Design,WordPress,Web Development,Graphic Design,GoDaddy,Mockup,SEO Content,,,,,,,,,,,,,,,,,,,,,,,,
"Lead Generation
Email Marketing
List Building
Cold Calling
Outbound Sales",Lead Generation,Email Marketing,List Building,Cold Calling,Outbound Sales,,,,,,,,,,,,,,,,,,,,,,,,,,
"Bookkeeping
Customer Service
Virtual Assistant
Administrative Support
Data Entry
Real Estate",Bookkeeping,Customer Service,Virtual Assistant,Administrative Support,Data Entry,Real Estate,,,,,,,,,,,,,,,,,,,,,,,,,
"Scheduling
Cold Calling
Sales
Telemarketing",Scheduling,Cold Calling,Sales,Telemarketing,,,,,,,,,,,,,,,,,,,,,,,,,,,
"Python
XML
Flask",Python,XML,Flask,,,,,,,,,,,,,,,,,,,,,,,,,,,,
"Video Commercial
English
Content Writing
Creative Writing
Education
Finance",Video Commercial,English,Content Writing,Creative Writing,Education,Finance,,,,,,,,,,,,,,,,,,,,,,,,,
"Google Ads
Pay Per Click Advertising",Google Ads,Pay Per Click Advertising,,,,,,,,,,,,,,,,,,,,,,,,,,,,,
"German
Translation
Creative Writing
English to Italian Translation",German,Translation,Creative Writing,English to Italian Translation,,,,,,,,,,,,,,,,,,,,,,,,,,,
"YouTube Marketing
YouTube Development
Social Media Management
Brand Positioning
Content Strategy
Marketing Strategy",YouTube Marketing,YouTube Development,Social Media Management,Brand Positioning,Content Strategy,Marketing Strategy,,,,,,,,,,,,,,,,,,,,,,,,,
"Microsoft Word
Data Entry
Typing
English
Accuracy Verification
Microsoft Excel",Microsoft Word,Data Entry,Typing,English,Accuracy Verification,Microsoft Excel,,,,,,,,,,,,,,,,,,,,,,,,,
"Graphic Design
Adobe Illustrator
Photo Editing
YouTube
Adobe Photoshop
Social Media Imagery
Adobe InDesign
Banner Ad Design",Graphic Design,Adobe Illustrator,Photo Editing,YouTube,Adobe Photoshop,Social Media Imagery,Adobe InDesign,Banner Ad Design,,,,,,,,,,,,,,,,,,,,,,,
"HTML
Web Development
Graphic Design
Web Design",HTML,Web Development,Graphic Design,Web Design,,,,,,,,,,,,,,,,,,,,,,,,,,,
"Researcher
Market Research
Content Writing
Human Resource Management",Researcher,Market Research,Content Writing,Human Resource Management,,,,,,,,,,,,,,,,,,,,,,,,,,,
"Zoho CRM
Italian
End User Technical Support
Desktop & Laptop Support
Procedure Development
Customer Service
Customer Support
Customer Satisfaction
Zoho CRM Expert
Zoho Projects",Zoho CRM,Italian,End User Technical Support,Desktop & Laptop Support,Procedure Development,Customer Service,Customer Support,Customer Satisfaction,Zoho CRM Expert,Zoho Projects,,,,,,,,,,,,,,,,,,,,,
Graphic Design,Graphic Design,,,,,,,,,,,,,,,,,,,,,,,,,,,,,,
"Voice-Over
Voice Acting
Male
US English Dialect
Female
Middle-Aged Adult
British English Accent
Canadian English Dialect
Young Adult
Audio Editing",Voice-Over,Voice Acting,Male,US English Dialect,Female,Middle-Aged Adult,British English Accent,Canadian English Dialect,Young Adult,Audio Editing,,,,,,,,,,,,,,,,,,,,,
"Video Editing
Video Production
Video Post-Editing
Adobe After Effects
Adobe Premiere Pro",Video Editing,Video Production,Video Post-Editing,Adobe After Effects,Adobe Premiere Pro,,,,,,,,,,,,,,,,,,,,,,,,,,
"Lead Generation
List Building
Telemarketing
Social Media Marketing
Internet Marketing
Facebook
Marketing Strategy",Lead Generation,List Building,Telemarketing,Social Media Marketing,Internet Marketing,Facebook,Marketing Strategy,,,,,,,,,,,,,,,,,,,,,,,,
"Lead Generation
List Building
Telemarketing
Social Media Marketing
Internet Marketing
Facebook
Marketing Strategy",Lead Generation,List Building,Telemarketing,Social Media Marketing,Internet Marketing,Facebook,Marketing Strategy,,,,,,,,,,,,,,,,,,,,,,,,
"Italian
Customer Service
Customer Support
HubSpot
Email Support",Italian,Customer Service,Customer Support,HubSpot,Email Support,,,,,,,,,,,,,,,,,,,,,,,,,,
"Trademark
Trademark Consulting",Trademark,Trademark Consulting,,,,,,,,,,,,,,,,,,,,,,,,,,,,,
"Machine Learning
Computer Vision
Classification
Data Annotation
Video Annotation
Model Validation
Quality Control
Data Quality Assessment
Quality Assurance",Machine Learning,Computer Vision,Classification,Data Annotation,Video Annotation,Model Validation,Quality Control,Data Quality Assessment,Quality Assurance,,,,,,,,,,,,,,,,,,,,,,
"Adobe Photoshop Lightroom
JPG
PNG
Adobe Photoshop
Photo Retouching
Photo Editing
Image Editing
Photo Manipulation
Product Photography
Photo Color Correction",Adobe Photoshop Lightroom,JPG,PNG,Adobe Photoshop,Photo Retouching,Photo Editing,Image Editing,Photo Manipulation,Product Photography,Photo Color Correction,,,,,,,,,,,,,,,,,,,,,
"YouTube
Social Media Marketing
YouTube Development
YouTube Monetization
YouTube Subscribers",YouTube,Social Media Marketing,YouTube Development,YouTube Monetization,YouTube Subscribers,,,,,,,,,,,,,,,,,,,,,,,,,,
"English to Portuguese Translation
Technical Translation
Portuguese
English
Translation",English to Portuguese Translation,Technical Translation,Portuguese,English,Translation,,,,,,,,,,,,,,,,,,,,,,,,,,
"Content Writing
Article
Researcher
Blog Content
Article Writing
Twitter Marketing",Content Writing,Article,Researcher,Blog Content,Article Writing,Twitter Marketing,,,,,,,,,,,,,,,,,,,,,,,,,
"Liquid
Shopify
Recharge",Liquid,Shopify,Recharge,,,,,,,,,,,,,,,,,,,,,,,,,,,,
"Instagram
Twitter
Social Media Management",Instagram,Twitter,Social Media Management,,,,,,,,,,,,,,,,,,,,,,,,,,,,
"macOS
Mac OS X Administration",macOS,Mac OS X Administration,,,,,,,,,,,,,,,,,,,,,,,,,,,,,
Product Formulation,Product Formulation,,,,,,,,,,,,,,,,,,,,,,,,,,,,,,
"Content Writing
Copywriting
Writing
Social Media Marketing
Creative Writing
Instagram
German",Content Writing,Copywriting,Writing,Social Media Marketing,Creative Writing,Instagram,German,,,,,,,,,,,,,,,,,,,,,,,,
"Forex Trading
MetaTrader 4
Financial Analysis",Forex Trading,MetaTrader 4,Financial Analysis,,,,,,,,,,,,,,,,,,,,,,,,,,,,
"Machine Learning
Computer Vision
Classification
Data Annotation
Video Annotation
Model Validation
Quality Control
Data Quality Assessment",Machine Learning,Computer Vision,Classification,Data Annotation,Video Annotation,Model Validation,Quality Control,Data Quality Assessment,,,,,,,,,,,,,,,,,,,,,,,
"jQuery
JavaScript
Microsoft Dynamics 365
Microsoft Dynamics Development
API Integration",jQuery,JavaScript,Microsoft Dynamics 365,Microsoft Dynamics Development,API Integration,,,,,,,,,,,,,,,,,,,,,,,,,,
"Shopify
Customer Service
Product Knowledge
Customer Support
Email Support
Dropshipping
Virtual Assistant
Customer Satisfaction
Zendesk
Order Tracking",Shopify,Customer Service,Product Knowledge,Customer Support,Email Support,Dropshipping,Virtual Assistant,Customer Satisfaction,Zendesk,Order Tracking,,,,,,,,,,,,,,,,,,,,,
"Logo Design
Web Design
Web Development
Graphic Design
Illustration",Logo Design,Web Design,Web Development,Graphic Design,Illustration,,,,,,,,,,,,,,,,,,,,,,,,,,
"Scripting
Automation
JavaScript
Java
Python Script
Python
Minecraft
Software",Scripting,Automation,JavaScript,Java,Python Script,Python,Minecraft,Software,,,,,,,,,,,,,,,,,,,,,,,
"Node.js
MongoDB
API
JavaScript
Database
API Integration
Business Logic Layer",Node.js,MongoDB,API,JavaScript,Database,API Integration,Business Logic Layer,,,,,,,,,,,,,,,,,,,,,,,,
"Squarespace
PHP
CSS
WordPress",Squarespace,PHP,CSS,WordPress,,,,,,,,,,,,,,,,,,,,,,,,,,,
"Scripting
Automation
NumPy
Machine Learning
JavaScript
Java
Python Script
Python",Scripting,Automation,NumPy,Machine Learning,JavaScript,Java,Python Script,Python,,,,,,,,,,,,,,,,,,,,,,,
"Graphic Design
Brand Identity & Guidelines
Layout Design
Logo Design
Print Design
Packaging Design",Graphic Design,Brand Identity & Guidelines,Layout Design,Logo Design,Print Design,Packaging Design,,,,,,,,,,,,,,,,,,,,,,,,,
"Bluetooth
C#
Unity",Bluetooth,C#,Unity,,,,,,,,,,,,,,,,,,,,,,,,,,,,
"Real Estate
Lead Generation
Social Media Marketing
Facebook
German",Real Estate,Lead Generation,Social Media Marketing,Facebook,German,,,,,,,,,,,,,,,,,,,,,,,,,,
"Printable File
Invitation Design
Contemporary Style",Printable File,Invitation Design,Contemporary Style,,,,,,,,,,,,,,,,,,,,,,,,,,,,
"Social Media Marketing
Instagram
Facebook
Social Media Content Creation",Social Media Marketing,Instagram,Facebook,Social Media Content Creation,,,,,,,,,,,,,,,,,,,,,,,,,,,
"Video Editing
Video Production
Video Post-Editing
Adobe Premiere Pro",Video Editing,Video Production,Video Post-Editing,Adobe Premiere Pro,,,,,,,,,,,,,,,,,,,,,,,,,,,
"Italian
English
Translation",Italian,English,Translation,,,,,,,,,,,,,,,,,,,,,,,,,,,,
"Video Editing
Video Post-Editing
Adobe Premiere Pro
Video Production",Video Editing,Video Post-Editing,Adobe Premiere Pro,Video Production,,,,,,,,,,,,,,,,,,,,,,,,,,,
"Video Editing
Video Post-Editing
Video Production
Adobe After Effects
Adobe Premiere Pro",Video Editing,Video Post-Editing,Video Production,Adobe After Effects,Adobe Premiere Pro,,,,,,,,,,,,,,,,,,,,,,,,,,
"Source File
Logo Design
Graphic Design
Adobe Illustrator",Source File,Logo Design,Graphic Design,Adobe Illustrator,,,,,,,,,,,,,,,,,,,,,,,,,,,
"Acting
Male
Female",Acting,Male,Female,,,,,,,,,,,,,,,,,,,,,,,,,,,,
"Facebook Ads Manager
Facebook
Facebook Advertising
Campaign Reporting
Conversion Rate Optimization
Marketing Strategy",Facebook Ads Manager,Facebook,Facebook Advertising,Campaign Reporting,Conversion Rate Optimization,Marketing Strategy,,,,,,,,,,,,,,,,,,,,,,,,,
App Store Optimization,App Store Optimization,,,,,,,,,,,,,,,,,,,,,,,,,,,,,,
"Social Media Management
Social Media Marketing
Social Media Content
Social Media Content Creation
Marketing Strategy
Content Writing
Internet Marketing
Facebook Advertising
Instagram Story
Instagram",Social Media Management,Social Media Marketing,Social Media Content,Social Media Content Creation,Marketing Strategy,Content Writing,Internet Marketing,Facebook Advertising,Instagram Story,Instagram,,,,,,,,,,,,,,,,,,,,,
"Acting
Voice Acting
Female
Male",Acting,Voice Acting,Female,Male,,,,,,,,,,,,,,,,,,,,,,,,,,,
"Laravel
AJAX
jQuery
PHP
JavaScript
HTML5
CSS",Laravel,AJAX,jQuery,PHP,JavaScript,HTML5,CSS,,,,,,,,,,,,,,,,,,,,,,,,
"Sales Analytics
Data Analysis
Report
Data Interpretation
Statistical Analysis
Market Analysis
Financial Analysis",Sales Analytics,Data Analysis,Report,Data Interpretation,Statistical Analysis,Market Analysis,Financial Analysis,,,,,,,,,,,,,,,,,,,,,,,,
"Bank Reconciliation
Amazon Webstore
Bookkeeping
Accounting
Tax Preparation
Amazon FBA",Bank Reconciliation,Amazon Webstore,Bookkeeping,Accounting,Tax Preparation,Amazon FBA,,,,,,,,,,,,,,,,,,,,,,,,,
"Acting
Female
Male
Voice Acting",Acting,Female,Male,Voice Acting,,,,,,,,,,,,,,,,,,,,,,,,,,,
"Technical SEO
Shopify SEO
SEO Keyword Research
Search Engine Optimization
On-Page SEO
SEO Backlinking
Organic Traffic Growth
Google Analytics",Technical SEO,Shopify SEO,SEO Keyword Research,Search Engine Optimization,On-Page SEO,SEO Backlinking,Organic Traffic Growth,Google Analytics,,,,,,,,,,,,,,,,,,,,,,,
"Microsoft Power BI
Data Visualization
Microsoft Power BI Data Visualization",Microsoft Power BI,Data Visualization,Microsoft Power BI Data Visualization,,,,,,,,,,,,,,,,,,,,,,,,,,,,
"WordPress
WooCommerce
Business with 1-9 Employees
Web Development
Graphic Design
Web Design",WordPress,WooCommerce,Business with 1-9 Employees,Web Development,Graphic Design,Web Design,,,,,,,,,,,,,,,,,,,,,,,,,
"Screen Scraping
Web Scraping
Data Extraction
Data Scraping
Microsoft Excel
Data Mining
Data Entry",Screen Scraping,Web Scraping,Data Extraction,Data Scraping,Microsoft Excel,Data Mining,Data Entry,,,,,,,,,,,,,,,,,,,,,,,,
"Shopify
Shopify Templates
Shopify Theme
Web Development
Web Design
Ecommerce Website
Graphic Design",Shopify,Shopify Templates,Shopify Theme,Web Development,Web Design,Ecommerce Website,Graphic Design,,,,,,,,,,,,,,,,,,,,,,,,
"Facebook
Facebook Advertising",Facebook,Facebook Advertising,,,,,,,,,,,,,,,,,,,,,,,,,,,,,
"Web Application
Customer Relationship Management",Web Application,Customer Relationship Management,,,,,,,,,,,,,,,,,,,,,,,,,,,,,
Google Chrome Extension,Google Chrome Extension,,,,,,,,,,,,,,,,,,,,,,,,,,,,,,
"WordPress
Web Development
PHP
HTML
CSS
JavaScript
User Flow",WordPress,Web Development,PHP,HTML,CSS,JavaScript,User Flow,,,,,,,,,,,,,,,,,,,,,,,,
"Web Application
Customer Relationship Management",Web Application,Customer Relationship Management,,,,,,,,,,,,,,,,,,,,,,,,,,,,,
Google Chrome Extension,Google Chrome Extension,,,,,,,,,,,,,,,,,,,,,,,,,,,,,,
"WordPress
Web Development
PHP
HTML
CSS
JavaScript
User Flow",WordPress,Web Development,PHP,HTML,CSS,JavaScript,User Flow,,,,,,,,,,,,,,,,,,,,,,,,
"German
English
English to German Translation",German,English,English to German Translation,,,,,,,,,,,,,,,,,,,,,,,,,,,,
"Facebook
Social Media Marketing
Facebook Advertising
Facebook Ads Manager",Facebook,Social Media Marketing,Facebook Advertising,Facebook Ads Manager,,,,,,,,,,,,,,,,,,,,,,,,,,,
Laravel,Laravel,,,,,,,,,,,,,,,,,,,,,,,,,,,,,,
"Unreal Engine
3D Modeling
Virtual Reality
Game Development
3D Rendering",Unreal Engine,3D Modeling,Virtual Reality,Game Development,3D Rendering,,,,,,,,,,,,,,,,,,,,,,,,,,
"Laravel
Stripe",Laravel,Stripe,,,,,,,,,,,,,,,,,,,,,,,,,,,,,
"Adobe After Effects
Adobe Premiere Pro
Video Editing
Motion Graphics
YouTube",Adobe After Effects,Adobe Premiere Pro,Video Editing,Motion Graphics,YouTube,,,,,,,,,,,,,,,,,,,,,,,,,,
"Survey Design
Survey Question
Survey Flow",Survey Design,Survey Question,Survey Flow,,,,,,,,,,,,,,,,,,,,,,,,,,,,
Microsoft Excel,Microsoft Excel,,,,,,,,,,,,,,,,,,,,,,,,,,,,,,
"Asterisk
VICIDIAL
VoIP
Session Initiation Protocol",Asterisk,VICIDIAL,VoIP,Session Initiation Protocol,,,,,,,,,,,,,,,,,,,,,,,,,,,
"Unity
Game Development
Game Design
Mobile Game
C#
Game Design Document
Android
Prototyping",Unity,Game Development,Game Design,Mobile Game,C#,Game Design Document,Android,Prototyping,,,,,,,,,,,,,,,,,,,,,,,
"React
Laravel
Web Application
Ecommerce Website
Web Development
PHP
Node.js
Vue.js
Git
Bootstrap
API Integration
MongoDB
MariaDB",React,Laravel,Web Application,Ecommerce Website,Web Development,PHP,Node.js,Vue.js,Git,Bootstrap,API Integration,MongoDB,MariaDB,,,,,,,,,,,,,,,,,,
"Illustration
Character Design
Animation
3D Design",Illustration,Character Design,Animation,3D Design,,,,,,,,,,,,,,,,,,,,,,,,,,,
"Data Scraping
Lead Generation
Data Mining
Automation
Prospect List
List Building",Data Scraping,Lead Generation,Data Mining,Automation,Prospect List,List Building,,,,,,,,,,,,,,,,,,,,,,,,,
"Deep Learning Modeling
Model Tuning
Python
Scala
Java
C++
Natural Language Processing
Deep Learning
TensorFlow
Artificial Intelligence",Deep Learning Modeling,Model Tuning,Python,Scala,Java,C++,Natural Language Processing,Deep Learning,TensorFlow,Artificial Intelligence,,,,,,,,,,,,,,,,,,,,,
"Data Visualization
Microsoft Excel
Data Analysis
Data Entry
Statistics",Data Visualization,Microsoft Excel,Data Analysis,Data Entry,Statistics,,,,,,,,,,,,,,,,,,,,,,,,,,
"Visual Basic for Applications
Microsoft Excel
Macro Programming",Visual Basic for Applications,Microsoft Excel,Macro Programming,,,,,,,,,,,,,,,,,,,,,,,,,,,,
Content Writing,Content Writing,,,,,,,,,,,,,,,,,,,,,,,,,,,,,,
"Data Scraping
Lead Generation
Data Mining
Automation
Prospect List
List Building",Data Scraping,Lead Generation,Data Mining,Automation,Prospect List,List Building,,,,,,,,,,,,,,,,,,,,,,,,,
"Deep Learning Modeling
Model Tuning
Python
Scala
Java
C++
Natural Language Processing
Deep Learning
TensorFlow
Artificial Intelligence",Deep Learning Modeling,Model Tuning,Python,Scala,Java,C++,Natural Language Processing,Deep Learning,TensorFlow,Artificial Intelligence,,,,,,,,,,,,,,,,,,,,,
"Data Visualization
Microsoft Excel
Data Analysis
Data Entry
Statistics",Data Visualization,Microsoft Excel,Data Analysis,Data Entry,Statistics,,,,,,,,,,,,,,,,,,,,,,,,,,
"Visual Basic for Applications
Microsoft Excel
Macro Programming",Visual Basic for Applications,Microsoft Excel,Macro Programming,,,,,,,,,,,,,,,,,,,,,,,,,,,,
Content Writing,Content Writing,,,,,,,,,,,,,,,,,,,,,,,,,,,,,,
"Graphic Design
Adobe Illustrator
Adobe InDesign
Print Design
Microsoft PowerPoint
Minimalist
Illustration
Layout Design",Graphic Design,Adobe Illustrator,Adobe InDesign,Print Design,Microsoft PowerPoint,Minimalist,Illustration,Layout Design,,,,,,,,,,,,,,,,,,,,,,,
"Ghostwriting
Writing
Fiction Writing
Ebook Writing
Creative Writing
Book Writing
Ghostwriting
Fiction Writing
Creative Writing
Book Writing
Writing
Content Writing
Ebook Writing
Romance
English",Ghostwriting,Writing,Fiction Writing,Ebook Writing,Creative Writing,Book Writing,Ghostwriting,Fiction Writing,Creative Writing,Book Writing,Writing,Content Writing,Ebook Writing,Romance,English,,,,,,,,,,,,,,,,
"M4V
AVI
Nonfiction
Testimonial Video
Corporate Video
Video Production
Explainer Video",M4V,AVI,Nonfiction,Testimonial Video,Corporate Video,Video Production,Explainer Video,,,,,,,,,,,,,,,,,,,,,,,,
"WordPress
Web Development
Web Design
PHP
MySQL",WordPress,Web Development,Web Design,PHP,MySQL,,,,,,,,,,,,,,,,,,,,,,,,,,
"Shopify
Web Design
Web Development
Shopify Templates
Graphic Design
Shopify Theme",Shopify,Web Design,Web Development,Shopify Templates,Graphic Design,Shopify Theme,,,,,,,,,,,,,,,,,,,,,,,,,
"Website Redesign
CSS
Shopify
Shopify Apps
Shopify Templates",Website Redesign,CSS,Shopify,Shopify Apps,Shopify Templates,,,,,,,,,,,,,,,,,,,,,,,,,,
iOS,iOS,,,,,,,,,,,,,,,,,,,,,,,,,,,,,,
"Business Planning & Strategy
Partnership Development
Competitive Analysis
Relationship Management
Market Research
Sales
Sales Management
English",Business Planning & Strategy,Partnership Development,Competitive Analysis,Relationship Management,Market Research,Sales,Sales Management,English,,,,,,,,,,,,,,,,,,,,,,,
"Media Buying
Facebook
Social Media Marketing
Campaign Management
Marketing Strategy",Media Buying,Facebook,Social Media Marketing,Campaign Management,Marketing Strategy,,,,,,,,,,,,,,,,,,,,,,,,,,
"Facebook
Instagram
Social Media Marketing
Facebook Advertising
Retargeting
Social Media Advertising
Campaign Management
Marketing Strategy
Lead Generation",Facebook,Instagram,Social Media Marketing,Facebook Advertising,Retargeting,Social Media Advertising,Campaign Management,Marketing Strategy,Lead Generation,,,,,,,,,,,,,,,,,,,,,,
"Testimonial Video
Video Commercial
Explainer Video
Demo Video
Review
Android
Smartphone",Testimonial Video,Video Commercial,Explainer Video,Demo Video,Review,Android,Smartphone,,,,,,,,,,,,,,,,,,,,,,,,
Autodesk AutoCAD,Autodesk AutoCAD,,,,,,,,,,,,,,,,,,,,,,,,,,,,,,
"Adobe After Effects
2D Animation
Character Design
Animation
Motion Graphics
Illustration",Adobe After Effects,2D Animation,Character Design,Animation,Motion Graphics,Illustration,,,,,,,,,,,,,,,,,,,,,,,,,
"WordPress
Web Development
CSS",WordPress,Web Development,CSS,,,,,,,,,,,,,,,,,,,,,,,,,,,,
"Data Extraction
Data Scraping
Beautiful Soup
Python
Scrapy
Automation
Scripting
Node.js",Data Extraction,Data Scraping,Beautiful Soup,Python,Scrapy,Automation,Scripting,Node.js,,,,,,,,,,,,,,,,,,,,,,,
"Data Extraction
Data Scraping
Beautiful Soup
Python
Scrapy
Automation
Scripting
Node.js",Data Extraction,Data Scraping,Beautiful Soup,Python,Scrapy,Automation,Scripting,Node.js,,,,,,,,,,,,,,,,,,,,,,,
"Azure DevOps
.NET Framework
C#
AngularJS
API
SQL",Azure DevOps,.NET Framework,C#,AngularJS,API,SQL,,,,,,,,,,,,,,,,,,,,,,,,,
"Competitive Analysis
Business Planning & Strategy
Partnership Development
Price & Quote Negotiation
Market Research
Sales Development
Sales Management
Indonesian
English",Competitive Analysis,Business Planning & Strategy,Partnership Development,Price & Quote Negotiation,Market Research,Sales Development,Sales Management,Indonesian,English,,,,,,,,,,,,,,,,,,,,,,
"Conversational
Business Translation
Fluent
English
Live Interpretation",Conversational,Business Translation,Fluent,English,Live Interpretation,,,,,,,,,,,,,,,,,,,,,,,,,,
"Content Writing
Social Media Marketing
Copywriting
Product Page
Search Engine Optimization",Content Writing,Social Media Marketing,Copywriting,Product Page,Search Engine Optimization,,,,,,,,,,,,,,,,,,,,,,,,,,
"Git
MySQL
PostgreSQL
Python
RESTful API
API
Amazon Web Services
Web Development",Git,MySQL,PostgreSQL,Python,RESTful API,API,Amazon Web Services,Web Development,,,,,,,,,,,,,,,,,,,,,,,
"AngularJS
Angular
JavaScript
CSS
HTML
HTML5
Front-End Development
TypeScript
Git
CSS 3",AngularJS,Angular,JavaScript,CSS,HTML,HTML5,Front-End Development,TypeScript,Git,CSS 3,,,,,,,,,,,,,,,,,,,,,
"Logo Design
Graphic Design
Adobe Illustrator
Branding
Fashion & Beauty",Logo Design,Graphic Design,Adobe Illustrator,Branding,Fashion & Beauty,,,,,,,,,,,,,,,,,,,,,,,,,,
"JavaScript
Automated Testing
Unit Testing
Software QA
Node.js",JavaScript,Automated Testing,Unit Testing,Software QA,Node.js,,,,,,,,,,,,,,,,,,,,,,,,,,
"Competitive Analysis
Business Planning & Strategy
Market Research
Partnership Development
Relationship Management
Sales Development
English",Competitive Analysis,Business Planning & Strategy,Market Research,Partnership Development,Relationship Management,Sales Development,English,,,,,,,,,,,,,,,,,,,,,,,,
"PostgreSQL
TypeScript
C++
Node.js
JavaScript
API
RESTful API
Web Development
AWS Lambda",PostgreSQL,TypeScript,C++,Node.js,JavaScript,API,RESTful API,Web Development,AWS Lambda,,,,,,,,,,,,,,,,,,,,,,
"Kotlin
Java
Android",Kotlin,Java,Android,,,,,,,,,,,,,,,,,,,,,,,,,,,,
"Manga
Anime
Illustration
Cartoon Art
Cryptocurrency",Manga,Anime,Illustration,Cartoon Art,Cryptocurrency,,,,,,,,,,,,,,,,,,,,,,,,,,
"Content Writing
Writing
Creative Writing
Scriptwriting",Content Writing,Writing,Creative Writing,Scriptwriting,,,,,,,,,,,,,,,,,,,,,,,,,,,
"Email Marketing
Lead Generation
Ecommerce
Prospect List",Email Marketing,Lead Generation,Ecommerce,Prospect List,,,,,,,,,,,,,,,,,,,,,,,,,,,
"Content Writing
Blog Content
Journalism Writing
Media & Entertainment",Content Writing,Blog Content,Journalism Writing,Media & Entertainment,,,,,,,,,,,,,,,,,,,,,,,,,,,
"Microsoft Word
Data Entry
Researcher
Topic Research
Virtual Assistant
Administrative Support
Content Writing
Social Media Marketing",Microsoft Word,Data Entry,Researcher,Topic Research,Virtual Assistant,Administrative Support,Content Writing,Social Media Marketing,,,,,,,,,,,,,,,,,,,,,,,
"SEO Performance
SEO Strategy
Sales & Marketing
Wix SEO Wiz
Content SEO
Search Engine Optimization
SEO Audit",SEO Performance,SEO Strategy,Sales & Marketing,Wix SEO Wiz,Content SEO,Search Engine Optimization,SEO Audit,,,,,,,,,,,,,,,,,,,,,,,,
"HubSpot
Marketing Automation
Project Workflows
CRM Automation
CRM Development",HubSpot,Marketing Automation,Project Workflows,CRM Automation,CRM Development,,,,,,,,,,,,,,,,,,,,,,,,,,
"Search Engine Optimization
Content Writing
SEO Writing",Search Engine Optimization,Content Writing,SEO Writing,,,,,,,,,,,,,,,,,,,,,,,,,,,,
"Search Engine Optimization
Content Writing
SEO Writing",Search Engine Optimization,Content Writing,SEO Writing,,,,,,,,,,,,,,,,,,,,,,,,,,,,
"JavaScript
WordPress
CSS
Web Development
HTML5
PHP
Web Design
API
jQuery
Web Application",JavaScript,WordPress,CSS,Web Development,HTML5,PHP,Web Design,API,jQuery,Web Application,,,,,,,,,,,,,,,,,,,,,
"French
English to French Translation",French,English to French Translation,,,,,,,,,,,,,,,,,,,,,,,,,,,,,
Zendesk,Zendesk,,,,,,,,,,,,,,,,,,,,,,,,,,,,,,
"Content Marketing Strategy
Case Studies
Product Page
Business Writing
Website Content
Blog Content
Article
SEO Writing
Copywriting",Content Marketing Strategy,Case Studies,Product Page,Business Writing,Website Content,Blog Content,Article,SEO Writing,Copywriting,,,,,,,,,,,,,,,,,,,,,,
"Female
British English Accent
Voice-Over
Phone Communication",Female,British English Accent,Voice-Over,Phone Communication,,,,,,,,,,,,,,,,,,,,,,,,,,,
"Ghostwriting
Novel
Nonfiction
English
Book Writing",Ghostwriting,Novel,Nonfiction,English,Book Writing,,,,,,,,,,,,,,,,,,,,,,,,,,
"Zoho CRM
API
DocuSign
API Development",Zoho CRM,API,DocuSign,API Development,,,,,,,,,,,,,,,,,,,,,,,,,,,
"Concept Design
Design for Manufacturing
Product Design
Industrial & Product Design Consultation
3D Rendering
3D Modeling
CAD",Concept Design,Design for Manufacturing,Product Design,Industrial & Product Design Consultation,3D Rendering,3D Modeling,CAD,,,,,,,,,,,,,,,,,,,,,,,,
"Facebook
Facebook Advertising
Social Media Marketing
Facebook Ads Manager
Instagram",Facebook,Facebook Advertising,Social Media Marketing,Facebook Ads Manager,Instagram,,,,,,,,,,,,,,,,,,,,,,,,,,
"Social Media Marketing
Facebook Advertising
Social Media Management
Social Media Content Creation",Social Media Marketing,Facebook Advertising,Social Media Management,Social Media Content Creation,,,,,,,,,,,,,,,,,,,,,,,,,,,
"React Native
Android
iOS
React
Android App Development
Mobile App Development
Firebase",React Native,Android,iOS,React,Android App Development,Mobile App Development,Firebase,,,,,,,,,,,,,,,,,,,,,,,,
"Product Design
Fashion Design
Graphic Design
Packaging Design
Illustration
Product Development",Product Design,Fashion Design,Graphic Design,Packaging Design,Illustration,Product Development,,,,,,,,,,,,,,,,,,,,,,,,,
"WordPress
JavaScript
Website
Web Development",WordPress,JavaScript,Website,Web Development,,,,,,,,,,,,,,,,,,,,,,,,,,,
"Graphic Design
Illustration
Drawing
Photo Manipulation
Book Cover",Graphic Design,Illustration,Drawing,Photo Manipulation,Book Cover,,,,,,,,,,,,,,,,,,,,,,,,,,
"Competitive Analysis
Business Planning & Strategy
Market Research
Partnership Development
Relationship Management
Price & Quote Negotiation
Japanese",Competitive Analysis,Business Planning & Strategy,Market Research,Partnership Development,Relationship Management,Price & Quote Negotiation,Japanese,,,,,,,,,,,,,,,,,,,,,,,,
"WordPress
Web Development
Website
PHP",WordPress,Web Development,Website,PHP,,,,,,,,,,,,,,,,,,,,,,,,,,,
"Data Entry
Data Mining
Data Extraction
Data Scraping
Data Management
Data Processing
Lead Generation
Google Search
Google Sheets
LinkedIn
Instagram
Twitter
YouTube",Data Entry,Data Mining,Data Extraction,Data Scraping,Data Management,Data Processing,Lead Generation,Google Search,Google Sheets,LinkedIn,Instagram,Twitter,YouTube,,,,,,,,,,,,,,,,,,
"API
Zapier
API Integration
API Development
Automation
RESTful API",API,Zapier,API Integration,API Development,Automation,RESTful API,,,,,,,,,,,,,,,,,,,,,,,,,
"Webflow
Web Design
HTML
CSS
Web Development
HTML5
Website
Graphic Design
WordPress
Landing Page",Webflow,Web Design,HTML,CSS,Web Development,HTML5,Website,Graphic Design,WordPress,Landing Page,,,,,,,,,,,,,,,,,,,,,
"API Testing
Desktop Application Testing
End-to-End Testing
Integration Testing
Postman
Software QA
Usability Testing
Mobile App Testing
Quality Assurance
Software Testing",API Testing,Desktop Application Testing,End-to-End Testing,Integration Testing,Postman,Software QA,Usability Testing,Mobile App Testing,Quality Assurance,Software Testing,,,,,,,,,,,,,,,,,,,,,
"Content Writing
Blog Content
Copywriting
Researcher
Blog Writing
Website Content
Article Writing",Content Writing,Blog Content,Copywriting,Researcher,Blog Writing,Website Content,Article Writing,,,,,,,,,,,,,,,,,,,,,,,,
"Back-End Development
Web Development
Webflow
CSS
JavaScript
HTML
Page Speed Optimization
Web Design
HTML5
Webflow Expert",Back-End Development,Web Development,Webflow,CSS,JavaScript,HTML,Page Speed Optimization,Web Design,HTML5,Webflow Expert,,,,,,,,,,,,,,,,,,,,,
"Figma
Wireframing
User Interface Design",Figma,Wireframing,User Interface Design,,,,,,,,,,,,,,,,,,,,,,,,,,,,
"Administrative Support
Virtual Assistant",Administrative Support,Virtual Assistant,,,,,,,,,,,,,,,,,,,,,,,,,,,,,
"Data Entry
Google Sheets
Spanish
Virtual Assistant
Virtual Assistance",Data Entry,Google Sheets,Spanish,Virtual Assistant,Virtual Assistance,,,,,,,,,,,,,,,,,,,,,,,,,,
"Mailchimp
Email Campaign Setup
Email Marketing
Copywriting
Marketing Strategy",Mailchimp,Email Campaign Setup,Email Marketing,Copywriting,Marketing Strategy,,,,,,,,,,,,,,,,,,,,,,,,,,
"Software QA
Bug Reports
Manual Testing",Software QA,Bug Reports,Manual Testing,,,,,,,,,,,,,,,,,,,,,,,,,,,,
"Influencer Marketing
Offline Marketing
Real Estate
Media & Entertainment
Fashion & Beauty
Art & Design
Art Curation
Research & Development",Influencer Marketing,Offline Marketing,Real Estate,Media & Entertainment,Fashion & Beauty,Art & Design,Art Curation,Research & Development,,,,,,,,,,,,,,,,,,,,,,,
"3D Animation
3D Design
Adobe Illustrator
Adobe Photoshop
Graphic Design",3D Animation,3D Design,Adobe Illustrator,Adobe Photoshop,Graphic Design,,,,,,,,,,,,,,,,,,,,,,,,,,
"Influencer Marketing
Offline Marketing
Real Estate
Media & Entertainment
Fashion & Beauty
Art & Design
Art Curation
Research & Development",Influencer Marketing,Offline Marketing,Real Estate,Media & Entertainment,Fashion & Beauty,Art & Design,Art Curation,Research & Development,,,,,,,,,,,,,,,,,,,,,,,
"3D Animation
3D Design
Adobe Illustrator
Adobe Photoshop
Graphic Design",3D Animation,3D Design,Adobe Illustrator,Adobe Photoshop,Graphic Design,,,,,,,,,,,,,,,,,,,,,,,,,,
"Fluent
Live Interpretation",Fluent,Live Interpretation,,,,,,,,,,,,,,,,,,,,,,,,,,,,,
"Bug Fix
JavaScript
Theme Customization
Theme Development
Website Optimization
Google Ads
Google Analytics
Shopify
Google Shopping
Google Tag Manager",Bug Fix,JavaScript,Theme Customization,Theme Development,Website Optimization,Google Ads,Google Analytics,Shopify,Google Shopping,Google Tag Manager,,,,,,,,,,,,,,,,,,,,,
"Communications
Administrative Support
Email Communication
Virtual Assistant
Event Planning
Event Management
Customer Service
Executive Support
Virtual Assistance
Data Entry",Communications,Administrative Support,Email Communication,Virtual Assistant,Event Planning,Event Management,Customer Service,Executive Support,Virtual Assistance,Data Entry,,,,,,,,,,,,,,,,,,,,,
"Voice-Over
Female
Male
Voice Acting",Voice-Over,Female,Male,Voice Acting,,,,,,,,,,,,,,,,,,,,,,,,,,,
"HackerRank
Ethical Hacking",HackerRank,Ethical Hacking,,,,,,,,,,,,,,,,,,,,,,,,,,,,,
"Executive Support
Administrative Assistant
Virtual Assistant
Administrative Support
Data Entry
Email Communication
Personal Administration
Scheduling",Executive Support,Administrative Assistant,Virtual Assistant,Administrative Support,Data Entry,Email Communication,Personal Administration,Scheduling,,,,,,,,,,,,,,,,,,,,,,,
"Android
Android App Development",Android,Android App Development,,,,,,,,,,,,,,,,,,,,,,,,,,,,,
"Amazon Webstore
Amazon Web Services
SEO Keyword Research
Search Engine Optimization
Amazon Seller Central
Amazon FBA
Amazon Listing Optimization",Amazon Webstore,Amazon Web Services,SEO Keyword Research,Search Engine Optimization,Amazon Seller Central,Amazon FBA,Amazon Listing Optimization,,,,,,,,,,,,,,,,,,,,,,,,
"Amazon Webstore
Amazon Web Services
SEO Keyword Research
Search Engine Optimization
Amazon Seller Central
Amazon FBA
Amazon Listing Optimization",Amazon Webstore,Amazon Web Services,SEO Keyword Research,Search Engine Optimization,Amazon Seller Central,Amazon FBA,Amazon Listing Optimization,,,,,,,,,,,,,,,,,,,,,,,,
"Product Photography
Photo Editing",Product Photography,Photo Editing,,,,,,,,,,,,,,,,,,,,,,,,,,,,,
"Graphic Design
Adobe Illustrator
Adobe Photoshop
Social Media Imagery
YouTube Marketing
Spanish",Graphic Design,Adobe Illustrator,Adobe Photoshop,Social Media Imagery,YouTube Marketing,Spanish,,,,,,,,,,,,,,,,,,,,,,,,,
"Virtual Assistant
Communications
Virtual Assistance
Researcher
Data Entry
Email Communication
LinkedIn
Google Docs
Lead Generation",Virtual Assistant,Communications,Virtual Assistance,Researcher,Data Entry,Email Communication,LinkedIn,Google Docs,Lead Generation,,,,,,,,,,,,,,,,,,,,,,
"Lead Generation
LinkedIn
Market Research
List Building
Prospect List",Lead Generation,LinkedIn,Market Research,List Building,Prospect List,,,,,,,,,,,,,,,,,,,,,,,,,,
"Landing Page
Website
WordPress
Web Design
Graphic Design
HTML",Landing Page,Website,WordPress,Web Design,Graphic Design,HTML,,,,,,,,,,,,,,,,,,,,,,,,,
"Social Media Management
Social Media Marketing
Social Media Content Creation
Facebook
Instagram
Social Media Content
Marketing Strategy
Content Writing
Content Strategy
Social Media Strategy
Content Management
Content Creation
Content Planning
Content Guidelines
Content Audit
Strategic Plan
Content Management System
Marketing Communications
Post Scheduling
Content Calendar",Social Media Management,Social Media Marketing,Social Media Content Creation,Facebook,Instagram,Social Media Content,Marketing Strategy,Content Writing,Content Strategy,Social Media Strategy,Content Management,Content Creation,Content Planning,Content Guidelines,Content Audit,Strategic Plan,Content Management System,Marketing Communications,Post Scheduling,Content Calendar,,,,,,,,,,,
"3D Rendering
Photorealistic Rendering
Autodesk 3ds Max
Corona Renderer
V-Ray
3D Modeling",3D Rendering,Photorealistic Rendering,Autodesk 3ds Max,Corona Renderer,V-Ray,3D Modeling,,,,,,,,,,,,,,,,,,,,,,,,,
"Facebook
Facebook Advertising
Social Media Marketing
Retargeting
Instagram
Social Media Advertising
Social Media Management
Internet Marketing
Marketing Strategy",Facebook,Facebook Advertising,Social Media Marketing,Retargeting,Instagram,Social Media Advertising,Social Media Management,Internet Marketing,Marketing Strategy,,,,,,,,,,,,,,,,,,,,,,
"Customer Acquisition Strategy
Google Tag Manager
Google Ads
Google Data Studio
Paid Media
B2B Marketing
LinkedIn Campaign Manager
Lead Generation Strategy
Facebook Advertising
Google My Business
Google Merchant Center
SEO Keyword Research
PPC Campaign Setup & Management
Pay Per Click Advertising
Google Analytics",Customer Acquisition Strategy,Google Tag Manager,Google Ads,Google Data Studio,Paid Media,B2B Marketing,LinkedIn Campaign Manager,Lead Generation Strategy,Facebook Advertising,Google My Business,Google Merchant Center,SEO Keyword Research,PPC Campaign Setup & Management,Pay Per Click Advertising,Google Analytics,,,,,,,,,,,,,,,,
"Web Design
German
Filters
AR Filters & Lenses
Graphic Design",Web Design,German,Filters,AR Filters & Lenses,Graphic Design,,,,,,,,,,,,,,,,,,,,,,,,,,
"Ad Copy
Copywriting
Content Writing
Email Copywriting
Email Marketing
Email Campaign Setup
Marketing Strategy
Email Communication
Writing
Creative Writing",Ad Copy,Copywriting,Content Writing,Email Copywriting,Email Marketing,Email Campaign Setup,Marketing Strategy,Email Communication,Writing,Creative Writing,,,,,,,,,,,,,,,,,,,,,
"Usability Tester
Test Development",Usability Tester,Test Development,,,,,,,,,,,,,,,,,,,,,,,,,,,,,
"Marketing Strategy
Lead Generation
Market Research
Email Marketing
B2B Marketing",Marketing Strategy,Lead Generation,Market Research,Email Marketing,B2B Marketing,,,,,,,,,,,,,,,,,,,,,,,,,,
"Facebook Advertising
Digital Marketing Strategy
Pay Per Click Advertising
Internet Marketing
Tracking Pixel
Conversion Rate Optimization
Google Analytics
Shopify
Google Tag Manager
Keyword Research",Facebook Advertising,Digital Marketing Strategy,Pay Per Click Advertising,Internet Marketing,Tracking Pixel,Conversion Rate Optimization,Google Analytics,Shopify,Google Tag Manager,Keyword Research,,,,,,,,,,,,,,,,,,,,,
"Brand Identity Design
Brochure Design
Figma
Adobe Illustrator
Adobe InDesign
Graphic Design
Web Design",Brand Identity Design,Brochure Design,Figma,Adobe Illustrator,Adobe InDesign,Graphic Design,Web Design,,,,,,,,,,,,,,,,,,,,,,,,
"Automation
Mechanical Engineering
Electrical Engineering
PLC
Electrical Layout Design
Electrical Drawing",Automation,Mechanical Engineering,Electrical Engineering,PLC,Electrical Layout Design,Electrical Drawing,,,,,,,,,,,,,,,,,,,,,,,,,
"Scraper Site
Data Scraping
Automation
Data Extraction
Data Mining",Scraper Site,Data Scraping,Automation,Data Extraction,Data Mining,,,,,,,,,,,,,,,,,,,,,,,,,,
"Mobile App Development
Android
iOS
PHP
Shopify Apps
Shopify Templates
WooCommerce
BigCommerce
PHP Script
Prototyping
Visualization",Mobile App Development,Android,iOS,PHP,Shopify Apps,Shopify Templates,WooCommerce,BigCommerce,PHP Script,Prototyping,Visualization,,,,,,,,,,,,,,,,,,,,
"English
Copy Editing
Proofreading
Editor",English,Copy Editing,Proofreading,Editor,,,,,,,,,,,,,,,,,,,,,,,,,,,
JavaScript,JavaScript,,,,,,,,,,,,,,,,,,,,,,,,,,,,,,
"Web Application
API Integration
Database Development
Node.js
SaaS
React
Android
iOS
Mobile App Development
Bluetooth",Web Application,API Integration,Database Development,Node.js,SaaS,React,Android,iOS,Mobile App Development,Bluetooth,,,,,,,,,,,,,,,,,,,,,
Shopify,Shopify,,,,,,,,,,,,,,,,,,,,,,,,,,,,,,
"Virtual Reality
Unity
AR Application
VR Application
Augmented Reality
3D Modeling
ARCore
Prototyping",Virtual Reality,Unity,AR Application,VR Application,Augmented Reality,3D Modeling,ARCore,Prototyping,,,,,,,,,,,,,,,,,,,,,,,
"Financial Modeling
Microsoft Excel",Financial Modeling,Microsoft Excel,,,,,,,,,,,,,,,,,,,,,,,,,,,,,
"Sales
Cold Calling
Lead Generation
Scheduling
Outbound Sales
List Building
Telemarketing
Price & Quote Negotiation",Sales,Cold Calling,Lead Generation,Scheduling,Outbound Sales,List Building,Telemarketing,Price & Quote Negotiation,,,,,,,,,,,,,,,,,,,,,,,
"Blender
Autodesk 3ds Max
Autodesk Maya
3D Modeling
3D Animation",Blender,Autodesk 3ds Max,Autodesk Maya,3D Modeling,3D Animation,,,,,,,,,,,,,,,,,,,,,,,,,,
"Ecommerce Website
Platform Plugin
Website Customization
WooCommerce
Web Development
PHP
WordPress",Ecommerce Website,Platform Plugin,Website Customization,WooCommerce,Web Development,PHP,WordPress,,,,,,,,,,,,,,,,,,,,,,,,
"Unity
VR Application
Virtual Reality
Oculus Rift",Unity,VR Application,Virtual Reality,Oculus Rift,,,,,,,,,,,,,,,,,,,,,,,,,,,
"Academic Translation
English
Italian
Translation
Law
Italian to English Translation",Academic Translation,English,Italian,Translation,Law,Italian to English Translation,,,,,,,,,,,,,,,,,,,,,,,,,
"Video Editing
Adobe After Effects
Adobe Premiere Pro",Video Editing,Adobe After Effects,Adobe Premiere Pro,,,,,,,,,,,,,,,,,,,,,,,,,,,,
"React Native
Android
iOS
React
Android App Development
Mobile App Development
Firebase",React Native,Android,iOS,React,Android App Development,Mobile App Development,Firebase,,,,,,,,,,,,,,,,,,,,,,,,
"Full-Stack Development
Wix",Full-Stack Development,Wix,,,,,,,,,,,,,,,,,,,,,,,,,,,,,
"Data Entry
Virtual Assistant
Researcher
Virtual Assistance
Google Sheets",Data Entry,Virtual Assistant,Researcher,Virtual Assistance,Google Sheets,,,,,,,,,,,,,,,,,,,,,,,,,,
"AWS Amplify
Kotlin
RESTful API
Java
SOAP
Jira
Agile Software Development",AWS Amplify,Kotlin,RESTful API,Java,SOAP,Jira,Agile Software Development,,,,,,,,,,,,,,,,,,,,,,,,
"Python
JavaScript
HTML
PHP
CSS
API",Python,JavaScript,HTML,PHP,CSS,API,,,,,,,,,,,,,,,,,,,,,,,,,
"API Integration
Web Design
Stripe
WordPress
Web Development",API Integration,Web Design,Stripe,WordPress,Web Development,,,,,,,,,,,,,,,,,,,,,,,,,,
"Slack
Information & Communications Technology
Employee Onboarding
BambooHR
Jira
Gamification
Process Improvement",Slack,Information & Communications Technology,Employee Onboarding,BambooHR,Jira,Gamification,Process Improvement,,,,,,,,,,,,,,,,,,,,,,,,
"3D Modeling
3D Rendering
3D Design
Interior Design
Architecture & Interior Design",3D Modeling,3D Rendering,3D Design,Interior Design,Architecture & Interior Design,,,,,,,,,,,,,,,,,,,,,,,,,,
"Content Writing
English
Writing
Article Writing",Content Writing,English,Writing,Article Writing,,,,,,,,,,,,,,,,,,,,,,,,,,,
"PrestaShop
Mailchimp",PrestaShop,Mailchimp,,,,,,,,,,,,,,,,,,,,,,,,,,,,,
"Unreal Engine
Virtual Reality
Character Animation
Game Development",Unreal Engine,Virtual Reality,Character Animation,Game Development,,,,,,,,,,,,,,,,,,,,,,,,,,,
"Figma
Web Design
User Interface Design",Figma,Web Design,User Interface Design,,,,,,,,,,,,,,,,,,,,,,,,,,,,
"Education
Sales & Marketing
Recruiting
Candidate Sourcing
Sales
Lead Generation",Education,Sales & Marketing,Recruiting,Candidate Sourcing,Sales,Lead Generation,,,,,,,,,,,,,,,,,,,,,,,,,
"Native App Development
User Profile Creation
User Authentication
iOS
Android
Mobile App Development
Smartphone
iOS Development
Android App Development
Tablet",Native App Development,User Profile Creation,User Authentication,iOS,Android,Mobile App Development,Smartphone,iOS Development,Android App Development,Tablet,,,,,,,,,,,,,,,,,,,,,
"React Native
Android
Mobile App Development",React Native,Android,Mobile App Development,,,,,,,,,,,,,,,,,,,,,,,,,,,,
"JavaScript
AJAX
CSS
PHP
MySQL",JavaScript,AJAX,CSS,PHP,MySQL,,,,,,,,,,,,,,,,,,,,,,,,,,
"TikTok
Social Media Content Creation
Social Media Management
Social Media Content
Content Strategy",TikTok,Social Media Content Creation,Social Media Management,Social Media Content,Content Strategy,,,,,,,,,,,,,,,,,,,,,,,,,,
"Cloud Management
Amazon Web Services
Google Cloud Platform
Business with 1-9 Employees
GIS",Cloud Management,Amazon Web Services,Google Cloud Platform,Business with 1-9 Employees,GIS,,,,,,,,,,,,,,,,,,,,,,,,,,
"Testing
QA Testing
Phone Communication",Testing,QA Testing,Phone Communication,,,,,,,,,,,,,,,,,,,,,,,,,,,,
"GitLab
DevOps
CI/CD
Docker",GitLab,DevOps,CI/CD,Docker,,,,,,,,,,,,,,,,,,,,,,,,,,,
"Recruiting
Human Resource Management
LinkedIn Recruiting
Sourcing
Candidate Recommendation",Recruiting,Human Resource Management,LinkedIn Recruiting,Sourcing,Candidate Recommendation,,,,,,,,,,,,,,,,,,,,,,,,,,
"Social Media Management
Social Media Content Creation
Instagram Story
Content Calendar
Content Creation
Content Development
Content Creation Software
Film Editing
Photo Editing
Video Camera",Social Media Management,Social Media Content Creation,Instagram Story,Content Calendar,Content Creation,Content Development,Content Creation Software,Film Editing,Photo Editing,Video Camera,,,,,,,,,,,,,,,,,,,,,
"Java
Spring Boot
RESTful API
Gatekeeper",Java,Spring Boot,RESTful API,Gatekeeper,,,,,,,,,,,,,,,,,,,,,,,,,,,
"Google Ads
Search Engine Marketing
SEO Keyword Research
Campaign Optimization
Campaign Management
SEO Backlinking
Pay Per Click Advertising
PPC Campaign Setup & Management",Google Ads,Search Engine Marketing,SEO Keyword Research,Campaign Optimization,Campaign Management,SEO Backlinking,Pay Per Click Advertising,PPC Campaign Setup & Management,,,,,,,,,,,,,,,,,,,,,,,
"Video Commercial
Testimonial Video
German
Influencer Marketing",Video Commercial,Testimonial Video,German,Influencer Marketing,,,,,,,,,,,,,,,,,,,,,,,,,,,
"Discord Bot Development
JavaScript
Python
API Integration",Discord Bot Development,JavaScript,Python,API Integration,,,,,,,,,,,,,,,,,,,,,,,,,,,
"App Development
Ecommerce Website
Bug Fix
Design Enhancement
Liquid
Web Development
Shopify
Web Design
Shopify Templates
Landing Page",App Development,Ecommerce Website,Bug Fix,Design Enhancement,Liquid,Web Development,Shopify,Web Design,Shopify Templates,Landing Page,,,,,,,,,,,,,,,,,,,,,
"CRM Automation
Email Automation
HubSpot
Customer Relationship Management
Marketing Automation",CRM Automation,Email Automation,HubSpot,Customer Relationship Management,Marketing Automation,,,,,,,,,,,,,,,,,,,,,,,,,,
"HubSpot
HubSpot Expert",HubSpot,HubSpot Expert,,,,,,,,,,,,,,,,,,,,,,,,,,,,,
"Autodesk AutoCAD
2D Design
3D Drawing
3D Modeling
CAD",Autodesk AutoCAD,2D Design,3D Drawing,3D Modeling,CAD,,,,,,,,,,,,,,,,,,,,,,,,,,
"Graphic Design
Adobe Illustrator
Brochure
Adobe Photoshop
Print Design",Graphic Design,Adobe Illustrator,Brochure,Adobe Photoshop,Print Design,,,,,,,,,,,,,,,,,,,,,,,,,,
"Elasticsearch
ETL Pipeline
ETL
Kibana
Golang",Elasticsearch,ETL Pipeline,ETL,Kibana,Golang,,,,,,,,,,,,,,,,,,,,,,,,,,
"Art & Design
Brand Identity Design
Graphic Design
Logo Design
Minimalist
Sketch
Drawing",Art & Design,Brand Identity Design,Graphic Design,Logo Design,Minimalist,Sketch,Drawing,,,,,,,,,,,,,,,,,,,,,,,,
"PHP
MySQL
Windows Server
Server",PHP,MySQL,Windows Server,Server,,,,,,,,,,,,,,,,,,,,,,,,,,,
"SEO Backlinking
Off-Page SEO
Organic Traffic Growth
SEO Keyword Research",SEO Backlinking,Off-Page SEO,Organic Traffic Growth,SEO Keyword Research,,,,,,,,,,,,,,,,,,,,,,,,,,,
"Web Design
Graphic Design
Mockup
Wireframing",Web Design,Graphic Design,Mockup,Wireframing,,,,,,,,,,,,,,,,,,,,,,,,,,,
"Business with 10-99 Employees
Startup Company
Business Planning & Strategy
Partnership Development
Sales
Lead Generation
B2B Marketing",Business with 10-99 Employees,Startup Company,Business Planning & Strategy,Partnership Development,Sales,Lead Generation,B2B Marketing,,,,,,,,,,,,,,,,,,,,,,,,
"Graphic Design
Layout Design
Adobe InDesign",Graphic Design,Layout Design,Adobe InDesign,,,,,,,,,,,,,,,,,,,,,,,,,,,,
,,,,,,,,,,,,,,,,,,,,,,,,,,,,,,,
"Art & Design
Social Media Management
Instagram
TikTok
German
Content Writing",Art & Design,Social Media Management,Instagram,TikTok,German,Content Writing,,,,,,,,,,,,,,,,,,,,,,,,,
Flipbook Animation,Flipbook Animation,,,,,,,,,,,,,,,,,,,,,,,,,,,,,,
"English
Case Studies
Academic Writing
Researcher
Academic Editing",English,Case Studies,Academic Writing,Researcher,Academic Editing,,,,,,,,,,,,,,,,,,,,,,,,,,
"ClickFunnels
ActiveCampaign
Zapier
Marketing Automation
Email Marketing
Email Campaign Setup",ClickFunnels,ActiveCampaign,Zapier,Marketing Automation,Email Marketing,Email Campaign Setup,,,,,,,,,,,,,,,,,,,,,,,,,
"Video Editing
Video Production
Video Post-Editing",Video Editing,Video Production,Video Post-Editing,,,,,,,,,,,,,,,,,,,,,,,,,,,,
"Editing & Proofreading
Content Marketing Strategy
Researcher
English
Blog Content
Writing
Content Writing
Article
Creative Writing
US English Dialect",Editing & Proofreading,Content Marketing Strategy,Researcher,English,Blog Content,Writing,Content Writing,Article,Creative Writing,US English Dialect,,,,,,,,,,,,,,,,,,,,,
"Content Writing
Blog Content
Copywriting
Researcher
Blog Writing
Website Content
SEO Writing
Article Writing
Article
Search Engine Optimization",Content Writing,Blog Content,Copywriting,Researcher,Blog Writing,Website Content,SEO Writing,Article Writing,Article,Search Engine Optimization,,,,,,,,,,,,,,,,,,,,,
"React
PHP
Laravel",React,PHP,Laravel,,,,,,,,,,,,,,,,,,,,,,,,,,,,
"Content Writing
Blog Content
Blog Writing
SEO Writing
English
Article Writing
Blockchain
Bitcoin
Ethereum
Technical Writing",Content Writing,Blog Content,Blog Writing,SEO Writing,English,Article Writing,Blockchain,Bitcoin,Ethereum,Technical Writing,,,,,,,,,,,,,,,,,,,,,
"Data Scraping
Web Crawling
Data Extraction
Scripting
API",Data Scraping,Web Crawling,Data Extraction,Scripting,API,,,,,,,,,,,,,,,,,,,,,,,,,,
"Polish
Content Writing",Polish,Content Writing,,,,,,,,,,,,,,,,,,,,,,,,,,,,,
"Linux
Microsoft Windows
Linux System Administration
Network Administration
Windows Server",Linux,Microsoft Windows,Linux System Administration,Network Administration,Windows Server,,,,,,,,,,,,,,,,,,,,,,,,,,
"Python
Data Science
Machine Learning",Python,Data Science,Machine Learning,,,,,,,,,,,,,,,,,,,,,,,,,,,,
"Content Writing
Researcher
Social Media Audience Research
Virtual Assistant",Content Writing,Researcher,Social Media Audience Research,Virtual Assistant,,,,,,,,,,,,,,,,,,,,,,,,,,,
"Linux
Embedded System
Embedded Linux
OpenWrt
USB Electronics",Linux,Embedded System,Embedded Linux,OpenWrt,USB Electronics,,,,,,,,,,,,,,,,,,,,,,,,,,
"Landing Page
Copywriting
Website Content
English",Landing Page,Copywriting,Website Content,English,,,,,,,,,,,,,,,,,,,,,,,,,,,
"Data Visualization
Dashboard
Data Analysis
Google Analytics
Microsoft Power BI Data Visualization",Data Visualization,Dashboard,Data Analysis,Google Analytics,Microsoft Power BI Data Visualization,,,,,,,,,,,,,,,,,,,,,,,,,,
"Editing & Proofreading
Scriptwriting
Screenwriting
Speech Writing
Travel Writing
Content Writing
Creative Writing",Editing & Proofreading,Scriptwriting,Screenwriting,Speech Writing,Travel Writing,Content Writing,Creative Writing,,,,,,,,,,,,,,,,,,,,,,,,
"Photography
Pet Photography",Photography,Pet Photography,,,,,,,,,,,,,,,,,,,,,,,,,,,,,
"API
JavaScript
Python
API Integration",API,JavaScript,Python,API Integration,,,,,,,,,,,,,,,,,,,,,,,,,,,
"Ad Copy
Marketing Audit
A/B Testing
Google Marketing Platform
Google Ads
PPC Campaign Setup & Management
Pay Per Click Advertising
Search Engine Marketing",Ad Copy,Marketing Audit,A/B Testing,Google Marketing Platform,Google Ads,PPC Campaign Setup & Management,Pay Per Click Advertising,Search Engine Marketing,,,,,,,,,,,,,,,,,,,,,,,
"WordPress
Web Development",WordPress,Web Development,,,,,,,,,,,,,,,,,,,,,,,,,,,,,
"Candidate Management
Staff Recruitment & Management
Mock Interview
Job Description Writing
Candidate Interviewing
Recruiting
Technical Recruiter
Candidate Sourcing
English
Communications",Candidate Management,Staff Recruitment & Management,Mock Interview,Job Description Writing,Candidate Interviewing,Recruiting,Technical Recruiter,Candidate Sourcing,English,Communications,,,,,,,,,,,,,,,,,,,,,
"German
Website Translation
Portuguese
German to Portuguese Translation",German,Website Translation,Portuguese,German to Portuguese Translation,,,,,,,,,,,,,,,,,,,,,,,,,,,
"Figma Expert
Web Component Design
Custom Web Design
Design Enhancement
User Interface Design
Interaction Design
User Flow
Prototyping
Mockup
User Experience Design",Figma Expert,Web Component Design,Custom Web Design,Design Enhancement,User Interface Design,Interaction Design,User Flow,Prototyping,Mockup,User Experience Design,,,,,,,,,,,,,,,,,,,,,
"Campaign Copywriting
Landing Page
Blog Content
About Us Page
Ad Copy
Article Writing
Content Writing
Copywriting
Website Content
Writing",Campaign Copywriting,Landing Page,Blog Content,About Us Page,Ad Copy,Article Writing,Content Writing,Copywriting,Website Content,Writing,,,,,,,,,,,,,,,,,,,,,
"Portuguese
Writing
Creative Writing
Article Writing",Portuguese,Writing,Creative Writing,Article Writing,,,,,,,,,,,,,,,,,,,,,,,,,,,
"JavaScript
Java
Python
HTML
API",JavaScript,Java,Python,HTML,API,,,,,,,,,,,,,,,,,,,,,,,,,,
"Video Editing
Adobe Premiere Pro
Video Post-Editing
Adobe After Effects
Final Cut Pro X
Video Production",Video Editing,Adobe Premiere Pro,Video Post-Editing,Adobe After Effects,Final Cut Pro X,Video Production,,,,,,,,,,,,,,,,,,,,,,,,,
"Flutter
Flutter Developer
Mobile App Development",Flutter,Flutter Developer,Mobile App Development,,,,,,,,,,,,,,,,,,,,,,,,,,,,
"Video Editing
Adobe Premiere Pro
Video Post-Editing
Adobe After Effects
Final Cut Pro X
Video Production",Video Editing,Adobe Premiere Pro,Video Post-Editing,Adobe After Effects,Final Cut Pro X,Video Production,,,,,,,,,,,,,,,,,,,,,,,,,
"Flutter
Flutter Developer
Mobile App Development",Flutter,Flutter Developer,Mobile App Development,,,,,,,,,,,,,,,,,,,,,,,,,,,,
"German
Writing
Proofreading
Content Writing
Copywriting",German,Writing,Proofreading,Content Writing,Copywriting,,,,,,,,,,,,,,,,,,,,,,,,,,
"Street Photography
People
Still Life
Local Photography
Photography
Photojournalist",Street Photography,People,Still Life,Local Photography,Photography,Photojournalist,,,,,,,,,,,,,,,,,,,,,,,,,
"Education
Lead Generation",Education,Lead Generation,,,,,,,,,,,,,,,,,,,,,,,,,,,,,
"Adobe Illustrator
Illustration
Drawing
Adobe Photoshop
Character Design",Adobe Illustrator,Illustration,Drawing,Adobe Photoshop,Character Design,,,,,,,,,,,,,,,,,,,,,,,,,,
"Headline
Ad Copy
Health & Fitness
Copywriting
Content Writing
Website Content",Headline,Ad Copy,Health & Fitness,Copywriting,Content Writing,Website Content,,,,,,,,,,,,,,,,,,,,,,,,,
"Autodesk AutoCAD
3D Design
2D Design",Autodesk AutoCAD,3D Design,2D Design,,,,,,,,,,,,,,,,,,,,,,,,,,,,
"Technical Translation
Fluent
Blog Writing
Translation
Castilian Spanish
English to Spanish Translation
SEO Writing
English",Technical Translation,Fluent,Blog Writing,Translation,Castilian Spanish,English to Spanish Translation,SEO Writing,English,,,,,,,,,,,,,,,,,,,,,,,
"SEO Keyword Research
Search Engine Optimization
SEO Backlinking
Google Ads
Google Analytics",SEO Keyword Research,Search Engine Optimization,SEO Backlinking,Google Ads,Google Analytics,,,,,,,,,,,,,,,,,,,,,,,,,,
"On-Page SEO
Off-Page SEO
Technical SEO
Content SEO
Competitive Analysis
Bubble.io",On-Page SEO,Off-Page SEO,Technical SEO,Content SEO,Competitive Analysis,Bubble.io,,,,,,,,,,,,,,,,,,,,,,,,,
"Product Design
3D Modeling
Graphic Design
Logo Design",Product Design,3D Modeling,Graphic Design,Logo Design,,,,,,,,,,,,,,,,,,,,,,,,,,,
"Facebook Advertising
Google Ads
Marketing Strategy
Lead Generation
Facebook",Facebook Advertising,Google Ads,Marketing Strategy,Lead Generation,Facebook,,,,,,,,,,,,,,,,,,,,,,,,,,
"Content Creation
Content Writing
Content Management
Social Media Marketing
Social Media Management",Content Creation,Content Writing,Content Management,Social Media Marketing,Social Media Management,,,,,,,,,,,,,,,,,,,,,,,,,,
"Content Writing
Editing & Proofreading
Researcher
Comedy
British English Dialect
Writing
English
Humor
Nonfiction
Creative Writing",Content Writing,Editing & Proofreading,Researcher,Comedy,British English Dialect,Writing,English,Humor,Nonfiction,Creative Writing,,,,,,,,,,,,,,,,,,,,,
"Print Marketing Materials
App Design
Covers & Packaging
Brand Naming
Email Design
Icon Design
Logo Design
Copywriting
Market Research",Print Marketing Materials,App Design,Covers & Packaging,Brand Naming,Email Design,Icon Design,Logo Design,Copywriting,Market Research,,,,,,,,,,,,,,,,,,,,,,
"Web Application
Website
SQL
Web Development
PHP",Web Application,Website,SQL,Web Development,PHP,,,,,,,,,,,,,,,,,,,,,,,,,,
"Graphic Design
Adobe Photoshop
Illustration
Adobe Illustrator",Graphic Design,Adobe Photoshop,Illustration,Adobe Illustrator,,,,,,,,,,,,,,,,,,,,,,,,,,,
"Online Research
Data Entry
Data Mining
Lead Generation
Data Scraping
Topic Research
Virtual Assistant
Search Tool",Online Research,Data Entry,Data Mining,Lead Generation,Data Scraping,Topic Research,Virtual Assistant,Search Tool,,,,,,,,,,,,,,,,,,,,,,,
"Writing
Content Writing
German
Creative Writing",Writing,Content Writing,German,Creative Writing,,,,,,,,,,,,,,,,,,,,,,,,,,,
"Print Marketing Materials
App Design
Covers & Packaging
Brand Naming
Email Design
Icon Design
Logo Design
Copywriting
Market Research",Print Marketing Materials,App Design,Covers & Packaging,Brand Naming,Email Design,Icon Design,Logo Design,Copywriting,Market Research,,,,,,,,,,,,,,,,,,,,,,
"Web Application
Website
SQL
Web Development
PHP",Web Application,Website,SQL,Web Development,PHP,,,,,,,,,,,,,,,,,,,,,,,,,,
"Graphic Design
Adobe Photoshop
Illustration
Adobe Illustrator",Graphic Design,Adobe Photoshop,Illustration,Adobe Illustrator,,,,,,,,,,,,,,,,,,,,,,,,,,,
"Online Research
Data Entry
Data Mining
Lead Generation
Data Scraping
Topic Research
Virtual Assistant
Search Tool",Online Research,Data Entry,Data Mining,Lead Generation,Data Scraping,Topic Research,Virtual Assistant,Search Tool,,,,,,,,,,,,,,,,,,,,,,,
"Writing
Content Writing
German
Creative Writing",Writing,Content Writing,German,Creative Writing,,,,,,,,,,,,,,,,,,,,,,,,,,,
"PHP
Laravel
Web Application
Web Development",PHP,Laravel,Web Application,Web Development,,,,,,,,,,,,,,,,,,,,,,,,,,,
"Technical Writing
Tech & IT
Network Administration
Computer Network
System Administration
Network Security
Network Equipment
Network Monitoring
Article Writing
Search Engine Optimization
Writing",Technical Writing,Tech & IT,Network Administration,Computer Network,System Administration,Network Security,Network Equipment,Network Monitoring,Article Writing,Search Engine Optimization,Writing,,,,,,,,,,,,,,,,,,,,
"Web Application
API Integration
Desktop Application
Business with 1000+ Employees
Low Code & RAD Software",Web Application,API Integration,Desktop Application,Business with 1000+ Employees,Low Code & RAD Software,,,,,,,,,,,,,,,,,,,,,,,,,,
"Google Ads
LinkedIn Campaign Manager",Google Ads,LinkedIn Campaign Manager,,,,,,,,,,,,,,,,,,,,,,,,,,,,,
"WordPress
Landing Page
Website
ClickFunnels",WordPress,Landing Page,Website,ClickFunnels,,,,,,,,,,,,,,,,,,,,,,,,,,,
"WordPress
Web Design
HTML
Website
Landing Page
JavaScript
Photo Manipulation
Blog",WordPress,Web Design,HTML,Website,Landing Page,JavaScript,Photo Manipulation,Blog,,,,,,,,,,,,,,,,,,,,,,,
"Graphic Design
Adobe Illustrator
Adobe Photoshop
Freestyle Drawing
Drawing
Illustration
Cartoon Art",Graphic Design,Adobe Illustrator,Adobe Photoshop,Freestyle Drawing,Drawing,Illustration,Cartoon Art,,,,,,,,,,,,,,,,,,,,,,,,
"Artificial Intelligence
Machine Learning
Python",Artificial Intelligence,Machine Learning,Python,,,,,,,,,,,,,,,,,,,,,,,,,,,,
"Snapchat
German
Social Media Marketing
Influencer Research
Influencer Report
Influencer Marketing
Snapchat Marketing",Snapchat,German,Social Media Marketing,Influencer Research,Influencer Report,Influencer Marketing,Snapchat Marketing,,,,,,,,,,,,,,,,,,,,,,,,
"German
Virtual Assistant
Data Entry",German,Virtual Assistant,Data Entry,,,,,,,,,,,,,,,,,,,,,,,,,,,,
"Virtual Assistant
Email Communication
Social Media Management
Social Media Marketing
LinkedIn Development
LinkedIn
Newsletter",Virtual Assistant,Email Communication,Social Media Management,Social Media Marketing,LinkedIn Development,LinkedIn,Newsletter,,,,,,,,,,,,,,,,,,,,,,,,
"Ableton Live
Sound Mixing
Audio Engineering
Audio Production
Music Production",Ableton Live,Sound Mixing,Audio Engineering,Audio Production,Music Production,,,,,,,,,,,,,,,,,,,,,,,,,,
"Ghostwriting
Creative Writing
Short Story Writing
Content Writing
Researcher
Children's Writing
Storytelling
Fiction Writing
Ebook Writing",Ghostwriting,Creative Writing,Short Story Writing,Content Writing,Researcher,Children's Writing,Storytelling,Fiction Writing,Ebook Writing,,,,,,,,,,,,,,,,,,,,,,
"Instagram
Instagram Story
Social Media Management
Social Media Advertising
Social Media Marketing
Social Media Content Creation
Social Media Content",Instagram,Instagram Story,Social Media Management,Social Media Advertising,Social Media Marketing,Social Media Content Creation,Social Media Content,,,,,,,,,,,,,,,,,,,,,,,,
"Content Writing
Article Writing
Researcher
Writing
English
Blog Writing
SEO Writing
Copywriting
Blog Content
Article",Content Writing,Article Writing,Researcher,Writing,English,Blog Writing,SEO Writing,Copywriting,Blog Content,Article,,,,,,,,,,,,,,,,,,,,,
"Ad Copy
Headline
Campaign Copywriting
Automotive
English
Copywriting
Google Search",Ad Copy,Headline,Campaign Copywriting,Automotive,English,Copywriting,Google Search,,,,,,,,,,,,,,,,,,,,,,,,
"Google Docs
Copy & Paste
Data Entry
Google Sheets
Virtual Assistant
Researcher",Google Docs,Copy & Paste,Data Entry,Google Sheets,Virtual Assistant,Researcher,,,,,,,,,,,,,,,,,,,,,,,,,
"Social Media Content
Content Writing
Copywriting
Blog Writing
Article Writing
SEO Writing
Researcher
Creative Writing
Email Marketing",Social Media Content,Content Writing,Copywriting,Blog Writing,Article Writing,SEO Writing,Researcher,Creative Writing,Email Marketing,,,,,,,,,,,,,,,,,,,,,,
"Education
Finance & Accounting
CI/CD
DevOps Engineering
Node.js
Azure App Service",Education,Finance & Accounting,CI/CD,DevOps Engineering,Node.js,Azure App Service,,,,,,,,,,,,,,,,,,,,,,,,,
"Media Pitch
Press Release
Outreach Strategy
Health & Wellness
Public Relations
Media Relations",Media Pitch,Press Release,Outreach Strategy,Health & Wellness,Public Relations,Media Relations,,,,,,,,,,,,,,,,,,,,,,,,,
"Social Media Management
Social Media Marketing
Facebook
Instagram
Social Media Content Creation
Social Media Content",Social Media Management,Social Media Marketing,Facebook,Instagram,Social Media Content Creation,Social Media Content,,,,,,,,,,,,,,,,,,,,,,,,,
"Market Research
Customer Satisfaction
Researcher
Mystery Shopping",Market Research,Customer Satisfaction,Researcher,Mystery Shopping,,,,,,,,,,,,,,,,,,,,,,,,,,,
"Business with 10-99 Employees
Business with 100-999 Employees
HubSpot
CRM Development
CRM Automation
CRM Software",Business with 10-99 Employees,Business with 100-999 Employees,HubSpot,CRM Development,CRM Automation,CRM Software,,,,,,,,,,,,,,,,,,,,,,,,,
"Scrum
Agile Project Management
Project Management
Agile Software Development
Jira
Project Scheduling
Project Plans",Scrum,Agile Project Management,Project Management,Agile Software Development,Jira,Project Scheduling,Project Plans,,,,,,,,,,,,,,,,,,,,,,,,
"TikTok
Influencer Marketing
German
Instagram
Social Media Marketing
Influencer Research
Influencer Report",TikTok,Influencer Marketing,German,Instagram,Social Media Marketing,Influencer Research,Influencer Report,,,,,,,,,,,,,,,,,,,,,,,,
"Microsoft Excel
Data Entry",Microsoft Excel,Data Entry,,,,,,,,,,,,,,,,,,,,,,,,,,,,,
"Digital Photography
Photo Color Correction
Photography
Image Processing",Digital Photography,Photo Color Correction,Photography,Image Processing,,,,,,,,,,,,,,,,,,,,,,,,,,,
"Google Analytics
Google Analytics API
Google Analytics Report",Google Analytics,Google Analytics API,Google Analytics Report,,,,,,,,,,,,,,,,,,,,,,,,,,,,
"Video Commercial
Video Production
Videography
Video Advertising
Camera
Explainer Video",Video Commercial,Video Production,Videography,Video Advertising,Camera,Explainer Video,,,,,,,,,,,,,,,,,,,,,,,,,
"PostgreSQL
Ruby
Ruby on Rails
Capybara
RESTful API
DevOps",PostgreSQL,Ruby,Ruby on Rails,Capybara,RESTful API,DevOps,,,,,,,,,,,,,,,,,,,,,,,,,
"Female
Male
Voice-Over",Female,Male,Voice-Over,,,,,,,,,,,,,,,,,,,,,,,,,,,,
"Testing
QA Testing
Phone Communication",Testing,QA Testing,Phone Communication,,,,,,,,,,,,,,,,,,,,,,,,,,,,
"Social Media Imagery
Graphic Design
Social Media Marketing",Social Media Imagery,Graphic Design,Social Media Marketing,,,,,,,,,,,,,,,,,,,,,,,,,,,,
"Job Description Writing
Candidate Management
Candidate Interviewing
Communications",Job Description Writing,Candidate Management,Candidate Interviewing,Communications,,,,,,,,,,,,,,,,,,,,,,,,,,,
"Google Apps Script
Google Sheets",Google Apps Script,Google Sheets,,,,,,,,,,,,,,,,,,,,,,,,,,,,,
"Apache Airflow
ETL
PySpark
SQL
Amazon Redshift",Apache Airflow,ETL,PySpark,SQL,Amazon Redshift,,,,,,,,,,,,,,,,,,,,,,,,,,
"Solidity
Blockchain
Node.js
Laravel",Solidity,Blockchain,Node.js,Laravel,,,,,,,,,,,,,,,,,,,,,,,,,,,
"Landing Page
Graphic Design
Adobe Photoshop
Adobe InDesign
Infographic
Brochure
Pitch Deck",Landing Page,Graphic Design,Adobe Photoshop,Adobe InDesign,Infographic,Brochure,Pitch Deck,,,,,,,,,,,,,,,,,,,,,,,,
"Video Intro & Outro
360-Degree Video Editing
Adobe After Effects",Video Intro & Outro,360-Degree Video Editing,Adobe After Effects,,,,,,,,,,,,,,,,,,,,,,,,,,,,
"Residential Design
Construction Monitoring
Detailed Design
Project Management
Master Planning",Residential Design,Construction Monitoring,Detailed Design,Project Management,Master Planning,,,,,,,,,,,,,,,,,,,,,,,,,,
"Web Application
Platform Plugin
WordPress Plugin
API
API Integration",Web Application,Platform Plugin,WordPress Plugin,API,API Integration,,,,,,,,,,,,,,,,,,,,,,,,,,
"Social Media Account Setup
Instagram
Virtual Assistant
Virtual Assistance",Social Media Account Setup,Instagram,Virtual Assistant,Virtual Assistance,,,,,,,,,,,,,,,,,,,,,,,,,,,
"Influencer Marketing
Social Media Marketing Strategy
Social Media Marketing
Promotion",Influencer Marketing,Social Media Marketing Strategy,Social Media Marketing,Promotion,,,,,,,,,,,,,,,,,,,,,,,,,,,
"WordPress
WPML",WordPress,WPML,,,,,,,,,,,,,,,,,,,,,,,,,,,,,
"Price & Quote Negotiation
Food & Beverage
Tech & IT
Sales
Relationship Management",Price & Quote Negotiation,Food & Beverage,Tech & IT,Sales,Relationship Management,,,,,,,,,,,,,,,,,,,,,,,,,,
"Social Media Lead Generation
Lead Generation Analysis
Health & Wellness
Science & Medicine
Lead Generation
List Building
Influencer Marketing
Influencer Research",Social Media Lead Generation,Lead Generation Analysis,Health & Wellness,Science & Medicine,Lead Generation,List Building,Influencer Marketing,Influencer Research,,,,,,,,,,,,,,,,,,,,,,,
"Google Chrome Extension
Web Scraping
Data Scraping",Google Chrome Extension,Web Scraping,Data Scraping,,,,,,,,,,,,,,,,,,,,,,,,,,,,
"3D Rendering
Autodesk 3ds Max
3D Modeling
Interior Design
V-Ray
Architectural Rendering
Adobe Photoshop
High-Quality Rendering
3D Design",3D Rendering,Autodesk 3ds Max,3D Modeling,Interior Design,V-Ray,Architectural Rendering,Adobe Photoshop,High-Quality Rendering,3D Design,,,,,,,,,,,,,,,,,,,,,,
Graphic Design,Graphic Design,,,,,,,,,,,,,,,,,,,,,,,,,,,,,,
"Photo Editing
Product Photography
Web Design
Digital Photography
Photography
Fashion & Beauty
Fashion Photography
Logo Design",Photo Editing,Product Photography,Web Design,Digital Photography,Photography,Fashion & Beauty,Fashion Photography,Logo Design,,,,,,,,,,,,,,,,,,,,,,,
Italian,Italian,,,,,,,,,,,,,,,,,,,,,,,,,,,,,,
"Music Production
Ableton Live
Techno",Music Production,Ableton Live,Techno,,,,,,,,,,,,,,,,,,,,,,,,,,,,
"Video Production
Video Editing
Video Post-Editing
Adobe Premiere Pro
Explainer Video
Videography
Adobe After Effects",Video Production,Video Editing,Video Post-Editing,Adobe Premiere Pro,Explainer Video,Videography,Adobe After Effects,,,,,,,,,,,,,,,,,,,,,,,,
"Content Writing
Writing
Creative Writing
Copywriting
Researcher
English",Content Writing,Writing,Creative Writing,Copywriting,Researcher,English,,,,,,,,,,,,,,,,,,,,,,,,,
"Business with 1-9 Employees
WordPress
Web Design
Web Development
Ecommerce Website
HTML",Business with 1-9 Employees,WordPress,Web Design,Web Development,Ecommerce Website,HTML,,,,,,,,,,,,,,,,,,,,,,,,,
"Casual Tone
Calming Tone
Cute Tone
Energetic Tone
Sexy Tone
French
Female
Voice-Over
Voice Acting
Middle-Aged Adult",Casual Tone,Calming Tone,Cute Tone,Energetic Tone,Sexy Tone,French,Female,Voice-Over,Voice Acting,Middle-Aged Adult,,,,,,,,,,,,,,,,,,,,,
"WordPress Development
Technical SEO
Page Speed Optimization
HTML
CSS
HTML5
WordPress
JavaScript
Web Development",WordPress Development,Technical SEO,Page Speed Optimization,HTML,CSS,HTML5,WordPress,JavaScript,Web Development,,,,,,,,,,,,,,,,,,,,,,
Voice-Over,Voice-Over,,,,,,,,,,,,,,,,,,,,,,,,,,,,,,
"Shopify
Customer Service
Product Knowledge
Customer Support
Email Support
Dropshipping
Virtual Assistant
Customer Satisfaction
Zendesk
Order Tracking",Shopify,Customer Service,Product Knowledge,Customer Support,Email Support,Dropshipping,Virtual Assistant,Customer Satisfaction,Zendesk,Order Tracking,,,,,,,,,,,,,,,,,,,,,
"Tailwind CSS
HTML
SendGrid
Email Design",Tailwind CSS,HTML,SendGrid,Email Design,,,,,,,,,,,,,,,,,,,,,,,,,,,
"Native
Business Translation
Vietnamese
English to Vietnamese Translation
Vietnamese to English Translation
Translation
English",Native,Business Translation,Vietnamese,English to Vietnamese Translation,Vietnamese to English Translation,Translation,English,,,,,,,,,,,,,,,,,,,,,,,,
"Erlang
XMPP",Erlang,XMPP,,,,,,,,,,,,,,,,,,,,,,,,,,,,,
"Facebook
Lead Generation
Facebook Advertising
Social Media Marketing
Retargeting",Facebook,Lead Generation,Facebook Advertising,Social Media Marketing,Retargeting,,,,,,,,,,,,,,,,,,,,,,,,,,
"RF Design
Antenna Design
Bluetooth
Electronics",RF Design,Antenna Design,Bluetooth,Electronics,,,,,,,,,,,,,,,,,,,,,,,,,,,
"Social Media Management
Social Media Content Creation
Social Media Marketing
Social Media Content
Russian
Facebook
Instagram",Social Media Management,Social Media Content Creation,Social Media Marketing,Social Media Content,Russian,Facebook,Instagram,,,,,,,,,,,,,,,,,,,,,,,,
"Kazakh
Russian
Translation
Content Localization
Proofreading",Kazakh,Russian,Translation,Content Localization,Proofreading,,,,,,,,,,,,,,,,,,,,,,,,,,
"WordPress
GoDaddy
Web Development
Firewall
Network Security
System Administration",WordPress,GoDaddy,Web Development,Firewall,Network Security,System Administration,,,,,,,,,,,,,,,,,,,,,,,,,
"iOS
Mobile App Testing
Manual Testing
Functional Testing
QA Engineering
Quality Assurance
Bug Reports
Test Plan",iOS,Mobile App Testing,Manual Testing,Functional Testing,QA Engineering,Quality Assurance,Bug Reports,Test Plan,,,,,,,,,,,,,,,,,,,,,,,
API Development,API Development,,,,,,,,,,,,,,,,,,,,,,,,,,,,,,
"Conversion Rate Optimization
A/B Testing
Optimizely
Adobe Analytics
CSS",Conversion Rate Optimization,A/B Testing,Optimizely,Adobe Analytics,CSS,,,,,,,,,,,,,,,,,,,,,,,,,,
"Lead Generation
Data Cleansing
Data Entry
Researcher
Sourcing",Lead Generation,Data Cleansing,Data Entry,Researcher,Sourcing,,,,,,,,,,,,,,,,,,,,,,,,,,
"TypeScript
React
Web Application",TypeScript,React,Web Application,,,,,,,,,,,,,,,,,,,,,,,,,,,,
"WordPress
CSS
HTML
JavaScript
WordPress Development
Web Design
PHP
HTML5
CSS 3",WordPress,CSS,HTML,JavaScript,WordPress Development,Web Design,PHP,HTML5,CSS 3,,,,,,,,,,,,,,,,,,,,,,
Google Chrome Extension,Google Chrome Extension,,,,,,,,,,,,,,,,,,,,,,,,,,,,,,
"Data Scraping
Data Mining
Microsoft Excel
Lead Generation",Data Scraping,Data Mining,Microsoft Excel,Lead Generation,,,,,,,,,,,,,,,,,,,,,,,,,,,
"Ruby
Stripe
JavaScript
Payment Gateway Integration
Web Application
Ruby on Rails
API Integration",Ruby,Stripe,JavaScript,Payment Gateway Integration,Web Application,Ruby on Rails,API Integration,,,,,,,,,,,,,,,,,,,,,,,,
Project Management,Project Management,,,,,,,,,,,,,,,,,,,,,,,,,,,,,,
"Native
Business Translation
Norwegian
Swedish
English
Finnish
Danish
Translation
Content Localization",Native,Business Translation,Norwegian,Swedish,English,Finnish,Danish,Translation,Content Localization,,,,,,,,,,,,,,,,,,,,,,
"Social Media Marketing
Social Media Advertising
Google Ads
Campaign Management
Facebook Advertising
Social Media Content Creation
Google Analytics",Social Media Marketing,Social Media Advertising,Google Ads,Campaign Management,Facebook Advertising,Social Media Content Creation,Google Analytics,,,,,,,,,,,,,,,,,,,,,,,,
"Article
English
Blog Content
Blog Writing
Researcher
Content Writing
SEO Writing
Article Writing",Article,English,Blog Content,Blog Writing,Researcher,Content Writing,SEO Writing,Article Writing,,,,,,,,,,,,,,,,,,,,,,,
"Google Display Network
Ad Type Recommendations
Campaign Management
Facebook
Retargeting
Instagram
Facebook Advertising
Social Media Marketing
Social Media Advertising
Display Ad",Google Display Network,Ad Type Recommendations,Campaign Management,Facebook,Retargeting,Instagram,Facebook Advertising,Social Media Marketing,Social Media Advertising,Display Ad,,,,,,,,,,,,,,,,,,,,,
"Web Development
JavaScript
Blockchain Development
Blockchain Development Framework
Blockchain, NFT & Cryptocurrency",Web Development,JavaScript,Blockchain Development,Blockchain Development Framework,"Blockchain, NFT & Cryptocurrency",,,,,,,,,,,,,,,,,,,,,,,,,,
"Microsoft Word
PDF Conversion
Data Entry
Spanish",Microsoft Word,PDF Conversion,Data Entry,Spanish,,,,,,,,,,,,,,,,,,,,,,,,,,,
Google Sheets,Google Sheets,,,,,,,,,,,,,,,,,,,,,,,,,,,,,,
"Content Writing
Search Engine Optimization
Writing
SEO Writing
US English Dialect",Content Writing,Search Engine Optimization,Writing,SEO Writing,US English Dialect,,,,,,,,,,,,,,,,,,,,,,,,,,
"Content Writing
Search Engine Optimization
Writing
SEO Writing
US English Dialect",Content Writing,Search Engine Optimization,Writing,SEO Writing,US English Dialect,,,,,,,,,,,,,,,,,,,,,,,,,,
"API Integration
App Development
Platform Plugin
Responsive Design
Shopify Templates
Shopify
Ecommerce Platform Development
Web Design
Shopify Apps
Web Development",API Integration,App Development,Platform Plugin,Responsive Design,Shopify Templates,Shopify,Ecommerce Platform Development,Web Design,Shopify Apps,Web Development,,,,,,,,,,,,,,,,,,,,,
"SEO Performance
Travel & Hospitality
Google Analytics
Ahrefs
SEO Backlinking
Off-Page SEO
Search Engine Optimization
Organic Traffic Growth",SEO Performance,Travel & Hospitality,Google Analytics,Ahrefs,SEO Backlinking,Off-Page SEO,Search Engine Optimization,Organic Traffic Growth,,,,,,,,,,,,,,,,,,,,,,,
"Spring Boot
Apache Kafka",Spring Boot,Apache Kafka,,,,,,,,,,,,,,,,,,,,,,,,,,,,,
"Facebook Ads Manager
Social Media Content Creation
Facebook Pixel Setup & Optimization
Facebook Advertising
Advertising Management",Facebook Ads Manager,Social Media Content Creation,Facebook Pixel Setup & Optimization,Facebook Advertising,Advertising Management,,,,,,,,,,,,,,,,,,,,,,,,,,
"Custom PHP
WordPress
CSS
HTML
PHP
Web Design
JavaScript
Web Development",Custom PHP,WordPress,CSS,HTML,PHP,Web Design,JavaScript,Web Development,,,,,,,,,,,,,,,,,,,,,,,
Video Editing,Video Editing,,,,,,,,,,,,,,,,,,,,,,,,,,,,,,
"Scripting
Python",Scripting,Python,,,,,,,,,,,,,,,,,,,,,,,,,,,,,
English to Russian Translation,English to Russian Translation,,,,,,,,,,,,,,,,,,,,,,,,,,,,,,
"iOS
Android
iOS Development
Mobile App Development",iOS,Android,iOS Development,Mobile App Development,,,,,,,,,,,,,,,,,,,,,,,,,,,
Crowdfunding,Crowdfunding,,,,,,,,,,,,,,,,,,,,,,,,,,,,,,
"Google Ads
Internet Marketing
Social Media Marketing
Search Engine Marketing
Search Engine Optimization
SEO Keyword Research
Digital Marketing",Google Ads,Internet Marketing,Social Media Marketing,Search Engine Marketing,Search Engine Optimization,SEO Keyword Research,Digital Marketing,,,,,,,,,,,,,,,,,,,,,,,,
"Google Analytics
Google Shopping
Shopify",Google Analytics,Google Shopping,Shopify,,,,,,,,,,,,,,,,,,,,,,,,,,,,
"Microsoft Windows
macOS
Linux
Google Cloud Platform
Amazon Web Services
Apache HTTP Server
Search Engine Optimization
SEO Backlinking
Off-Page SEO
WordPress",Microsoft Windows,macOS,Linux,Google Cloud Platform,Amazon Web Services,Apache HTTP Server,Search Engine Optimization,SEO Backlinking,Off-Page SEO,WordPress,,,,,,,,,,,,,,,,,,,,,
"MP4
AVI
MOV
Video Production
3D Design
Graphic Design
Video Editing
2D Animation
Video Commercial
Adobe After Effects",MP4,AVI,MOV,Video Production,3D Design,Graphic Design,Video Editing,2D Animation,Video Commercial,Adobe After Effects,,,,,,,,,,,,,,,,,,,,,
"User Interface Design
Web Design
Prototyping
User Flow
Figma",User Interface Design,Web Design,Prototyping,User Flow,Figma,,,,,,,,,,,,,,,,,,,,,,,,,,
"Food Photography
Street Photography
Local Photography
Photography
Nature Photography",Food Photography,Street Photography,Local Photography,Photography,Nature Photography,,,,,,,,,,,,,,,,,,,,,,,,,,
"SEO Backlinking
Off-Page SEO",SEO Backlinking,Off-Page SEO,,,,,,,,,,,,,,,,,,,,,,,,,,,,,
"JSON
API
RESTful API
JSON API
API Integration
Grafana
Python",JSON,API,RESTful API,JSON API,API Integration,Grafana,Python,,,,,,,,,,,,,,,,,,,,,,,,
"JavaScript
Web Development
CSS
HTML
Web Application",JavaScript,Web Development,CSS,HTML,Web Application,,,,,,,,,,,,,,,,,,,,,,,,,,
"JSON
API
RESTful API
JSON API
API Integration
Grafana
Python",JSON,API,RESTful API,JSON API,API Integration,Grafana,Python,,,,,,,,,,,,,,,,,,,,,,,,
"JavaScript
Web Development
CSS
HTML
Web Application",JavaScript,Web Development,CSS,HTML,Web Application,,,,,,,,,,,,,,,,,,,,,,,,,,
"Graphic Design
Web Design
Logo Design
WordPress",Graphic Design,Web Design,Logo Design,WordPress,,,,,,,,,,,,,,,,,,,,,,,,,,,
"Android
Android App Development",Android,Android App Development,,,,,,,,,,,,,,,,,,,,,,,,,,,,,
"WordPress
Web Development
Web Design
Social Media Marketing
Content Writing
Lead Generation
UX/UI Design Deliverables
Landing Page",WordPress,Web Development,Web Design,Social Media Marketing,Content Writing,Lead Generation,UX/UI Design Deliverables,Landing Page,,,,,,,,,,,,,,,,,,,,,,,
"WordPress
Web Development
Web Design",WordPress,Web Development,Web Design,,,,,,,,,,,,,,,,,,,,,,,,,,,,
"Tax Return
Accounting
Financial Accounting
Tax Preparation
Tax Law
German",Tax Return,Accounting,Financial Accounting,Tax Preparation,Tax Law,German,,,,,,,,,,,,,,,,,,,,,,,,,
"Landing Page
Website
User Flow
Web Development
Adobe Illustrator
WordPress
User Experience Design
Web Design
Responsive Design
Mockup",Landing Page,Website,User Flow,Web Development,Adobe Illustrator,WordPress,User Experience Design,Web Design,Responsive Design,Mockup,,,,,,,,,,,,,,,,,,,,,
"Email Marketing
Email Campaign Setup
Marketing Automation
Mailchimp
Customer Retention
Lead Generation",Email Marketing,Email Campaign Setup,Marketing Automation,Mailchimp,Customer Retention,Lead Generation,,,,,,,,,,,,,,,,,,,,,,,,,
"Maxon Cinema 4D
3D Rendering
Scripting",Maxon Cinema 4D,3D Rendering,Scripting,,,,,,,,,,,,,,,,,,,,,,,,,,,,
"Desktop Application Testing
Web Testing
Test Execution
English",Desktop Application Testing,Web Testing,Test Execution,English,,,,,,,,,,,,,,,,,,,,,,,,,,,
"Email Communication
Native
Near-Native
Fluent
English
Business Translation
Financial Translation
Swedish
English to Swedish Translation
Swedish to English Translation",Email Communication,Native,Near-Native,Fluent,English,Business Translation,Financial Translation,Swedish,English to Swedish Translation,Swedish to English Translation,,,,,,,,,,,,,,,,,,,,,
"Facebook
Facebook Ads Manager",Facebook,Facebook Ads Manager,,,,,,,,,,,,,,,,,,,,,,,,,,,,,
"Event Assistant
Email Communication
Pipedrive
Event Planning
Event Management",Event Assistant,Email Communication,Pipedrive,Event Planning,Event Management,,,,,,,,,,,,,,,,,,,,,,,,,,
"Data Scraping
Researcher
List Building
Microsoft Excel",Data Scraping,Researcher,List Building,Microsoft Excel,,,,,,,,,,,,,,,,,,,,,,,,,,,
"Content Marketing Strategy
Creative Writing
Writing
Content Writing
Article Writing
Article
Blog Writing",Content Marketing Strategy,Creative Writing,Writing,Content Writing,Article Writing,Article,Blog Writing,,,,,,,,,,,,,,,,,,,,,,,,
"Shopify
Web Development
CSS
Shopify Templates",Shopify,Web Development,CSS,Shopify Templates,,,,,,,,,,,,,,,,,,,,,,,,,,,
"Facebook
Facebook Advertising
Social Media Advertising
Retargeting
Lead Generation",Facebook,Facebook Advertising,Social Media Advertising,Retargeting,Lead Generation,,,,,,,,,,,,,,,,,,,,,,,,,,
"Website Optimization
Yoast SEO
Divi
LearnDash
Analytics Plugin
Business with 1-9 Employees
WordPress
WooCommerce
Web Development",Website Optimization,Yoast SEO,Divi,LearnDash,Analytics Plugin,Business with 1-9 Employees,WordPress,WooCommerce,Web Development,,,,,,,,,,,,,,,,,,,,,,
"Ruby
Java
Ruby on Rails",Ruby,Java,Ruby on Rails,,,,,,,,,,,,,,,,,,,,,,,,,,,,
"Email Marketing
Email Campaign Setup",Email Marketing,Email Campaign Setup,,,,,,,,,,,,,,,,,,,,,,,,,,,,,
"Adobe Photoshop
Graphic Design",Adobe Photoshop,Graphic Design,,,,,,,,,,,,,,,,,,,,,,,,,,,,,
"Testimonial Video
Video Intro & Outro
Audio Editing
Color Grading
Video Editing
Adobe Premiere Pro
Video Post-Editing",Testimonial Video,Video Intro & Outro,Audio Editing,Color Grading,Video Editing,Adobe Premiere Pro,Video Post-Editing,,,,,,,,,,,,,,,,,,,,,,,,
"Email Marketing
Lead Generation
Virtual Assistant
Outreach Email Copywriting",Email Marketing,Lead Generation,Virtual Assistant,Outreach Email Copywriting,,,,,,,,,,,,,,,,,,,,,,,,,,,
"User Interface Design
Mobile App Design
User Experience Design
Web Design
Mockup
Wireframing
Interaction Design
User Flow
Responsive Design
Prototyping",User Interface Design,Mobile App Design,User Experience Design,Web Design,Mockup,Wireframing,Interaction Design,User Flow,Responsive Design,Prototyping,,,,,,,,,,,,,,,,,,,,,
Copywriting,Copywriting,,,,,,,,,,,,,,,,,,,,,,,,,,,,,,
"English
Customer Service
Product Knowledge
Answered Ticket
Ticketing System
Customer Support
Steam",English,Customer Service,Product Knowledge,Answered Ticket,Ticketing System,Customer Support,Steam,,,,,,,,,,,,,,,,,,,,,,,,
"Scheduling
Lead Generation
Sales
Telemarketing
Outbound Sales",Scheduling,Lead Generation,Sales,Telemarketing,Outbound Sales,,,,,,,,,,,,,,,,,,,,,,,,,,
"Smartphone
Tablet
Game Asset
Action
Graphic Design
Android
iOS",Smartphone,Tablet,Game Asset,Action,Graphic Design,Android,iOS,,,,,,,,,,,,,,,,,,,,,,,,
"Appointment Setting
Email Marketing
Lead Generation
Email Communication
Copywriting
Content Writing",Appointment Setting,Email Marketing,Lead Generation,Email Communication,Copywriting,Content Writing,,,,,,,,,,,,,,,,,,,,,,,,,
"Appointment Setting
Email Marketing
Lead Generation
Email Communication
Copywriting
Content Writing",Appointment Setting,Email Marketing,Lead Generation,Email Communication,Copywriting,Content Writing,,,,,,,,,,,,,,,,,,,,,,,,,
"Plugin Customization
WordPress
PHP
Plugin Development
WordPress Plugin",Plugin Customization,WordPress,PHP,Plugin Development,WordPress Plugin,,,,,,,,,,,,,,,,,,,,,,,,,,
"Data Entry
SQL
BigQuery",Data Entry,SQL,BigQuery,,,,,,,,,,,,,,,,,,,,,,,,,,,,
"Python
MongoDB
API Integration
iOS
iOS Development
NetSuite Development
RFID",Python,MongoDB,API Integration,iOS,iOS Development,NetSuite Development,RFID,,,,,,,,,,,,,,,,,,,,,,,,
"Polish
Swedish
Translation",Polish,Swedish,Translation,,,,,,,,,,,,,,,,,,,,,,,,,,,,
"Content Writing
Copywriting
Creative Writing",Content Writing,Copywriting,Creative Writing,,,,,,,,,,,,,,,,,,,,,,,,,,,,
"Swedish to English Translation
Swedish
English",Swedish to English Translation,Swedish,English,,,,,,,,,,,,,,,,,,,,,,,,,,,,
"Logo Design
Brand Guidelines
Corporate Brand Identity
Graphic Design",Logo Design,Brand Guidelines,Corporate Brand Identity,Graphic Design,,,,,,,,,,,,,,,,,,,,,,,,,,,
"Shopify
Web Development",Shopify,Web Development,,,,,,,,,,,,,,,,,,,,,,,,,,,,,
"Google Ads
Google Analytics
Google Tag Manager
Landing Page",Google Ads,Google Analytics,Google Tag Manager,Landing Page,,,,,,,,,,,,,,,,,,,,,,,,,,,
"German
Content Moderation
English
Commenting
Facebook",German,Content Moderation,English,Commenting,Facebook,,,,,,,,,,,,,,,,,,,,,,,,,,
"Plugin Installation
Platform Plugin
Website Customization
WordPress Plugin
Business with 1-9 Employees
WordPress
Web Development
Translation",Plugin Installation,Platform Plugin,Website Customization,WordPress Plugin,Business with 1-9 Employees,WordPress,Web Development,Translation,,,,,,,,,,,,,,,,,,,,,,,
"Copywriting
SEO Content",Copywriting,SEO Content,,,,,,,,,,,,,,,,,,,,,,,,,,,,,
"Content Writing
Blog Content
Blog Writing
Article
Search Engine Optimization
SEO Writing
English
Article Writing",Content Writing,Blog Content,Blog Writing,Article,Search Engine Optimization,SEO Writing,English,Article Writing,,,,,,,,,,,,,,,,,,,,,,,
"Travel & Hospitality
Hospitality & Tourism
English
Copywriting",Travel & Hospitality,Hospitality & Tourism,English,Copywriting,,,,,,,,,,,,,,,,,,,,,,,,,,,
"Creative Writing
Copywriting
Scripting
Writing
Content Writing
Scriptwriting",Creative Writing,Copywriting,Scripting,Writing,Content Writing,Scriptwriting,,,,,,,,,,,,,,,,,,,,,,,,,
"Human Resources Analytics
Presentations
Dashboard
Report
Data Interpretation
Data Visualization
Data Analysis
Market Research
Qualitative Research",Human Resources Analytics,Presentations,Dashboard,Report,Data Interpretation,Data Visualization,Data Analysis,Market Research,Qualitative Research,,,,,,,,,,,,,,,,,,,,,,
"German
Microsoft Excel",German,Microsoft Excel,,,,,,,,,,,,,,,,,,,,,,,,,,,,,
"Kotlin
Dart
Java
Android Developer
Flutter Developer
Flutter
Android",Kotlin,Dart,Java,Android Developer,Flutter Developer,Flutter,Android,,,,,,,,,,,,,,,,,,,,,,,,
"Cold Calling
Telemarketing
Sales",Cold Calling,Telemarketing,Sales,,,,,,,,,,,,,,,,,,,,,,,,,,,,
"Cold Calling
Telemarketing
Sales",Cold Calling,Telemarketing,Sales,,,,,,,,,,,,,,,,,,,,,,,,,,,,
"Microsoft Word
PDF Conversion
Data Entry",Microsoft Word,PDF Conversion,Data Entry,,,,,,,,,,,,,,,,,,,,,,,,,,,,
"Website
WordPress
WooCommerce",Website,WordPress,WooCommerce,,,,,,,,,,,,,,,,,,,,,,,,,,,,
"Brand Identity & Guidelines
Social Media Imagery
Graphic Design
Web Design
Branding
WordPress
Product Design",Brand Identity & Guidelines,Social Media Imagery,Graphic Design,Web Design,Branding,WordPress,Product Design,,,,,,,,,,,,,,,,,,,,,,,,
"Search Engine Optimization
SEO Backlinking
SEO Audit
Organic Traffic Growth
Google Analytics
On-Page SEO
SEO Keyword Research",Search Engine Optimization,SEO Backlinking,SEO Audit,Organic Traffic Growth,Google Analytics,On-Page SEO,SEO Keyword Research,,,,,,,,,,,,,,,,,,,,,,,,
"Graphic Design
Logo Design
Layout Design
Interior Design
3D Rendering",Graphic Design,Logo Design,Layout Design,Interior Design,3D Rendering,,,,,,,,,,,,,,,,,,,,,,,,,,
"Technical SEO
HTML
Web Development
CSS",Technical SEO,HTML,Web Development,CSS,,,,,,,,,,,,,,,,,,,,,,,,,,,
"Video Editing
Video Production
Content Writing
TikTok Ad
TikTok
Advertising",Video Editing,Video Production,Content Writing,TikTok Ad,TikTok,Advertising,,,,,,,,,,,,,,,,,,,,,,,,,
"Data Scraping
Data Mining
Python
Scrapy
Data Extraction
Web Crawling
Microsoft Excel",Data Scraping,Data Mining,Python,Scrapy,Data Extraction,Web Crawling,Microsoft Excel,,,,,,,,,,,,,,,,,,,,,,,,
"PHP
CSS
MySQL
Joomla",PHP,CSS,MySQL,Joomla,,,,,,,,,,,,,,,,,,,,,,,,,,,
"Adobe Illustrator
Logo Design",Adobe Illustrator,Logo Design,,,,,,,,,,,,,,,,,,,,,,,,,,,,,
"Search Engine Optimization
SEO Backlinking
SEO Keyword Research
SEO Audit
On-Page SEO
SEO Performance
Off-Page SEO
SEO Setup & Configuration",Search Engine Optimization,SEO Backlinking,SEO Keyword Research,SEO Audit,On-Page SEO,SEO Performance,Off-Page SEO,SEO Setup & Configuration,,,,,,,,,,,,,,,,,,,,,,,
"Real Estate
Lead Generation
Social Media Marketing
Facebook
German",Real Estate,Lead Generation,Social Media Marketing,Facebook,German,,,,,,,,,,,,,,,,,,,,,,,,,,
"Website
Web Design
Web Development
Website Builder
SEO Content",Website,Web Design,Web Development,Website Builder,SEO Content,,,,,,,,,,,,,,,,,,,,,,,,,,
"Canva
Content Creation
Editing & Proofreading",Canva,Content Creation,Editing & Proofreading,,,,,,,,,,,,,,,,,,,,,,,,,,,,
"Dropshipping
AliExpress
Shopify",Dropshipping,AliExpress,Shopify,,,,,,,,,,,,,,,,,,,,,,,,,,,,
"Facebook
Facebook Advertising
Social Media Marketing
Social Media Advertising
Campaign Management",Facebook,Facebook Advertising,Social Media Marketing,Social Media Advertising,Campaign Management,,,,,,,,,,,,,,,,,,,,,,,,,,
"Footage-Based Video
Color Grading
Compositing
Dialogue Editing
Dynamic Transition
Motion Retouching
Highlighting Effects",Footage-Based Video,Color Grading,Compositing,Dialogue Editing,Dynamic Transition,Motion Retouching,Highlighting Effects,,,,,,,,,,,,,,,,,,,,,,,,
Sales,Sales,,,,,,,,,,,,,,,,,,,,,,,,,,,,,,
"Product Listings
Shopify
Virtual Assistant
Dropshipping
AliExpress
Marketing
Translation",Product Listings,Shopify,Virtual Assistant,Dropshipping,AliExpress,Marketing,Translation,,,,,,,,,,,,,,,,,,,,,,,,
"Spanish
Blog Content
SEO Keyword Research
SEO Writing
Copywriting
Content Writing
English
Proofreading
Content SEO
WordPress",Spanish,Blog Content,SEO Keyword Research,SEO Writing,Copywriting,Content Writing,English,Proofreading,Content SEO,WordPress,,,,,,,,,,,,,,,,,,,,,
"3D Design
SolidWorks
3D Modeling
3D Drawing
CAD",3D Design,SolidWorks,3D Modeling,3D Drawing,CAD,,,,,,,,,,,,,,,,,,,,,,,,,,
"2D Art
3D Art
Cover Art Design
Graphic Design
Social Media Imagery
Illustration
Contemporary Style
Infographic
Colorful Style
Minimalist",2D Art,3D Art,Cover Art Design,Graphic Design,Social Media Imagery,Illustration,Contemporary Style,Infographic,Colorful Style,Minimalist,,,,,,,,,,,,,,,,,,,,,
"Lead Generation
Data Entry
Data Scraping
List Building
Prospect List",Lead Generation,Data Entry,Data Scraping,List Building,Prospect List,,,,,,,,,,,,,,,,,,,,,,,,,,
"Social Media Management
Automation
Instagram
Bot Development
Social Media Marketing
Python",Social Media Management,Automation,Instagram,Bot Development,Social Media Marketing,Python,,,,,,,,,,,,,,,,,,,,,,,,,
"Unreal Engine
C++
Game Development",Unreal Engine,C++,Game Development,,,,,,,,,,,,,,,,,,,,,,,,,,,,
"Content Writing
Blog Writing
Blog Content
SEO Writing
Search Engine Optimization
Copywriting
Creative Writing
Researcher
Article Writing
Writing",Content Writing,Blog Writing,Blog Content,SEO Writing,Search Engine Optimization,Copywriting,Creative Writing,Researcher,Article Writing,Writing,,,,,,,,,,,,,,,,,,,,,
"Fluent
English
Czech
Translation
Live Interpretation",Fluent,English,Czech,Translation,Live Interpretation,,,,,,,,,,,,,,,,,,,,,,,,,,
"Article Writing
Content Writing
Researcher
SEO Writing
Blog Content
French",Article Writing,Content Writing,Researcher,SEO Writing,Blog Content,French,,,,,,,,,,,,,,,,,,,,,,,,,
"Contract Drafting
Legal Writing
Business Services
Partnership Agreement",Contract Drafting,Legal Writing,Business Services,Partnership Agreement,,,,,,,,,,,,,,,,,,,,,,,,,,,
"Canva
Logo Design
Banner Ad Design
Graphic Design
Social Media Graphic Designer",Canva,Logo Design,Banner Ad Design,Graphic Design,Social Media Graphic Designer,,,,,,,,,,,,,,,,,,,,,,,,,,
"Web Scraping
Python",Web Scraping,Python,,,,,,,,,,,,,,,,,,,,,,,,,,,,,
"Article Writing
Content Writing
Researcher
SEO Writing
Blog Content
French",Article Writing,Content Writing,Researcher,SEO Writing,Blog Content,French,,,,,,,,,,,,,,,,,,,,,,,,,
"Native
English to Arabic Translation
English to French Translation
English to Italian Translation
English to Spanish Translation
English to German Translation
English to Polish Translation
English to Swedish Translation
English to Japanese Translation
English to Dutch Translation
English to Portuguese Translation
English to Ukrainian Translation",Native,English to Arabic Translation,English to French Translation,English to Italian Translation,English to Spanish Translation,English to German Translation,English to Polish Translation,English to Swedish Translation,English to Japanese Translation,English to Dutch Translation,English to Portuguese Translation,English to Ukrainian Translation,,,,,,,,,,,,,,,,,,,
"Brand Guidelines
Corporate Branding",Brand Guidelines,Corporate Branding,,,,,,,,,,,,,,,,,,,,,,,,,,,,,
"Adobe Photoshop
Graphic Design
Logo Design",Adobe Photoshop,Graphic Design,Logo Design,,,,,,,,,,,,,,,,,,,,,,,,,,,,
"Sales Development
Health & Wellness
Sales
Cold Calling
Scheduling
High-Ticket Closing",Sales Development,Health & Wellness,Sales,Cold Calling,Scheduling,High-Ticket Closing,,,,,,,,,,,,,,,,,,,,,,,,,
"Financial Analysis
Financial Modeling
Microsoft Excel
Microsoft PowerPoint
Strategy
Management Consulting",Financial Analysis,Financial Modeling,Microsoft Excel,Microsoft PowerPoint,Strategy,Management Consulting,,,,,,,,,,,,,,,,,,,,,,,,,
"Python
API Integration
GitLab
MySQL
Business with 10-99 Employees
SQL",Python,API Integration,GitLab,MySQL,Business with 10-99 Employees,SQL,,,,,,,,,,,,,,,,,,,,,,,,,
"NLTK
Data Science
Data Extraction",NLTK,Data Science,Data Extraction,,,,,,,,,,,,,,,,,,,,,,,,,,,,
"Business Transcription
Transcription Timestamping
Meeting Notes
English
General Transcription",Business Transcription,Transcription Timestamping,Meeting Notes,English,General Transcription,,,,,,,,,,,,,,,,,,,,,,,,,,
"Professional Tone
Researcher
Market Research",Professional Tone,Researcher,Market Research,,,,,,,,,,,,,,,,,,,,,,,,,,,,
"Zoho Platform
Software Integration",Zoho Platform,Software Integration,,,,,,,,,,,,,,,,,,,,,,,,,,,,,
"Java
Spring Framework
Core Java
Jakarta EE
Hibernate
Spring Boot",Java,Spring Framework,Core Java,Jakarta EE,Hibernate,Spring Boot,,,,,,,,,,,,,,,,,,,,,,,,,
"Business with 1-9 Employees
Unity
C#
Computer Vision
Graphic Design
Game Development",Business with 1-9 Employees,Unity,C#,Computer Vision,Graphic Design,Game Development,,,,,,,,,,,,,,,,,,,,,,,,,
"Lead Generation
List Building
Data Entry
Prospect List
Researcher",Lead Generation,List Building,Data Entry,Prospect List,Researcher,,,,,,,,,,,,,,,,,,,,,,,,,,
"Food & Beverage
Manufacturing & Construction
Engineering & Architecture
Energy & Utilities
Tech & IT
Lead Generation
Business Development
Sales
Data Entry
English",Food & Beverage,Manufacturing & Construction,Engineering & Architecture,Energy & Utilities,Tech & IT,Lead Generation,Business Development,Sales,Data Entry,English,,,,,,,,,,,,,,,,,,,,,
"Lead Generation
List Building
Prospect List",Lead Generation,List Building,Prospect List,,,,,,,,,,,,,,,,,,,,,,,,,,,,
"PrestaShop
PHP",PrestaShop,PHP,,,,,,,,,,,,,,,,,,,,,,,,,,,,,
"Japanese
Virtual Assistant
Customer Service",Japanese,Virtual Assistant,Customer Service,,,,,,,,,,,,,,,,,,,,,,,,,,,,
"Audio Transcription
Chilean Spanish Dialect
General Transcription
English
Mexican Spanish Dialect",Audio Transcription,Chilean Spanish Dialect,General Transcription,English,Mexican Spanish Dialect,,,,,,,,,,,,,,,,,,,,,,,,,,
"Adobe Photoshop Elements
Adobe Photoshop Lightroom
PaintShop Pro
Photo Impact
Affinity Photo
Adobe Photoshop
Graphic Design
Adobe Illustrator
Photo Editing
Illustration",Adobe Photoshop Elements,Adobe Photoshop Lightroom,PaintShop Pro,Photo Impact,Affinity Photo,Adobe Photoshop,Graphic Design,Adobe Illustrator,Photo Editing,Illustration,,,,,,,,,,,,,,,,,,,,,
"TikTok
TikTok Ad
TikTok Marketing
Ecommerce Marketing
Social Media Marketing
Social Media Management
Social Media Advertising
Campaign Management",TikTok,TikTok Ad,TikTok Marketing,Ecommerce Marketing,Social Media Marketing,Social Media Management,Social Media Advertising,Campaign Management,,,,,,,,,,,,,,,,,,,,,,,
"Branding
Brand Identity
Logo Design",Branding,Brand Identity,Logo Design,,,,,,,,,,,,,,,,,,,,,,,,,,,,
"Off-Page SEO
SEO Setup & Configuration
SEO Strategy
Sales & Marketing
SEO Keyword Research
Search Engine Optimization
On-Page SEO
Marketing Audit
SEO Backlinking
SEO Audit",Off-Page SEO,SEO Setup & Configuration,SEO Strategy,Sales & Marketing,SEO Keyword Research,Search Engine Optimization,On-Page SEO,Marketing Audit,SEO Backlinking,SEO Audit,,,,,,,,,,,,,,,,,,,,,
"Adobe Photoshop
Graphic Design
Adobe Illustrator
Web Design
Photo Editing",Adobe Photoshop,Graphic Design,Adobe Illustrator,Web Design,Photo Editing,,,,,,,,,,,,,,,,,,,,,,,,,,
"Contract Drafting
Legal
Intellectual Property Law
Legal Writing
Contract Law",Contract Drafting,Legal,Intellectual Property Law,Legal Writing,Contract Law,,,,,,,,,,,,,,,,,,,,,,,,,,
"Business Planning & Strategy
Marketing Strategy
Sales
Lead Generation",Business Planning & Strategy,Marketing Strategy,Sales,Lead Generation,,,,,,,,,,,,,,,,,,,,,,,,,,,
"DNS
CentOS
Email Security
Email Deliverability
Mail Server Implementation
Spam Filter
Server Administration
Server
Linux System Administration
Apache HTTP Server",DNS,CentOS,Email Security,Email Deliverability,Mail Server Implementation,Spam Filter,Server Administration,Server,Linux System Administration,Apache HTTP Server,,,,,,,,,,,,,,,,,,,,,
"English to Spanish Translation
English
Translation",English to Spanish Translation,English,Translation,,,,,,,,,,,,,,,,,,,,,,,,,,,,
"English to Spanish Translation
English
Translation",English to Spanish Translation,English,Translation,,,,,,,,,,,,,,,,,,,,,,,,,,,,
"Sewing
Sewing Pattern
YouTube",Sewing,Sewing Pattern,YouTube,,,,,,,,,,,,,,,,,,,,,,,,,,,,
"Competitive Analysis
Content SEO
Real Estate
Sales & Marketing
Google Ads
Google Analytics
SEO Keyword Research
SEO Performance",Competitive Analysis,Content SEO,Real Estate,Sales & Marketing,Google Ads,Google Analytics,SEO Keyword Research,SEO Performance,,,,,,,,,,,,,,,,,,,,,,,
"Female
French
Singer",Female,French,Singer,,,,,,,,,,,,,,,,,,,,,,,,,,,,
"Education
Graphic Design
YouTube
Adobe Photoshop",Education,Graphic Design,YouTube,Adobe Photoshop,,,,,,,,,,,,,,,,,,,,,,,,,,,
"HTML5
CSS
JavaScript
Google Analytics
CSS 3
Website Redesign
Template Markup
Landing Page
Web Development
HTML",HTML5,CSS,JavaScript,Google Analytics,CSS 3,Website Redesign,Template Markup,Landing Page,Web Development,HTML,,,,,,,,,,,,,,,,,,,,,
"Twilio API
Firebase
Redux
Firebase Cloud Firestore
Web Application
WebRTC
Agora Voice SDK",Twilio API,Firebase,Redux,Firebase Cloud Firestore,Web Application,WebRTC,Agora Voice SDK,,,,,,,,,,,,,,,,,,,,,,,,
"Video Editing
Video Production
Adobe Premiere Pro
Graphic Design
2D Animation
Explainer Video
Adobe Photoshop
Audio Editing
Adobe After Effects
YouTube",Video Editing,Video Production,Adobe Premiere Pro,Graphic Design,2D Animation,Explainer Video,Adobe Photoshop,Audio Editing,Adobe After Effects,YouTube,,,,,,,,,,,,,,,,,,,,,
"Microsoft Word
Book
Style Guide",Microsoft Word,Book,Style Guide,,,,,,,,,,,,,,,,,,,,,,,,,,,,
"Flutter Developer
Flutter
Dart
Android
Mobile App Development
Firebase",Flutter Developer,Flutter,Dart,Android,Mobile App Development,Firebase,,,,,,,,,,,,,,,,,,,,,,,,,
"Business Transcription
Transcription Timestamping
English
General Transcription",Business Transcription,Transcription Timestamping,English,General Transcription,,,,,,,,,,,,,,,,,,,,,,,,,,,
"Squarespace
Web Design
Logo Design",Squarespace,Web Design,Logo Design,,,,,,,,,,,,,,,,,,,,,,,,,,,,
"Copywriting
Blog Content
Blog Writing
Article
Article Writing
Content Writing
SEO Writing
Researcher
Creative Writing",Copywriting,Blog Content,Blog Writing,Article,Article Writing,Content Writing,SEO Writing,Researcher,Creative Writing,,,,,,,,,,,,,,,,,,,,,,
"Business Writing
Online Market Research
Proposal Writing
German
Executive Summary
Real Estate
Editing & Proofreading
Travel & Hospitality
Researcher
Content Writing
Creative Writing
English
Writing
Microsoft PowerPoint
Article Writing",Business Writing,Online Market Research,Proposal Writing,German,Executive Summary,Real Estate,Editing & Proofreading,Travel & Hospitality,Researcher,Content Writing,Creative Writing,English,Writing,Microsoft PowerPoint,Article Writing,,,,,,,,,,,,,,,,
"Quantitative Research
Qualitative Research
English
Academic Writing
Presentation Design
Content Writing",Quantitative Research,Qualitative Research,English,Academic Writing,Presentation Design,Content Writing,,,,,,,,,,,,,,,,,,,,,,,,,
"Python
Docker
Machine Learning
Flask",Python,Docker,Machine Learning,Flask,,,,,,,,,,,,,,,,,,,,,,,,,,,
"Videography
Video Editing
Video Production
Video Post-Editing
Final Cut Pro X
Adobe Premiere Pro
Audio Editing",Videography,Video Editing,Video Production,Video Post-Editing,Final Cut Pro X,Adobe Premiere Pro,Audio Editing,,,,,,,,,,,,,,,,,,,,,,,,
"Art & Design
Stationery
Invitation Design
Layout Design
Print Design
Stationery Design
Graphic Design
Adobe Illustrator
Illustration
Adobe InDesign",Art & Design,Stationery,Invitation Design,Layout Design,Print Design,Stationery Design,Graphic Design,Adobe Illustrator,Illustration,Adobe InDesign,,,,,,,,,,,,,,,,,,,,,
"Video Editing
Adobe Premiere Pro
Video Post-Editing
Adobe After Effects
Video Production
Final Cut Pro X",Video Editing,Adobe Premiere Pro,Video Post-Editing,Adobe After Effects,Video Production,Final Cut Pro X,,,,,,,,,,,,,,,,,,,,,,,,,
"Content Writing
Copywriting
Search Engine Optimization
SEO Writing",Content Writing,Copywriting,Search Engine Optimization,SEO Writing,,,,,,,,,,,,,,,,,,,,,,,,,,,
"Video Editing
Adobe Premiere Pro
Video Post-Editing
Adobe After Effects
Video Production
Final Cut Pro X",Video Editing,Adobe Premiere Pro,Video Post-Editing,Adobe After Effects,Video Production,Final Cut Pro X,,,,,,,,,,,,,,,,,,,,,,,,,
"Content Writing
Copywriting
Search Engine Optimization
SEO Writing",Content Writing,Copywriting,Search Engine Optimization,SEO Writing,,,,,,,,,,,,,,,,,,,,,,,,,,,
"Health & Wellness
Facebook Ads Manager
Facebook
Science & Medicine
Facebook Advertising
Lead Generation
Ad Copy
Retargeting
Social Media Advertising",Health & Wellness,Facebook Ads Manager,Facebook,Science & Medicine,Facebook Advertising,Lead Generation,Ad Copy,Retargeting,Social Media Advertising,,,,,,,,,,,,,,,,,,,,,,
"US English Dialect
Acting
Male
Female
Middle-Aged Adult
Voice Acting",US English Dialect,Acting,Male,Female,Middle-Aged Adult,Voice Acting,,,,,,,,,,,,,,,,,,,,,,,,,
"WordPress
Website
Landing Page",WordPress,Website,Landing Page,,,,,,,,,,,,,,,,,,,,,,,,,,,,
"Microsoft Power BI
Data Visualization
Business Intelligence",Microsoft Power BI,Data Visualization,Business Intelligence,,,,,,,,,,,,,,,,,,,,,,,,,,,,
"Docker
Python
JavaScript
Web Development
OpenAPI
Linux",Docker,Python,JavaScript,Web Development,OpenAPI,Linux,,,,,,,,,,,,,,,,,,,,,,,,,
"Design Concept
Illustration
Graphic Design
Drawing
Painting",Design Concept,Illustration,Graphic Design,Drawing,Painting,,,,,,,,,,,,,,,,,,,,,,,,,,
"Video Editing
Adobe Premiere Pro
Video Post-Editing
Video Production
Adobe After Effects
Final Cut Pro X
Videography
Music Video",Video Editing,Adobe Premiere Pro,Video Post-Editing,Video Production,Adobe After Effects,Final Cut Pro X,Videography,Music Video,,,,,,,,,,,,,,,,,,,,,,,
"English
Microsoft Word
Data Entry
Typing
Microsoft Excel",English,Microsoft Word,Data Entry,Typing,Microsoft Excel,,,,,,,,,,,,,,,,,,,,,,,,,,
"Adobe Photoshop
Graphic Design
Mockup
Design Mockup",Adobe Photoshop,Graphic Design,Mockup,Design Mockup,,,,,,,,,,,,,,,,,,,,,,,,,,,
"Bootstrap
CSS
HTML5",Bootstrap,CSS,HTML5,,,,,,,,,,,,,,,,,,,,,,,,,,,,
"API
API Integration",API,API Integration,,,,,,,,,,,,,,,,,,,,,,,,,,,,,
"Infographic
Informational Infographic
Adobe Photoshop
Graphic Design
Infographic
Photo Editing
Image Editing
Adobe Illustrator
Product Listings",Infographic,Informational Infographic,Adobe Photoshop,Graphic Design,Infographic,Photo Editing,Image Editing,Adobe Illustrator,Product Listings,,,,,,,,,,,,,,,,,,,,,,
"WordPress
Web Development
Graphic Design",WordPress,Web Development,Graphic Design,,,,,,,,,,,,,,,,,,,,,,,,,,,,
"Engineering Simulation
Electrical Engineering
Electronics
Analog Electronics",Engineering Simulation,Electrical Engineering,Electronics,Analog Electronics,,,,,,,,,,,,,,,,,,,,,,,,,,,
"Wiki
MediaWiki
Squid",Wiki,MediaWiki,Squid,,,,,,,,,,,,,,,,,,,,,,,,,,,,
"Administrative Assistant
Virtual Assistant
Email Communication
Data Entry",Administrative Assistant,Virtual Assistant,Email Communication,Data Entry,,,,,,,,,,,,,,,,,,,,,,,,,,,
Music Composition,Music Composition,,,,,,,,,,,,,,,,,,,,,,,,,,,,,,
"Administrative Support
Customer Support
Shopify
Customer Service
Communication Etiquette
Multitasking
Time Management
Interpersonal Skills
Email Support
Customer Satisfaction
Web Development
Email Communication
Order Processing
Order Tracking",Administrative Support,Customer Support,Shopify,Customer Service,Communication Etiquette,Multitasking,Time Management,Interpersonal Skills,Email Support,Customer Satisfaction,Web Development,Email Communication,Order Processing,Order Tracking,,,,,,,,,,,,,,,,,
"Logo Transparency
Vector File Format
Source File
3D Mockup
Logo Design
Graphic Design
Adobe Illustrator",Logo Transparency,Vector File Format,Source File,3D Mockup,Logo Design,Graphic Design,Adobe Illustrator,,,,,,,,,,,,,,,,,,,,,,,,
"Content Marketing Strategy
Article
SEO Writing
Blog Content
Article Writing
Content Writing",Content Marketing Strategy,Article,SEO Writing,Blog Content,Article Writing,Content Writing,,,,,,,,,,,,,,,,,,,,,,,,,
"JavaScript
TypeScript
three.js
Geometry",JavaScript,TypeScript,three.js,Geometry,,,,,,,,,,,,,,,,,,,,,,,,,,,
"Virtual Assistance
Virtual Assistant
Administrative Support",Virtual Assistance,Virtual Assistant,Administrative Support,,,,,,,,,,,,,,,,,,,,,,,,,,,,
Unbounce,Unbounce,,,,,,,,,,,,,,,,,,,,,,,,,,,,,,
"English
Researcher
Content Writing
Creative Writing
Writing
Copywriting
WordPress
US English Dialect",English,Researcher,Content Writing,Creative Writing,Writing,Copywriting,WordPress,US English Dialect,,,,,,,,,,,,,,,,,,,,,,,
"Translation
English
Technical Translation",Translation,English,Technical Translation,,,,,,,,,,,,,,,,,,,,,,,,,,,,
"Data Scraping
Data Mining
API
Data Extraction",Data Scraping,Data Mining,API,Data Extraction,,,,,,,,,,,,,,,,,,,,,,,,,,,
"Competitive Analysis
Market Research
Market Analysis
Competitor Research
SWOT Analysis
Customer Analysis
PESTEL Analysis",Competitive Analysis,Market Research,Market Analysis,Competitor Research,SWOT Analysis,Customer Analysis,PESTEL Analysis,,,,,,,,,,,,,,,,,,,,,,,,
"Golang
Blockchain Architecture
Ethereum
Blockchain Development
Blockchain
Smart Contract
React
Solidity",Golang,Blockchain Architecture,Ethereum,Blockchain Development,Blockchain,Smart Contract,React,Solidity,,,,,,,,,,,,,,,,,,,,,,,
"Competitive Analysis
Market Research
Market Analysis
Competitor Research
SWOT Analysis
Customer Analysis
PESTEL Analysis",Competitive Analysis,Market Research,Market Analysis,Competitor Research,SWOT Analysis,Customer Analysis,PESTEL Analysis,,,,,,,,,,,,,,,,,,,,,,,,
"Golang
Blockchain Architecture
Ethereum
Blockchain Development
Blockchain
Smart Contract
React
Solidity",Golang,Blockchain Architecture,Ethereum,Blockchain Development,Blockchain,Smart Contract,React,Solidity,,,,,,,,,,,,,,,,,,,,,,,
"Social Media Marketing
Facebook
Google Ads
Instagram
Social Media Advertising",Social Media Marketing,Facebook,Google Ads,Instagram,Social Media Advertising,,,,,,,,,,,,,,,,,,,,,,,,,,
"Graphic Design
Adobe Illustrator
Adobe Photoshop
Adobe InDesign",Graphic Design,Adobe Illustrator,Adobe Photoshop,Adobe InDesign,,,,,,,,,,,,,,,,,,,,,,,,,,,
"Shopify
Web Development
CSS
Shopify Templates
Shopify Theme",Shopify,Web Development,CSS,Shopify Templates,Shopify Theme,,,,,,,,,,,,,,,,,,,,,,,,,,
"Market Research
Lead Generation
Outbound Sales
Scheduling
Email Communication
Cold Calling",Market Research,Lead Generation,Outbound Sales,Scheduling,Email Communication,Cold Calling,,,,,,,,,,,,,,,,,,,,,,,,,
"Copywriting
Content Writing
Landing Page
Article
Newsletter
Social Media Content
Website Content
Forex Trading",Copywriting,Content Writing,Landing Page,Article,Newsletter,Social Media Content,Website Content,Forex Trading,,,,,,,,,,,,,,,,,,,,,,,
"Blender
3D Rendering
Photorealistic Rendering
High-Quality Rendering
Cycles Render",Blender,3D Rendering,Photorealistic Rendering,High-Quality Rendering,Cycles Render,,,,,,,,,,,,,,,,,,,,,,,,,,
"Contract Law
Contract Drafting",Contract Law,Contract Drafting,,,,,,,,,,,,,,,,,,,,,,,,,,,,,
"SEO Writing
Search Engine Optimization
Article Writing
French
Copywriting
Blog Content
Writing
Blog Writing",SEO Writing,Search Engine Optimization,Article Writing,French,Copywriting,Blog Content,Writing,Blog Writing,,,,,,,,,,,,,,,,,,,,,,,
"Node.js
API Integration
Web Application
JavaScript
MySQL
Payment Gateway Integration
Android
Stellar",Node.js,API Integration,Web Application,JavaScript,MySQL,Payment Gateway Integration,Android,Stellar,,,,,,,,,,,,,,,,,,,,,,,
"Social Media Content
YouTube
Podcast Marketing
YouTube Marketing",Social Media Content,YouTube,Podcast Marketing,YouTube Marketing,,,,,,,,,,,,,,,,,,,,,,,,,,,
"Social Media Marketing
Digital Marketing
Lead Generation
Search Engine Optimization
Influencer Marketing
Digital Marketing Strategy
Social Media Content Creation
Facebook
Marketing Strategy
Business Development",Social Media Marketing,Digital Marketing,Lead Generation,Search Engine Optimization,Influencer Marketing,Digital Marketing Strategy,Social Media Content Creation,Facebook,Marketing Strategy,Business Development,,,,,,,,,,,,,,,,,,,,,
"Digital Marketing
Executive Support
Email Communication
Administrative Assistant
Personalized Trip Plan
Virtual Assistant
Researcher
Communications",Digital Marketing,Executive Support,Email Communication,Administrative Assistant,Personalized Trip Plan,Virtual Assistant,Researcher,Communications,,,,,,,,,,,,,,,,,,,,,,,
"Portuguese
English
Editorial Translation
Translation
Content Writing
Search Engine Optimization
SEO Writing
Researcher
Hospitality & Tourism
Creative Writing",Portuguese,English,Editorial Translation,Translation,Content Writing,Search Engine Optimization,SEO Writing,Researcher,Hospitality & Tourism,Creative Writing,,,,,,,,,,,,,,,,,,,,,
"Administrative Support
Personal Administration
Virtual Assistant",Administrative Support,Personal Administration,Virtual Assistant,,,,,,,,,,,,,,,,,,,,,,,,,,,,
"Social Media Management
Instagram",Social Media Management,Instagram,,,,,,,,,,,,,,,,,,,,,,,,,,,,,
"Business Plan
Business Analysis
Market Research
Researcher
Business Writing
Marketing Strategy
Market Analysis
Business Services
Financial Modeling
Financial Analysis",Business Plan,Business Analysis,Market Research,Researcher,Business Writing,Marketing Strategy,Market Analysis,Business Services,Financial Modeling,Financial Analysis,,,,,,,,,,,,,,,,,,,,,
"User Interface Developer
UI/UX Prototyping
Software Design
Prototyping
Bluetooth
Digital Signal Processing
User Interface Design",User Interface Developer,UI/UX Prototyping,Software Design,Prototyping,Bluetooth,Digital Signal Processing,User Interface Design,,,,,,,,,,,,,,,,,,,,,,,,
"Unity
Compositing",Unity,Compositing,,,,,,,,,,,,,,,,,,,,,,,,,,,,,
"Adobe After Effects
Video Commercial
Motion Graphics
Video Production
Photo Slideshow
Graphic Design",Adobe After Effects,Video Commercial,Motion Graphics,Video Production,Photo Slideshow,Graphic Design,,,,,,,,,,,,,,,,,,,,,,,,,
"System Administration
Email Support
Microsoft Outlook",System Administration,Email Support,Microsoft Outlook,,,,,,,,,,,,,,,,,,,,,,,,,,,,
"Article Writing
Content Writing
Writing
Researcher
Creative Writing
Article",Article Writing,Content Writing,Writing,Researcher,Creative Writing,Article,,,,,,,,,,,,,,,,,,,,,,,,,
"Residential Design
2D Design
3D Rendering
Planning Permission Preparation
Floor Plan Design
Architectural Design
Architectural Rendering
Autodesk Revit",Residential Design,2D Design,3D Rendering,Planning Permission Preparation,Floor Plan Design,Architectural Design,Architectural Rendering,Autodesk Revit,,,,,,,,,,,,,,,,,,,,,,,
"Canva
Instagram
Facebook
Social Media Marketing
Facebook Advertising
Social Media Advertising
Social Media Imagery",Canva,Instagram,Facebook,Social Media Marketing,Facebook Advertising,Social Media Advertising,Social Media Imagery,,,,,,,,,,,,,,,,,,,,,,,,
"Content Marketing Strategy
Landing Page
Product Description
Website Copywriting
Sales Writing
Copywriting
Content Writing",Content Marketing Strategy,Landing Page,Product Description,Website Copywriting,Sales Writing,Copywriting,Content Writing,,,,,,,,,,,,,,,,,,,,,,,,
"Email Support
Microsoft Outlook
Office 365",Email Support,Microsoft Outlook,Office 365,,,,,,,,,,,,,,,,,,,,,,,,,,,,
"Social Media Marketing
Facebook
Instagram
Social Media Management
Marketing Strategy",Social Media Marketing,Facebook,Instagram,Social Media Management,Marketing Strategy,,,,,,,,,,,,,,,,,,,,,,,,,,
"Email Marketing
Email Campaign Setup
Marketing Automation
Lead Generation
Customer Retention",Email Marketing,Email Campaign Setup,Marketing Automation,Lead Generation,Customer Retention,,,,,,,,,,,,,,,,,,,,,,,,,,
"Ad Copy
Copywriting
Creative Writing
Google Ads
SEO Writing",Ad Copy,Copywriting,Creative Writing,Google Ads,SEO Writing,,,,,,,,,,,,,,,,,,,,,,,,,,
"Email Support
Microsoft Outlook
Office 365",Email Support,Microsoft Outlook,Office 365,,,,,,,,,,,,,,,,,,,,,,,,,,,,
"Social Media Marketing
Facebook
Instagram
Social Media Management
Marketing Strategy",Social Media Marketing,Facebook,Instagram,Social Media Management,Marketing Strategy,,,,,,,,,,,,,,,,,,,,,,,,,,
"Email Marketing
Email Campaign Setup
Marketing Automation
Lead Generation
Customer Retention",Email Marketing,Email Campaign Setup,Marketing Automation,Lead Generation,Customer Retention,,,,,,,,,,,,,,,,,,,,,,,,,,
"Ad Copy
Copywriting
Creative Writing
Google Ads
SEO Writing",Ad Copy,Copywriting,Creative Writing,Google Ads,SEO Writing,,,,,,,,,,,,,,,,,,,,,,,,,,
"English
Copywriting
Content Writing
US English Dialect
Writing
Article Writing",English,Copywriting,Content Writing,US English Dialect,Writing,Article Writing,,,,,,,,,,,,,,,,,,,,,,,,,
"Social Media Management
Social Media Marketing Strategy
YouTube
Social Media Marketing
Social Media Content Creation
Facebook
Instagram
Social Media Content
Project Management
Marketing Strategy",Social Media Management,Social Media Marketing Strategy,YouTube,Social Media Marketing,Social Media Content Creation,Facebook,Instagram,Social Media Content,Project Management,Marketing Strategy,,,,,,,,,,,,,,,,,,,,,
"Google Sheets
Data Analysis
Google Ads
Marketing Analytics
Google Data Studio",Google Sheets,Data Analysis,Google Ads,Marketing Analytics,Google Data Studio,,,,,,,,,,,,,,,,,,,,,,,,,,
"Voice-Over
Male
Narration
Middle-Aged Adult
Young Adult",Voice-Over,Male,Narration,Middle-Aged Adult,Young Adult,,,,,,,,,,,,,,,,,,,,,,,,,,
"Video Editing
Instagram
Video Production
Videography
Video Post-Editing",Video Editing,Instagram,Video Production,Videography,Video Post-Editing,,,,,,,,,,,,,,,,,,,,,,,,,,
"Writing
Editing & Proofreading
Editor
Portuguese",Writing,Editing & Proofreading,Editor,Portuguese,,,,,,,,,,,,,,,,,,,,,,,,,,,
