0,Skill_1,Skill_2,Skill_3,Skill_4,Skill_5,Skill_6,Skill_7,Skill_8,Skill_9,Skill_10,Skill_11,Skill_12,Skill_13,Skill_14,Skill_15,Skill_16,Skill_17,Skill_18,Skill_19,Skill_20,Skill_21,Skill_22,Skill_23,Skill_24,Skill_25,Skill_26,Skill_27,Skill_28,Skill_29,Skill_30,Skill_31,Skill_32
"PHP
HTML
JavaScript
Laravel
HTML5
CSS",PHP,HTML,JavaScript,Laravel,HTML5,CSS,,,,,,,,,,,,,,,,,,,,,,,,,,
"Logo Design
Graphic Design
Adobe Illustrator
Brand Identity & Guidelines
Minimalist",Logo Design,Graphic Design,Adobe Illustrator,Brand Identity & Guidelines,Minimalist,,,,,,,,,,,,,,,,,,,,,,,,,,,
"Instagram
Social Media Management
Social Media Content Creation
Facebook
Algorithm Development",Instagram,Social Media Management,Social Media Content Creation,Facebook,Algorithm Development,,,,,,,,,,,,,,,,,,,,,,,,,,,
"Facebook
Facebook Advertising
Social Media Marketing
Retargeting
Social Media Advertising",Facebook,Facebook Advertising,Social Media Marketing,Retargeting,Social Media Advertising,,,,,,,,,,,,,,,,,,,,,,,,,,,
"Japanese
English",Japanese,English,,,,,,,,,,,,,,,,,,,,,,,,,,,,,,
"Electrical Design
Electrical Engineering
MATLAB
Electronics",Electrical Design,Electrical Engineering,MATLAB,Electronics,,,,,,,,,,,,,,,,,,,,,,,,,,,,
"Japanese
English",Japanese,English,,,,,,,,,,,,,,,,,,,,,,,,,,,,,,
"TikTok
Social Media Marketing
Instagram
Social Media Content Creation
Social Media Content",TikTok,Social Media Marketing,Instagram,Social Media Content Creation,Social Media Content,,,,,,,,,,,,,,,,,,,,,,,,,,,
"Node.js
API Development
Cardano
Blockchain
NFT",Node.js,API Development,Cardano,Blockchain,NFT,,,,,,,,,,,,,,,,,,,,,,,,,,,
"Blog Content
Blog Writing
English
Content Writing
Search Engine Optimization
Article Writing
Researcher
Creative Writing",Blog Content,Blog Writing,English,Content Writing,Search Engine Optimization,Article Writing,Researcher,Creative Writing,,,,,,,,,,,,,,,,,,,,,,,,
"Node.js
API Development
Cardano
Blockchain
NFT",Node.js,API Development,Cardano,Blockchain,NFT,,,,,,,,,,,,,,,,,,,,,,,,,,,
"Blog Content
Blog Writing
English
Content Writing
Search Engine Optimization
Article Writing
Researcher
Creative Writing",Blog Content,Blog Writing,English,Content Writing,Search Engine Optimization,Article Writing,Researcher,Creative Writing,,,,,,,,,,,,,,,,,,,,,,,,
"Technical Documentation
Technical Writing
Technical Project Management
Software Documentation",Technical Documentation,Technical Writing,Technical Project Management,Software Documentation,,,,,,,,,,,,,,,,,,,,,,,,,,,,
"Video Editing
Adobe After Effects
Adobe Premiere Pro
Animation
Video Post-Editing
Graphic Design
Adobe Photoshop
2D Animation
Final Cut Pro X
Video Production",Video Editing,Adobe After Effects,Adobe Premiere Pro,Animation,Video Post-Editing,Graphic Design,Adobe Photoshop,2D Animation,Final Cut Pro X,Video Production,,,,,,,,,,,,,,,,,,,,,,
Python,Python,,,,,,,,,,,,,,,,,,,,,,,,,,,,,,,
API,API,,,,,,,,,,,,,,,,,,,,,,,,,,,,,,,
"Shopify
SEO Keyword Research
Search Engine Optimization
SEO Backlinking
Organic Traffic Growth
Google Analytics
On-Page SEO
SEO Audit",Shopify,SEO Keyword Research,Search Engine Optimization,SEO Backlinking,Organic Traffic Growth,Google Analytics,On-Page SEO,SEO Audit,,,,,,,,,,,,,,,,,,,,,,,,
"Typing
Data Entry
Microsoft Word
PDF Conversion
Microsoft Excel
Copywriting
PDF
Virtual Assistance",Typing,Data Entry,Microsoft Word,PDF Conversion,Microsoft Excel,Copywriting,PDF,Virtual Assistance,,,,,,,,,,,,,,,,,,,,,,,,
"Photography
Videography",Photography,Videography,,,,,,,,,,,,,,,,,,,,,,,,,,,,,,
,,,,,,,,,,,,,,,,,,,,,,,,,,,,,,,,
"Photography
Videography",Photography,Videography,,,,,,,,,,,,,,,,,,,,,,,,,,,,,,
"Data Analysis
Data Visualization
Statistical Infographic
Researcher
Informational Infographic
Infographic",Data Analysis,Data Visualization,Statistical Infographic,Researcher,Informational Infographic,Infographic,,,,,,,,,,,,,,,,,,,,,,,,,,
"React Native
Android
iOS
Mobile App Development
iOS Development
React",React Native,Android,iOS,Mobile App Development,iOS Development,React,,,,,,,,,,,,,,,,,,,,,,,,,,
"Editor
Proofreading
Translation
Mobile App Localization
English
Norwegian
English to Norwegian Translation",Editor,Proofreading,Translation,Mobile App Localization,English,Norwegian,English to Norwegian Translation,,,,,,,,,,,,,,,,,,,,,,,,,
"Customer Service
English
Phone Support
Customer Support
Phone Communication
Customer Satisfaction
Email Support
Online Chat Support
Lithuanian",Customer Service,English,Phone Support,Customer Support,Phone Communication,Customer Satisfaction,Email Support,Online Chat Support,Lithuanian,,,,,,,,,,,,,,,,,,,,,,,
"Sales
Lead Generation",Sales,Lead Generation,,,,,,,,,,,,,,,,,,,,,,,,,,,,,,
"Sales
Cold Calling
Telemarketing
Price & Quote Negotiation
Customer Service
Email Communication
Outbound Sales",Sales,Cold Calling,Telemarketing,Price & Quote Negotiation,Customer Service,Email Communication,Outbound Sales,,,,,,,,,,,,,,,,,,,,,,,,,
"Chatbot Development
WhatsApp
API
Dialogflow API
AWS Lambda
Natural Language Processing",Chatbot Development,WhatsApp,API,Dialogflow API,AWS Lambda,Natural Language Processing,,,,,,,,,,,,,,,,,,,,,,,,,,
"Video Editing
Explainer Video",Video Editing,Explainer Video,,,,,,,,,,,,,,,,,,,,,,,,,,,,,,
,,,,,,,,,,,,,,,,,,,,,,,,,,,,,,,,
"Webflow
WordPress
Web Development
Web Design
Webflow Expert
UX & UI",Webflow,WordPress,Web Development,Web Design,Webflow Expert,UX & UI,,,,,,,,,,,,,,,,,,,,,,,,,,
"Startup Company
Recruiting
Candidate Sourcing
Human Resource Management
Technical Recruiter
Candidate Evaluation
Interpersonal Skills
Candidate Interviewing
Candidate Recommendation
Upwork",Startup Company,Recruiting,Candidate Sourcing,Human Resource Management,Technical Recruiter,Candidate Evaluation,Interpersonal Skills,Candidate Interviewing,Candidate Recommendation,Upwork,,,,,,,,,,,,,,,,,,,,,,
"SEO Writing
Creative Writing
Writing
Content Writing
Editing & Proofreading
Content Marketing Strategy
Researcher
Search Engine Optimization
Website Content",SEO Writing,Creative Writing,Writing,Content Writing,Editing & Proofreading,Content Marketing Strategy,Researcher,Search Engine Optimization,Website Content,,,,,,,,,,,,,,,,,,,,,,,
"macOS
Linux
VMWare
VirtualBox
Virtual Machine",macOS,Linux,VMWare,VirtualBox,Virtual Machine,,,,,,,,,,,,,,,,,,,,,,,,,,,
"Content Writing
Researcher
Marketing Strategy
Social Media Marketing",Content Writing,Researcher,Marketing Strategy,Social Media Marketing,,,,,,,,,,,,,,,,,,,,,,,,,,,,
"API Integration
PHP
HTML5
Web Development
HTML
JavaScript
API",API Integration,PHP,HTML5,Web Development,HTML,JavaScript,API,,,,,,,,,,,,,,,,,,,,,,,,,
"Business Researcher
Fact Checker
Internet Researcher
Researcher
Market Research",Business Researcher,Fact Checker,Internet Researcher,Researcher,Market Research,,,,,,,,,,,,,,,,,,,,,,,,,,,
HubSpot,HubSpot,,,,,,,,,,,,,,,,,,,,,,,,,,,,,,,
"Web Design
Graphic Design
Website
Web Development",Web Design,Graphic Design,Website,Web Development,,,,,,,,,,,,,,,,,,,,,,,,,,,,
"Editor
Proofreading
Translation
Mobile App Localization
English
English to Malay Translation
Malay to English Translation
Malay",Editor,Proofreading,Translation,Mobile App Localization,English,English to Malay Translation,Malay to English Translation,Malay,,,,,,,,,,,,,,,,,,,,,,,,
"Android
JavaScript
Android App Development
Mobile App Development
iOS
Web Development
Data Entry
WordPress
Smartphone
Kotlin",Android,JavaScript,Android App Development,Mobile App Development,iOS,Web Development,Data Entry,WordPress,Smartphone,Kotlin,,,,,,,,,,,,,,,,,,,,,,
"Graphic Design
Adobe Illustrator
Adobe Photoshop",Graphic Design,Adobe Illustrator,Adobe Photoshop,,,,,,,,,,,,,,,,,,,,,,,,,,,,,
"Male
Calming Tone
Voice-Over
Castilian Spanish
Voice Acting
Male",Male,Calming Tone,Voice-Over,Castilian Spanish,Voice Acting,Male,,,,,,,,,,,,,,,,,,,,,,,,,,
"Social Media Marketing
Graphic Design
Social Media Management
Content Writing",Social Media Marketing,Graphic Design,Social Media Management,Content Writing,,,,,,,,,,,,,,,,,,,,,,,,,,,,
"Voice-Over
US English Dialect",Voice-Over,US English Dialect,,,,,,,,,,,,,,,,,,,,,,,,,,,,,,
"Email Marketing
Lead Generation Analysis
B2B Marketing
Lead Generation
Sales
Cold Calling
Content Writing
Market Research
Telemarketing
English",Email Marketing,Lead Generation Analysis,B2B Marketing,Lead Generation,Sales,Cold Calling,Content Writing,Market Research,Telemarketing,English,,,,,,,,,,,,,,,,,,,,,,
Researcher,Researcher,,,,,,,,,,,,,,,,,,,,,,,,,,,,,,,
"Social Media Advertising
Facebook Advertising
Retargeting
Social Media Marketing
Social Media Management",Social Media Advertising,Facebook Advertising,Retargeting,Social Media Marketing,Social Media Management,,,,,,,,,,,,,,,,,,,,,,,,,,,
"PHP
Web Development
Web Application",PHP,Web Development,Web Application,,,,,,,,,,,,,,,,,,,,,,,,,,,,,
"Google Analytics
Lead Generation
Social Media Marketing
Google Ads
Campaign Management
Ecommerce
Marketing Strategy
Digital Marketing",Google Analytics,Lead Generation,Social Media Marketing,Google Ads,Campaign Management,Ecommerce,Marketing Strategy,Digital Marketing,,,,,,,,,,,,,,,,,,,,,,,,
"PHP
Web Development
Web Application",PHP,Web Development,Web Application,,,,,,,,,,,,,,,,,,,,,,,,,,,,,
"Google Analytics
Lead Generation
Social Media Marketing
Google Ads
Campaign Management
Ecommerce
Marketing Strategy
Digital Marketing",Google Analytics,Lead Generation,Social Media Marketing,Google Ads,Campaign Management,Ecommerce,Marketing Strategy,Digital Marketing,,,,,,,,,,,,,,,,,,,,,,,,
"Web Design
Mobile App Design
Adobe Illustrator
User Interface Design",Web Design,Mobile App Design,Adobe Illustrator,User Interface Design,,,,,,,,,,,,,,,,,,,,,,,,,,,,
"Figma Expert
App Designer
Software Design
Android
Web Design
Mobile App Design",Figma Expert,App Designer,Software Design,Android,Web Design,Mobile App Design,,,,,,,,,,,,,,,,,,,,,,,,,,
"Azure DevOps Server
CI/CD
Jenkins
Bash
Microsoft Windows
Linux
Python
Microsoft Azure SQL Database",Azure DevOps Server,CI/CD,Jenkins,Bash,Microsoft Windows,Linux,Python,Microsoft Azure SQL Database,,,,,,,,,,,,,,,,,,,,,,,,
"Facebook
Social Media Management
Social Media Marketing
Social Media Content
Facebook Advertising",Facebook,Social Media Management,Social Media Marketing,Social Media Content,Facebook Advertising,,,,,,,,,,,,,,,,,,,,,,,,,,,
"Market Research
Researcher",Market Research,Researcher,,,,,,,,,,,,,,,,,,,,,,,,,,,,,,
"Graphic Design
Social Media Imagery",Graphic Design,Social Media Imagery,,,,,,,,,,,,,,,,,,,,,,,,,,,,,,
"Mobile UI Designer
Business with 1-9 Employees
Graphic Design
Adobe Illustrator
Adobe XD",Mobile UI Designer,Business with 1-9 Employees,Graphic Design,Adobe Illustrator,Adobe XD,,,,,,,,,,,,,,,,,,,,,,,,,,,
"Advertising Automation
Social Media Marketing Automation
CRM Automation
Lead Management Automation
A/B Testing
Communications
Salesforce CRM
Email Communication
Microsoft Excel
Administrative Support",Advertising Automation,Social Media Marketing Automation,CRM Automation,Lead Management Automation,A/B Testing,Communications,Salesforce CRM,Email Communication,Microsoft Excel,Administrative Support,,,,,,,,,,,,,,,,,,,,,,
"Market Research
Researcher",Market Research,Researcher,,,,,,,,,,,,,,,,,,,,,,,,,,,,,,
"Graphic Design
Social Media Imagery",Graphic Design,Social Media Imagery,,,,,,,,,,,,,,,,,,,,,,,,,,,,,,
"Mobile UI Designer
Business with 1-9 Employees
Graphic Design
Adobe Illustrator
Adobe XD",Mobile UI Designer,Business with 1-9 Employees,Graphic Design,Adobe Illustrator,Adobe XD,,,,,,,,,,,,,,,,,,,,,,,,,,,
"Advertising Automation
Social Media Marketing Automation
CRM Automation
Lead Management Automation
A/B Testing
Communications
Salesforce CRM
Email Communication
Microsoft Excel
Administrative Support",Advertising Automation,Social Media Marketing Automation,CRM Automation,Lead Management Automation,A/B Testing,Communications,Salesforce CRM,Email Communication,Microsoft Excel,Administrative Support,,,,,,,,,,,,,,,,,,,,,,
"Differential Calculus
Integral Calculus
Probability Theory
Equations
Mathematics
Mathematics Tutoring
Calculus
Algebra",Differential Calculus,Integral Calculus,Probability Theory,Equations,Mathematics,Mathematics Tutoring,Calculus,Algebra,,,,,,,,,,,,,,,,,,,,,,,,
"Assessment Activity
Compliance Training
Curriculum Design
Curriculum Development
Learning Theory
Qualitative Research
Education
Marketing Strategy",Assessment Activity,Compliance Training,Curriculum Design,Curriculum Development,Learning Theory,Qualitative Research,Education,Marketing Strategy,,,,,,,,,,,,,,,,,,,,,,,,
"Norwegian
Male
Female",Norwegian,Male,Female,,,,,,,,,,,,,,,,,,,,,,,,,,,,,
"iOS
iOS Development
Mobile App Development",iOS,iOS Development,Mobile App Development,,,,,,,,,,,,,,,,,,,,,,,,,,,,,
"Android
Hybrid App Development
Android Studio
Android App Development
Mobile App Development
iOS
Smartphone
Android App
Google Play",Android,Hybrid App Development,Android Studio,Android App Development,Mobile App Development,iOS,Smartphone,Android App,Google Play,,,,,,,,,,,,,,,,,,,,,,,
"Lead Generation
Data Scraping
List Building
Prospect List
Researcher",Lead Generation,Data Scraping,List Building,Prospect List,Researcher,,,,,,,,,,,,,,,,,,,,,,,,,,,
"Lead Generation
Data Scraping
List Building
Prospect List
Researcher",Lead Generation,Data Scraping,List Building,Prospect List,Researcher,,,,,,,,,,,,,,,,,,,,,,,,,,,
"Infographic
Brochure
Business Card
Custom Graphics
Graphic Design
Brand Guidelines
Logo Design
Food Packaging
Adobe Photoshop
Adobe Illustrator",Infographic,Brochure,Business Card,Custom Graphics,Graphic Design,Brand Guidelines,Logo Design,Food Packaging,Adobe Photoshop,Adobe Illustrator,,,,,,,,,,,,,,,,,,,,,,
"Native App Development
In-App Purchases
User Profile Creation
Google Analytics
Android
Kotlin
Java
Android App Development
Firebase",Native App Development,In-App Purchases,User Profile Creation,Google Analytics,Android,Kotlin,Java,Android App Development,Firebase,,,,,,,,,,,,,,,,,,,,,,,
"Android
Java",Android,Java,,,,,,,,,,,,,,,,,,,,,,,,,,,,,,
"Calculation
Tutoring
Writing
Quantum Mechanics
Quantum Physics
Physics",Calculation,Tutoring,Writing,Quantum Mechanics,Quantum Physics,Physics,,,,,,,,,,,,,,,,,,,,,,,,,,
Instagram,Instagram,,,,,,,,,,,,,,,,,,,,,,,,,,,,,,,
"Content Marketing Strategy
Blog Content
Crypto Exchange Platform
Trading Strategy
Chinese
English
Article Writing
Content Writing
Blog Writing",Content Marketing Strategy,Blog Content,Crypto Exchange Platform,Trading Strategy,Chinese,English,Article Writing,Content Writing,Blog Writing,,,,,,,,,,,,,,,,,,,,,,,
"Content Writing
Writing
Creative Writing
English",Content Writing,Writing,Creative Writing,English,,,,,,,,,,,,,,,,,,,,,,,,,,,,
"Business Plan
Relationship Management
Business Analysis
Business Services
Lead Generation
Market Research
Sales
Partnership Development",Business Plan,Relationship Management,Business Analysis,Business Services,Lead Generation,Market Research,Sales,Partnership Development,,,,,,,,,,,,,,,,,,,,,,,,
"Academic Research
Quantitative Research
Research Proposals
Researcher
Qualitative Research
Academic Writing",Academic Research,Quantitative Research,Research Proposals,Researcher,Qualitative Research,Academic Writing,,,,,,,,,,,,,,,,,,,,,,,,,,
"Flutter Developer
Flutter
Mobile App Development
Food Delivery Application
iOS
Android",Flutter Developer,Flutter,Mobile App Development,Food Delivery Application,iOS,Android,,,,,,,,,,,,,,,,,,,,,,,,,,
2D Illustration,2D Illustration,,,,,,,,,,,,,,,,,,,,,,,,,,,,,,,
"Architectural Design
Construction
Floor Plan Design
Construction Management
2D Design & Drawings",Architectural Design,Construction,Floor Plan Design,Construction Management,2D Design & Drawings,,,,,,,,,,,,,,,,,,,,,,,,,,,
"2D Design
Floor Plan Design
Drafting
2D Design & Drawings
CAD",2D Design,Floor Plan Design,Drafting,2D Design & Drawings,CAD,,,,,,,,,,,,,,,,,,,,,,,,,,,
"Social Media Imagery
Advertising Design
Graphic Design
Banner Ad Design
Adobe Illustrator
Adobe Photoshop",Social Media Imagery,Advertising Design,Graphic Design,Banner Ad Design,Adobe Illustrator,Adobe Photoshop,,,,,,,,,,,,,,,,,,,,,,,,,,
"Agile Project Management
Project Management",Agile Project Management,Project Management,,,,,,,,,,,,,,,,,,,,,,,,,,,,,,
"Typing
Data Entry
Microsoft Word
PDF Conversion
Microsoft Excel
Copywriting
PDF
Virtual Assistance",Typing,Data Entry,Microsoft Word,PDF Conversion,Microsoft Excel,Copywriting,PDF,Virtual Assistance,,,,,,,,,,,,,,,,,,,,,,,,
"Investment Strategy
People Management
Business Planning & Strategy
Executive Summary
Market Research
Financial Modeling",Investment Strategy,People Management,Business Planning & Strategy,Executive Summary,Market Research,Financial Modeling,,,,,,,,,,,,,,,,,,,,,,,,,,
"Wix
Web Design
Web Development
Graphic Design",Wix,Web Design,Web Development,Graphic Design,,,,,,,,,,,,,,,,,,,,,,,,,,,,
"WordPress
Web Development
Web Design
CSS
HTML
PHP
JavaScript
Graphic Design
HTML5",WordPress,Web Development,Web Design,CSS,HTML,PHP,JavaScript,Graphic Design,HTML5,,,,,,,,,,,,,,,,,,,,,,,
"API Integration
Angular
MongoDB
Business with 1-9 Employees
Business with 10-99 Employees
Node.js
JavaScript
Microsoft Azure
Firebase
GitHub",API Integration,Angular,MongoDB,Business with 1-9 Employees,Business with 10-99 Employees,Node.js,JavaScript,Microsoft Azure,Firebase,GitHub,,,,,,,,,,,,,,,,,,,,,,
"Japanese
Chinese
English to Japanese Translation
Chinese to Japanese Translation",Japanese,Chinese,English to Japanese Translation,Chinese to Japanese Translation,,,,,,,,,,,,,,,,,,,,,,,,,,,,
"Presentation Design
Microsoft PowerPoint
Graphic Design
Business Presentation
Training Presentation
Presentations
Adobe Photoshop",Presentation Design,Microsoft PowerPoint,Graphic Design,Business Presentation,Training Presentation,Presentations,Adobe Photoshop,,,,,,,,,,,,,,,,,,,,,,,,,
"WordPress
Web Development
Web Design",WordPress,Web Development,Web Design,,,,,,,,,,,,,,,,,,,,,,,,,,,,,
"Native
Translation
English
Greek
English to Greek Translation",Native,Translation,English,Greek,English to Greek Translation,,,,,,,,,,,,,,,,,,,,,,,,,,,
"SEO Audit
SEO Setup & Configuration
Facebook",SEO Audit,SEO Setup & Configuration,Facebook,,,,,,,,,,,,,,,,,,,,,,,,,,,,,
Game Development,Game Development,,,,,,,,,,,,,,,,,,,,,,,,,,,,,,,
"Floor Plan Design
Office Design",Floor Plan Design,Office Design,,,,,,,,,,,,,,,,,,,,,,,,,,,,,,
"Android
Smartphone
Android App Development
iOS
iOS Development
Mobile App Development
Java
In-App Purchases
Tablet",Android,Smartphone,Android App Development,iOS,iOS Development,Mobile App Development,Java,In-App Purchases,Tablet,,,,,,,,,,,,,,,,,,,,,,,
"PHP
CSS
HTML
JavaScript
Laravel",PHP,CSS,HTML,JavaScript,Laravel,,,,,,,,,,,,,,,,,,,,,,,,,,,
"Ecwid
Web Design",Ecwid,Web Design,,,,,,,,,,,,,,,,,,,,,,,,,,,,,,
"Logo Design
Adobe Illustrator
Adobe Photoshop
Graphic Design",Logo Design,Adobe Illustrator,Adobe Photoshop,Graphic Design,,,,,,,,,,,,,,,,,,,,,,,,,,,,
"Sales & Marketing
Lead Generation
Business Development
Sales
Organic Traffic Growth",Sales & Marketing,Lead Generation,Business Development,Sales,Organic Traffic Growth,,,,,,,,,,,,,,,,,,,,,,,,,,,
"Web Application
API
React
Node.js
API Integration
CSS
HTML
UX & UI
JavaScript
Python",Web Application,API,React,Node.js,API Integration,CSS,HTML,UX & UI,JavaScript,Python,,,,,,,,,,,,,,,,,,,,,,
"Russian
Acting
Female
Male
Singing",Russian,Acting,Female,Male,Singing,,,,,,,,,,,,,,,,,,,,,,,,,,,
"Customer Service
Customer Support
Online Chat Support
Product Knowledge
Email Support
Communication Etiquette
Customer Satisfaction
Answered Ticket",Customer Service,Customer Support,Online Chat Support,Product Knowledge,Email Support,Communication Etiquette,Customer Satisfaction,Answered Ticket,,,,,,,,,,,,,,,,,,,,,,,,
"Android App Development
Android
Mobile App Development
Android Studio",Android App Development,Android,Mobile App Development,Android Studio,,,,,,,,,,,,,,,,,,,,,,,,,,,,
"Data Entry Clerk
Communications
Data Entry
Virtual Assistance
Virtual Assistant
English
Researcher
Voice Acting
German
Audio Recording",Data Entry Clerk,Communications,Data Entry,Virtual Assistance,Virtual Assistant,English,Researcher,Voice Acting,German,Audio Recording,,,,,,,,,,,,,,,,,,,,,,
"Google Ads
Pay Per Click Advertising
Google Analytics",Google Ads,Pay Per Click Advertising,Google Analytics,,,,,,,,,,,,,,,,,,,,,,,,,,,,,
"Screenwriting
Scriptwriting",Screenwriting,Scriptwriting,,,,,,,,,,,,,,,,,,,,,,,,,,,,,,
"Native App Development
Map Integration
Mobile App Development
iOS
Swift
iOS Development",Native App Development,Map Integration,Mobile App Development,iOS,Swift,iOS Development,,,,,,,,,,,,,,,,,,,,,,,,,,
"Magento 2
Amazon API Gateway
Amazon Listing Optimization
Amazon Book Category Research",Magento 2,Amazon API Gateway,Amazon Listing Optimization,Amazon Book Category Research,,,,,,,,,,,,,,,,,,,,,,,,,,,,
"Amazon PPC
Amazon FBA
Amazon",Amazon PPC,Amazon FBA,Amazon,,,,,,,,,,,,,,,,,,,,,,,,,,,,,
"Ukrainian
Acting
Video Shoot
Singing
TikTok",Ukrainian,Acting,Video Shoot,Singing,TikTok,,,,,,,,,,,,,,,,,,,,,,,,,,,
"Novel
Creative Writing
Fiction Writing
Book Writing
Writing
Ebook Writing
Ghostwriting
Romance
Ebook
Fiction",Novel,Creative Writing,Fiction Writing,Book Writing,Writing,Ebook Writing,Ghostwriting,Romance,Ebook,Fiction,,,,,,,,,,,,,,,,,,,,,,
"3D Animation
3D Rendering",3D Animation,3D Rendering,,,,,,,,,,,,,,,,,,,,,,,,,,,,,,
"Transaction Data Entry
Bookkeeping
Accounting Software
Bank Reconciliation
Balance Sheet
Accounting Basics
Accounts Payable
Accounting
Accounts Receivable
Intuit QuickBooks",Transaction Data Entry,Bookkeeping,Accounting Software,Bank Reconciliation,Balance Sheet,Accounting Basics,Accounts Payable,Accounting,Accounts Receivable,Intuit QuickBooks,,,,,,,,,,,,,,,,,,,,,,
"Photography
Food Photography
Videography
Video Production
Video Editing",Photography,Food Photography,Videography,Video Production,Video Editing,,,,,,,,,,,,,,,,,,,,,,,,,,,
Illustration,Illustration,,,,,,,,,,,,,,,,,,,,,,,,,,,,,,,
"Russian
Proofreading
Technical Manual",Russian,Proofreading,Technical Manual,,,,,,,,,,,,,,,,,,,,,,,,,,,,,
"Android
Java
Android App Development
Mobile App Development",Android,Java,Android App Development,Mobile App Development,,,,,,,,,,,,,,,,,,,,,,,,,,,,
"WordPress
HTML
PHP",WordPress,HTML,PHP,,,,,,,,,,,,,,,,,,,,,,,,,,,,,
"General Transcription
Audio Transcription
Academic Transcription
German
Data Entry
English
Proofreading
Recruiting
German to English Translation",General Transcription,Audio Transcription,Academic Transcription,German,Data Entry,English,Proofreading,Recruiting,German to English Translation,,,,,,,,,,,,,,,,,,,,,,,
"Business Writing
Editing & Proofreading
Business Strategy
Business Analysis
Energy & Utilities
Resume Writing
Content Writing
Business Services
Career Coaching",Business Writing,Editing & Proofreading,Business Strategy,Business Analysis,Energy & Utilities,Resume Writing,Content Writing,Business Services,Career Coaching,,,,,,,,,,,,,,,,,,,,,,,
Ecommerce,Ecommerce,,,,,,,,,,,,,,,,,,,,,,,,,,,,,,,
"Email Automation
Email Marketing
Zoho CRM
Automation",Email Automation,Email Marketing,Zoho CRM,Automation,,,,,,,,,,,,,,,,,,,,,,,,,,,,
"API Integration
JavaScript
MySQL
AngularJS",API Integration,JavaScript,MySQL,AngularJS,,,,,,,,,,,,,,,,,,,,,,,,,,,,
"Content Writing
Article Writing
Website Content",Content Writing,Article Writing,Website Content,,,,,,,,,,,,,,,,,,,,,,,,,,,,,
"English
Documentation
Official Documents Translation
Translation",English,Documentation,Official Documents Translation,Translation,,,,,,,,,,,,,,,,,,,,,,,,,,,,
"Android
React Native
Android App Development
Mobile App Development",Android,React Native,Android App Development,Mobile App Development,,,,,,,,,,,,,,,,,,,,,,,,,,,,
"Data Recovery
Instagram
Social Media Management
IT Support",Data Recovery,Instagram,Social Media Management,IT Support,,,,,,,,,,,,,,,,,,,,,,,,,,,,
Voice-Over,Voice-Over,,,,,,,,,,,,,,,,,,,,,,,,,,,,,,,
"MySQL
MariaDB",MySQL,MariaDB,,,,,,,,,,,,,,,,,,,,,,,,,,,,,,
"Community Strategy
Community Moderation
Content Moderation
Community Outreach
Community Engagement
Customer Service",Community Strategy,Community Moderation,Content Moderation,Community Outreach,Community Engagement,Customer Service,,,,,,,,,,,,,,,,,,,,,,,,,,
"Android
Smartphone
Android App Development
iOS Development",Android,Smartphone,Android App Development,iOS Development,,,,,,,,,,,,,,,,,,,,,,,,,,,,
"Android
Smartphone
Android App Development
Mobile App Development",Android,Smartphone,Android App Development,Mobile App Development,,,,,,,,,,,,,,,,,,,,,,,,,,,,
"Cantonese
English
Chinese",Cantonese,English,Chinese,,,,,,,,,,,,,,,,,,,,,,,,,,,,,
Docker,Docker,,,,,,,,,,,,,,,,,,,,,,,,,,,,,,,
"Sales
Relationship Management
Price & Quote Negotiation
Lead Generation
Partnership Development",Sales,Relationship Management,Price & Quote Negotiation,Lead Generation,Partnership Development,,,,,,,,,,,,,,,,,,,,,,,,,,,
"Facebook
Graphic Design
Social Media Marketing",Facebook,Graphic Design,Social Media Marketing,,,,,,,,,,,,,,,,,,,,,,,,,,,,,
"Graphic Design
Adobe Illustrator
Adobe Photoshop",Graphic Design,Adobe Illustrator,Adobe Photoshop,,,,,,,,,,,,,,,,,,,,,,,,,,,,,
"Business Writing
Education
Blog Writing
Content Writing
Article Writing
English
Article
Blog Content
Writing
Researcher",Business Writing,Education,Blog Writing,Content Writing,Article Writing,English,Article,Blog Content,Writing,Researcher,,,,,,,,,,,,,,,,,,,,,,
"Shopify
HTML5
Ecommerce Platform Development
Web Development",Shopify,HTML5,Ecommerce Platform Development,Web Development,,,,,,,,,,,,,,,,,,,,,,,,,,,,
"Docker
Containerization
Ubuntu
Laravel",Docker,Containerization,Ubuntu,Laravel,,,,,,,,,,,,,,,,,,,,,,,,,,,,
"Content Writing
Article
Article Writing
English
Blog Content
Blog Writing
Creative Writing
Writing
Ghostwriting",Content Writing,Article,Article Writing,English,Blog Content,Blog Writing,Creative Writing,Writing,Ghostwriting,,,,,,,,,,,,,,,,,,,,,,,
"Voice Acting
German
Proofreading
Creative Writing
Writing",Voice Acting,German,Proofreading,Creative Writing,Writing,,,,,,,,,,,,,,,,,,,,,,,,,,,
"Structural Engineering
Autodesk AutoCAD
Civil Engineering
Drafting
Structural Analysis
Engineering Design
ETABS
Building Design
CAD Drafting
Steel Detail Drawing",Structural Engineering,Autodesk AutoCAD,Civil Engineering,Drafting,Structural Analysis,Engineering Design,ETABS,Building Design,CAD Drafting,Steel Detail Drawing,,,,,,,,,,,,,,,,,,,,,,
"Content Writing
Storytelling
Journalism
Researcher
Creative Writing",Content Writing,Storytelling,Journalism,Researcher,Creative Writing,,,,,,,,,,,,,,,,,,,,,,,,,,,
"Legal
Legal Writing",Legal,Legal Writing,,,,,,,,,,,,,,,,,,,,,,,,,,,,,,
"Blog Content
Blog Writing
Researcher
Content Writing
Article Writing
English
SEO Writing
Search Engine Optimization
Article",Blog Content,Blog Writing,Researcher,Content Writing,Article Writing,English,SEO Writing,Search Engine Optimization,Article,,,,,,,,,,,,,,,,,,,,,,,
"Blog Content
Blog Writing
Researcher
Content Writing
Article Writing
English
SEO Writing
Search Engine Optimization
Article",Blog Content,Blog Writing,Researcher,Content Writing,Article Writing,English,SEO Writing,Search Engine Optimization,Article,,,,,,,,,,,,,,,,,,,,,,,
"Android
Android App Development
Smartphone
Mobile App Development
iOS Development
JavaScript",Android,Android App Development,Smartphone,Mobile App Development,iOS Development,JavaScript,,,,,,,,,,,,,,,,,,,,,,,,,,
"Ethical Hacking
Network Security
Internet Security",Ethical Hacking,Network Security,Internet Security,,,,,,,,,,,,,,,,,,,,,,,,,,,,,
"Display Ad
Facebook Ads Manager
Twitter Ads Manager
Facebook
Twitter
Instagram
Web Design
Search Engine Optimization",Display Ad,Facebook Ads Manager,Twitter Ads Manager,Facebook,Twitter,Instagram,Web Design,Search Engine Optimization,,,,,,,,,,,,,,,,,,,,,,,,
"CSS
HTML
HTML5
JavaScript
CSS 3
React
Business with 10-99 Employees
Bootstrap
Redux
React Native
Web Application
Visualization",CSS,HTML,HTML5,JavaScript,CSS 3,React,Business with 10-99 Employees,Bootstrap,Redux,React Native,Web Application,Visualization,,,,,,,,,,,,,,,,,,,,
"Google Ads
Pay Per Click Advertising
Internet Marketing
Facebook
Display Ad
Social Media Marketing
PPC Campaign Setup & Management
Social Media Management
Facebook Advertising
Campaign Management",Google Ads,Pay Per Click Advertising,Internet Marketing,Facebook,Display Ad,Social Media Marketing,PPC Campaign Setup & Management,Social Media Management,Facebook Advertising,Campaign Management,,,,,,,,,,,,,,,,,,,,,,
"Photo Editing
Image Editing
Photo Retouching
Adobe Photoshop",Photo Editing,Image Editing,Photo Retouching,Adobe Photoshop,,,,,,,,,,,,,,,,,,,,,,,,,,,,
"Community Management
Twitter Ads Manager
Social Media Management
Social Media Marketing
Twitter Marketing
Twitter
Content Strategy
NFT Marketing",Community Management,Twitter Ads Manager,Social Media Management,Social Media Marketing,Twitter Marketing,Twitter,Content Strategy,NFT Marketing,,,,,,,,,,,,,,,,,,,,,,,,
"Researcher
Content Writing
Topic Research
Writing",Researcher,Content Writing,Topic Research,Writing,,,,,,,,,,,,,,,,,,,,,,,,,,,,
"Logo Design
Web Design
Adobe Photoshop
Adobe Illustrator
Wix",Logo Design,Web Design,Adobe Photoshop,Adobe Illustrator,Wix,,,,,,,,,,,,,,,,,,,,,,,,,,,
"Logo Design
Web Design
Adobe Photoshop
Adobe Illustrator
Wix",Logo Design,Web Design,Adobe Photoshop,Adobe Illustrator,Wix,,,,,,,,,,,,,,,,,,,,,,,,,,,
"English Tutoring
Teaching English
ESL Teaching",English Tutoring,Teaching English,ESL Teaching,,,,,,,,,,,,,,,,,,,,,,,,,,,,,
"Java
Ruby
Golang
React
Node.js",Java,Ruby,Golang,React,Node.js,,,,,,,,,,,,,,,,,,,,,,,,,,,
"Adobe XD
WordPress
Kajabi
CSS
HTML
HTML5
Adobe Photoshop
Graphic Design
Web Design
Canva",Adobe XD,WordPress,Kajabi,CSS,HTML,HTML5,Adobe Photoshop,Graphic Design,Web Design,Canva,,,,,,,,,,,,,,,,,,,,,,
"Website
Website Redesign
React
HTML
Web Development",Website,Website Redesign,React,HTML,Web Development,,,,,,,,,,,,,,,,,,,,,,,,,,,
"HTML
CSS
JavaScript
HTML5
PHP
Web Design
Web Development",HTML,CSS,JavaScript,HTML5,PHP,Web Design,Web Development,,,,,,,,,,,,,,,,,,,,,,,,,
"Android
Android App Development
Smartphone
Mobile App Development",Android,Android App Development,Smartphone,Mobile App Development,,,,,,,,,,,,,,,,,,,,,,,,,,,,
"Android
Android App Development
Smartphone
Mobile App Development",Android,Android App Development,Smartphone,Mobile App Development,,,,,,,,,,,,,,,,,,,,,,,,,,,,
"Python
Data Analysis
Data Science",Python,Data Analysis,Data Science,,,,,,,,,,,,,,,,,,,,,,,,,,,,,
"Video Editing
Video Post-Editing",Video Editing,Video Post-Editing,,,,,,,,,,,,,,,,,,,,,,,,,,,,,,
"Microsoft Dynamics CRM
Microsoft Dynamics Development
Microsoft Dynamics ERP
Microsoft Dynamics 365
ERP Software",Microsoft Dynamics CRM,Microsoft Dynamics Development,Microsoft Dynamics ERP,Microsoft Dynamics 365,ERP Software,,,,,,,,,,,,,,,,,,,,,,,,,,,
"Google Data Studio
Google Analytics
Shopify
Data Analysis",Google Data Studio,Google Analytics,Shopify,Data Analysis,,,,,,,,,,,,,,,,,,,,,,,,,,,,
"Computer Skills
Web Scraping
Data Scraping
Data Extraction
Data Collection
Microsoft Excel",Computer Skills,Web Scraping,Data Scraping,Data Extraction,Data Collection,Microsoft Excel,,,,,,,,,,,,,,,,,,,,,,,,,,
Proofreading,Proofreading,,,,,,,,,,,,,,,,,,,,,,,,,,,,,,,
"Data Mining
Researcher
Company Research",Data Mining,Researcher,Company Research,,,,,,,,,,,,,,,,,,,,,,,,,,,,,
"Python
Linux
C++
API
Python Script
Desktop Application
Cython",Python,Linux,C++,API,Python Script,Desktop Application,Cython,,,,,,,,,,,,,,,,,,,,,,,,,
"Bookkeeping
Accounts Payable
Quickbooks
Accounts Receivable
Xero
Accounting
Payroll Accounting
Balance Sheet
Bank Reconciliation
Intuit QuickBooks",Bookkeeping,Accounts Payable,Quickbooks,Accounts Receivable,Xero,Accounting,Payroll Accounting,Balance Sheet,Bank Reconciliation,Intuit QuickBooks,,,,,,,,,,,,,,,,,,,,,,
"Kazakh
English",Kazakh,English,,,,,,,,,,,,,,,,,,,,,,,,,,,,,,
"Graphic Design
Print Design
Adobe Photoshop
Photo Editing",Graphic Design,Print Design,Adobe Photoshop,Photo Editing,,,,,,,,,,,,,,,,,,,,,,,,,,,,
"Product Photography
Photo Retouching
Photo Editing",Product Photography,Photo Retouching,Photo Editing,,,,,,,,,,,,,,,,,,,,,,,,,,,,,
"Floor Plan Design
Furniture Design
Interior Design
Residential Design",Floor Plan Design,Furniture Design,Interior Design,Residential Design,,,,,,,,,,,,,,,,,,,,,,,,,,,,
"Salesforce CRM
Apex
Visualforce
Salesforce App Development
Salesforce Lightning
HTML
JavaScript
CSS",Salesforce CRM,Apex,Visualforce,Salesforce App Development,Salesforce Lightning,HTML,JavaScript,CSS,,,,,,,,,,,,,,,,,,,,,,,,
"Ahrefs
Moz
Screaming Frog SEO Spider
SEO Keyword Research
Search Engine Optimization
Organic Traffic Growth
On-Page SEO
Featured Snippet Keyword Research
Keyword Research
Content Strategy
Web Content Strategy
Regional Keyword Research",Ahrefs,Moz,Screaming Frog SEO Spider,SEO Keyword Research,Search Engine Optimization,Organic Traffic Growth,On-Page SEO,Featured Snippet Keyword Research,Keyword Research,Content Strategy,Web Content Strategy,Regional Keyword Research,,,,,,,,,,,,,,,,,,,,
"Compositing
Color Grading
Visual Effects
Video Editing
Video Post-Editing",Compositing,Color Grading,Visual Effects,Video Editing,Video Post-Editing,,,,,,,,,,,,,,,,,,,,,,,,,,,
"Fluent
Near-Native
Translation
Persian
Persian to English Translation",Fluent,Near-Native,Translation,Persian,Persian to English Translation,,,,,,,,,,,,,,,,,,,,,,,,,,,
"Advertising Design
Letterhead Design
Flyer Design
Logo Design
Graphic Design
Adobe Photoshop
Facebook
Instagram
Social Media Imagery
Banner Ad Design",Advertising Design,Letterhead Design,Flyer Design,Logo Design,Graphic Design,Adobe Photoshop,Facebook,Instagram,Social Media Imagery,Banner Ad Design,,,,,,,,,,,,,,,,,,,,,,
"Node.js
MongoDB
MySQL
NodeJS Framework
Flutter
Dart
Android
iOS
Mobile App Development
Firebase
Android App Development
Hybrid App Development
User Profile Creation",Node.js,MongoDB,MySQL,NodeJS Framework,Flutter,Dart,Android,iOS,Mobile App Development,Firebase,Android App Development,Hybrid App Development,User Profile Creation,,,,,,,,,,,,,,,,,,,
"React
TypeScript
Jest",React,TypeScript,Jest,,,,,,,,,,,,,,,,,,,,,,,,,,,,,
"Typing
Data Entry
Microsoft Word
PDF Conversion
Microsoft Excel
Copywriting
PDF
Virtual Assistance",Typing,Data Entry,Microsoft Word,PDF Conversion,Microsoft Excel,Copywriting,PDF,Virtual Assistance,,,,,,,,,,,,,,,,,,,,,,,,
"English
Writing
Microsoft Excel",English,Writing,Microsoft Excel,,,,,,,,,,,,,,,,,,,,,,,,,,,,,
"React
TypeScript
Jest",React,TypeScript,Jest,,,,,,,,,,,,,,,,,,,,,,,,,,,,,
"Typing
Data Entry
Microsoft Word
PDF Conversion
Microsoft Excel
Copywriting
PDF
Virtual Assistance",Typing,Data Entry,Microsoft Word,PDF Conversion,Microsoft Excel,Copywriting,PDF,Virtual Assistance,,,,,,,,,,,,,,,,,,,,,,,,
"English
Writing
Microsoft Excel",English,Writing,Microsoft Excel,,,,,,,,,,,,,,,,,,,,,,,,,,,,,
"SQL
Laravel
PHP
API
RESTful API",SQL,Laravel,PHP,API,RESTful API,,,,,,,,,,,,,,,,,,,,,,,,,,,
"Business Analysis
Requirement Analysis
Business Cases
Business Plan",Business Analysis,Requirement Analysis,Business Cases,Business Plan,,,,,,,,,,,,,,,,,,,,,,,,,,,,
"Social Media Marketing Strategy
Social Media Management
Social Media Content Creation
Social Media Marketing
Social Media Content",Social Media Marketing Strategy,Social Media Management,Social Media Content Creation,Social Media Marketing,Social Media Content,,,,,,,,,,,,,,,,,,,,,,,,,,,
"API Integration
JavaScript
PHP
Web Development",API Integration,JavaScript,PHP,Web Development,,,,,,,,,,,,,,,,,,,,,,,,,,,,
"Dashboard
Query Development
Business Intelligence
Data Analytics
Data Interpretation
Data Analysis
Data Science
Data Visualization
Data Modeling
Tableau",Dashboard,Query Development,Business Intelligence,Data Analytics,Data Interpretation,Data Analysis,Data Science,Data Visualization,Data Modeling,Tableau,,,,,,,,,,,,,,,,,,,,,,
"Community Management
Community Engagement
Customer Engagement
Social Media Management
Content Moderation",Community Management,Community Engagement,Customer Engagement,Social Media Management,Content Moderation,,,,,,,,,,,,,,,,,,,,,,,,,,,
"Jenkins
Deployment Automation
CI/CD",Jenkins,Deployment Automation,CI/CD,,,,,,,,,,,,,,,,,,,,,,,,,,,,,
"Dashboard
Query Development
Business Intelligence
Data Analytics
Data Interpretation
Data Analysis
Data Science
Data Visualization
Data Modeling
Tableau",Dashboard,Query Development,Business Intelligence,Data Analytics,Data Interpretation,Data Analysis,Data Science,Data Visualization,Data Modeling,Tableau,,,,,,,,,,,,,,,,,,,,,,
"Community Management
Community Engagement
Customer Engagement
Social Media Management
Content Moderation",Community Management,Community Engagement,Customer Engagement,Social Media Management,Content Moderation,,,,,,,,,,,,,,,,,,,,,,,,,,,
"Jenkins
Deployment Automation
CI/CD",Jenkins,Deployment Automation,CI/CD,,,,,,,,,,,,,,,,,,,,,,,,,,,,,
"Editing & Proofreading
English
Writing
Creative Writing
Content Writing
Article Writing
Blog Writing
Search Engine Optimization",Editing & Proofreading,English,Writing,Creative Writing,Content Writing,Article Writing,Blog Writing,Search Engine Optimization,,,,,,,,,,,,,,,,,,,,,,,,
"Tech & IT
Market Analysis
Market Research
Lead Generation
Marketing Strategy",Tech & IT,Market Analysis,Market Research,Lead Generation,Marketing Strategy,,,,,,,,,,,,,,,,,,,,,,,,,,,
"Arts & Culture
Valuation
Art Direction",Arts & Culture,Valuation,Art Direction,,,,,,,,,,,,,,,,,,,,,,,,,,,,,
"Adobe Photoshop
Photo Retouching
Photo Editing
Image Editing
Product Photography
Photo Manipulation",Adobe Photoshop,Photo Retouching,Photo Editing,Image Editing,Product Photography,Photo Manipulation,,,,,,,,,,,,,,,,,,,,,,,,,,
"On-Page SEO
Tech & IT
English
Search Engine Optimization
SEO Writing
Article Writing
Content Writing",On-Page SEO,Tech & IT,English,Search Engine Optimization,SEO Writing,Article Writing,Content Writing,,,,,,,,,,,,,,,,,,,,,,,,,
"iOS
iOS Development
Mobile App Development",iOS,iOS Development,Mobile App Development,,,,,,,,,,,,,,,,,,,,,,,,,,,,,
Android,Android,,,,,,,,,,,,,,,,,,,,,,,,,,,,,,,
"WooCommerce
WordPress
Web Design
Web Development
HTML
Ecommerce",WooCommerce,WordPress,Web Design,Web Development,HTML,Ecommerce,,,,,,,,,,,,,,,,,,,,,,,,,,
"Android
Smartphone
Android App Development
iOS
iOS Development
Mobile App Development
Java
In-App Purchases
Tablet",Android,Smartphone,Android App Development,iOS,iOS Development,Mobile App Development,Java,In-App Purchases,Tablet,,,,,,,,,,,,,,,,,,,,,,,
Virtual Assistant,Virtual Assistant,,,,,,,,,,,,,,,,,,,,,,,,,,,,,,,
"Social Media Marketing
Marketing Strategy
Social Media Management
Social Media Advertising
Content Writing",Social Media Marketing,Marketing Strategy,Social Media Management,Social Media Advertising,Content Writing,,,,,,,,,,,,,,,,,,,,,,,,,,,
"Instagram
Content Writing
Social Media Content
Copywriting
Social Media Marketing
Creative Writing
Facebook",Instagram,Content Writing,Social Media Content,Copywriting,Social Media Marketing,Creative Writing,Facebook,,,,,,,,,,,,,,,,,,,,,,,,,
NFT,NFT,,,,,,,,,,,,,,,,,,,,,,,,,,,,,,,
"English
LinkedIn
Lead Generation",English,LinkedIn,Lead Generation,,,,,,,,,,,,,,,,,,,,,,,,,,,,,
"Virtual Assistant
Virtual Assistance
Data Entry
Researcher",Virtual Assistant,Virtual Assistance,Data Entry,Researcher,,,,,,,,,,,,,,,,,,,,,,,,,,,,
"Android
Smartphone
iOS
Android App Development
Mobile App Development
Native App Development
Java
Tablet
iOS Development",Android,Smartphone,iOS,Android App Development,Mobile App Development,Native App Development,Java,Tablet,iOS Development,,,,,,,,,,,,,,,,,,,,,,,
"Wix
Web Design
HTML",Wix,Web Design,HTML,,,,,,,,,,,,,,,,,,,,,,,,,,,,,
"Editing & Proofreading
Qualitative Research
English
Content Writing
Writing
Mechanical Engineering",Editing & Proofreading,Qualitative Research,English,Content Writing,Writing,Mechanical Engineering,,,,,,,,,,,,,,,,,,,,,,,,,,
"CSS
HTML
JavaScript",CSS,HTML,JavaScript,,,,,,,,,,,,,,,,,,,,,,,,,,,,,
"GoDaddy
Drupal
PHP
cPanel
Web Development
Web Host Manager
MySQL",GoDaddy,Drupal,PHP,cPanel,Web Development,Web Host Manager,MySQL,,,,,,,,,,,,,,,,,,,,,,,,,
"MySQL
C#",MySQL,C#,,,,,,,,,,,,,,,,,,,,,,,,,,,,,,
"Marketing Audit
SEO Audit
WordPress
PHP
SEO Performance
Web Development
Organic Traffic Growth
WordPress Landing Page
WordPress Backup
WordPress Development",Marketing Audit,SEO Audit,WordPress,PHP,SEO Performance,Web Development,Organic Traffic Growth,WordPress Landing Page,WordPress Backup,WordPress Development,,,,,,,,,,,,,,,,,,,,,,
"React
Next.js
Tailwind CSS
Landing Page
TypeScript
JavaScript
CSS 3
CSS
HTML5
GSAP",React,Next.js,Tailwind CSS,Landing Page,TypeScript,JavaScript,CSS 3,CSS,HTML5,GSAP,,,,,,,,,,,,,,,,,,,,,,
"Golang
Technical Writing",Golang,Technical Writing,,,,,,,,,,,,,,,,,,,,,,,,,,,,,,
"Translation
Content Localization
General Transcription
English to Marathi Translation",Translation,Content Localization,General Transcription,English to Marathi Translation,,,,,,,,,,,,,,,,,,,,,,,,,,,,
"Content Writing
Blog Content
Ghostwriting",Content Writing,Blog Content,Ghostwriting,,,,,,,,,,,,,,,,,,,,,,,,,,,,,
"Web Development
PHP
HTML
CSS",Web Development,PHP,HTML,CSS,,,,,,,,,,,,,,,,,,,,,,,,,,,,
"JavaScript
Web Development
Full-Stack Development
NodeJS Framework",JavaScript,Web Development,Full-Stack Development,NodeJS Framework,,,,,,,,,,,,,,,,,,,,,,,,,,,,
"Data Entry
Lead Generation Analysis
HubSpot
Oracle Responsys
Lead Generation
Researcher
Survey Researcher",Data Entry,Lead Generation Analysis,HubSpot,Oracle Responsys,Lead Generation,Researcher,Survey Researcher,,,,,,,,,,,,,,,,,,,,,,,,,
Internet Recruiting,Internet Recruiting,,,,,,,,,,,,,,,,,,,,,,,,,,,,,,,
Mexican Spanish Dialect,Mexican Spanish Dialect,,,,,,,,,,,,,,,,,,,,,,,,,,,,,,,
"Videography
Video Production
Photography",Videography,Video Production,Photography,,,,,,,,,,,,,,,,,,,,,,,,,,,,,
"Graphic Design
Infographic
Brand Identity & Guidelines",Graphic Design,Infographic,Brand Identity & Guidelines,,,,,,,,,,,,,,,,,,,,,,,,,,,,,
"WeChat
Virtual Assistant
Chinese
Social Media Marketing
English
Communications",WeChat,Virtual Assistant,Chinese,Social Media Marketing,English,Communications,,,,,,,,,,,,,,,,,,,,,,,,,,
"Image Processing
Computer Vision
Machine Learning
MATLAB
Python",Image Processing,Computer Vision,Machine Learning,MATLAB,Python,,,,,,,,,,,,,,,,,,,,,,,,,,,
"Network Administration
Windows Server
MySQL
DNS
Apache HTTP Server
JavaScript
Network Security
Firewall",Network Administration,Windows Server,MySQL,DNS,Apache HTTP Server,JavaScript,Network Security,Firewall,,,,,,,,,,,,,,,,,,,,,,,,
"Ghostwriting
Editing & Proofreading
Fact-Checking
Content Writing
English
Article Writing
Copywriting
Blog Writing
SEO Writing
Blog Content",Ghostwriting,Editing & Proofreading,Fact-Checking,Content Writing,English,Article Writing,Copywriting,Blog Writing,SEO Writing,Blog Content,,,,,,,,,,,,,,,,,,,,,,
"Data Entry
Lead Generation Analysis
HubSpot
Oracle Responsys
Lead Generation
Researcher
Survey Researcher",Data Entry,Lead Generation Analysis,HubSpot,Oracle Responsys,Lead Generation,Researcher,Survey Researcher,,,,,,,,,,,,,,,,,,,,,,,,,
Internet Recruiting,Internet Recruiting,,,,,,,,,,,,,,,,,,,,,,,,,,,,,,,
Mexican Spanish Dialect,Mexican Spanish Dialect,,,,,,,,,,,,,,,,,,,,,,,,,,,,,,,
"Videography
Video Production
Photography",Videography,Video Production,Photography,,,,,,,,,,,,,,,,,,,,,,,,,,,,,
"Graphic Design
Infographic
Brand Identity & Guidelines",Graphic Design,Infographic,Brand Identity & Guidelines,,,,,,,,,,,,,,,,,,,,,,,,,,,,,
"WeChat
Virtual Assistant
Chinese
Social Media Marketing
English
Communications",WeChat,Virtual Assistant,Chinese,Social Media Marketing,English,Communications,,,,,,,,,,,,,,,,,,,,,,,,,,
"Image Processing
Computer Vision
Machine Learning
MATLAB
Python",Image Processing,Computer Vision,Machine Learning,MATLAB,Python,,,,,,,,,,,,,,,,,,,,,,,,,,,
"Network Administration
Windows Server
MySQL
DNS
Apache HTTP Server
JavaScript
Network Security
Firewall",Network Administration,Windows Server,MySQL,DNS,Apache HTTP Server,JavaScript,Network Security,Firewall,,,,,,,,,,,,,,,,,,,,,,,,
"Ghostwriting
Editing & Proofreading
Fact-Checking
Content Writing
English
Article Writing
Copywriting
Blog Writing
SEO Writing
Blog Content",Ghostwriting,Editing & Proofreading,Fact-Checking,Content Writing,English,Article Writing,Copywriting,Blog Writing,SEO Writing,Blog Content,,,,,,,,,,,,,,,,,,,,,,
"Facebook Pixel Setup & Optimization
Google Tag Manager
Pixel Setup & Optimization",Facebook Pixel Setup & Optimization,Google Tag Manager,Pixel Setup & Optimization,,,,,,,,,,,,,,,,,,,,,,,,,,,,,
"Personal Administration
Virtual Assistance
Virtual Assistant",Personal Administration,Virtual Assistance,Virtual Assistant,,,,,,,,,,,,,,,,,,,,,,,,,,,,,
"Business with 1-9 Employees
Shopify
Shopify Theme
Ecommerce Platform Development
Ecommerce Website
Web Design
Shopify Templates",Business with 1-9 Employees,Shopify,Shopify Theme,Ecommerce Platform Development,Ecommerce Website,Web Design,Shopify Templates,,,,,,,,,,,,,,,,,,,,,,,,,
"Buying
Engineering & Architecture
Transportation & Warehousing
Chinese
Turkish
Sourcing
Researcher",Buying,Engineering & Architecture,Transportation & Warehousing,Chinese,Turkish,Sourcing,Researcher,,,,,,,,,,,,,,,,,,,,,,,,,
"Italian
Tutoring
English
Language Tutor",Italian,Tutoring,English,Language Tutor,,,,,,,,,,,,,,,,,,,,,,,,,,,,
"WordPress
Web Development
JavaScript
PHP
WooCommerce
Web Design
HTML5",WordPress,Web Development,JavaScript,PHP,WooCommerce,Web Design,HTML5,,,,,,,,,,,,,,,,,,,,,,,,,
"SEO Backlinking
Off-Page SEO
Agriculture & Forestry
Energy & Utilities
Sales & Marketing
Search Engine Optimization
Content Writing",SEO Backlinking,Off-Page SEO,Agriculture & Forestry,Energy & Utilities,Sales & Marketing,Search Engine Optimization,Content Writing,,,,,,,,,,,,,,,,,,,,,,,,,
Data Entry,Data Entry,,,,,,,,,,,,,,,,,,,,,,,,,,,,,,,
"Game Development
Game Design
Unity
Mobile Game
Android
iOS",Game Development,Game Design,Unity,Mobile Game,Android,iOS,,,,,,,,,,,,,,,,,,,,,,,,,,
"AJAX
Custom PHP
Web Application
Bootstrap
PHP
MySQL
JavaScript",AJAX,Custom PHP,Web Application,Bootstrap,PHP,MySQL,JavaScript,,,,,,,,,,,,,,,,,,,,,,,,,
"Creative Writing
Novel
Nonfiction
Writing
Blog Writing
Ghostwriting
Article Writing
Content Writing
Fiction
Book Writing
Thriller
Biography",Creative Writing,Novel,Nonfiction,Writing,Blog Writing,Ghostwriting,Article Writing,Content Writing,Fiction,Book Writing,Thriller,Biography,,,,,,,,,,,,,,,,,,,,
"Mockup
Landing Page
Website
Website Redesign
Mobile App Design
Web Design
Web Development
WordPress
Search Engine Optimization
HTML",Mockup,Landing Page,Website,Website Redesign,Mobile App Design,Web Design,Web Development,WordPress,Search Engine Optimization,HTML,,,,,,,,,,,,,,,,,,,,,,
"iOS
Unity
Mobile App Development",iOS,Unity,Mobile App Development,,,,,,,,,,,,,,,,,,,,,,,,,,,,,
Interior Design,Interior Design,,,,,,,,,,,,,,,,,,,,,,,,,,,,,,,
"Voice-Over
Male
Voice Acting",Voice-Over,Male,Voice Acting,,,,,,,,,,,,,,,,,,,,,,,,,,,,,
"Blog Content
PCB Design",Blog Content,PCB Design,,,,,,,,,,,,,,,,,,,,,,,,,,,,,,
"Graphic Design
Cover Art Design
Adobe Photoshop",Graphic Design,Cover Art Design,Adobe Photoshop,,,,,,,,,,,,,,,,,,,,,,,,,,,,,
Autodesk AutoCAD,Autodesk AutoCAD,,,,,,,,,,,,,,,,,,,,,,,,,,,,,,,
"Python
Selenium
Beautiful Soup
Data Scraping
Data Mining",Python,Selenium,Beautiful Soup,Data Scraping,Data Mining,,,,,,,,,,,,,,,,,,,,,,,,,,,
"Google Ads
Google Shopping
Pay Per Click Advertising",Google Ads,Google Shopping,Pay Per Click Advertising,,,,,,,,,,,,,,,,,,,,,,,,,,,,,
"Creative Writing
Novel
Nonfiction
Writing
Blog Writing
Ghostwriting
Article Writing
Content Writing
Fiction
Book Writing
Thriller
Biography",Creative Writing,Novel,Nonfiction,Writing,Blog Writing,Ghostwriting,Article Writing,Content Writing,Fiction,Book Writing,Thriller,Biography,,,,,,,,,,,,,,,,,,,,
"Creative Writing
Novel
Nonfiction
Writing
Blog Writing
Ghostwriting
Article Writing
Content Writing
Fiction
Book Writing
Thriller
Biography",Creative Writing,Novel,Nonfiction,Writing,Blog Writing,Ghostwriting,Article Writing,Content Writing,Fiction,Book Writing,Thriller,Biography,,,,,,,,,,,,,,,,,,,,
"Video Intro & Outro
Video Editing
Adobe Premiere Pro
Video Post-Editing
Video Production
Adobe After Effects",Video Intro & Outro,Video Editing,Adobe Premiere Pro,Video Post-Editing,Video Production,Adobe After Effects,,,,,,,,,,,,,,,,,,,,,,,,,,
"Video Editing
Adobe Premiere Pro
Video Post-Editing
Final Cut Pro X
Adobe After Effects",Video Editing,Adobe Premiere Pro,Video Post-Editing,Final Cut Pro X,Adobe After Effects,,,,,,,,,,,,,,,,,,,,,,,,,,,
"Electronics
Electronic Circuit Design",Electronics,Electronic Circuit Design,,,,,,,,,,,,,,,,,,,,,,,,,,,,,,
"Branding Template
Training Presentation
Marketing Presentation
Microsoft PowerPoint",Branding Template,Training Presentation,Marketing Presentation,Microsoft PowerPoint,,,,,,,,,,,,,,,,,,,,,,,,,,,,
"Crime
Thriller
Drama
Ebook
Ghostwriting
Fiction Writing
English
Novel
Ebook Writing
Creative Writing",Crime,Thriller,Drama,Ebook,Ghostwriting,Fiction Writing,English,Novel,Ebook Writing,Creative Writing,,,,,,,,,,,,,,,,,,,,,,
SEO Writing,SEO Writing,,,,,,,,,,,,,,,,,,,,,,,,,,,,,,,
"Translation
Proofreading
Microsoft PowerPoint
English
Japanese
English to Japanese Translation",Translation,Proofreading,Microsoft PowerPoint,English,Japanese,English to Japanese Translation,,,,,,,,,,,,,,,,,,,,,,,,,,
"Squarespace
Web Design
Web Development
CSS
HTML
Style Sheet
Style Sheet Language",Squarespace,Web Design,Web Development,CSS,HTML,Style Sheet,Style Sheet Language,,,,,,,,,,,,,,,,,,,,,,,,,
"Translation
Proofreading
Microsoft PowerPoint
Korean
English to Korean Translation
English",Translation,Proofreading,Microsoft PowerPoint,Korean,English to Korean Translation,English,,,,,,,,,,,,,,,,,,,,,,,,,,
"Translation
Proofreading
Microsoft PowerPoint
Korean
English to Korean Translation
English",Translation,Proofreading,Microsoft PowerPoint,Korean,English to Korean Translation,English,,,,,,,,,,,,,,,,,,,,,,,,,,
"Ebook
Ghostwriting
Romance
Fiction Writing
English
Novel
Ebook Writing
Creative Writing",Ebook,Ghostwriting,Romance,Fiction Writing,English,Novel,Ebook Writing,Creative Writing,,,,,,,,,,,,,,,,,,,,,,,,
"Industry Knowledge
Microsoft Excel
Valuation
Financial Analysis
Financial Projection
Financial Modeling
Financial Planning
Business Plan
Forecasting
Financial Accounting",Industry Knowledge,Microsoft Excel,Valuation,Financial Analysis,Financial Projection,Financial Modeling,Financial Planning,Business Plan,Forecasting,Financial Accounting,,,,,,,,,,,,,,,,,,,,,,
"SEO Keyword Research
HTML",SEO Keyword Research,HTML,,,,,,,,,,,,,,,,,,,,,,,,,,,,,,
"Video Production
Adobe Premiere Pro",Video Production,Adobe Premiere Pro,,,,,,,,,,,,,,,,,,,,,,,,,,,,,,
"Female
Voice-Over",Female,Voice-Over,,,,,,,,,,,,,,,,,,,,,,,,,,,,,,
Data Entry,Data Entry,,,,,,,,,,,,,,,,,,,,,,,,,,,,,,,
"Metaverse
Real Estate",Metaverse,Real Estate,,,,,,,,,,,,,,,,,,,,,,,,,,,,,,
"Google Shopping
Google Ads
PPC Campaign Setup & Management
Google Merchant Center
Search Engine Marketing",Google Shopping,Google Ads,PPC Campaign Setup & Management,Google Merchant Center,Search Engine Marketing,,,,,,,,,,,,,,,,,,,,,,,,,,,
"Smartphone
Graphic Design
Content Creation
Photo Editing
Mobile App Design
Mobile App Development",Smartphone,Graphic Design,Content Creation,Photo Editing,Mobile App Design,Mobile App Development,,,,,,,,,,,,,,,,,,,,,,,,,,
"Translation
Chinese
Mandarin Dialect
English to Mandarin Chinese Translation
English to Chinese Translation
English",Translation,Chinese,Mandarin Dialect,English to Mandarin Chinese Translation,English to Chinese Translation,English,,,,,,,,,,,,,,,,,,,,,,,,,,
"Video Editing
Adobe Premiere Pro",Video Editing,Adobe Premiere Pro,,,,,,,,,,,,,,,,,,,,,,,,,,,,,,
"Sales
Cold Calling
Customer Service
Marketing Strategy",Sales,Cold Calling,Customer Service,Marketing Strategy,,,,,,,,,,,,,,,,,,,,,,,,,,,,
"Brand Identity Design
Business Card Design
Sales & Marketing
Graphic Design
Adobe Illustrator
Logo Design
Brand Identity & Guidelines
Adobe Photoshop",Brand Identity Design,Business Card Design,Sales & Marketing,Graphic Design,Adobe Illustrator,Logo Design,Brand Identity & Guidelines,Adobe Photoshop,,,,,,,,,,,,,,,,,,,,,,,,
"Writing
Creative Writing
English
Copywriting
Short Story
Article Writing
Content Writing",Writing,Creative Writing,English,Copywriting,Short Story,Article Writing,Content Writing,,,,,,,,,,,,,,,,,,,,,,,,,
"English
Writing
Data Entry",English,Writing,Data Entry,,,,,,,,,,,,,,,,,,,,,,,,,,,,,
"Shopify
Product Listings",Shopify,Product Listings,,,,,,,,,,,,,,,,,,,,,,,,,,,,,,
"Google Analytics
Ahrefs
SEO Writing
Content Writing
SEO Keyword Research
Search Engine Optimization
Website Content
Article Writing
Copywriting
English",Google Analytics,Ahrefs,SEO Writing,Content Writing,SEO Keyword Research,Search Engine Optimization,Website Content,Article Writing,Copywriting,English,,,,,,,,,,,,,,,,,,,,,,
"Logo Design
Branding
Covers & Packaging
Brand Development",Logo Design,Branding,Covers & Packaging,Brand Development,,,,,,,,,,,,,,,,,,,,,,,,,,,,
"C
Assembly Language",C,Assembly Language,,,,,,,,,,,,,,,,,,,,,,,,,,,,,,
"Copywriting
Editing & Proofreading
Sales & Marketing Collateral
Sales Copywriting
Persuasive Writing
Content Writing
Business Writing
Business Proposal Writing
English
Sales Presentation",Copywriting,Editing & Proofreading,Sales & Marketing Collateral,Sales Copywriting,Persuasive Writing,Content Writing,Business Writing,Business Proposal Writing,English,Sales Presentation,,,,,,,,,,,,,,,,,,,,,,
"Pharmaceutical Industry
German to English Translation
Pharmaceuticals",Pharmaceutical Industry,German to English Translation,Pharmaceuticals,,,,,,,,,,,,,,,,,,,,,,,,,,,,,
"WePay
Worldpay
Braintree
2Checkout
Opayo
WooCommerce
WordPress
PayPal",WePay,Worldpay,Braintree,2Checkout,Opayo,WooCommerce,WordPress,PayPal,,,,,,,,,,,,,,,,,,,,,,,,
"Adobe Illustrator
Adobe Photoshop
Adobe InDesign",Adobe Illustrator,Adobe Photoshop,Adobe InDesign,,,,,,,,,,,,,,,,,,,,,,,,,,,,,
"Typing
Data Entry
Microsoft Word
PDF Conversion
Microsoft Excel
Copywriting
PDF
Virtual Assistance",Typing,Data Entry,Microsoft Word,PDF Conversion,Microsoft Excel,Copywriting,PDF,Virtual Assistance,,,,,,,,,,,,,,,,,,,,,,,,
"Video Editing
Video Post-Editing
Explainer Video",Video Editing,Video Post-Editing,Explainer Video,,,,,,,,,,,,,,,,,,,,,,,,,,,,,
Statistics,Statistics,,,,,,,,,,,,,,,,,,,,,,,,,,,,,,,
"Partnership Agreement
Legal",Partnership Agreement,Legal,,,,,,,,,,,,,,,,,,,,,,,,,,,,,,
"YouTube Marketing
YouTube Development
YouTube",YouTube Marketing,YouTube Development,YouTube,,,,,,,,,,,,,,,,,,,,,,,,,,,,,
"Photography
Brand Design
Instagram
Business
Photo Editing
Fashion & Beauty",Photography,Brand Design,Instagram,Business,Photo Editing,Fashion & Beauty,,,,,,,,,,,,,,,,,,,,,,,,,,
"Video Editing
Motion Graphics
Video Post-Editing",Video Editing,Motion Graphics,Video Post-Editing,,,,,,,,,,,,,,,,,,,,,,,,,,,,,
"Logo Design
Motion Graphics
Graphic Design
Animation
Motion Design
2D Animation",Logo Design,Motion Graphics,Graphic Design,Animation,Motion Design,2D Animation,,,,,,,,,,,,,,,,,,,,,,,,,,
"Google AdSense API
Google AdSense",Google AdSense API,Google AdSense,,,,,,,,,,,,,,,,,,,,,,,,,,,,,,
"Dutch
English
Translation
Voice Acting
Proofreading
Voice-Over
Communications
Researcher",Dutch,English,Translation,Voice Acting,Proofreading,Voice-Over,Communications,Researcher,,,,,,,,,,,,,,,,,,,,,,,,
"Web Development
WordPress
Web Design",Web Development,WordPress,Web Design,,,,,,,,,,,,,,,,,,,,,,,,,,,,,
"On-Page SEO
Content SEO
Technical SEO
Search Engine Optimization
SEO Keyword Research
SEO Audit
SEO Backlinking
Organic Traffic Growth
Off-Page SEO
Google Analytics",On-Page SEO,Content SEO,Technical SEO,Search Engine Optimization,SEO Keyword Research,SEO Audit,SEO Backlinking,Organic Traffic Growth,Off-Page SEO,Google Analytics,,,,,,,,,,,,,,,,,,,,,,
"Online Chat Support
Customer Support
Customer Service
Customer Satisfaction
Phone Support",Online Chat Support,Customer Support,Customer Service,Customer Satisfaction,Phone Support,,,,,,,,,,,,,,,,,,,,,,,,,,,
"WordPress
Web Development",WordPress,Web Development,,,,,,,,,,,,,,,,,,,,,,,,,,,,,,
"Node.js
React
JavaScript
CSS
Web Development
HTML",Node.js,React,JavaScript,CSS,Web Development,HTML,,,,,,,,,,,,,,,,,,,,,,,,,,
"Facebook
Social Media Marketing
Social Media Advertising
Social Media Content
Facebook Ads Manager
Marketing Strategy
Instagram
Facebook Advertising
Social Media Management",Facebook,Social Media Marketing,Social Media Advertising,Social Media Content,Facebook Ads Manager,Marketing Strategy,Instagram,Facebook Advertising,Social Media Management,,,,,,,,,,,,,,,,,,,,,,,
"Sound Mixing
Audio Engineering
Audio Mastering
Audio Editing
Audio Post Production",Sound Mixing,Audio Engineering,Audio Mastering,Audio Editing,Audio Post Production,,,,,,,,,,,,,,,,,,,,,,,,,,,
"Website Content
Content Writing",Website Content,Content Writing,,,,,,,,,,,,,,,,,,,,,,,,,,,,,,
"Influencer Marketing
Audience Research
Sales & Marketing
Fashion & Beauty
Social Media Management
Instagram
Social Media Content
Social Media Content Creation
Instagram Story
Social Media Marketing",Influencer Marketing,Audience Research,Sales & Marketing,Fashion & Beauty,Social Media Management,Instagram,Social Media Content,Social Media Content Creation,Instagram Story,Social Media Marketing,,,,,,,,,,,,,,,,,,,,,,
"Typing
Data Entry
Microsoft Word
PDF Conversion
Microsoft Excel
Copywriting
PDF
Virtual Assistance",Typing,Data Entry,Microsoft Word,PDF Conversion,Microsoft Excel,Copywriting,PDF,Virtual Assistance,,,,,,,,,,,,,,,,,,,,,,,,
"Business Planning & Strategy
Partnership Development
Product Development
Brand Strategy
Sales
Business Development
Social Media Marketing",Business Planning & Strategy,Partnership Development,Product Development,Brand Strategy,Sales,Business Development,Social Media Marketing,,,,,,,,,,,,,,,,,,,,,,,,,
"Sales
Lead Generation
Cold Calling
Telemarketing
Business Development",Sales,Lead Generation,Cold Calling,Telemarketing,Business Development,,,,,,,,,,,,,,,,,,,,,,,,,,,
"Website Content
Content Writing",Website Content,Content Writing,,,,,,,,,,,,,,,,,,,,,,,,,,,,,,
"Nifty Gateway
Trading Strategy
Trading Automation",Nifty Gateway,Trading Strategy,Trading Automation,,,,,,,,,,,,,,,,,,,,,,,,,,,,,
"Website Content
Content Writing",Website Content,Content Writing,,,,,,,,,,,,,,,,,,,,,,,,,,,,,,
"Website Content
Content Writing",Website Content,Content Writing,,,,,,,,,,,,,,,,,,,,,,,,,,,,,,
"Website Content
Content Writing",Website Content,Content Writing,,,,,,,,,,,,,,,,,,,,,,,,,,,,,,
"Website Content
Content Writing",Website Content,Content Writing,,,,,,,,,,,,,,,,,,,,,,,,,,,,,,
"Electrical Engineering
MATLAB
Biomedical Engineering",Electrical Engineering,MATLAB,Biomedical Engineering,,,,,,,,,,,,,,,,,,,,,,,,,,,,,
"Autodesk 3ds Max
Residential Design
Commercial Design
3D Design
Interior Design",Autodesk 3ds Max,Residential Design,Commercial Design,3D Design,Interior Design,,,,,,,,,,,,,,,,,,,,,,,,,,,
"Customer Relationship Management
SuiteCRM
PHP
SugarCRM Development
JavaScript
MySQL
Web Development
Custom PHP",Customer Relationship Management,SuiteCRM,PHP,SugarCRM Development,JavaScript,MySQL,Web Development,Custom PHP,,,,,,,,,,,,,,,,,,,,,,,,
"English
Proofreading
Error Detection",English,Proofreading,Error Detection,,,,,,,,,,,,,,,,,,,,,,,,,,,,,
"Content Writing
Researcher
Search Engine Optimization
YouTube Marketing
YouTube Development
Social Media Management
SEO Keyword Research
Internet Marketing
Social Media Marketing",Content Writing,Researcher,Search Engine Optimization,YouTube Marketing,YouTube Development,Social Media Management,SEO Keyword Research,Internet Marketing,Social Media Marketing,,,,,,,,,,,,,,,,,,,,,,,
"Near-Native
Native
Documentation
English
Arabic
English to Arabic Translation",Near-Native,Native,Documentation,English,Arabic,English to Arabic Translation,,,,,,,,,,,,,,,,,,,,,,,,,,
"Startup Company
Customer Satisfaction
Communication Etiquette
Interpersonal Skills
Customer Service
Customer Support
Phone Support
Inbound Inquiry
English",Startup Company,Customer Satisfaction,Communication Etiquette,Interpersonal Skills,Customer Service,Customer Support,Phone Support,Inbound Inquiry,English,,,,,,,,,,,,,,,,,,,,,,,
"Project Management
Business Plan
Business Operations",Project Management,Business Plan,Business Operations,,,,,,,,,,,,,,,,,,,,,,,,,,,,,
"Branding
Corporate Branding
Brand Identity",Branding,Corporate Branding,Brand Identity,,,,,,,,,,,,,,,,,,,,,,,,,,,,,
"Google Ads
PPC Campaign Setup & Management
Pay Per Click Advertising
Google Shopping
Google Analytics
Search Engine Marketing
SEO Keyword Research
Campaign Reporting
Google Tag Manager",Google Ads,PPC Campaign Setup & Management,Pay Per Click Advertising,Google Shopping,Google Analytics,Search Engine Marketing,SEO Keyword Research,Campaign Reporting,Google Tag Manager,,,,,,,,,,,,,,,,,,,,,,,
"WebGL
Animation
3D Animation",WebGL,Animation,3D Animation,,,,,,,,,,,,,,,,,,,,,,,,,,,,,
"Automation
Selenium
JavaScript",Automation,Selenium,JavaScript,,,,,,,,,,,,,,,,,,,,,,,,,,,,,
"WordPress
Web Development
Graphic Design
Web Design",WordPress,Web Development,Graphic Design,Web Design,,,,,,,,,,,,,,,,,,,,,,,,,,,,
"Social Media Advertising
Audience Research
Campaign Setup
Display Ad
Social Media Management
Social Media Marketing
Content Writing
Social Media Content
Social Media Content Creation
VK",Social Media Advertising,Audience Research,Campaign Setup,Display Ad,Social Media Management,Social Media Marketing,Content Writing,Social Media Content,Social Media Content Creation,VK,,,,,,,,,,,,,,,,,,,,,,
"Android
Mobile App Development
iOS Development
Android App Development
Smartphone
iOS",Android,Mobile App Development,iOS Development,Android App Development,Smartphone,iOS,,,,,,,,,,,,,,,,,,,,,,,,,,
"Native
Audiovisual Translation
Researcher
German
English
Ghostwriting
German Sign Language",Native,Audiovisual Translation,Researcher,German,English,Ghostwriting,German Sign Language,,,,,,,,,,,,,,,,,,,,,,,,,
"Wix
Web Design
Web Development
Graphic Design
Visual Communication",Wix,Web Design,Web Development,Graphic Design,Visual Communication,,,,,,,,,,,,,,,,,,,,,,,,,,,
"API
PHP
API Development",API,PHP,API Development,,,,,,,,,,,,,,,,,,,,,,,,,,,,,
"API
PHP
API Development",API,PHP,API Development,,,,,,,,,,,,,,,,,,,,,,,,,,,,,
"Wix
Landing Page
PayPal
Business with 1-9 Employees
Web Design
Graphic Design
SEO Keyword Research
SEO Setup & Configuration
Marketing
Content Creation
Content Editing
Content Guidelines",Wix,Landing Page,PayPal,Business with 1-9 Employees,Web Design,Graphic Design,SEO Keyword Research,SEO Setup & Configuration,Marketing,Content Creation,Content Editing,Content Guidelines,,,,,,,,,,,,,,,,,,,,
Java,Java,,,,,,,,,,,,,,,,,,,,,,,,,,,,,,,
"Web Design
WordPress
WordPress Development",Web Design,WordPress,WordPress Development,,,,,,,,,,,,,,,,,,,,,,,,,,,,,
"Mobile Advertising
Google Analytics
Facebook Ads Manager
Campaign Management
Google Ads
Instagram
Campaign Optimization
Facebook
Social Media Marketing
Marketing Strategy",Mobile Advertising,Google Analytics,Facebook Ads Manager,Campaign Management,Google Ads,Instagram,Campaign Optimization,Facebook,Social Media Marketing,Marketing Strategy,,,,,,,,,,,,,,,,,,,,,,
"Voice Acting
German
Proofreading
Creative Writing
Writing
Translation
English to German Translation",Voice Acting,German,Proofreading,Creative Writing,Writing,Translation,English to German Translation,,,,,,,,,,,,,,,,,,,,,,,,,
"Facebook
Facebook Advertising",Facebook,Facebook Advertising,,,,,,,,,,,,,,,,,,,,,,,,,,,,,,
"HTML5
CSS 3
Website
Web Development
Responsive Design
Bootstrap",HTML5,CSS 3,Website,Web Development,Responsive Design,Bootstrap,,,,,,,,,,,,,,,,,,,,,,,,,,
"2D Animation
JSON
Animation
Adobe After Effects
Motion Graphics",2D Animation,JSON,Animation,Adobe After Effects,Motion Graphics,,,,,,,,,,,,,,,,,,,,,,,,,,,
"Figma
Web Design
Graphic Design
Responsive Design
HTML
CSS",Figma,Web Design,Graphic Design,Responsive Design,HTML,CSS,,,,,,,,,,,,,,,,,,,,,,,,,,
"Figma
Web Design
Graphic Design
Responsive Design
HTML
CSS",Figma,Web Design,Graphic Design,Responsive Design,HTML,CSS,,,,,,,,,,,,,,,,,,,,,,,,,,
"YouTube
LinkedIn
Snapchat
Twitter
Quora
Internet Marketing
Influencer Marketing
Instagram
Social Media Marketing
Facebook",YouTube,LinkedIn,Snapchat,Twitter,Quora,Internet Marketing,Influencer Marketing,Instagram,Social Media Marketing,Facebook,,,,,,,,,,,,,,,,,,,,,,
"Subtitles
Urdu
Proofreading
English",Subtitles,Urdu,Proofreading,English,,,,,,,,,,,,,,,,,,,,,,,,,,,,
"ISO 27001
Information Security
Information Security Audit
Compliance
Regulatory Compliance
GDPR
IT Compliance Audit
Risk Assessment",ISO 27001,Information Security,Information Security Audit,Compliance,Regulatory Compliance,GDPR,IT Compliance Audit,Risk Assessment,,,,,,,,,,,,,,,,,,,,,,,,
"Solidity
Smart Contract
Ethereum
Blockchain Architecture
Cryptocurrency
Ethereum Network",Solidity,Smart Contract,Ethereum,Blockchain Architecture,Cryptocurrency,Ethereum Network,,,,,,,,,,,,,,,,,,,,,,,,,,
"Voice Acting
Audio Recording
Female
Voice-Over
Middle-Aged Adult
Young Adult
American English Accent",Voice Acting,Audio Recording,Female,Voice-Over,Middle-Aged Adult,Young Adult,American English Accent,,,,,,,,,,,,,,,,,,,,,,,,,
"Product Management
Product Roadmap
Product Design
Product Development",Product Management,Product Roadmap,Product Design,Product Development,,,,,,,,,,,,,,,,,,,,,,,,,,,,
"Mathematics
Python
Data Science",Mathematics,Python,Data Science,,,,,,,,,,,,,,,,,,,,,,,,,,,,,
"Microsoft PowerApps
Microsoft Power Automate",Microsoft PowerApps,Microsoft Power Automate,,,,,,,,,,,,,,,,,,,,,,,,,,,,,,
"Web Design
Web Development
WordPress
WooCommerce",Web Design,Web Development,WordPress,WooCommerce,,,,,,,,,,,,,,,,,,,,,,,,,,,,
"Electronic Medical Record
Document Analysis
Document Review
Medical Transcription
Data Entry
Legal Research",Electronic Medical Record,Document Analysis,Document Review,Medical Transcription,Data Entry,Legal Research,,,,,,,,,,,,,,,,,,,,,,,,,,
"iOS
Android
Python
Firebase
Google Analytics
Business with 1-9 Employees
Smartphone
Typhoon
Flutter
Web Development",iOS,Android,Python,Firebase,Google Analytics,Business with 1-9 Employees,Smartphone,Typhoon,Flutter,Web Development,,,,,,,,,,,,,,,,,,,,,,
"English
Graphic Design
Logo Design
Creative Writing",English,Graphic Design,Logo Design,Creative Writing,,,,,,,,,,,,,,,,,,,,,,,,,,,,
"Image Editing
Photo Editing
Adobe Photoshop",Image Editing,Photo Editing,Adobe Photoshop,,,,,,,,,,,,,,,,,,,,,,,,,,,,,
"Content Marketing
Content Creation
Marketing
Marketing Strategy
SEO Keyword Research
Content Writing
Researcher
Amazon Vendor Central
Amazon",Content Marketing,Content Creation,Marketing,Marketing Strategy,SEO Keyword Research,Content Writing,Researcher,Amazon Vendor Central,Amazon,,,,,,,,,,,,,,,,,,,,,,,
"Logo Design
Brand Identity & Guidelines
Branding",Logo Design,Brand Identity & Guidelines,Branding,,,,,,,,,,,,,,,,,,,,,,,,,,,,,
"Technical Writing
Content Writing
Blog Writing
Article Writing
SEO Writing",Technical Writing,Content Writing,Blog Writing,Article Writing,SEO Writing,,,,,,,,,,,,,,,,,,,,,,,,,,,
"Social Media Marketing
Facebook
Instagram
Social Media Content
Social Media Management",Social Media Marketing,Facebook,Instagram,Social Media Content,Social Media Management,,,,,,,,,,,,,,,,,,,,,,,,,,,
"Instagram
Facebook
Social Media Marketing
Social Media Content
Social Media Advertising
Social Media Content Creation
Social Media Management",Instagram,Facebook,Social Media Marketing,Social Media Content,Social Media Advertising,Social Media Content Creation,Social Media Management,,,,,,,,,,,,,,,,,,,,,,,,,
"Financial Accounting
Tax Preparation
Finance & Accounting
Financial Analysis
Business Plan",Financial Accounting,Tax Preparation,Finance & Accounting,Financial Analysis,Business Plan,,,,,,,,,,,,,,,,,,,,,,,,,,,
"360-Degree Video Editing
Color Grading
Compositing
Video Editing
Adobe After Effects
Adobe Premiere Pro
Video Commercial
Video Post-Editing
Final Cut Pro X",360-Degree Video Editing,Color Grading,Compositing,Video Editing,Adobe After Effects,Adobe Premiere Pro,Video Commercial,Video Post-Editing,Final Cut Pro X,,,,,,,,,,,,,,,,,,,,,,,
"Android
Android App Development
Firebase
Location-Based Service
Mobile App Development
Smartphone
Kotlin",Android,Android App Development,Firebase,Location-Based Service,Mobile App Development,Smartphone,Kotlin,,,,,,,,,,,,,,,,,,,,,,,,,
"UX & UI
Design Mockup
Adobe XD Expert
Figma Expert
Web Design
Graphic Design",UX & UI,Design Mockup,Adobe XD Expert,Figma Expert,Web Design,Graphic Design,,,,,,,,,,,,,,,,,,,,,,,,,,
"Cluster Computing
Machine Learning
Data Analysis",Cluster Computing,Machine Learning,Data Analysis,,,,,,,,,,,,,,,,,,,,,,,,,,,,,
"Health & Fitness
Health & Wellness
iOS",Health & Fitness,Health & Wellness,iOS,,,,,,,,,,,,,,,,,,,,,,,,,,,,,
"Textile Design
Adobe Photoshop
Print Design",Textile Design,Adobe Photoshop,Print Design,,,,,,,,,,,,,,,,,,,,,,,,,,,,,
"Researcher
Price & Quote Negotiation
Dropshipping
Market Research",Researcher,Price & Quote Negotiation,Dropshipping,Market Research,,,,,,,,,,,,,,,,,,,,,,,,,,,,
"Ghostwriting
Content Writing
Writing
Japanese
Copywriting
Article
SEO Writing",Ghostwriting,Content Writing,Writing,Japanese,Copywriting,Article,SEO Writing,,,,,,,,,,,,,,,,,,,,,,,,,
"Graphic Design
Adobe Illustrator
Adobe InDesign
Adobe Photoshop",Graphic Design,Adobe Illustrator,Adobe InDesign,Adobe Photoshop,,,,,,,,,,,,,,,,,,,,,,,,,,,,
"Legal
Writing",Legal,Writing,,,,,,,,,,,,,,,,,,,,,,,,,,,,,,
"Drawing
Adobe Photoshop
Adobe Illustrator",Drawing,Adobe Photoshop,Adobe Illustrator,,,,,,,,,,,,,,,,,,,,,,,,,,,,,
English,English,,,,,,,,,,,,,,,,,,,,,,,,,,,,,,,
"Accounting
Financial Accounting
CPA
Tax Law
Bank Reconciliation
Bookkeeping
Balance Sheet",Accounting,Financial Accounting,CPA,Tax Law,Bank Reconciliation,Bookkeeping,Balance Sheet,,,,,,,,,,,,,,,,,,,,,,,,,
"Virtual Assistant
Social Media Marketing",Virtual Assistant,Social Media Marketing,,,,,,,,,,,,,,,,,,,,,,,,,,,,,,
"Video Editing
Adobe After Effects",Video Editing,Adobe After Effects,,,,,,,,,,,,,,,,,,,,,,,,,,,,,,
"2D Animation
3D Animation
Motion Graphics
Video Production
Character Design",2D Animation,3D Animation,Motion Graphics,Video Production,Character Design,,,,,,,,,,,,,,,,,,,,,,,,,,,
"Social Media Management
Social Media Marketing
Social Media Content Creation
Social Media Content
Facebook
Instagram
Instagram Story",Social Media Management,Social Media Marketing,Social Media Content Creation,Social Media Content,Facebook,Instagram,Instagram Story,,,,,,,,,,,,,,,,,,,,,,,,,
"Turkish
SEO Writing
Writing
Article Writing
Article
Content Writing
Blog Content",Turkish,SEO Writing,Writing,Article Writing,Article,Content Writing,Blog Content,,,,,,,,,,,,,,,,,,,,,,,,,
"API Integration
Web Application
Platform Plugin
PHP
Web Development
API
Node.js
React",API Integration,Web Application,Platform Plugin,PHP,Web Development,API,Node.js,React,,,,,,,,,,,,,,,,,,,,,,,,
"iOS
Android
Push Notifications
Advanced Analytics
API Integration
Map Integration
Business with 1-9 Employees",iOS,Android,Push Notifications,Advanced Analytics,API Integration,Map Integration,Business with 1-9 Employees,,,,,,,,,,,,,,,,,,,,,,,,,
"Turkish
SEO Writing
Writing
Article Writing
Article
Content Writing
Blog Content",Turkish,SEO Writing,Writing,Article Writing,Article,Content Writing,Blog Content,,,,,,,,,,,,,,,,,,,,,,,,,
"API Integration
Web Application
Platform Plugin
PHP
Web Development
API
Node.js
React",API Integration,Web Application,Platform Plugin,PHP,Web Development,API,Node.js,React,,,,,,,,,,,,,,,,,,,,,,,,
"iOS
Android
Push Notifications
Advanced Analytics
API Integration
Map Integration
Business with 1-9 Employees",iOS,Android,Push Notifications,Advanced Analytics,API Integration,Map Integration,Business with 1-9 Employees,,,,,,,,,,,,,,,,,,,,,,,,,
"Translation
English
Contract Translation
Content Creation
Social Media Advertising",Translation,English,Contract Translation,Content Creation,Social Media Advertising,,,,,,,,,,,,,,,,,,,,,,,,,,,
"Product Listing Ad
Facebook Ads Manager
Facebook
Facebook Advertising
Social Media Advertising
Instagram
Shopify
Social Media Marketing",Product Listing Ad,Facebook Ads Manager,Facebook,Facebook Advertising,Social Media Advertising,Instagram,Shopify,Social Media Marketing,,,,,,,,,,,,,,,,,,,,,,,,
"Android
JavaScript
Android App Development
Mobile App Development
iOS
Web Development
Data Entry
WordPress
Smartphone
Kotlin",Android,JavaScript,Android App Development,Mobile App Development,iOS,Web Development,Data Entry,WordPress,Smartphone,Kotlin,,,,,,,,,,,,,,,,,,,,,,
"Web Application
API Integration
Custom PHP
Web Design
HTML
JavaScript
Database Design
PHP
Web Development",Web Application,API Integration,Custom PHP,Web Design,HTML,JavaScript,Database Design,PHP,Web Development,,,,,,,,,,,,,,,,,,,,,,,
"Proofreading
General Transcription
Translation
Arabic
English
English to Tamil Translation",Proofreading,General Transcription,Translation,Arabic,English,English to Tamil Translation,,,,,,,,,,,,,,,,,,,,,,,,,,
"Web Development
Shopify
Ecommerce Website",Web Development,Shopify,Ecommerce Website,,,,,,,,,,,,,,,,,,,,,,,,,,,,,
"iOS Developer
Android Developer
iOS
In-App Advertising
User Authentication
Mobile App Development
User Profile Creation
Admin Panel Setup",iOS Developer,Android Developer,iOS,In-App Advertising,User Authentication,Mobile App Development,User Profile Creation,Admin Panel Setup,,,,,,,,,,,,,,,,,,,,,,,,
"Creative Writing
Content Writing
Writing
English
Speech Writing",Creative Writing,Content Writing,Writing,English,Speech Writing,,,,,,,,,,,,,,,,,,,,,,,,,,,
Video Editing,Video Editing,,,,,,,,,,,,,,,,,,,,,,,,,,,,,,,
"Facebook
Lead Generation
Facebook Advertising
Social Media Marketing
Marketing Strategy
Social Media Management
Instagram",Facebook,Lead Generation,Facebook Advertising,Social Media Marketing,Marketing Strategy,Social Media Management,Instagram,,,,,,,,,,,,,,,,,,,,,,,,,
"JavaScript
PHP
Data Scraping",JavaScript,PHP,Data Scraping,,,,,,,,,,,,,,,,,,,,,,,,,,,,,
"Financial Analysis
Financial Modeling
Microsoft Excel
Financial Statement",Financial Analysis,Financial Modeling,Microsoft Excel,Financial Statement,,,,,,,,,,,,,,,,,,,,,,,,,,,,
"Video Editing
Final Cut Pro X
Adobe Premiere Pro
Video Production
Video Post-Editing
Audio Editing
Video Intro & Outro",Video Editing,Final Cut Pro X,Adobe Premiere Pro,Video Production,Video Post-Editing,Audio Editing,Video Intro & Outro,,,,,,,,,,,,,,,,,,,,,,,,,
"WordPress
Web Design
Web Development",WordPress,Web Design,Web Development,,,,,,,,,,,,,,,,,,,,,,,,,,,,,
"Lyrics Writing
Songwriting",Lyrics Writing,Songwriting,,,,,,,,,,,,,,,,,,,,,,,,,,,,,,
"MP4
How To
Self-Help
Music Video
Explainer Video
Social Media Video
Videography
Cooking
Video Production
Video Editing",MP4,How To,Self-Help,Music Video,Explainer Video,Social Media Video,Videography,Cooking,Video Production,Video Editing,,,,,,,,,,,,,,,,,,,,,,
"Native App Development
Hybrid App Development
API Integration
React Native
iOS
iOS Development
Swift
Mobile App Development",Native App Development,Hybrid App Development,API Integration,React Native,iOS,iOS Development,Swift,Mobile App Development,,,,,,,,,,,,,,,,,,,,,,,,
"MP4
How To
Self-Help
Music Video
Explainer Video
Social Media Video
Videography
Cooking
Video Production
Video Editing",MP4,How To,Self-Help,Music Video,Explainer Video,Social Media Video,Videography,Cooking,Video Production,Video Editing,,,,,,,,,,,,,,,,,,,,,,
"Native App Development
Hybrid App Development
API Integration
React Native
iOS
iOS Development
Swift
Mobile App Development",Native App Development,Hybrid App Development,API Integration,React Native,iOS,iOS Development,Swift,Mobile App Development,,,,,,,,,,,,,,,,,,,,,,,,
"JavaScript
Node.js",JavaScript,Node.js,,,,,,,,,,,,,,,,,,,,,,,,,,,,,,
"3D Rendering
Booth Design
Concept Design
Branding
Adobe Illustrator
AutoCAD Civil 3D
AutoCAD Plant 3D
Architectural Design
Architectural Drawing
3D Architectural Rendering",3D Rendering,Booth Design,Concept Design,Branding,Adobe Illustrator,AutoCAD Civil 3D,AutoCAD Plant 3D,Architectural Design,Architectural Drawing,3D Architectural Rendering,,,,,,,,,,,,,,,,,,,,,,
"Reddit
Social Media Advertising
Display Ad
Social Media Marketing
Graphic Design",Reddit,Social Media Advertising,Display Ad,Social Media Marketing,Graphic Design,,,,,,,,,,,,,,,,,,,,,,,,,,,
"Scriptwriting
Script
Researcher",Scriptwriting,Script,Researcher,,,,,,,,,,,,,,,,,,,,,,,,,,,,,
"Voice Acting
Voice-Over
Audio Production
Audio Editing
Galician
English to Galician Translation
Galician to English Translation",Voice Acting,Voice-Over,Audio Production,Audio Editing,Galician,English to Galician Translation,Galician to English Translation,,,,,,,,,,,,,,,,,,,,,,,,,
"Voice Acting
Voice-Over
Audio Production
Audio Editing",Voice Acting,Voice-Over,Audio Production,Audio Editing,,,,,,,,,,,,,,,,,,,,,,,,,,,,
"Sourcing
Recruiting",Sourcing,Recruiting,,,,,,,,,,,,,,,,,,,,,,,,,,,,,,
"German
Male Voice
Female
Voice Recording
Researcher",German,Male Voice,Female,Voice Recording,Researcher,,,,,,,,,,,,,,,,,,,,,,,,,,,
"Creative Writing
Content Writing
Scriptwriting
English
Copywriting
Anime",Creative Writing,Content Writing,Scriptwriting,English,Copywriting,Anime,,,,,,,,,,,,,,,,,,,,,,,,,,
Shopify,Shopify,,,,,,,,,,,,,,,,,,,,,,,,,,,,,,,
"Figma Expert
Adobe XD Expert
Adaptive Web Design
High Fidelity Design
Responsive Design
User Interface Design
Website Asset
Interaction Design
Web Design",Figma Expert,Adobe XD Expert,Adaptive Web Design,High Fidelity Design,Responsive Design,User Interface Design,Website Asset,Interaction Design,Web Design,,,,,,,,,,,,,,,,,,,,,,,
"API Integration
Data Scraping
Web Crawling
Python
Data Extraction",API Integration,Data Scraping,Web Crawling,Python,Data Extraction,,,,,,,,,,,,,,,,,,,,,,,,,,,
Web Design,Web Design,,,,,,,,,,,,,,,,,,,,,,,,,,,,,,,
"Android
Java
Android App Development
Android Studio
Kotlin
Mobile App Development",Android,Java,Android App Development,Android Studio,Kotlin,Mobile App Development,,,,,,,,,,,,,,,,,,,,,,,,,,
"Creative Writing
Writing
Content Writing",Creative Writing,Writing,Content Writing,,,,,,,,,,,,,,,,,,,,,,,,,,,,,
"Campaign Management
Google AdSense
Campaign Optimization
Pay Per Click Advertising
Marketing Strategy
Google Ad Manager
Display Ad
Retargeting
Ad Server",Campaign Management,Google AdSense,Campaign Optimization,Pay Per Click Advertising,Marketing Strategy,Google Ad Manager,Display Ad,Retargeting,Ad Server,,,,,,,,,,,,,,,,,,,,,,,
"Vue.js
Laravel
React",Vue.js,Laravel,React,,,,,,,,,,,,,,,,,,,,,,,,,,,,,
"Automated Testing
Test Automation Framework",Automated Testing,Test Automation Framework,,,,,,,,,,,,,,,,,,,,,,,,,,,,,,
"Chemical Engineering
Aspen HYSYS
Engineering Design
Engineering Simulation
Environmental Design
Process Design",Chemical Engineering,Aspen HYSYS,Engineering Design,Engineering Simulation,Environmental Design,Process Design,,,,,,,,,,,,,,,,,,,,,,,,,,
"Oberlo
Dropshipping
Web Development
Shopify
JavaScript
Web Design
HTML
CSS",Oberlo,Dropshipping,Web Development,Shopify,JavaScript,Web Design,HTML,CSS,,,,,,,,,,,,,,,,,,,,,,,,
"Voice-Over
US English Dialect",Voice-Over,US English Dialect,,,,,,,,,,,,,,,,,,,,,,,,,,,,,,
"API Integration
PostgreSQL
Redux
Django
React
API
Web Application
Database Architecture
Python",API Integration,PostgreSQL,Redux,Django,React,API,Web Application,Database Architecture,Python,,,,,,,,,,,,,,,,,,,,,,,
"Business with 1-9 Employees
Web Design",Business with 1-9 Employees,Web Design,,,,,,,,,,,,,,,,,,,,,,,,,,,,,,
".NET Core
Entity Framework
NUnit
Redux
React",.NET Core,Entity Framework,NUnit,Redux,React,,,,,,,,,,,,,,,,,,,,,,,,,,,
"Android
Kotlin
Native App Development",Android,Kotlin,Native App Development,,,,,,,,,,,,,,,,,,,,,,,,,,,,,
Shopify,Shopify,,,,,,,,,,,,,,,,,,,,,,,,,,,,,,,
"Photography
Event Photography",Photography,Event Photography,,,,,,,,,,,,,,,,,,,,,,,,,,,,,,
"Article Writing
Article",Article Writing,Article,,,,,,,,,,,,,,,,,,,,,,,,,,,,,,
"React
Node.js
JavaScript
Redux
MongoDB
ExpressJS
CSS
Web Application
API
API Integration",React,Node.js,JavaScript,Redux,MongoDB,ExpressJS,CSS,Web Application,API,API Integration,,,,,,,,,,,,,,,,,,,,,,
"Residential Design
3D Modeling
3D Design
3D Rendering
Architectural Design",Residential Design,3D Modeling,3D Design,3D Rendering,Architectural Design,,,,,,,,,,,,,,,,,,,,,,,,,,,
"Journalism Writing
Article Writing
Article
Writing
Media & Entertainment
Editor",Journalism Writing,Article Writing,Article,Writing,Media & Entertainment,Editor,,,,,,,,,,,,,,,,,,,,,,,,,,
"Video Editing
Video Post-Editing",Video Editing,Video Post-Editing,,,,,,,,,,,,,,,,,,,,,,,,,,,,,,
"Menu
WordPress
Graphic Design
Adobe Photoshop",Menu,WordPress,Graphic Design,Adobe Photoshop,,,,,,,,,,,,,,,,,,,,,,,,,,,,
Python,Python,,,,,,,,,,,,,,,,,,,,,,,,,,,,,,,
"Web Design
Wireframing
User Interface Design
UX Research",Web Design,Wireframing,User Interface Design,UX Research,,,,,,,,,,,,,,,,,,,,,,,,,,,,
"Landing Page
Web Design
CSS
HTML
Graphic Design",Landing Page,Web Design,CSS,HTML,Graphic Design,,,,,,,,,,,,,,,,,,,,,,,,,,,
"Thumbnail
Canva
Social Media Imagery
Graphic Design
Infographic",Thumbnail,Canva,Social Media Imagery,Graphic Design,Infographic,,,,,,,,,,,,,,,,,,,,,,,,,,,
"Graphic Design
Etsy Listing
Corporate Brand Identity
Wedding",Graphic Design,Etsy Listing,Corporate Brand Identity,Wedding,,,,,,,,,,,,,,,,,,,,,,,,,,,,
"Smartphone
Tablet
Native App Development
In-App Purchases
Camera
Android Developer
Kotlin
Android
Java",Smartphone,Tablet,Native App Development,In-App Purchases,Camera,Android Developer,Kotlin,Android,Java,,,,,,,,,,,,,,,,,,,,,,,
"PHP
JavaScript
CakePHP",PHP,JavaScript,CakePHP,,,,,,,,,,,,,,,,,,,,,,,,,,,,,
"React
JavaScript
Node.js
ExpressJS
API
MongoDB",React,JavaScript,Node.js,ExpressJS,API,MongoDB,,,,,,,,,,,,,,,,,,,,,,,,,,
"Brand Guidelines
Graphic Design
Adobe Illustrator
Logo Design
Adobe Photoshop
Brand Identity & Guidelines
Minimalist
Illustration
Contemporary Style",Brand Guidelines,Graphic Design,Adobe Illustrator,Logo Design,Adobe Photoshop,Brand Identity & Guidelines,Minimalist,Illustration,Contemporary Style,,,,,,,,,,,,,,,,,,,,,,,
Moodle,Moodle,,,,,,,,,,,,,,,,,,,,,,,,,,,,,,,
"Graphic Design
Creative Writing
Game Design",Graphic Design,Creative Writing,Game Design,,,,,,,,,,,,,,,,,,,,,,,,,,,,,
"Website
Bug Fix
Blog
Business with 1-9 Employees
Theme Development
WordPress
Web Development",Website,Bug Fix,Blog,Business with 1-9 Employees,Theme Development,WordPress,Web Development,,,,,,,,,,,,,,,,,,,,,,,,,
"Android
JavaScript
Android App Development
Mobile App Development
iOS
Web Development
Data Entry
WordPress
Smartphone
Kotlin",Android,JavaScript,Android App Development,Mobile App Development,iOS,Web Development,Data Entry,WordPress,Smartphone,Kotlin,,,,,,,,,,,,,,,,,,,,,,
"Web Development
Firebase
Android
Mobile App Development
Smartphone
Android App Development",Web Development,Firebase,Android,Mobile App Development,Smartphone,Android App Development,,,,,,,,,,,,,,,,,,,,,,,,,,
"Lead Generation
Prospect List
Communications
List Building
Data Entry
Market Research
LinkedIn",Lead Generation,Prospect List,Communications,List Building,Data Entry,Market Research,LinkedIn,,,,,,,,,,,,,,,,,,,,,,,,,
"Data Entry
Microsoft Excel",Data Entry,Microsoft Excel,,,,,,,,,,,,,,,,,,,,,,,,,,,,,,
"Fact-Checking
Research Papers
Academic Writing
Writing
English",Fact-Checking,Research Papers,Academic Writing,Writing,English,,,,,,,,,,,,,,,,,,,,,,,,,,,
"Google Chrome Extension
JavaScript
Firebase",Google Chrome Extension,JavaScript,Firebase,,,,,,,,,,,,,,,,,,,,,,,,,,,,,
"Blog Content
Article
SEO Writing
Search Engine Optimization
Blog Writing
Article Writing
Content Writing
Website Content
Researcher
English",Blog Content,Article,SEO Writing,Search Engine Optimization,Blog Writing,Article Writing,Content Writing,Website Content,Researcher,English,,,,,,,,,,,,,,,,,,,,,,
"Motion Graphics
Social Media Website
Animation
Adobe Illustrator
Graphic Design",Motion Graphics,Social Media Website,Animation,Adobe Illustrator,Graphic Design,,,,,,,,,,,,,,,,,,,,,,,,,,,
"Content Writing
Article
Article Writing
Creative Writing
Blog Content
Writing
Blog Writing
SEO Writing
Researcher
English",Content Writing,Article,Article Writing,Creative Writing,Blog Content,Writing,Blog Writing,SEO Writing,Researcher,English,,,,,,,,,,,,,,,,,,,,,,
"Contact Form 7
WordPress",Contact Form 7,WordPress,,,,,,,,,,,,,,,,,,,,,,,,,,,,,,
"Branding
Brand Research
Brand Consulting",Branding,Brand Research,Brand Consulting,,,,,,,,,,,,,,,,,,,,,,,,,,,,,
"PHP
Oracle Database
Web Application",PHP,Oracle Database,Web Application,,,,,,,,,,,,,,,,,,,,,,,,,,,,,
Risk Management,Risk Management,,,,,,,,,,,,,,,,,,,,,,,,,,,,,,,
"Contact Form 7
WordPress",Contact Form 7,WordPress,,,,,,,,,,,,,,,,,,,,,,,,,,,,,,
"Branding
Brand Research
Brand Consulting",Branding,Brand Research,Brand Consulting,,,,,,,,,,,,,,,,,,,,,,,,,,,,,
"PHP
Oracle Database
Web Application",PHP,Oracle Database,Web Application,,,,,,,,,,,,,,,,,,,,,,,,,,,,,
Risk Management,Risk Management,,,,,,,,,,,,,,,,,,,,,,,,,,,,,,,
"Logistics Management
Lead Generation
Demand Planning
Production Planning
Administrative Support",Logistics Management,Lead Generation,Demand Planning,Production Planning,Administrative Support,,,,,,,,,,,,,,,,,,,,,,,,,,,
"Web Application
Bot Development
JavaScript
Chatbot Development
API
Node.js
API Integration
Steam API",Web Application,Bot Development,JavaScript,Chatbot Development,API,Node.js,API Integration,Steam API,,,,,,,,,,,,,,,,,,,,,,,,
"Prototyping
Landing Page
Website Redesign
Website
Web Design
Adobe XD
Figma
Graphic Design
User Flow
Mockup",Prototyping,Landing Page,Website Redesign,Website,Web Design,Adobe XD,Figma,Graphic Design,User Flow,Mockup,,,,,,,,,,,,,,,,,,,,,,
"Graphic Design
Logo Design
Adobe Illustrator
Brand Identity & Guidelines
Adobe Photoshop",Graphic Design,Logo Design,Adobe Illustrator,Brand Identity & Guidelines,Adobe Photoshop,,,,,,,,,,,,,,,,,,,,,,,,,,,
WordPress,WordPress,,,,,,,,,,,,,,,,,,,,,,,,,,,,,,,
"Web Design
Logo Design
Web Development
Corporate Brand Identity
Graphic Design",Web Design,Logo Design,Web Development,Corporate Brand Identity,Graphic Design,,,,,,,,,,,,,,,,,,,,,,,,,,,
"Graphic Design
Motion Graphics
Video Editing
Animation",Graphic Design,Motion Graphics,Video Editing,Animation,,,,,,,,,,,,,,,,,,,,,,,,,,,,
"Digital Illustration
Illustration
Line Drawing
Drawing
Adobe Illustrator
Freestyle Drawing",Digital Illustration,Illustration,Line Drawing,Drawing,Adobe Illustrator,Freestyle Drawing,,,,,,,,,,,,,,,,,,,,,,,,,,
Google Ads,Google Ads,,,,,,,,,,,,,,,,,,,,,,,,,,,,,,,
"Android
Smartphone
Android App Development
iOS Development",Android,Smartphone,Android App Development,iOS Development,,,,,,,,,,,,,,,,,,,,,,,,,,,,
"Android
Smartphone
Android App Development
Mobile App Development",Android,Smartphone,Android App Development,Mobile App Development,,,,,,,,,,,,,,,,,,,,,,,,,,,,
Wedding Photography,Wedding Photography,,,,,,,,,,,,,,,,,,,,,,,,,,,,,,,
"WordPress
Business with 1-9 Employees
Stripe",WordPress,Business with 1-9 Employees,Stripe,,,,,,,,,,,,,,,,,,,,,,,,,,,,,
"Shopify
Shopify Apps
Web Development
Web Design",Shopify,Shopify Apps,Web Development,Web Design,,,,,,,,,,,,,,,,,,,,,,,,,,,,
Google Ads,Google Ads,,,,,,,,,,,,,,,,,,,,,,,,,,,,,,,
"Content Writing
Creative Writing
Copywriting
Search Engine Optimization
Blog Writing
English
Article Writing",Content Writing,Creative Writing,Copywriting,Search Engine Optimization,Blog Writing,English,Article Writing,,,,,,,,,,,,,,,,,,,,,,,,,
"SQL
C++
Java
.NET Framework
C#",SQL,C++,Java,.NET Framework,C#,,,,,,,,,,,,,,,,,,,,,,,,,,,
"Java
IDE
NetBeans",Java,IDE,NetBeans,,,,,,,,,,,,,,,,,,,,,,,,,,,,,
"Formatting
Adobe InDesign
Ebook Design
Book
Layout Design
Editor
Publication Design",Formatting,Adobe InDesign,Ebook Design,Book,Layout Design,Editor,Publication Design,,,,,,,,,,,,,,,,,,,,,,,,,
"Lead Generation Analysis
Lead Generation Content Creation
Lead Nurturing
Lead Generation Strategy
Lead Generation
List Building
Data Entry
Communications
Prospect List",Lead Generation Analysis,Lead Generation Content Creation,Lead Nurturing,Lead Generation Strategy,Lead Generation,List Building,Data Entry,Communications,Prospect List,,,,,,,,,,,,,,,,,,,,,,,
Graphic Design,Graphic Design,,,,,,,,,,,,,,,,,,,,,,,,,,,,,,,
"Bookkeeping
Accounting
Bank Reconciliation
Xero",Bookkeeping,Accounting,Bank Reconciliation,Xero,,,,,,,,,,,,,,,,,,,,,,,,,,,,
"Recruiting
Candidate Sourcing
Candidate Evaluation
LinkedIn Recruiting",Recruiting,Candidate Sourcing,Candidate Evaluation,LinkedIn Recruiting,,,,,,,,,,,,,,,,,,,,,,,,,,,,
Data Entry,Data Entry,,,,,,,,,,,,,,,,,,,,,,,,,,,,,,,
Supply Chain & Logistics,Supply Chain & Logistics,,,,,,,,,,,,,,,,,,,,,,,,,,,,,,,
"DaVinci Resolve
Adobe Premiere Pro
Color Grading
Video Color Correction",DaVinci Resolve,Adobe Premiere Pro,Color Grading,Video Color Correction,,,,,,,,,,,,,,,,,,,,,,,,,,,,
"Report
Python
R
Econometrics",Report,Python,R,Econometrics,,,,,,,,,,,,,,,,,,,,,,,,,,,,
"YouTube Marketing
YouTube Development
Facebook
Social Media Marketing",YouTube Marketing,YouTube Development,Facebook,Social Media Marketing,,,,,,,,,,,,,,,,,,,,,,,,,,,,
"Laravel
PHP",Laravel,PHP,,,,,,,,,,,,,,,,,,,,,,,,,,,,,,
"Web Design
WordPress",Web Design,WordPress,,,,,,,,,,,,,,,,,,,,,,,,,,,,,,
"Android
Smartphone
Android App Development
iOS
iOS Development
Mobile App Development
Java
In-App Purchases
Tablet",Android,Smartphone,Android App Development,iOS,iOS Development,Mobile App Development,Java,In-App Purchases,Tablet,,,,,,,,,,,,,,,,,,,,,,,
"Plotly
Python
API
Python Script",Plotly,Python,API,Python Script,,,,,,,,,,,,,,,,,,,,,,,,,,,,
"Article Writing
Copywriting
English
Content Writing",Article Writing,Copywriting,English,Content Writing,,,,,,,,,,,,,,,,,,,,,,,,,,,,
"Facebook Advertising
Lead Generation",Facebook Advertising,Lead Generation,,,,,,,,,,,,,,,,,,,,,,,,,,,,,,
"Android
Android App Development",Android,Android App Development,,,,,,,,,,,,,,,,,,,,,,,,,,,,,,
"Quantitative Research
Qualitative Research
Consumer Research
Pricing Research
Market Analysis
Market Research
Report Writing
Market Researcher
French",Quantitative Research,Qualitative Research,Consumer Research,Pricing Research,Market Analysis,Market Research,Report Writing,Market Researcher,French,,,,,,,,,,,,,,,,,,,,,,,
"Logo Design
Graphic Design
Adobe Illustrator
Adobe Photoshop",Logo Design,Graphic Design,Adobe Illustrator,Adobe Photoshop,,,,,,,,,,,,,,,,,,,,,,,,,,,,
"Travel & Hospitality
English
Business Presentation
Microsoft PowerPoint
Sales Presentation",Travel & Hospitality,English,Business Presentation,Microsoft PowerPoint,Sales Presentation,,,,,,,,,,,,,,,,,,,,,,,,,,,
"Video Editing
Adobe Premiere Pro
Adobe After Effects
Video Post-Editing
Video Production",Video Editing,Adobe Premiere Pro,Adobe After Effects,Video Post-Editing,Video Production,,,,,,,,,,,,,,,,,,,,,,,,,,,
"Candidate Interviewing
Hiring Strategy
Internet Recruiting
IT Recruiting
Candidate Recommendation
LinkedIn Recruiting
Human Resource Management",Candidate Interviewing,Hiring Strategy,Internet Recruiting,IT Recruiting,Candidate Recommendation,LinkedIn Recruiting,Human Resource Management,,,,,,,,,,,,,,,,,,,,,,,,,
"Facebook
Social Media Marketing
Instagram
Internet Marketing
Lead Generation
Social Media Content Creation
Customer Service",Facebook,Social Media Marketing,Instagram,Internet Marketing,Lead Generation,Social Media Content Creation,Customer Service,,,,,,,,,,,,,,,,,,,,,,,,,
"Graphic Design
Adobe Illustrator
Adobe Photoshop
Cover Art Design
Logo Design
Illustration",Graphic Design,Adobe Illustrator,Adobe Photoshop,Cover Art Design,Logo Design,Illustration,,,,,,,,,,,,,,,,,,,,,,,,,,
"Facebook Advertising
Lead Generation
Facebook
Marketing Strategy
Copywriting
Content Writing
Retargeting
Media Buying
Social Media Marketing",Facebook Advertising,Lead Generation,Facebook,Marketing Strategy,Copywriting,Content Writing,Retargeting,Media Buying,Social Media Marketing,,,,,,,,,,,,,,,,,,,,,,,
"Facebook
Social Media Marketing
Instagram
Internet Marketing
Lead Generation
Social Media Content Creation
Customer Service",Facebook,Social Media Marketing,Instagram,Internet Marketing,Lead Generation,Social Media Content Creation,Customer Service,,,,,,,,,,,,,,,,,,,,,,,,,
"Google Tag Manager
Google Analytics",Google Tag Manager,Google Analytics,,,,,,,,,,,,,,,,,,,,,,,,,,,,,,
,,,,,,,,,,,,,,,,,,,,,,,,,,,,,,,,
"Google Tag Manager
Google Analytics",Google Tag Manager,Google Analytics,,,,,,,,,,,,,,,,,,,,,,,,,,,,,,
"React
MongoDB
Elasticsearch
Node.js
Web Application",React,MongoDB,Elasticsearch,Node.js,Web Application,,,,,,,,,,,,,,,,,,,,,,,,,,,
"Web Development
Web Design
PHP
Flutter Developer
Flutter
Flutter Stack",Web Development,Web Design,PHP,Flutter Developer,Flutter,Flutter Stack,,,,,,,,,,,,,,,,,,,,,,,,,,
"Ecommerce Website
Web Application
API Integration
Custom PHP
PHP Developer
SocialEngine
PHP
Web Development
Server Administration
Magento",Ecommerce Website,Web Application,API Integration,Custom PHP,PHP Developer,SocialEngine,PHP,Web Development,Server Administration,Magento,,,,,,,,,,,,,,,,,,,,,,
"Researcher
English
Report
Topic Research
Administrative Support",Researcher,English,Report,Topic Research,Administrative Support,,,,,,,,,,,,,,,,,,,,,,,,,,,
"Arabic
Time Management
Local Operations
Organizer
Data Entry
Microsoft Excel
Business Operations
Inventory Management",Arabic,Time Management,Local Operations,Organizer,Data Entry,Microsoft Excel,Business Operations,Inventory Management,,,,,,,,,,,,,,,,,,,,,,,,
"Business Plan
Business Writing
Executive Summary
Investor Overview
Business Analysis
Market Research",Business Plan,Business Writing,Executive Summary,Investor Overview,Business Analysis,Market Research,,,,,,,,,,,,,,,,,,,,,,,,,,
Shopify,Shopify,,,,,,,,,,,,,,,,,,,,,,,,,,,,,,,
"Report
Data Modeling
Data Cleansing",Report,Data Modeling,Data Cleansing,,,,,,,,,,,,,,,,,,,,,,,,,,,,,
"Android
JavaScript
Android App Development
Mobile App Development
iOS
Web Development
Data Entry
WordPress
Smartphone
Kotlin",Android,JavaScript,Android App Development,Mobile App Development,iOS,Web Development,Data Entry,WordPress,Smartphone,Kotlin,,,,,,,,,,,,,,,,,,,,,,
"Social Media Management
Interpersonal Skills",Social Media Management,Interpersonal Skills,,,,,,,,,,,,,,,,,,,,,,,,,,,,,,
"Engineering Design
Autodesk AutoCAD
3D Modeling
CAD",Engineering Design,Autodesk AutoCAD,3D Modeling,CAD,,,,,,,,,,,,,,,,,,,,,,,,,,,,
"Model Optimization
Machine Learning Model
Python
Machine Learning",Model Optimization,Machine Learning Model,Python,Machine Learning,,,,,,,,,,,,,,,,,,,,,,,,,,,,
"Android
Smartphone
Java
Android App Development
Publishing",Android,Smartphone,Java,Android App Development,Publishing,,,,,,,,,,,,,,,,,,,,,,,,,,,
English,English,,,,,,,,,,,,,,,,,,,,,,,,,,,,,,,
"Accessibility
Web Content Accessibility Guidelines
Manual Testing",Accessibility,Web Content Accessibility Guidelines,Manual Testing,,,,,,,,,,,,,,,,,,,,,,,,,,,,,
"Researcher
Article
Content Writing
Article Writing
Blog Content
Proofreading
English
Writing
Academic Writing",Researcher,Article,Content Writing,Article Writing,Blog Content,Proofreading,English,Writing,Academic Writing,,,,,,,,,,,,,,,,,,,,,,,
"Job Description Writing
Candidate Interviewing
Boolean Search
Resume Screening
Recruiting Process Consulting
LinkedIn Recruiting
Candidate Evaluation
Business with 1-9 Employees",Job Description Writing,Candidate Interviewing,Boolean Search,Resume Screening,Recruiting Process Consulting,LinkedIn Recruiting,Candidate Evaluation,Business with 1-9 Employees,,,,,,,,,,,,,,,,,,,,,,,,
Business with 1-9 Employees,Business with 1-9 Employees,,,,,,,,,,,,,,,,,,,,,,,,,,,,,,,
"Amazon Web Services
Node.js
React
JavaScript
DevOps
Amazon EC2",Amazon Web Services,Node.js,React,JavaScript,DevOps,Amazon EC2,,,,,,,,,,,,,,,,,,,,,,,,,,
"Laravel
PHP",Laravel,PHP,,,,,,,,,,,,,,,,,,,,,,,,,,,,,,
"Web Design
WordPress",Web Design,WordPress,,,,,,,,,,,,,,,,,,,,,,,,,,,,,,
"Android
Smartphone
Android App Development
iOS
iOS Development
Mobile App Development
Java
In-App Purchases
Tablet",Android,Smartphone,Android App Development,iOS,iOS Development,Mobile App Development,Java,In-App Purchases,Tablet,,,,,,,,,,,,,,,,,,,,,,,
"Plotly
Python
API
Python Script",Plotly,Python,API,Python Script,,,,,,,,,,,,,,,,,,,,,,,,,,,,
"Article Writing
Copywriting
English
Content Writing",Article Writing,Copywriting,English,Content Writing,,,,,,,,,,,,,,,,,,,,,,,,,,,,
"Facebook Advertising
Lead Generation",Facebook Advertising,Lead Generation,,,,,,,,,,,,,,,,,,,,,,,,,,,,,,
"Android
Android App Development",Android,Android App Development,,,,,,,,,,,,,,,,,,,,,,,,,,,,,,
"Quantitative Research
Qualitative Research
Consumer Research
Pricing Research
Market Analysis
Market Research
Report Writing
Market Researcher
French",Quantitative Research,Qualitative Research,Consumer Research,Pricing Research,Market Analysis,Market Research,Report Writing,Market Researcher,French,,,,,,,,,,,,,,,,,,,,,,,
"Logo Design
Graphic Design
Adobe Illustrator
Adobe Photoshop",Logo Design,Graphic Design,Adobe Illustrator,Adobe Photoshop,,,,,,,,,,,,,,,,,,,,,,,,,,,,
"Travel & Hospitality
English
Business Presentation
Microsoft PowerPoint
Sales Presentation",Travel & Hospitality,English,Business Presentation,Microsoft PowerPoint,Sales Presentation,,,,,,,,,,,,,,,,,,,,,,,,,,,
"Candidate Interviewing
Hiring Strategy
Internet Recruiting
IT Recruiting
Candidate Recommendation
LinkedIn Recruiting
Human Resource Management",Candidate Interviewing,Hiring Strategy,Internet Recruiting,IT Recruiting,Candidate Recommendation,LinkedIn Recruiting,Human Resource Management,,,,,,,,,,,,,,,,,,,,,,,,,
"Facebook
Social Media Marketing
Instagram
Internet Marketing
Lead Generation
Social Media Content Creation
Customer Service",Facebook,Social Media Marketing,Instagram,Internet Marketing,Lead Generation,Social Media Content Creation,Customer Service,,,,,,,,,,,,,,,,,,,,,,,,,
"Graphic Design
Adobe Illustrator
Adobe Photoshop
Cover Art Design
Logo Design
Illustration",Graphic Design,Adobe Illustrator,Adobe Photoshop,Cover Art Design,Logo Design,Illustration,,,,,,,,,,,,,,,,,,,,,,,,,,
"Facebook Advertising
Lead Generation
Facebook
Marketing Strategy
Copywriting
Content Writing
Retargeting
Media Buying
Social Media Marketing",Facebook Advertising,Lead Generation,Facebook,Marketing Strategy,Copywriting,Content Writing,Retargeting,Media Buying,Social Media Marketing,,,,,,,,,,,,,,,,,,,,,,,
"Facebook
Social Media Marketing
Instagram
Internet Marketing
Lead Generation
Social Media Content Creation
Customer Service",Facebook,Social Media Marketing,Instagram,Internet Marketing,Lead Generation,Social Media Content Creation,Customer Service,,,,,,,,,,,,,,,,,,,,,,,,,
"Google Tag Manager
Google Analytics",Google Tag Manager,Google Analytics,,,,,,,,,,,,,,,,,,,,,,,,,,,,,,
"React
MongoDB
Elasticsearch
Node.js
Web Application",React,MongoDB,Elasticsearch,Node.js,Web Application,,,,,,,,,,,,,,,,,,,,,,,,,,,
"Web Development
Web Design
PHP
Flutter Developer
Flutter
Flutter Stack",Web Development,Web Design,PHP,Flutter Developer,Flutter,Flutter Stack,,,,,,,,,,,,,,,,,,,,,,,,,,
"Ecommerce Website
Web Application
API Integration
Custom PHP
PHP Developer
SocialEngine
PHP
Web Development
Server Administration
Magento",Ecommerce Website,Web Application,API Integration,Custom PHP,PHP Developer,SocialEngine,PHP,Web Development,Server Administration,Magento,,,,,,,,,,,,,,,,,,,,,,
,,,,,,,,,,,,,,,,,,,,,,,,,,,,,,,,
"Ecommerce Website
Web Application
API Integration
Custom PHP
PHP Developer
SocialEngine
PHP
Web Development
Server Administration
Magento",Ecommerce Website,Web Application,API Integration,Custom PHP,PHP Developer,SocialEngine,PHP,Web Development,Server Administration,Magento,,,,,,,,,,,,,,,,,,,,,,
"Researcher
English
Report
Topic Research
Administrative Support",Researcher,English,Report,Topic Research,Administrative Support,,,,,,,,,,,,,,,,,,,,,,,,,,,
"Arabic
Time Management
Local Operations
Organizer
Data Entry
Microsoft Excel
Business Operations
Inventory Management",Arabic,Time Management,Local Operations,Organizer,Data Entry,Microsoft Excel,Business Operations,Inventory Management,,,,,,,,,,,,,,,,,,,,,,,,
"Business Plan
Business Writing
Executive Summary
Investor Overview
Business Analysis
Market Research",Business Plan,Business Writing,Executive Summary,Investor Overview,Business Analysis,Market Research,,,,,,,,,,,,,,,,,,,,,,,,,,
Shopify,Shopify,,,,,,,,,,,,,,,,,,,,,,,,,,,,,,,
"Report
Data Modeling
Data Cleansing",Report,Data Modeling,Data Cleansing,,,,,,,,,,,,,,,,,,,,,,,,,,,,,
"Android
JavaScript
Android App Development
Mobile App Development
iOS
Web Development
Data Entry
WordPress
Smartphone
Kotlin",Android,JavaScript,Android App Development,Mobile App Development,iOS,Web Development,Data Entry,WordPress,Smartphone,Kotlin,,,,,,,,,,,,,,,,,,,,,,
"Social Media Management
Interpersonal Skills",Social Media Management,Interpersonal Skills,,,,,,,,,,,,,,,,,,,,,,,,,,,,,,
"Engineering Design
Autodesk AutoCAD
3D Modeling
CAD",Engineering Design,Autodesk AutoCAD,3D Modeling,CAD,,,,,,,,,,,,,,,,,,,,,,,,,,,,
"Model Optimization
Machine Learning Model
Python
Machine Learning",Model Optimization,Machine Learning Model,Python,Machine Learning,,,,,,,,,,,,,,,,,,,,,,,,,,,,
"PHP
JavaScript
CakePHP",PHP,JavaScript,CakePHP,,,,,,,,,,,,,,,,,,,,,,,,,,,,,
"React
JavaScript
Node.js
ExpressJS
API
MongoDB",React,JavaScript,Node.js,ExpressJS,API,MongoDB,,,,,,,,,,,,,,,,,,,,,,,,,,
"Brand Guidelines
Graphic Design
Adobe Illustrator
Logo Design
Adobe Photoshop
Brand Identity & Guidelines
Minimalist
Illustration
Contemporary Style",Brand Guidelines,Graphic Design,Adobe Illustrator,Logo Design,Adobe Photoshop,Brand Identity & Guidelines,Minimalist,Illustration,Contemporary Style,,,,,,,,,,,,,,,,,,,,,,,
Moodle,Moodle,,,,,,,,,,,,,,,,,,,,,,,,,,,,,,,
"Graphic Design
Creative Writing
Game Design",Graphic Design,Creative Writing,Game Design,,,,,,,,,,,,,,,,,,,,,,,,,,,,,
"Website
Bug Fix
Blog
Business with 1-9 Employees
Theme Development
WordPress
Web Development",Website,Bug Fix,Blog,Business with 1-9 Employees,Theme Development,WordPress,Web Development,,,,,,,,,,,,,,,,,,,,,,,,,
"Android
JavaScript
Android App Development
Mobile App Development
iOS
Web Development
Data Entry
WordPress
Smartphone
Kotlin",Android,JavaScript,Android App Development,Mobile App Development,iOS,Web Development,Data Entry,WordPress,Smartphone,Kotlin,,,,,,,,,,,,,,,,,,,,,,
"Web Development
Firebase
Android
Mobile App Development
Smartphone
Android App Development",Web Development,Firebase,Android,Mobile App Development,Smartphone,Android App Development,,,,,,,,,,,,,,,,,,,,,,,,,,
"Lead Generation
Prospect List
Communications
List Building
Data Entry
Market Research
LinkedIn",Lead Generation,Prospect List,Communications,List Building,Data Entry,Market Research,LinkedIn,,,,,,,,,,,,,,,,,,,,,,,,,
"Data Entry
Microsoft Excel",Data Entry,Microsoft Excel,,,,,,,,,,,,,,,,,,,,,,,,,,,,,,
"Data Entry
Microsoft Excel",Data Entry,Microsoft Excel,,,,,,,,,,,,,,,,,,,,,,,,,,,,,,
"Fact-Checking
Research Papers
Academic Writing
Writing
English",Fact-Checking,Research Papers,Academic Writing,Writing,English,,,,,,,,,,,,,,,,,,,,,,,,,,,
"Blog Content
Article
SEO Writing
Search Engine Optimization
Blog Writing
Article Writing
Content Writing
Website Content
Researcher
English",Blog Content,Article,SEO Writing,Search Engine Optimization,Blog Writing,Article Writing,Content Writing,Website Content,Researcher,English,,,,,,,,,,,,,,,,,,,,,,
"Motion Graphics
Social Media Website
Animation
Adobe Illustrator
Graphic Design",Motion Graphics,Social Media Website,Animation,Adobe Illustrator,Graphic Design,,,,,,,,,,,,,,,,,,,,,,,,,,,
"Content Writing
Article
Article Writing
Creative Writing
Blog Content
Writing
Blog Writing
SEO Writing
Researcher
English",Content Writing,Article,Article Writing,Creative Writing,Blog Content,Writing,Blog Writing,SEO Writing,Researcher,English,,,,,,,,,,,,,,,,,,,,,,
"Contact Form 7
WordPress",Contact Form 7,WordPress,,,,,,,,,,,,,,,,,,,,,,,,,,,,,,
"Branding
Brand Research
Brand Consulting",Branding,Brand Research,Brand Consulting,,,,,,,,,,,,,,,,,,,,,,,,,,,,,
"PHP
Oracle Database
Web Application",PHP,Oracle Database,Web Application,,,,,,,,,,,,,,,,,,,,,,,,,,,,,
Risk Management,Risk Management,,,,,,,,,,,,,,,,,,,,,,,,,,,,,,,
"Logistics Management
Lead Generation
Demand Planning
Production Planning
Administrative Support",Logistics Management,Lead Generation,Demand Planning,Production Planning,Administrative Support,,,,,,,,,,,,,,,,,,,,,,,,,,,
"Web Application
Bot Development
JavaScript
Chatbot Development
API
Node.js
API Integration
Steam API",Web Application,Bot Development,JavaScript,Chatbot Development,API,Node.js,API Integration,Steam API,,,,,,,,,,,,,,,,,,,,,,,,
"Prototyping
Landing Page
Website Redesign
Website
Web Design
Adobe XD
Figma
Graphic Design
User Flow
Mockup",Prototyping,Landing Page,Website Redesign,Website,Web Design,Adobe XD,Figma,Graphic Design,User Flow,Mockup,,,,,,,,,,,,,,,,,,,,,,
"Graphic Design
Logo Design
Adobe Illustrator
Brand Identity & Guidelines
Adobe Photoshop",Graphic Design,Logo Design,Adobe Illustrator,Brand Identity & Guidelines,Adobe Photoshop,,,,,,,,,,,,,,,,,,,,,,,,,,,
WordPress,WordPress,,,,,,,,,,,,,,,,,,,,,,,,,,,,,,,
"Web Design
Logo Design
Web Development
Corporate Brand Identity
Graphic Design",Web Design,Logo Design,Web Development,Corporate Brand Identity,Graphic Design,,,,,,,,,,,,,,,,,,,,,,,,,,,
"Graphic Design
Motion Graphics
Video Editing
Animation",Graphic Design,Motion Graphics,Video Editing,Animation,,,,,,,,,,,,,,,,,,,,,,,,,,,,
"Digital Illustration
Illustration
Line Drawing
Drawing
Adobe Illustrator
Freestyle Drawing",Digital Illustration,Illustration,Line Drawing,Drawing,Adobe Illustrator,Freestyle Drawing,,,,,,,,,,,,,,,,,,,,,,,,,,
Google Ads,Google Ads,,,,,,,,,,,,,,,,,,,,,,,,,,,,,,,
"Android
Smartphone
Android App Development
iOS Development",Android,Smartphone,Android App Development,iOS Development,,,,,,,,,,,,,,,,,,,,,,,,,,,,
"Android
Smartphone
Android App Development
Mobile App Development",Android,Smartphone,Android App Development,Mobile App Development,,,,,,,,,,,,,,,,,,,,,,,,,,,,
"Android
Smartphone
Android App Development
Mobile App Development",Android,Smartphone,Android App Development,Mobile App Development,,,,,,,,,,,,,,,,,,,,,,,,,,,,
Wedding Photography,Wedding Photography,,,,,,,,,,,,,,,,,,,,,,,,,,,,,,,
"WordPress
Business with 1-9 Employees
Stripe",WordPress,Business with 1-9 Employees,Stripe,,,,,,,,,,,,,,,,,,,,,,,,,,,,,
"Shopify
Shopify Apps
Web Development
Web Design",Shopify,Shopify Apps,Web Development,Web Design,,,,,,,,,,,,,,,,,,,,,,,,,,,,
Google Ads,Google Ads,,,,,,,,,,,,,,,,,,,,,,,,,,,,,,,
"Content Writing
Creative Writing
Copywriting
Search Engine Optimization
Blog Writing
English
Article Writing",Content Writing,Creative Writing,Copywriting,Search Engine Optimization,Blog Writing,English,Article Writing,,,,,,,,,,,,,,,,,,,,,,,,,
"SQL
C++
Java
.NET Framework
C#",SQL,C++,Java,.NET Framework,C#,,,,,,,,,,,,,,,,,,,,,,,,,,,
"Java
IDE
NetBeans",Java,IDE,NetBeans,,,,,,,,,,,,,,,,,,,,,,,,,,,,,
"Formatting
Adobe InDesign
Ebook Design
Book
Layout Design
Editor
Publication Design",Formatting,Adobe InDesign,Ebook Design,Book,Layout Design,Editor,Publication Design,,,,,,,,,,,,,,,,,,,,,,,,,
"Lead Generation Analysis
Lead Generation Content Creation
Lead Nurturing
Lead Generation Strategy
Lead Generation
List Building
Data Entry
Communications
Prospect List",Lead Generation Analysis,Lead Generation Content Creation,Lead Nurturing,Lead Generation Strategy,Lead Generation,List Building,Data Entry,Communications,Prospect List,,,,,,,,,,,,,,,,,,,,,,,
"Lead Generation Analysis
Lead Generation Content Creation
Lead Nurturing
Lead Generation Strategy
Lead Generation
List Building
Data Entry
Communications
Prospect List",Lead Generation Analysis,Lead Generation Content Creation,Lead Nurturing,Lead Generation Strategy,Lead Generation,List Building,Data Entry,Communications,Prospect List,,,,,,,,,,,,,,,,,,,,,,,
Graphic Design,Graphic Design,,,,,,,,,,,,,,,,,,,,,,,,,,,,,,,
"Bookkeeping
Accounting
Bank Reconciliation
Xero",Bookkeeping,Accounting,Bank Reconciliation,Xero,,,,,,,,,,,,,,,,,,,,,,,,,,,,
"Recruiting
Candidate Sourcing
Candidate Evaluation
LinkedIn Recruiting",Recruiting,Candidate Sourcing,Candidate Evaluation,LinkedIn Recruiting,,,,,,,,,,,,,,,,,,,,,,,,,,,,
Data Entry,Data Entry,,,,,,,,,,,,,,,,,,,,,,,,,,,,,,,
Supply Chain & Logistics,Supply Chain & Logistics,,,,,,,,,,,,,,,,,,,,,,,,,,,,,,,
"DaVinci Resolve
Adobe Premiere Pro
Color Grading
Video Color Correction",DaVinci Resolve,Adobe Premiere Pro,Color Grading,Video Color Correction,,,,,,,,,,,,,,,,,,,,,,,,,,,,
"Report
Python
R
Econometrics",Report,Python,R,Econometrics,,,,,,,,,,,,,,,,,,,,,,,,,,,,
"YouTube Marketing
YouTube Development
Facebook
Social Media Marketing",YouTube Marketing,YouTube Development,Facebook,Social Media Marketing,,,,,,,,,,,,,,,,,,,,,,,,,,,,
"Laravel
PHP",Laravel,PHP,,,,,,,,,,,,,,,,,,,,,,,,,,,,,,
"Web Design
WordPress",Web Design,WordPress,,,,,,,,,,,,,,,,,,,,,,,,,,,,,,
"Android
Smartphone
Android App Development
iOS
iOS Development
Mobile App Development
Java
In-App Purchases
Tablet",Android,Smartphone,Android App Development,iOS,iOS Development,Mobile App Development,Java,In-App Purchases,Tablet,,,,,,,,,,,,,,,,,,,,,,,
"Plotly
Python
API
Python Script",Plotly,Python,API,Python Script,,,,,,,,,,,,,,,,,,,,,,,,,,,,
"Article Writing
Copywriting
English
Content Writing",Article Writing,Copywriting,English,Content Writing,,,,,,,,,,,,,,,,,,,,,,,,,,,,
"Facebook Advertising
Lead Generation",Facebook Advertising,Lead Generation,,,,,,,,,,,,,,,,,,,,,,,,,,,,,,
"Android
Android App Development",Android,Android App Development,,,,,,,,,,,,,,,,,,,,,,,,,,,,,,
"Quantitative Research
Qualitative Research
Consumer Research
Pricing Research
Market Analysis
Market Research
Report Writing
Market Researcher
French",Quantitative Research,Qualitative Research,Consumer Research,Pricing Research,Market Analysis,Market Research,Report Writing,Market Researcher,French,,,,,,,,,,,,,,,,,,,,,,,
"Logo Design
Graphic Design
Adobe Illustrator
Adobe Photoshop",Logo Design,Graphic Design,Adobe Illustrator,Adobe Photoshop,,,,,,,,,,,,,,,,,,,,,,,,,,,,
"Travel & Hospitality
English
Business Presentation
Microsoft PowerPoint
Sales Presentation",Travel & Hospitality,English,Business Presentation,Microsoft PowerPoint,Sales Presentation,,,,,,,,,,,,,,,,,,,,,,,,,,,
"Video Editing
Adobe Premiere Pro
Adobe After Effects
Video Post-Editing
Video Production",Video Editing,Adobe Premiere Pro,Adobe After Effects,Video Post-Editing,Video Production,,,,,,,,,,,,,,,,,,,,,,,,,,,
"Candidate Interviewing
Hiring Strategy
Internet Recruiting
IT Recruiting
Candidate Recommendation
LinkedIn Recruiting
Human Resource Management",Candidate Interviewing,Hiring Strategy,Internet Recruiting,IT Recruiting,Candidate Recommendation,LinkedIn Recruiting,Human Resource Management,,,,,,,,,,,,,,,,,,,,,,,,,
"Facebook
Social Media Marketing
Instagram
Internet Marketing
Lead Generation
Social Media Content Creation
Customer Service",Facebook,Social Media Marketing,Instagram,Internet Marketing,Lead Generation,Social Media Content Creation,Customer Service,,,,,,,,,,,,,,,,,,,,,,,,,
"Graphic Design
Adobe Illustrator
Adobe Photoshop
Cover Art Design
Logo Design
Illustration",Graphic Design,Adobe Illustrator,Adobe Photoshop,Cover Art Design,Logo Design,Illustration,,,,,,,,,,,,,,,,,,,,,,,,,,
"Facebook Advertising
Lead Generation
Facebook
Marketing Strategy
Copywriting
Content Writing
Retargeting
Media Buying
Social Media Marketing",Facebook Advertising,Lead Generation,Facebook,Marketing Strategy,Copywriting,Content Writing,Retargeting,Media Buying,Social Media Marketing,,,,,,,,,,,,,,,,,,,,,,,
"Facebook
Social Media Marketing
Instagram
Internet Marketing
Lead Generation
Social Media Content Creation
Customer Service",Facebook,Social Media Marketing,Instagram,Internet Marketing,Lead Generation,Social Media Content Creation,Customer Service,,,,,,,,,,,,,,,,,,,,,,,,,
"Google Tag Manager
Google Analytics",Google Tag Manager,Google Analytics,,,,,,,,,,,,,,,,,,,,,,,,,,,,,,
"React
MongoDB
Elasticsearch
Node.js
Web Application",React,MongoDB,Elasticsearch,Node.js,Web Application,,,,,,,,,,,,,,,,,,,,,,,,,,,
"Web Development
Web Design
PHP
Flutter Developer
Flutter
Flutter Stack",Web Development,Web Design,PHP,Flutter Developer,Flutter,Flutter Stack,,,,,,,,,,,,,,,,,,,,,,,,,,
"Ecommerce Website
Web Application
API Integration
Custom PHP
PHP Developer
SocialEngine
PHP
Web Development
Server Administration
Magento",Ecommerce Website,Web Application,API Integration,Custom PHP,PHP Developer,SocialEngine,PHP,Web Development,Server Administration,Magento,,,,,,,,,,,,,,,,,,,,,,
,,,,,,,,,,,,,,,,,,,,,,,,,,,,,,,,
"Ecommerce Website
Web Application
API Integration
Custom PHP
PHP Developer
SocialEngine
PHP
Web Development
Server Administration
Magento",Ecommerce Website,Web Application,API Integration,Custom PHP,PHP Developer,SocialEngine,PHP,Web Development,Server Administration,Magento,,,,,,,,,,,,,,,,,,,,,,
"Researcher
English
Report
Topic Research
Administrative Support",Researcher,English,Report,Topic Research,Administrative Support,,,,,,,,,,,,,,,,,,,,,,,,,,,
"Arabic
Time Management
Local Operations
Organizer
Data Entry
Microsoft Excel
Business Operations
Inventory Management",Arabic,Time Management,Local Operations,Organizer,Data Entry,Microsoft Excel,Business Operations,Inventory Management,,,,,,,,,,,,,,,,,,,,,,,,
"Business Plan
Business Writing
Executive Summary
Investor Overview
Business Analysis
Market Research",Business Plan,Business Writing,Executive Summary,Investor Overview,Business Analysis,Market Research,,,,,,,,,,,,,,,,,,,,,,,,,,
Shopify,Shopify,,,,,,,,,,,,,,,,,,,,,,,,,,,,,,,
"Report
Data Modeling
Data Cleansing",Report,Data Modeling,Data Cleansing,,,,,,,,,,,,,,,,,,,,,,,,,,,,,
"Android
JavaScript
Android App Development
Mobile App Development
iOS
Web Development
Data Entry
WordPress
Smartphone
Kotlin",Android,JavaScript,Android App Development,Mobile App Development,iOS,Web Development,Data Entry,WordPress,Smartphone,Kotlin,,,,,,,,,,,,,,,,,,,,,,
"Social Media Management
Interpersonal Skills",Social Media Management,Interpersonal Skills,,,,,,,,,,,,,,,,,,,,,,,,,,,,,,
"Engineering Design
Autodesk AutoCAD
3D Modeling
CAD",Engineering Design,Autodesk AutoCAD,3D Modeling,CAD,,,,,,,,,,,,,,,,,,,,,,,,,,,,
"Model Optimization
Machine Learning Model
Python
Machine Learning",Model Optimization,Machine Learning Model,Python,Machine Learning,,,,,,,,,,,,,,,,,,,,,,,,,,,,
"Model Optimization
Machine Learning Model
Python
Machine Learning",Model Optimization,Machine Learning Model,Python,Machine Learning,,,,,,,,,,,,,,,,,,,,,,,,,,,,
"Android
Smartphone
Java
Android App Development
Publishing",Android,Smartphone,Java,Android App Development,Publishing,,,,,,,,,,,,,,,,,,,,,,,,,,,
English,English,,,,,,,,,,,,,,,,,,,,,,,,,,,,,,,
"Accessibility
Web Content Accessibility Guidelines
Manual Testing",Accessibility,Web Content Accessibility Guidelines,Manual Testing,,,,,,,,,,,,,,,,,,,,,,,,,,,,,
"Researcher
Article
Content Writing
Article Writing
Blog Content
Proofreading
English
Writing
Academic Writing",Researcher,Article,Content Writing,Article Writing,Blog Content,Proofreading,English,Writing,Academic Writing,,,,,,,,,,,,,,,,,,,,,,,
"Job Description Writing
Candidate Interviewing
Boolean Search
Resume Screening
Recruiting Process Consulting
LinkedIn Recruiting
Candidate Evaluation
Business with 1-9 Employees",Job Description Writing,Candidate Interviewing,Boolean Search,Resume Screening,Recruiting Process Consulting,LinkedIn Recruiting,Candidate Evaluation,Business with 1-9 Employees,,,,,,,,,,,,,,,,,,,,,,,,
Business with 1-9 Employees,Business with 1-9 Employees,,,,,,,,,,,,,,,,,,,,,,,,,,,,,,,
"Amazon Web Services
Node.js
React
JavaScript
DevOps
Amazon EC2",Amazon Web Services,Node.js,React,JavaScript,DevOps,Amazon EC2,,,,,,,,,,,,,,,,,,,,,,,,,,
"Proofreading
English
Error Detection",Proofreading,English,Error Detection,,,,,,,,,,,,,,,,,,,,,,,,,,,,,
"Python
CSS
HTML
HTML5",Python,CSS,HTML,HTML5,,,,,,,,,,,,,,,,,,,,,,,,,,,,
"Ghostwriting
Creative Writing
Content Writing
English
Narrative
Ebook",Ghostwriting,Creative Writing,Content Writing,English,Narrative,Ebook,,,,,,,,,,,,,,,,,,,,,,,,,,
"Business Valuation
Financial Analysis
Company Valuation
Valuation
Financial Modeling",Business Valuation,Financial Analysis,Company Valuation,Valuation,Financial Modeling,,,,,,,,,,,,,,,,,,,,,,,,,,,
"Branding
Copywriting
Creative Writing
Content Writing",Branding,Copywriting,Creative Writing,Content Writing,,,,,,,,,,,,,,,,,,,,,,,,,,,,
"Figma
User Interface Design
User Experience Design
Responsive Design
Prototyping
Web Design
Wireframing
Mobile UI Design
Style Guide
Sketch",Figma,User Interface Design,User Experience Design,Responsive Design,Prototyping,Web Design,Wireframing,Mobile UI Design,Style Guide,Sketch,,,,,,,,,,,,,,,,,,,,,,
"Letter Writing
Education
English
Ghostwriting
Writing",Letter Writing,Education,English,Ghostwriting,Writing,,,,,,,,,,,,,,,,,,,,,,,,,,,
"JavaScript
HTML5
HTML
CSS 3
CSS
jQuery
Bootstrap",JavaScript,HTML5,HTML,CSS 3,CSS,jQuery,Bootstrap,,,,,,,,,,,,,,,,,,,,,,,,,
"SEO Backlinking
Off-Page SEO
Organic Traffic Growth
Content Writing",SEO Backlinking,Off-Page SEO,Organic Traffic Growth,Content Writing,,,,,,,,,,,,,,,,,,,,,,,,,,,,
"Drone
Videography
Video Production
Cinematography
Music Video
Video Post-Editing
Video Color Correction",Drone,Videography,Video Production,Cinematography,Music Video,Video Post-Editing,Video Color Correction,,,,,,,,,,,,,,,,,,,,,,,,,
"Adobe Photoshop
Adobe Illustrator
Adobe InDesign
Graphic Design
Banner Ad Design
Photo Editing
Social Media Imagery
Infographic
Adobe After Effects
Photo Color Correction",Adobe Photoshop,Adobe Illustrator,Adobe InDesign,Graphic Design,Banner Ad Design,Photo Editing,Social Media Imagery,Infographic,Adobe After Effects,Photo Color Correction,,,,,,,,,,,,,,,,,,,,,,
"Content Writing
Article Writing
Blog Content
Article
Blog Writing
Researcher
Search Engine Optimization
English
Writing
SEO Writing",Content Writing,Article Writing,Blog Content,Article,Blog Writing,Researcher,Search Engine Optimization,English,Writing,SEO Writing,,,,,,,,,,,,,,,,,,,,,,
"Content Writing
Article Writing
Blog Content
Article
Blog Writing
Researcher
Search Engine Optimization
English
Writing
SEO Writing",Content Writing,Article Writing,Blog Content,Article,Blog Writing,Researcher,Search Engine Optimization,English,Writing,SEO Writing,,,,,,,,,,,,,,,,,,,,,,
"Android App Development
Android
Mobile App Development
Smartphone
Android App",Android App Development,Android,Mobile App Development,Smartphone,Android App,,,,,,,,,,,,,,,,,,,,,,,,,,,
"Mathematics
English
Hindi
Science",Mathematics,English,Hindi,Science,,,,,,,,,,,,,,,,,,,,,,,,,,,,
"Blog Content
Blog Writing
Article Writing
Content Writing
English
Researcher
Article
SEO Writing
Writing
Creative Writing",Blog Content,Blog Writing,Article Writing,Content Writing,English,Researcher,Article,SEO Writing,Writing,Creative Writing,,,,,,,,,,,,,,,,,,,,,,
"API
API Integration
API Development
RESTful API
Customer Relationship Management",API,API Integration,API Development,RESTful API,Customer Relationship Management,,,,,,,,,,,,,,,,,,,,,,,,,,,
"Sales
Lead Generation
Cold Calling
Residential Design",Sales,Lead Generation,Cold Calling,Residential Design,,,,,,,,,,,,,,,,,,,,,,,,,,,,
"Blog Content
Blog Writing
Content Writing
Researcher
Article
Article Writing
Search Engine Optimization
SEO Writing
Writing
English",Blog Content,Blog Writing,Content Writing,Researcher,Article,Article Writing,Search Engine Optimization,SEO Writing,Writing,English,,,,,,,,,,,,,,,,,,,,,,
"WordPress
Web Design
Web Development",WordPress,Web Design,Web Development,,,,,,,,,,,,,,,,,,,,,,,,,,,,,
"Ghostwriting
Creative Writing
Content Writing
English
Narrative
Ebook",Ghostwriting,Creative Writing,Content Writing,English,Narrative,Ebook,,,,,,,,,,,,,,,,,,,,,,,,,,
"Career Vision Definition
Career Coaching
Job Search Strategy
LinkedIn Profile Optimization
Resume Writing
LinkedIn Development
Resume
Writing
Resume Design
Cover Letter Writing",Career Vision Definition,Career Coaching,Job Search Strategy,LinkedIn Profile Optimization,Resume Writing,LinkedIn Development,Resume,Writing,Resume Design,Cover Letter Writing,,,,,,,,,,,,,,,,,,,,,,
"Content Writing
Article Writing
Article
Writing
English
SEO Writing
Copywriting
Researcher",Content Writing,Article Writing,Article,Writing,English,SEO Writing,Copywriting,Researcher,,,,,,,,,,,,,,,,,,,,,,,,
"Stripe
Business with 1-9 Employees
WordPress
WooCommerce",Stripe,Business with 1-9 Employees,WordPress,WooCommerce,,,,,,,,,,,,,,,,,,,,,,,,,,,,
"Web Design
Graphic Design
Web Development",Web Design,Graphic Design,Web Development,,,,,,,,,,,,,,,,,,,,,,,,,,,,,
"Landing Page
Figma
Wireframing
Mockup",Landing Page,Figma,Wireframing,Mockup,,,,,,,,,,,,,,,,,,,,,,,,,,,,
"Motion Graphics
Video Editing
Adobe Premiere Pro
Video Post-Editing",Motion Graphics,Video Editing,Adobe Premiere Pro,Video Post-Editing,,,,,,,,,,,,,,,,,,,,,,,,,,,,
"English
Online Chat Support
Email Support
Phone Support
Business with 10-99 Employees
Customer Service
Order Tracking
Customer Support
Email Communication",English,Online Chat Support,Email Support,Phone Support,Business with 10-99 Employees,Customer Service,Order Tracking,Customer Support,Email Communication,,,,,,,,,,,,,,,,,,,,,,,
"Android App Development
Kotlin",Android App Development,Kotlin,,,,,,,,,,,,,,,,,,,,,,,,,,,,,,
Lisp,Lisp,,,,,,,,,,,,,,,,,,,,,,,,,,,,,,,
"Data Entry
Virtual Assistant
Administrative Support
Microsoft Word
Accuracy Verification
Researcher",Data Entry,Virtual Assistant,Administrative Support,Microsoft Word,Accuracy Verification,Researcher,,,,,,,,,,,,,,,,,,,,,,,,,,
"Smartphone
Android
Push Notifications
Android Developer
VPN",Smartphone,Android,Push Notifications,Android Developer,VPN,,,,,,,,,,,,,,,,,,,,,,,,,,,
"Google Analytics
Facebook Ads Manager
Google Ads
Campaign Setup
Facebook
Instagram
Social Media Marketing
Social Media Management
Facebook Advertising
Social Media Content",Google Analytics,Facebook Ads Manager,Google Ads,Campaign Setup,Facebook,Instagram,Social Media Marketing,Social Media Management,Facebook Advertising,Social Media Content,,,,,,,,,,,,,,,,,,,,,,
"Content Writing
English
About Us Page
Copywriting
Researcher
Writing
Business Services
Creative Writing
Finance & Accounting
Article Writing",Content Writing,English,About Us Page,Copywriting,Researcher,Writing,Business Services,Creative Writing,Finance & Accounting,Article Writing,,,,,,,,,,,,,,,,,,,,,,
"Executive Support
Administrative Assistant
Virtual Assistant
Virtual Assistance
Customer Service
English",Executive Support,Administrative Assistant,Virtual Assistant,Virtual Assistance,Customer Service,English,,,,,,,,,,,,,,,,,,,,,,,,,,
VPN,VPN,,,,,,,,,,,,,,,,,,,,,,,,,,,,,,,
"Retail & Consumer Goods
Fashion & Beauty
Mobile Advertising
Social Media Carousel
Video Advertising
Facebook Ads Manager
Snapchat Ads Manager
Snapchat
Instagram
TikTok",Retail & Consumer Goods,Fashion & Beauty,Mobile Advertising,Social Media Carousel,Video Advertising,Facebook Ads Manager,Snapchat Ads Manager,Snapchat,Instagram,TikTok,,,,,,,,,,,,,,,,,,,,,,
"Kotlin
SQLite
Android
Android App Development",Kotlin,SQLite,Android,Android App Development,,,,,,,,,,,,,,,,,,,,,,,,,,,,
"WordPress
Web Development
Web Design
HTML
JavaScript
PHP
HTML5
Squarespace
Shopify
Wix
CSS
Website
GoDaddy
Graphic Design
phpMyAdmin",WordPress,Web Development,Web Design,HTML,JavaScript,PHP,HTML5,Squarespace,Shopify,Wix,CSS,Website,GoDaddy,Graphic Design,phpMyAdmin,,,,,,,,,,,,,,,,,
"Android App Development
Android
Mobile App Development
Android Studio",Android App Development,Android,Mobile App Development,Android Studio,,,,,,,,,,,,,,,,,,,,,,,,,,,,
"PDF
PDF Conversion
Data Entry
Adobe Acrobat",PDF,PDF Conversion,Data Entry,Adobe Acrobat,,,,,,,,,,,,,,,,,,,,,,,,,,,,
"Proofreading
Native
Fluent
Website Translation
Chinese
English
Translation
Chinese to English Translation
Product Documentation",Proofreading,Native,Fluent,Website Translation,Chinese,English,Translation,Chinese to English Translation,Product Documentation,,,,,,,,,,,,,,,,,,,,,,,
"Proofreading
Native
Fluent
Website Translation
Chinese
English
Translation
Chinese to English Translation
Product Documentation",Proofreading,Native,Fluent,Website Translation,Chinese,English,Translation,Chinese to English Translation,Product Documentation,,,,,,,,,,,,,,,,,,,,,,,
"Social Media Marketing
Social Media Imagery
Graphic Design
Adobe Photoshop
Instagram
LinkedIn
Facebook
Pinterest",Social Media Marketing,Social Media Imagery,Graphic Design,Adobe Photoshop,Instagram,LinkedIn,Facebook,Pinterest,,,,,,,,,,,,,,,,,,,,,,,,
"Content Writing
Writing
Article Writing
Blog Content
Ghostwriting
Article
Proofreading
English
Editor",Content Writing,Writing,Article Writing,Blog Content,Ghostwriting,Article,Proofreading,English,Editor,,,,,,,,,,,,,,,,,,,,,,,
"English
Audio Recording
Artificial Intelligence
Machine Learning",English,Audio Recording,Artificial Intelligence,Machine Learning,,,,,,,,,,,,,,,,,,,,,,,,,,,,
"API
Python
Amazon Advertising Console",API,Python,Amazon Advertising Console,,,,,,,,,,,,,,,,,,,,,,,,,,,,,
"PHP Developer
MySQL
Business with 1-9 Employees
Android App Development
Java
Android",PHP Developer,MySQL,Business with 1-9 Employees,Android App Development,Java,Android,,,,,,,,,,,,,,,,,,,,,,,,,,
"Video Editing
Music Video
Videography
Graphic Design
Video Production
Adobe Premiere Pro
Adobe Photoshop
Video Post-Editing
Adobe After Effects
Screencasting Video",Video Editing,Music Video,Videography,Graphic Design,Video Production,Adobe Premiere Pro,Adobe Photoshop,Video Post-Editing,Adobe After Effects,Screencasting Video,,,,,,,,,,,,,,,,,,,,,,
"API Integration
Microsoft Word
Microsoft Dynamics ERP
Microsoft Dynamics Development",API Integration,Microsoft Word,Microsoft Dynamics ERP,Microsoft Dynamics Development,,,,,,,,,,,,,,,,,,,,,,,,,,,,
Norwegian,Norwegian,,,,,,,,,,,,,,,,,,,,,,,,,,,,,,,
"Music Arrangement
Music Composition",Music Arrangement,Music Composition,,,,,,,,,,,,,,,,,,,,,,,,,,,,,,
"eBay Listing
Dropshipping
eBay Marketing
Data Entry
Virtual Assistant
Inventory Management
Search Engine Optimization
eBay",eBay Listing,Dropshipping,eBay Marketing,Data Entry,Virtual Assistant,Inventory Management,Search Engine Optimization,eBay,,,,,,,,,,,,,,,,,,,,,,,,
"Copywriting
Lead Generation
Content Writing
B2B Marketing
Ad Copy
LinkedIn",Copywriting,Lead Generation,Content Writing,B2B Marketing,Ad Copy,LinkedIn,,,,,,,,,,,,,,,,,,,,,,,,,,
"Network Security
Network Administration
VPN
Firewall
Intrusion Prevention System
System Hardening",Network Security,Network Administration,VPN,Firewall,Intrusion Prevention System,System Hardening,,,,,,,,,,,,,,,,,,,,,,,,,,
"Market Research Interview
Tetum
Data Entry
Market Research
Translation
Researcher
Microsoft Excel
Market Analysis
Graphic Design
Data Analysis",Market Research Interview,Tetum,Data Entry,Market Research,Translation,Researcher,Microsoft Excel,Market Analysis,Graphic Design,Data Analysis,,,,,,,,,,,,,,,,,,,,,,
"English
Translation
German to English Translation
German",English,Translation,German to English Translation,German,,,,,,,,,,,,,,,,,,,,,,,,,,,,
"API
API Development
API Integration
Web Development
JavaScript
WordPress
CSS
RESTful API",API,API Development,API Integration,Web Development,JavaScript,WordPress,CSS,RESTful API,,,,,,,,,,,,,,,,,,,,,,,,
"Microsoft Azure
System Administration
IT Infrastructure",Microsoft Azure,System Administration,IT Infrastructure,,,,,,,,,,,,,,,,,,,,,,,,,,,,,
"Content Writing
Essay Writing
English",Content Writing,Essay Writing,English,,,,,,,,,,,,,,,,,,,,,,,,,,,,,
C++,C++,,,,,,,,,,,,,,,,,,,,,,,,,,,,,,,
,,,,,,,,,,,,,,,,,,,,,,,,,,,,,,,,
"Content Writing
Essay Writing
English",Content Writing,Essay Writing,English,,,,,,,,,,,,,,,,,,,,,,,,,,,,,
C++,C++,,,,,,,,,,,,,,,,,,,,,,,,,,,,,,,
"Social Media Marketing
Facebook
Marketing Strategy
Instagram
Search Engine Optimization
Internet Marketing
Social Media Management
SEO Keyword Research
Google Ads
Google Analytics",Social Media Marketing,Facebook,Marketing Strategy,Instagram,Search Engine Optimization,Internet Marketing,Social Media Management,SEO Keyword Research,Google Ads,Google Analytics,,,,,,,,,,,,,,,,,,,,,,
"Content Writing
Creative Writing
Writing
Copywriting
Article Writing
English
Social Media Content",Content Writing,Creative Writing,Writing,Copywriting,Article Writing,English,Social Media Content,,,,,,,,,,,,,,,,,,,,,,,,,
Pitchbook,Pitchbook,,,,,,,,,,,,,,,,,,,,,,,,,,,,,,,
"iOS
Objective-C
iOS Development",iOS,Objective-C,iOS Development,,,,,,,,,,,,,,,,,,,,,,,,,,,,,
"API Testing
Jira
Software QA
Mobile App Testing
Functional Testing
Software Testing
Web Testing
Automated Testing",API Testing,Jira,Software QA,Mobile App Testing,Functional Testing,Software Testing,Web Testing,Automated Testing,,,,,,,,,,,,,,,,,,,,,,,,
"Marketing Strategy
Social Media Marketing
Internet Marketing
Social Media Content Creation
Social Media Imagery",Marketing Strategy,Social Media Marketing,Internet Marketing,Social Media Content Creation,Social Media Imagery,,,,,,,,,,,,,,,,,,,,,,,,,,,
"Internet Marketing
Google Ads
Google AdSense
Social Media Advertising",Internet Marketing,Google Ads,Google AdSense,Social Media Advertising,,,,,,,,,,,,,,,,,,,,,,,,,,,,
"MetaTrader 5
Python
MQL 5",MetaTrader 5,Python,MQL 5,,,,,,,,,,,,,,,,,,,,,,,,,,,,,
"Social Media Advertising
Google Ads
Sales Funnel Copywriting
Website Copywriting
Sales Copywriting",Social Media Advertising,Google Ads,Sales Funnel Copywriting,Website Copywriting,Sales Copywriting,,,,,,,,,,,,,,,,,,,,,,,,,,,
"Salesforce CRM
Salesforce Lightning
Salesforce Marketing Cloud
Customer Relationship Management",Salesforce CRM,Salesforce Lightning,Salesforce Marketing Cloud,Customer Relationship Management,,,,,,,,,,,,,,,,,,,,,,,,,,,,
"API Integration
WordPress
JavaScript
PHP
API
Web Development",API Integration,WordPress,JavaScript,PHP,API,Web Development,,,,,,,,,,,,,,,,,,,,,,,,,,
"Web Application
Amazon Seller Central
Web Development
Amazon
Amazon FBA
API Integration",Web Application,Amazon Seller Central,Web Development,Amazon,Amazon FBA,API Integration,,,,,,,,,,,,,,,,,,,,,,,,,,
"Event Planning
Draft Correspondence
Ecommerce",Event Planning,Draft Correspondence,Ecommerce,,,,,,,,,,,,,,,,,,,,,,,,,,,,,
Google Merchant Center,Google Merchant Center,,,,,,,,,,,,,,,,,,,,,,,,,,,,,,,
"Web Development
Web Design
HTML
CSS
PHP",Web Development,Web Design,HTML,CSS,PHP,,,,,,,,,,,,,,,,,,,,,,,,,,,
"Typing
Microsoft Word
Microsoft Excel
Database
Data Entry",Typing,Microsoft Word,Microsoft Excel,Database,Data Entry,,,,,,,,,,,,,,,,,,,,,,,,,,,
"Native
Audiovisual Translation
Researcher
German
English
Ghostwriting
German Sign Language",Native,Audiovisual Translation,Researcher,German,English,Ghostwriting,German Sign Language,,,,,,,,,,,,,,,,,,,,,,,,,
"Autodesk Maya
3D Animation
Animation
VFX Animation
Maxon Cinema 4D",Autodesk Maya,3D Animation,Animation,VFX Animation,Maxon Cinema 4D,,,,,,,,,,,,,,,,,,,,,,,,,,,
"AppSheet Developer
Smartphone
Tablet
Android
iOS
In-App Purchases
Firebase
AppSheet",AppSheet Developer,Smartphone,Tablet,Android,iOS,In-App Purchases,Firebase,AppSheet,,,,,,,,,,,,,,,,,,,,,,,,
"Graphic Design
Social Media Marketing
Marketing Strategy
SMS",Graphic Design,Social Media Marketing,Marketing Strategy,SMS,,,,,,,,,,,,,,,,,,,,,,,,,,,,
Lead Generation,Lead Generation,,,,,,,,,,,,,,,,,,,,,,,,,,,,,,,
"Social Media Management
Social Media Marketing
Facebook
Social Media Content Creation
Social Media Content
Instagram",Social Media Management,Social Media Marketing,Facebook,Social Media Content Creation,Social Media Content,Instagram,,,,,,,,,,,,,,,,,,,,,,,,,,
"Character Design
3D Rigging
Motion Graphics
3D Animation
Adobe After Effects
Video Production
Whiteboard Animation
Graphic Design
Illustration
Video Editing",Character Design,3D Rigging,Motion Graphics,3D Animation,Adobe After Effects,Video Production,Whiteboard Animation,Graphic Design,Illustration,Video Editing,,,,,,,,,,,,,,,,,,,,,,
"JavaScript
jQuery
HTML
HTML5
CSS
CSS 3",JavaScript,jQuery,HTML,HTML5,CSS,CSS 3,,,,,,,,,,,,,,,,,,,,,,,,,,
"Web Design
Web Development",Web Design,Web Development,,,,,,,,,,,,,,,,,,,,,,,,,,,,,,
"Electrical Engineering
Electronics
Microcontroller Programming
Circuit Design",Electrical Engineering,Electronics,Microcontroller Programming,Circuit Design,,,,,,,,,,,,,,,,,,,,,,,,,,,,
"Android
JavaScript
Android App Development
Mobile App Development
iOS
Web Development
Data Entry
WordPress
Smartphone
Kotlin",Android,JavaScript,Android App Development,Mobile App Development,iOS,Web Development,Data Entry,WordPress,Smartphone,Kotlin,,,,,,,,,,,,,,,,,,,,,,
"HTML
WordPress
CorelDRAW
JavaScript",HTML,WordPress,CorelDRAW,JavaScript,,,,,,,,,,,,,,,,,,,,,,,,,,,,
"Android
iOS
Mobile App Development
Android App Development
Java
Swift
Mobile UI Design",Android,iOS,Mobile App Development,Android App Development,Java,Swift,Mobile UI Design,,,,,,,,,,,,,,,,,,,,,,,,,
"PHP
Theme Development
WordPress Plugin
Plugin Customization
WordPress
Elementor
PHP Developer
Plugin Development
Web Development
PHP Script",PHP,Theme Development,WordPress Plugin,Plugin Customization,WordPress,Elementor,PHP Developer,Plugin Development,Web Development,PHP Script,,,,,,,,,,,,,,,,,,,,,,
"English
Chinese
Freshdesk
Virtual Assistant
Shopify
Email Communication
Administrative Support
Customer Service
Order Management",English,Chinese,Freshdesk,Virtual Assistant,Shopify,Email Communication,Administrative Support,Customer Service,Order Management,,,,,,,,,,,,,,,,,,,,,,,
"Lead Generation
Sales Development
Fashion & Beauty
LinkedIn Sales Navigator
Business with 1-9 Employees
Startup Company
State-Owned Enterprise
Sales
Cold Calling",Lead Generation,Sales Development,Fashion & Beauty,LinkedIn Sales Navigator,Business with 1-9 Employees,Startup Company,State-Owned Enterprise,Sales,Cold Calling,,,,,,,,,,,,,,,,,,,,,,,
"C++
Android
Embedded System
Smartphone
Firmware",C++,Android,Embedded System,Smartphone,Firmware,,,,,,,,,,,,,,,,,,,,,,,,,,,
"Proposal Writing
Arabic
Sales & Marketing
English
Business Proposal",Proposal Writing,Arabic,Sales & Marketing,English,Business Proposal,,,,,,,,,,,,,,,,,,,,,,,,,,,
"Content Distribution & Promotion
Content Marketing
Conversion Rate Optimization
Landing Page Design",Content Distribution & Promotion,Content Marketing,Conversion Rate Optimization,Landing Page Design,,,,,,,,,,,,,,,,,,,,,,,,,,,,
"Shopify
Shopify Templates
Shopify Theme
Web Development
Shopify Apps",Shopify,Shopify Templates,Shopify Theme,Web Development,Shopify Apps,,,,,,,,,,,,,,,,,,,,,,,,,,,
"WordPress
PHP
Web Development
CSS
HTML
JavaScript
Web Design
WordPress Development
WordPress Plugin
MySQL
WordPress Theme
XD
Figma",WordPress,PHP,Web Development,CSS,HTML,JavaScript,Web Design,WordPress Development,WordPress Plugin,MySQL,WordPress Theme,XD,Figma,,,,,,,,,,,,,,,,,,,
"Recruiting
Videography
Candidate Sourcing",Recruiting,Videography,Candidate Sourcing,,,,,,,,,,,,,,,,,,,,,,,,,,,,,
"DigitalOcean
Docker
DevOps
Node.js",DigitalOcean,Docker,DevOps,Node.js,,,,,,,,,,,,,,,,,,,,,,,,,,,,
"JavaFX
JDBC",JavaFX,JDBC,,,,,,,,,,,,,,,,,,,,,,,,,,,,,,
"LinkedIn Development
LinkedIn Profile Creation",LinkedIn Development,LinkedIn Profile Creation,,,,,,,,,,,,,,,,,,,,,,,,,,,,,,
"Crypto Marketing
Crypto Wallet",Crypto Marketing,Crypto Wallet,,,,,,,,,,,,,,,,,,,,,,,,,,,,,,
"Microsoft Windows
.NET Framework
Objective-C
Java
C++
Visual Basic
C#
Microsoft Visual Studio
Microsoft Visual C++",Microsoft Windows,.NET Framework,Objective-C,Java,C++,Visual Basic,C#,Microsoft Visual Studio,Microsoft Visual C++,,,,,,,,,,,,,,,,,,,,,,,
"Accounting
Mathematics
Financial Analysis
Financial Accounting
Financial Modeling",Accounting,Mathematics,Financial Analysis,Financial Accounting,Financial Modeling,,,,,,,,,,,,,,,,,,,,,,,,,,,
"Adobe Experience Manager
Adobe Campaign",Adobe Experience Manager,Adobe Campaign,,,,,,,,,,,,,,,,,,,,,,,,,,,,,,
"Male
Voice Acting
Voice-Over
Narration
YouTube
Hindi",Male,Voice Acting,Voice-Over,Narration,YouTube,Hindi,,,,,,,,,,,,,,,,,,,,,,,,,,
"Forex Trading
Bot Development
MetaTrader 4",Forex Trading,Bot Development,MetaTrader 4,,,,,,,,,,,,,,,,,,,,,,,,,,,,,
"Shopify
Shopify Templates
Shopify Theme",Shopify,Shopify Templates,Shopify Theme,,,,,,,,,,,,,,,,,,,,,,,,,,,,,
"SEO Keyword Research
SEO Backlinking
Search Engine Optimization",SEO Keyword Research,SEO Backlinking,Search Engine Optimization,,,,,,,,,,,,,,,,,,,,,,,,,,,,,
"Media & Entertainment
Art & Design
Creative Writing
Social Media Marketing
Social Media Management
Content Creation
Marketing Strategy
Blog Writing
Copywriting",Media & Entertainment,Art & Design,Creative Writing,Social Media Marketing,Social Media Management,Content Creation,Marketing Strategy,Blog Writing,Copywriting,,,,,,,,,,,,,,,,,,,,,,,
"Business Translation
Translation
Russian to English Translation
English to Russian Translation
Kazakh
Russian
English",Business Translation,Translation,Russian to English Translation,English to Russian Translation,Kazakh,Russian,English,,,,,,,,,,,,,,,,,,,,,,,,,
Instagram,Instagram,,,,,,,,,,,,,,,,,,,,,,,,,,,,,,,
"Web Design
JavaScript
Web Development
CSS
API",Web Design,JavaScript,Web Development,CSS,API,,,,,,,,,,,,,,,,,,,,,,,,,,,
"SEO Backlinking
Off-Page SEO",SEO Backlinking,Off-Page SEO,,,,,,,,,,,,,,,,,,,,,,,,,,,,,,
"Social Media Management
Social Media Marketing
Retargeting
Facebook
Instagram
Internet Marketing
Facebook Advertising
Marketing Strategy
Digital Marketing",Social Media Management,Social Media Marketing,Retargeting,Facebook,Instagram,Internet Marketing,Facebook Advertising,Marketing Strategy,Digital Marketing,,,,,,,,,,,,,,,,,,,,,,,
"Virtual Reality
Action
Game Design
Game Development
C#
Unity
Unreal Engine",Virtual Reality,Action,Game Design,Game Development,C#,Unity,Unreal Engine,,,,,,,,,,,,,,,,,,,,,,,,,
"Typing
Data Entry
Microsoft Word
PDF Conversion
Microsoft Excel
Copywriting
PDF
Virtual Assistance",Typing,Data Entry,Microsoft Word,PDF Conversion,Microsoft Excel,Copywriting,PDF,Virtual Assistance,,,,,,,,,,,,,,,,,,,,,,,,
"Next.js
TypeScript
React",Next.js,TypeScript,React,,,,,,,,,,,,,,,,,,,,,,,,,,,,,
"Microsoft Excel
Data Analysis",Microsoft Excel,Data Analysis,,,,,,,,,,,,,,,,,,,,,,,,,,,,,,
Hebrew,Hebrew,,,,,,,,,,,,,,,,,,,,,,,,,,,,,,,
"Game Development
Unreal Engine
Unity
3D Game Art
Virtual Reality",Game Development,Unreal Engine,Unity,3D Game Art,Virtual Reality,,,,,,,,,,,,,,,,,,,,,,,,,,,
"Business with 1-9 Employees
Marketing Strategy
Market Analysis
Pricing Strategy Consulting",Business with 1-9 Employees,Marketing Strategy,Market Analysis,Pricing Strategy Consulting,,,,,,,,,,,,,,,,,,,,,,,,,,,,
"Technical Support
Information Security
Local SEO
Instagram
Instagram Plugin
Digital Marketing
Facebook Plugin
Information Security Awareness
Social Media Content Creation
Social Media Marketing
Accounting
Social Media Management",Technical Support,Information Security,Local SEO,Instagram,Instagram Plugin,Digital Marketing,Facebook Plugin,Information Security Awareness,Social Media Content Creation,Social Media Marketing,Accounting,Social Media Management,,,,,,,,,,,,,,,,,,,,
"Android
Mobile App Development
Android App Development
Java",Android,Mobile App Development,Android App Development,Java,,,,,,,,,,,,,,,,,,,,,,,,,,,,
"Microsoft Windows
.NET Framework
Git
Microsoft Visual Studio
C#
Desktop Application",Microsoft Windows,.NET Framework,Git,Microsoft Visual Studio,C#,Desktop Application,,,,,,,,,,,,,,,,,,,,,,,,,,
"CodeIgniter
phpMyAdmin
HTML
JavaScript
PHP
Web Development",CodeIgniter,phpMyAdmin,HTML,JavaScript,PHP,Web Development,,,,,,,,,,,,,,,,,,,,,,,,,,
"Product Listings
Shopify
Shopify Templates",Product Listings,Shopify,Shopify Templates,,,,,,,,,,,,,,,,,,,,,,,,,,,,,
"Market Research
Business Plan
Business Analysis
Researcher
Business Development",Market Research,Business Plan,Business Analysis,Researcher,Business Development,,,,,,,,,,,,,,,,,,,,,,,,,,,
"Autodesk 3ds Max
Blender
V-Ray
Lumion
Unreal Engine
3D Modeling
3D Rendering
Autodesk Maya
SketchUp
Photorealistic Rendering",Autodesk 3ds Max,Blender,V-Ray,Lumion,Unreal Engine,3D Modeling,3D Rendering,Autodesk Maya,SketchUp,Photorealistic Rendering,,,,,,,,,,,,,,,,,,,,,,
Enterprise Architecture,Enterprise Architecture,,,,,,,,,,,,,,,,,,,,,,,,,,,,,,,
"Data Entry
Microsoft Excel
Translation
WordPress
Smartphone",Data Entry,Microsoft Excel,Translation,WordPress,Smartphone,,,,,,,,,,,,,,,,,,,,,,,,,,,
"Accounting
Lead Generation
Marketing Strategy
Social Media Marketing",Accounting,Lead Generation,Marketing Strategy,Social Media Marketing,,,,,,,,,,,,,,,,,,,,,,,,,,,,
"Node.js
JavaScript
TypeScript
Angular
AngularJS
HTML
SCSS
PostgreSQL
NodeJS Framework",Node.js,JavaScript,TypeScript,Angular,AngularJS,HTML,SCSS,PostgreSQL,NodeJS Framework,,,,,,,,,,,,,,,,,,,,,,,
"Voice Acting
Voice-Over
Audio Production
Audio Recording
Audio Editing
Translation
Finnish
English to Finnish Translation",Voice Acting,Voice-Over,Audio Production,Audio Recording,Audio Editing,Translation,Finnish,English to Finnish Translation,,,,,,,,,,,,,,,,,,,,,,,,
"Jenkins
Business with 1000+ Employees
Chef Programming Language
Deployment Automation",Jenkins,Business with 1000+ Employees,Chef Programming Language,Deployment Automation,,,,,,,,,,,,,,,,,,,,,,,,,,,,
"Videography
Film & Video
Video Production",Videography,Film & Video,Video Production,,,,,,,,,,,,,,,,,,,,,,,,,,,,,
"Landscape Design
Architectural Rendering
Architectural Design
Adobe Photoshop",Landscape Design,Architectural Rendering,Architectural Design,Adobe Photoshop,,,,,,,,,,,,,,,,,,,,,,,,,,,,
"Shona
General Transcription
Zimbabwe Sign Language
Zimbra Administration",Shona,General Transcription,Zimbabwe Sign Language,Zimbra Administration,,,,,,,,,,,,,,,,,,,,,,,,,,,,
"Shona
General Transcription
Zimbabwe Sign Language
Zimbra Administration",Shona,General Transcription,Zimbabwe Sign Language,Zimbra Administration,,,,,,,,,,,,,,,,,,,,,,,,,,,,
"Web Design
HTML
CSS
PHP
Web Development",Web Design,HTML,CSS,PHP,Web Development,,,,,,,,,,,,,,,,,,,,,,,,,,,
"Startup Company
Recruiting
Candidate Sourcing
Human Resource Management
Technical Recruiter
Candidate Evaluation
Interpersonal Skills
Candidate Interviewing
Candidate Recommendation
Upwork",Startup Company,Recruiting,Candidate Sourcing,Human Resource Management,Technical Recruiter,Candidate Evaluation,Interpersonal Skills,Candidate Interviewing,Candidate Recommendation,Upwork,,,,,,,,,,,,,,,,,,,,,,
"Lead Generation
List Building
Outbound Sales
Sales
Market Research",Lead Generation,List Building,Outbound Sales,Sales,Market Research,,,,,,,,,,,,,,,,,,,,,,,,,,,
"List Building
Prospect List
Lead Generation
Data Scraping
Market Research
Data Mining
Researcher",List Building,Prospect List,Lead Generation,Data Scraping,Market Research,Data Mining,Researcher,,,,,,,,,,,,,,,,,,,,,,,,,
"SSL
SSL Certificate
ASP.NET Core
Cloudflare",SSL,SSL Certificate,ASP.NET Core,Cloudflare,,,,,,,,,,,,,,,,,,,,,,,,,,,,
"Landing Page
Web Design
Web Development
WordPress
Adobe Photoshop
WordPress Development",Landing Page,Web Design,Web Development,WordPress,Adobe Photoshop,WordPress Development,,,,,,,,,,,,,,,,,,,,,,,,,,
"Lead Generation
LinkedIn
LinkedIn Development
Market Research",Lead Generation,LinkedIn,LinkedIn Development,Market Research,,,,,,,,,,,,,,,,,,,,,,,,,,,,
"Typing
Data Entry
Microsoft Word
PDF Conversion
Microsoft Excel
Copywriting
PDF
Virtual Assistance",Typing,Data Entry,Microsoft Word,PDF Conversion,Microsoft Excel,Copywriting,PDF,Virtual Assistance,,,,,,,,,,,,,,,,,,,,,,,,
,,,,,,,,,,,,,,,,,,,,,,,,,,,,,,,,
"On-Page SEO
Off-Page SEO
Technical SEO
Content SEO
Competitive Analysis
SEO Audit
SEO Keyword Research
SEO Performance
Search Engine Optimization
WordPress",On-Page SEO,Off-Page SEO,Technical SEO,Content SEO,Competitive Analysis,SEO Audit,SEO Keyword Research,SEO Performance,Search Engine Optimization,WordPress,,,,,,,,,,,,,,,,,,,,,,
"Marketing Strategy
Social Media Marketing
Market Research
Brand Marketing
Advertising Strategy
Marketing Communications",Marketing Strategy,Social Media Marketing,Market Research,Brand Marketing,Advertising Strategy,Marketing Communications,,,,,,,,,,,,,,,,,,,,,,,,,,
"Business with 1000+ Employees
Web Development
Web Design",Business with 1000+ Employees,Web Development,Web Design,,,,,,,,,,,,,,,,,,,,,,,,,,,,,
"Theme Customization
Theme Development
Responsive Design
PHP
Magento
Web Development
Magento 2
HTML5
MySQL
JavaScript",Theme Customization,Theme Development,Responsive Design,PHP,Magento,Web Development,Magento 2,HTML5,MySQL,JavaScript,,,,,,,,,,,,,,,,,,,,,,
"API
Node.js",API,Node.js,,,,,,,,,,,,,,,,,,,,,,,,,,,,,,
"Node.js
TypeScript
React
RESTful API
ExpressJS
Blockchain Development
Solidity
JavaScript
API
Ethereum",Node.js,TypeScript,React,RESTful API,ExpressJS,Blockchain Development,Solidity,JavaScript,API,Ethereum,,,,,,,,,,,,,,,,,,,,,,
"Competitive Analysis
Fashion & Beauty
Yoast SEO
SEO Backlinking
WordPress
Search Engine Optimization
On-Page SEO
SEO Audit
Off-Page SEO
Organic Traffic Growth",Competitive Analysis,Fashion & Beauty,Yoast SEO,SEO Backlinking,WordPress,Search Engine Optimization,On-Page SEO,SEO Audit,Off-Page SEO,Organic Traffic Growth,,,,,,,,,,,,,,,,,,,,,,
"Business Plan
Executive Summary
Investor Overview
Financial Analysis & Valuation
Market Analysis
Tech & IT
Financial Modeling",Business Plan,Executive Summary,Investor Overview,Financial Analysis & Valuation,Market Analysis,Tech & IT,Financial Modeling,,,,,,,,,,,,,,,,,,,,,,,,,
"Critical Thinking Skills
Content Writing
Article Writing
Data Mining
Tech & IT
Administrative Support
SAP Programming
English
Lead Generation",Critical Thinking Skills,Content Writing,Article Writing,Data Mining,Tech & IT,Administrative Support,SAP Programming,English,Lead Generation,,,,,,,,,,,,,,,,,,,,,,,
WordPress,WordPress,,,,,,,,,,,,,,,,,,,,,,,,,,,,,,,
"Intellectual Property Law
Legal Writing
Legal",Intellectual Property Law,Legal Writing,Legal,,,,,,,,,,,,,,,,,,,,,,,,,,,,,
"GSLIDES
Financial Presentation
Google Slides
Presentation Design
Business Presentation
Marketing Presentation",GSLIDES,Financial Presentation,Google Slides,Presentation Design,Business Presentation,Marketing Presentation,,,,,,,,,,,,,,,,,,,,,,,,,,
"Sales
Cold Calling
B2B Marketing
Business Development
Email Marketing
Lead Generation",Sales,Cold Calling,B2B Marketing,Business Development,Email Marketing,Lead Generation,,,,,,,,,,,,,,,,,,,,,,,,,,
Male,Male,,,,,,,,,,,,,,,,,,,,,,,,,,,,,,,
"Driver Development
PCB Design
Telecommunications Engineering
Architectural Design",Driver Development,PCB Design,Telecommunications Engineering,Architectural Design,,,,,,,,,,,,,,,,,,,,,,,,,,,,
"3D Animation
3D Rendering
3D Modeling
Animated Environment
Animation",3D Animation,3D Rendering,3D Modeling,Animated Environment,Animation,,,,,,,,,,,,,,,,,,,,,,,,,,,
"Packaging Design
Graphic Design
Label & Package Design
Adobe Photoshop
Covers & Packaging",Packaging Design,Graphic Design,Label & Package Design,Adobe Photoshop,Covers & Packaging,,,,,,,,,,,,,,,,,,,,,,,,,,,
"Product Management
Product Development
Product Strategy
UX & UI
Agile Project Management
Product Design
User Experience Design
Web Design
User Interface Design
Product Concept",Product Management,Product Development,Product Strategy,UX & UI,Agile Project Management,Product Design,User Experience Design,Web Design,User Interface Design,Product Concept,,,,,,,,,,,,,,,,,,,,,,
"Video Editing
Motion Graphics
Video Post-Editing
Audio Editing",Video Editing,Motion Graphics,Video Post-Editing,Audio Editing,,,,,,,,,,,,,,,,,,,,,,,,,,,,
"Video Production
Audio Editing
Video Editing
Explainer Video
Screencasting Video
Voice Acting",Video Production,Audio Editing,Video Editing,Explainer Video,Screencasting Video,Voice Acting,,,,,,,,,,,,,,,,,,,,,,,,,,
"Python
Cryptocurrency",Python,Cryptocurrency,,,,,,,,,,,,,,,,,,,,,,,,,,,,,,
"Typing
Data Entry
Microsoft Word
PDF Conversion
Microsoft Excel
Copywriting
PDF
Virtual Assistance",Typing,Data Entry,Microsoft Word,PDF Conversion,Microsoft Excel,Copywriting,PDF,Virtual Assistance,,,,,,,,,,,,,,,,,,,,,,,,
"On-Page SEO
Off-Page SEO
Technical SEO
Content SEO
SEO Performance
SEO Audit
SEO Setup & Configuration
SEO Keyword Research
Search Engine Optimization
WordPress",On-Page SEO,Off-Page SEO,Technical SEO,Content SEO,SEO Performance,SEO Audit,SEO Setup & Configuration,SEO Keyword Research,Search Engine Optimization,WordPress,,,,,,,,,,,,,,,,,,,,,,
"Artificial Intelligence
Deep Learning
Machine Learning",Artificial Intelligence,Deep Learning,Machine Learning,,,,,,,,,,,,,,,,,,,,,,,,,,,,,
"Amazon Webstore
Amazon FBA
Dropshipping
Market Research",Amazon Webstore,Amazon FBA,Dropshipping,Market Research,,,,,,,,,,,,,,,,,,,,,,,,,,,,
"MySQL
Business with 1-9 Employees
JavaScript
API
HTML
MySQL Programming
API Development",MySQL,Business with 1-9 Employees,JavaScript,API,HTML,MySQL Programming,API Development,,,,,,,,,,,,,,,,,,,,,,,,,
System Analysis,System Analysis,,,,,,,,,,,,,,,,,,,,,,,,,,,,,,,
"Logo Design
Graphic Design
Adobe Illustrator
Corporate Brand Identity",Logo Design,Graphic Design,Adobe Illustrator,Corporate Brand Identity,,,,,,,,,,,,,,,,,,,,,,,,,,,,
"Amazon
SEO Competitor Analysis
Amazon PPC
Amazon FBA
Amazon Seller Central",Amazon,SEO Competitor Analysis,Amazon PPC,Amazon FBA,Amazon Seller Central,,,,,,,,,,,,,,,,,,,,,,,,,,,
"API Integration
Dashboard
JavaScript
Python
JSON
C++
Software Developer
Interface Builder",API Integration,Dashboard,JavaScript,Python,JSON,C++,Software Developer,Interface Builder,,,,,,,,,,,,,,,,,,,,,,,,
"SEO Backlinking
Search Engine Optimization
Article Writing
Blog Writing
SEO Writing
SEO Keyword Research",SEO Backlinking,Search Engine Optimization,Article Writing,Blog Writing,SEO Writing,SEO Keyword Research,,,,,,,,,,,,,,,,,,,,,,,,,,
"TikTok
Instagram
Video Editing
Video Production",TikTok,Instagram,Video Editing,Video Production,,,,,,,,,,,,,,,,,,,,,,,,,,,,
"JavaScript
HTML
CSS
API",JavaScript,HTML,CSS,API,,,,,,,,,,,,,,,,,,,,,,,,,,,,
"API Development
Web Application
Enterprise Software
MongoDB
Web Development
JavaScript
Amazon Web Services
Database Architecture
API Integration
Node.js
CRM Software
ASP.NET
.NET Core
ASP.NET Core
Firebase",API Development,Web Application,Enterprise Software,MongoDB,Web Development,JavaScript,Amazon Web Services,Database Architecture,API Integration,Node.js,CRM Software,ASP.NET,.NET Core,ASP.NET Core,Firebase,,,,,,,,,,,,,,,,,
Laravel,Laravel,,,,,,,,,,,,,,,,,,,,,,,,,,,,,,,
Content Writing,Content Writing,,,,,,,,,,,,,,,,,,,,,,,,,,,,,,,
"Adobe Photoshop
Photo Editing
Graphic Design
Product Photography
Image Editing
Photo Retouching",Adobe Photoshop,Photo Editing,Graphic Design,Product Photography,Image Editing,Photo Retouching,,,,,,,,,,,,,,,,,,,,,,,,,,
"English
Creative Writing
Academic Writing
Content Writing
Proofreading
Essay Writing",English,Creative Writing,Academic Writing,Content Writing,Proofreading,Essay Writing,,,,,,,,,,,,,,,,,,,,,,,,,,
"Research & Strategy
Content Strategy
Content Writing
Search Engine Optimization
Copywriting
Marketing Strategy",Research & Strategy,Content Strategy,Content Writing,Search Engine Optimization,Copywriting,Marketing Strategy,,,,,,,,,,,,,,,,,,,,,,,,,,
Java,Java,,,,,,,,,,,,,,,,,,,,,,,,,,,,,,,
Java,Java,,,,,,,,,,,,,,,,,,,,,,,,,,,,,,,
"Webflow
Web Design",Webflow,Web Design,,,,,,,,,,,,,,,,,,,,,,,,,,,,,,
"Microsoft PowerPoint
Business Presentation
Pitchbook
Executive Support
Investor Overview",Microsoft PowerPoint,Business Presentation,Pitchbook,Executive Support,Investor Overview,,,,,,,,,,,,,,,,,,,,,,,,,,,
"Facebook
Researcher
Data Scraping",Facebook,Researcher,Data Scraping,,,,,,,,,,,,,,,,,,,,,,,,,,,,,
"Wix
Squarespace
Web Design
WordPress
HTML
Graphic Design
User Flow
CSS
Visual Communication
Integration Framework",Wix,Squarespace,Web Design,WordPress,HTML,Graphic Design,User Flow,CSS,Visual Communication,Integration Framework,,,,,,,,,,,,,,,,,,,,,,
"Growth Analytics
Marketing Analytics
Google Sheets
Google Docs",Growth Analytics,Marketing Analytics,Google Sheets,Google Docs,,,,,,,,,,,,,,,,,,,,,,,,,,,,
"Laravel
PHP
API
MySQL",Laravel,PHP,API,MySQL,,,,,,,,,,,,,,,,,,,,,,,,,,,,
"Flutter
Firebase
Mobile App Development",Flutter,Firebase,Mobile App Development,,,,,,,,,,,,,,,,,,,,,,,,,,,,,
"Android
JavaScript
Android App Development
Mobile App Development
iOS
Web Development
Data Entry
WordPress
Smartphone
Kotlin",Android,JavaScript,Android App Development,Mobile App Development,iOS,Web Development,Data Entry,WordPress,Smartphone,Kotlin,,,,,,,,,,,,,,,,,,,,,,
"Responsive Design
Landing Page
JavaScript
Search Engine Optimization
WordPress
Web Design
HTML
CSS
PHP
Web Development",Responsive Design,Landing Page,JavaScript,Search Engine Optimization,WordPress,Web Design,HTML,CSS,PHP,Web Development,,,,,,,,,,,,,,,,,,,,,,
"3D Rendering
Adobe After Effects
3D Modeling
Maxon Cinema 4D",3D Rendering,Adobe After Effects,3D Modeling,Maxon Cinema 4D,,,,,,,,,,,,,,,,,,,,,,,,,,,,
"Mechanical Engineering
Electronic Design
3D Modeling
Engineering Simulation
3D Design
Aerodynamic Analysis",Mechanical Engineering,Electronic Design,3D Modeling,Engineering Simulation,3D Design,Aerodynamic Analysis,,,,,,,,,,,,,,,,,,,,,,,,,,
"Google Ads
Google Analytics
PPC Campaign Setup & Management
amoCRM",Google Ads,Google Analytics,PPC Campaign Setup & Management,amoCRM,,,,,,,,,,,,,,,,,,,,,,,,,,,,
"Google APIs
Flutter
Smartphone
iOS
Android
Mobile App Development",Google APIs,Flutter,Smartphone,iOS,Android,Mobile App Development,,,,,,,,,,,,,,,,,,,,,,,,,,
"Norwegian
Translation
English to Norwegian Translation
Documentation
English",Norwegian,Translation,English to Norwegian Translation,Documentation,English,,,,,,,,,,,,,,,,,,,,,,,,,,,
"German
Voice Acting
English to German Translation
Voice-Over",German,Voice Acting,English to German Translation,Voice-Over,,,,,,,,,,,,,,,,,,,,,,,,,,,,
"Online Sales Management
eBay Listing
Virtual Assistant
Dropshipping
eBay Marketing
Researcher
Product Listings
Inventory Management
Virtual Assistance",Online Sales Management,eBay Listing,Virtual Assistant,Dropshipping,eBay Marketing,Researcher,Product Listings,Inventory Management,Virtual Assistance,,,,,,,,,,,,,,,,,,,,,,,
"Android
Smartphone
Android App Development
iOS
iOS Development
Mobile App Development
Java
In-App Purchases
Tablet",Android,Smartphone,Android App Development,iOS,iOS Development,Mobile App Development,Java,In-App Purchases,Tablet,,,,,,,,,,,,,,,,,,,,,,,
Data Entry,Data Entry,,,,,,,,,,,,,,,,,,,,,,,,,,,,,,,
"Content Writing
Search Engine Optimization
Marketing
Copywriting
SEO Writing",Content Writing,Search Engine Optimization,Marketing,Copywriting,SEO Writing,,,,,,,,,,,,,,,,,,,,,,,,,,,
"Python
Automation
Data Scraping
Desktop Application
API",Python,Automation,Data Scraping,Desktop Application,API,,,,,,,,,,,,,,,,,,,,,,,,,,,
"Editor
Proofreading
Translation
Mobile App Localization
English
Indonesian
English to Indonesian Translation
Indonesian to English Translation",Editor,Proofreading,Translation,Mobile App Localization,English,Indonesian,English to Indonesian Translation,Indonesian to English Translation,,,,,,,,,,,,,,,,,,,,,,,,
"Golang
Blockchain
API
Solidity
Cryptocurrency",Golang,Blockchain,API,Solidity,Cryptocurrency,,,,,,,,,,,,,,,,,,,,,,,,,,,
"PostgreSQL
Odoo
Python
Amazon EC2
Customer Relationship Management
Amazon Web Services
Database",PostgreSQL,Odoo,Python,Amazon EC2,Customer Relationship Management,Amazon Web Services,Database,,,,,,,,,,,,,,,,,,,,,,,,,
"Optics
Product Design",Optics,Product Design,,,,,,,,,,,,,,,,,,,,,,,,,,,,,,
"SQL
Back-End Development
.NET Framework
Apache Tomcat
Java
RESTful API
Database
Spring Framework
JavaScript",SQL,Back-End Development,.NET Framework,Apache Tomcat,Java,RESTful API,Database,Spring Framework,JavaScript,,,,,,,,,,,,,,,,,,,,,,,
"Content Writing
Article Writing",Content Writing,Article Writing,,,,,,,,,,,,,,,,,,,,,,,,,,,,,,
"Appointment Setting
Email Marketing
Lead Generation Analysis
Automotive
Lead Generation
Market Research
Cold Calling
Sales
Online Research
Virtual Assistant",Appointment Setting,Email Marketing,Lead Generation Analysis,Automotive,Lead Generation,Market Research,Cold Calling,Sales,Online Research,Virtual Assistant,,,,,,,,,,,,,,,,,,,,,,
"Native
Translation
English",Native,Translation,English,,,,,,,,,,,,,,,,,,,,,,,,,,,,,
,,,,,,,,,,,,,,,,,,,,,,,,,,,,,,,,
"Over-the-Phone Interpreting
Native
Near-Native
Fluent
English
Vietnamese
Live Interpretation
Translation",Over-the-Phone Interpreting,Native,Near-Native,Fluent,English,Vietnamese,Live Interpretation,Translation,,,,,,,,,,,,,,,,,,,,,,,,
"Laravel
JavaScript",Laravel,JavaScript,,,,,,,,,,,,,,,,,,,,,,,,,,,,,,
"Adobe Illustrator
Logo Design
Graphic Design
Minimalist",Adobe Illustrator,Logo Design,Graphic Design,Minimalist,,,,,,,,,,,,,,,,,,,,,,,,,,,,
SolidWorks,SolidWorks,,,,,,,,,,,,,,,,,,,,,,,,,,,,,,,
"Cold Calling
Telemarketing
Scheduling
Sales
Outbound Sales
Lead Generation",Cold Calling,Telemarketing,Scheduling,Sales,Outbound Sales,Lead Generation,,,,,,,,,,,,,,,,,,,,,,,,,,
"PHP
WordPress
JavaScript
MySQL
WordPress Plugin
CSS
Plugin Development
API
jQuery",PHP,WordPress,JavaScript,MySQL,WordPress Plugin,CSS,Plugin Development,API,jQuery,,,,,,,,,,,,,,,,,,,,,,,
"2D Animation
Motion Graphics
Adobe Illustrator
Adobe After Effects
Animation",2D Animation,Motion Graphics,Adobe Illustrator,Adobe After Effects,Animation,,,,,,,,,,,,,,,,,,,,,,,,,,,
"Odoo
Accounting
Chart of Accounts
Odoo Development
Bookkeeping",Odoo,Accounting,Chart of Accounts,Odoo Development,Bookkeeping,,,,,,,,,,,,,,,,,,,,,,,,,,,
"Floor Plan Design
Furniture Design
Concept Design
Material Selection
Space Planning
Interior Design Consultation
Residential Design
Interior Design",Floor Plan Design,Furniture Design,Concept Design,Material Selection,Space Planning,Interior Design Consultation,Residential Design,Interior Design,,,,,,,,,,,,,,,,,,,,,,,,
"Adobe Photoshop
Graphic Design
Mockup",Adobe Photoshop,Graphic Design,Mockup,,,,,,,,,,,,,,,,,,,,,,,,,,,,,
"Web Design
Social Media Marketing
Search Engine Optimization
Landing Page
Campaign Optimization
Website",Web Design,Social Media Marketing,Search Engine Optimization,Landing Page,Campaign Optimization,Website,,,,,,,,,,,,,,,,,,,,,,,,,,
"Human Resource Management
HR & Business Services
Recruiting
Job Posting
Candidate Sourcing
Candidate Interviewing",Human Resource Management,HR & Business Services,Recruiting,Job Posting,Candidate Sourcing,Candidate Interviewing,,,,,,,,,,,,,,,,,,,,,,,,,,
"Amazon Web Services
Python
ERPNext",Amazon Web Services,Python,ERPNext,,,,,,,,,,,,,,,,,,,,,,,,,,,,,
"Photography
Videography
Video Editing
Photo Editing",Photography,Videography,Video Editing,Photo Editing,,,,,,,,,,,,,,,,,,,,,,,,,,,,
"Android
iOS
React Native",Android,iOS,React Native,,,,,,,,,,,,,,,,,,,,,,,,,,,,,
"Video Editing
Adobe Premiere Pro
Video Post-Editing
Animation",Video Editing,Adobe Premiere Pro,Video Post-Editing,Animation,,,,,,,,,,,,,,,,,,,,,,,,,,,,
"Figma
Mobile App Design
User Flow
High Fidelity Design
UI Graphics
UI/UX Prototyping
Mobile UI Design
iPhone UI Design
Android UI Design",Figma,Mobile App Design,User Flow,High Fidelity Design,UI Graphics,UI/UX Prototyping,Mobile UI Design,iPhone UI Design,Android UI Design,,,,,,,,,,,,,,,,,,,,,,,
Python,Python,,,,,,,,,,,,,,,,,,,,,,,,,,,,,,,
"Graphic Design
Adobe Photoshop
Adobe Illustrator",Graphic Design,Adobe Photoshop,Adobe Illustrator,,,,,,,,,,,,,,,,,,,,,,,,,,,,,
"Graphic Design
Adobe Photoshop
Video Advertising
TikTok
TikTok Marketing
Creative Direction
Creative Strategy
Advertisement
Adobe Illustrator",Graphic Design,Adobe Photoshop,Video Advertising,TikTok,TikTok Marketing,Creative Direction,Creative Strategy,Advertisement,Adobe Illustrator,,,,,,,,,,,,,,,,,,,,,,,
"Graphic Design
Adobe Photoshop
Video Advertising
TikTok
TikTok Marketing
Creative Direction
Creative Strategy
Advertisement
Adobe Illustrator",Graphic Design,Adobe Photoshop,Video Advertising,TikTok,TikTok Marketing,Creative Direction,Creative Strategy,Advertisement,Adobe Illustrator,,,,,,,,,,,,,,,,,,,,,,,
"Article Writing
Landing Page
English
Copywriting
Content Writing
Researcher",Article Writing,Landing Page,English,Copywriting,Content Writing,Researcher,,,,,,,,,,,,,,,,,,,,,,,,,,
"Graphic Design
Adobe Photoshop
YouTube
Photo Editing
Photo Manipulation",Graphic Design,Adobe Photoshop,YouTube,Photo Editing,Photo Manipulation,,,,,,,,,,,,,,,,,,,,,,,,,,,
"Database
MonetDB
JavaScript
API
RESTful API
API Development
ExpressJS
Node.js
Auth0",Database,MonetDB,JavaScript,API,RESTful API,API Development,ExpressJS,Node.js,Auth0,,,,,,,,,,,,,,,,,,,,,,,
"Graphic Design
Adobe Photoshop
Video Advertising
TikTok
TikTok Marketing
Creative Direction
Creative Strategy
Advertisement
Adobe Illustrator",Graphic Design,Adobe Photoshop,Video Advertising,TikTok,TikTok Marketing,Creative Direction,Creative Strategy,Advertisement,Adobe Illustrator,,,,,,,,,,,,,,,,,,,,,,,
"Health & Wellness
Psychology
Psychometrics
Gamification",Health & Wellness,Psychology,Psychometrics,Gamification,,,,,,,,,,,,,,,,,,,,,,,,,,,,
"Node.js
MySQL
Mobile App Development
iOS Development
iOS
Front-End Development
Apple Xcode
Back-End Development
Firebase",Node.js,MySQL,Mobile App Development,iOS Development,iOS,Front-End Development,Apple Xcode,Back-End Development,Firebase,,,,,,,,,,,,,,,,,,,,,,,
"Clothing
Male
Technical Design
Sizing
Fashion Pre-Production
Size Chart Creation
Tech Pack
3D Clothing Design
Tech Flat
Fashion Design",Clothing,Male,Technical Design,Sizing,Fashion Pre-Production,Size Chart Creation,Tech Pack,3D Clothing Design,Tech Flat,Fashion Design,,,,,,,,,,,,,,,,,,,,,,
"Training
Company Policy
Procedure Development
Personnel Records
Human Resource Information System Implementation
Virtual Assistant
File Management
Customer Relationship Management
Applicant Tracking Systems
Recruiting
Task Coordination
Human Resource Management
Employee Communications",Training,Company Policy,Procedure Development,Personnel Records,Human Resource Information System Implementation,Virtual Assistant,File Management,Customer Relationship Management,Applicant Tracking Systems,Recruiting,Task Coordination,Human Resource Management,Employee Communications,,,,,,,,,,,,,,,,,,,
"Android
JavaScript
Android App Development
Mobile App Development
iOS
Web Development
Data Entry
WordPress
Smartphone
Kotlin",Android,JavaScript,Android App Development,Mobile App Development,iOS,Web Development,Data Entry,WordPress,Smartphone,Kotlin,,,,,,,,,,,,,,,,,,,,,,
"Web Design
WordPress
Graphic Design
Web Development
UI/UX Prototyping",Web Design,WordPress,Graphic Design,Web Development,UI/UX Prototyping,,,,,,,,,,,,,,,,,,,,,,,,,,,
"Drawing
Graphic Design
Line Drawing
Infographic
Data Visualization",Drawing,Graphic Design,Line Drawing,Infographic,Data Visualization,,,,,,,,,,,,,,,,,,,,,,,,,,,
"Education
Curriculum Development
Academic K-12
Curriculum Design
Researcher",Education,Curriculum Development,Academic K-12,Curriculum Design,Researcher,,,,,,,,,,,,,,,,,,,,,,,,,,,
"Procedure Development
ISO/IEC 20000
Policy Writing",Procedure Development,ISO/IEC 20000,Policy Writing,,,,,,,,,,,,,,,,,,,,,,,,,,,,,
"Content Marketing Strategy
Search Engine Optimization
Article
Newsletter Writing
Content Writing
Article Writing
Blog Content
Copywriting
English
Blog Writing",Content Marketing Strategy,Search Engine Optimization,Article,Newsletter Writing,Content Writing,Article Writing,Blog Content,Copywriting,English,Blog Writing,,,,,,,,,,,,,,,,,,,,,,
"Flask
HTML
JavaScript
HTML5
jQuery
Bootstrap
YARN
GitHub",Flask,HTML,JavaScript,HTML5,jQuery,Bootstrap,YARN,GitHub,,,,,,,,,,,,,,,,,,,,,,,,
"Intellectual Property Law
Drafting
Patent Law
Patent
Patent Preparation",Intellectual Property Law,Drafting,Patent Law,Patent,Patent Preparation,,,,,,,,,,,,,,,,,,,,,,,,,,,
"CSS
Web Application
JavaScript
API",CSS,Web Application,JavaScript,API,,,,,,,,,,,,,,,,,,,,,,,,,,,,
"Social Media Imagery
Graphic Enhancement
Brochure
Banner Ad Design
Graphic Design",Social Media Imagery,Graphic Enhancement,Brochure,Banner Ad Design,Graphic Design,,,,,,,,,,,,,,,,,,,,,,,,,,,
,,,,,,,,,,,,,,,,,,,,,,,,,,,,,,,,
"Social Media Imagery
Graphic Enhancement
Brochure
Banner Ad Design
Graphic Design",Social Media Imagery,Graphic Enhancement,Brochure,Banner Ad Design,Graphic Design,,,,,,,,,,,,,,,,,,,,,,,,,,,
Sales,Sales,,,,,,,,,,,,,,,,,,,,,,,,,,,,,,,
"Color Grading
Video Color Correction",Color Grading,Video Color Correction,,,,,,,,,,,,,,,,,,,,,,,,,,,,,,
"Social Media Marketing
English
Film & Video",Social Media Marketing,English,Film & Video,,,,,,,,,,,,,,,,,,,,,,,,,,,,,
Tailwind CSS,Tailwind CSS,,,,,,,,,,,,,,,,,,,,,,,,,,,,,,,
"PSD
JPG
Business
Image Editing
Manipulation & Compositing
Image Resizing
Adobe Illustrator
Adobe Photoshop
LinkedIn
Social Media Marketing",PSD,JPG,Business,Image Editing,Manipulation & Compositing,Image Resizing,Adobe Illustrator,Adobe Photoshop,LinkedIn,Social Media Marketing,,,,,,,,,,,,,,,,,,,,,,
"Web Design
WordPress
Adobe Photoshop
HTML
Wireframing",Web Design,WordPress,Adobe Photoshop,HTML,Wireframing,,,,,,,,,,,,,,,,,,,,,,,,,,,
"Google Ads
PPC Campaign Setup & Management
Pay Per Click Advertising
Search Engine Marketing",Google Ads,PPC Campaign Setup & Management,Pay Per Click Advertising,Search Engine Marketing,,,,,,,,,,,,,,,,,,,,,,,,,,,,
"Marketing Strategy
Project Management
Project Management Professional",Marketing Strategy,Project Management,Project Management Professional,,,,,,,,,,,,,,,,,,,,,,,,,,,,,
"Logo Design
Brand Positioning
Graphic Design
Brand Guidelines
Corporate Brand Identity",Logo Design,Brand Positioning,Graphic Design,Brand Guidelines,Corporate Brand Identity,,,,,,,,,,,,,,,,,,,,,,,,,,,
"Deep Learning Modeling
Model Tuning
TensorFlow
Machine Learning
Deep Learning",Deep Learning Modeling,Model Tuning,TensorFlow,Machine Learning,Deep Learning,,,,,,,,,,,,,,,,,,,,,,,,,,,
"iOS
SpriteKit",iOS,SpriteKit,,,,,,,,,,,,,,,,,,,,,,,,,,,,,,
Apache NiFi,Apache NiFi,,,,,,,,,,,,,,,,,,,,,,,,,,,,,,,
"Shopify
Sales
Facebook
Lead Generation",Shopify,Sales,Facebook,Lead Generation,,,,,,,,,,,,,,,,,,,,,,,,,,,,
"WordPress
Web Development
Web Design
WooCommerce",WordPress,Web Development,Web Design,WooCommerce,,,,,,,,,,,,,,,,,,,,,,,,,,,,
"Landing Page
Ecommerce Website
WooCommerce
Shopify
Ecommerce Platform Development
WordPress
ClickFunnels
PayPal
Web Design",Landing Page,Ecommerce Website,WooCommerce,Shopify,Ecommerce Platform Development,WordPress,ClickFunnels,PayPal,Web Design,,,,,,,,,,,,,,,,,,,,,,,
"Executive Support
File Management
Form Development
File Maintenance
Correspondence Clerk
System Administration
Customer Service
Data Entry
Translation & Localization Software
Customer Support
Software Configuration Management
Email Support
HR & Business Services
Staff Recruitment & Management
Administrative Support
Human Resource Management
Candidate Evaluation",Executive Support,File Management,Form Development,File Maintenance,Correspondence Clerk,System Administration,Customer Service,Data Entry,Translation & Localization Software,Customer Support,Software Configuration Management,Email Support,HR & Business Services,Staff Recruitment & Management,Administrative Support,Human Resource Management,Candidate Evaluation,,,,,,,,,,,,,,,
"Video Advertising
Social Media Content Creation
TikTok
Video Editing
Video Ad Campaign
Video Production
Social Media Advertising
TikTok Ad",Video Advertising,Social Media Content Creation,TikTok,Video Editing,Video Ad Campaign,Video Production,Social Media Advertising,TikTok Ad,,,,,,,,,,,,,,,,,,,,,,,,
"Outbound Sales
Customer Service
Real Estate",Outbound Sales,Customer Service,Real Estate,,,,,,,,,,,,,,,,,,,,,,,,,,,,,
"Node.js
SQL
Web Application
API Integration
Desktop Application
JavaScript
Web Design
CSS
Dashboard",Node.js,SQL,Web Application,API Integration,Desktop Application,JavaScript,Web Design,CSS,Dashboard,,,,,,,,,,,,,,,,,,,,,,,
"Web Development
PHP
JavaScript
HTML
Web Design
Java
MySQL
CSS",Web Development,PHP,JavaScript,HTML,Web Design,Java,MySQL,CSS,,,,,,,,,,,,,,,,,,,,,,,,
"Cardano
Smart Contract
Smart Contract Development",Cardano,Smart Contract,Smart Contract Development,,,,,,,,,,,,,,,,,,,,,,,,,,,,,
"Adobe InDesign
Layout Design
Print Design
Book
Publication Design
Ebook Design
Graphic Design",Adobe InDesign,Layout Design,Print Design,Book,Publication Design,Ebook Design,Graphic Design,,,,,,,,,,,,,,,,,,,,,,,,,
"Catalog Design
Adobe Photoshop",Catalog Design,Adobe Photoshop,,,,,,,,,,,,,,,,,,,,,,,,,,,,,,
"Urban Planning
Architectural Design
Interior Design
3D Design
3D Modeling
3D Rendering
Floor Plan Design",Urban Planning,Architectural Design,Interior Design,3D Design,3D Modeling,3D Rendering,Floor Plan Design,,,,,,,,,,,,,,,,,,,,,,,,,
"Python
Flask
Django",Python,Flask,Django,,,,,,,,,,,,,,,,,,,,,,,,,,,,,
"Smoke Testing
Bug Reports
Software QA
Automated Testing
Software Testing
Test Case Design
Functional Testing
Manual Testing",Smoke Testing,Bug Reports,Software QA,Automated Testing,Software Testing,Test Case Design,Functional Testing,Manual Testing,,,,,,,,,,,,,,,,,,,,,,,,
"Technical Writing
Robotics
Researcher",Technical Writing,Robotics,Researcher,,,,,,,,,,,,,,,,,,,,,,,,,,,,,
"Writing
Researcher
English
Content Writing
Academic Writing
Ghostwriting
Essay Writing",Writing,Researcher,English,Content Writing,Academic Writing,Ghostwriting,Essay Writing,,,,,,,,,,,,,,,,,,,,,,,,,
"3D Rendering
3D Design
Booth Design
Trade Show Design
3D Modeling",3D Rendering,3D Design,Booth Design,Trade Show Design,3D Modeling,,,,,,,,,,,,,,,,,,,,,,,,,,,
"Researcher
Article Writing
Content Writing
Academic Writing
Fact-Checking
Creative Writing
Article
English
Writing",Researcher,Article Writing,Content Writing,Academic Writing,Fact-Checking,Creative Writing,Article,English,Writing,,,,,,,,,,,,,,,,,,,,,,,
"Solar Energy
Energy Optimization
Energy Simulation
Energy Engineering
PV Sizing
Shading Analysis
Structural Engineering
Electrical Engineering",Solar Energy,Energy Optimization,Energy Simulation,Energy Engineering,PV Sizing,Shading Analysis,Structural Engineering,Electrical Engineering,,,,,,,,,,,,,,,,,,,,,,,,
"Audience Segmentation & Targeting
Email Automation
Copywriting
Email Marketing
Customer Retention
Email Campaign Setup
Social Media Marketing
Marketing Strategy
Lead Generation
Marketing Automation",Audience Segmentation & Targeting,Email Automation,Copywriting,Email Marketing,Customer Retention,Email Campaign Setup,Social Media Marketing,Marketing Strategy,Lead Generation,Marketing Automation,,,,,,,,,,,,,,,,,,,,,,
"Fiction
Animated Cartoon
Animation
2D Animation
Video Production
Video Editing
Character Design
Adobe After Effects
Illustration",Fiction,Animated Cartoon,Animation,2D Animation,Video Production,Video Editing,Character Design,Adobe After Effects,Illustration,,,,,,,,,,,,,,,,,,,,,,,
"Android
Android App Development",Android,Android App Development,,,,,,,,,,,,,,,,,,,,,,,,,,,,,,
"Android
Android App Development",Android,Android App Development,,,,,,,,,,,,,,,,,,,,,,,,,,,,,,
"Graphic Design
Logo Design
Web Design
Web Development",Graphic Design,Logo Design,Web Design,Web Development,,,,,,,,,,,,,,,,,,,,,,,,,,,,
"WordPress
Web Design
Web Development
Website",WordPress,Web Design,Web Development,Website,,,,,,,,,,,,,,,,,,,,,,,,,,,,
API,API,,,,,,,,,,,,,,,,,,,,,,,,,,,,,,,
"Social Media Advertising
Facebook Ads Manager
Social Media Marketing
Facebook
Facebook Advertising
Instagram",Social Media Advertising,Facebook Ads Manager,Social Media Marketing,Facebook,Facebook Advertising,Instagram,,,,,,,,,,,,,,,,,,,,,,,,,,
"Python
Blockchain
Web Development
JavaScript
Blockchain Architecture
Blockchain Development
Cryptocurrency
Smart Contract
DApps
Solidity",Python,Blockchain,Web Development,JavaScript,Blockchain Architecture,Blockchain Development,Cryptocurrency,Smart Contract,DApps,Solidity,,,,,,,,,,,,,,,,,,,,,,
"Desktop Application
C++
Java
Android
Android App Development
Windows App Development
Application Installer
Microsoft Visual C++
Platform Plugin
PHP",Desktop Application,C++,Java,Android,Android App Development,Windows App Development,Application Installer,Microsoft Visual C++,Platform Plugin,PHP,,,,,,,,,,,,,,,,,,,,,,
"Animation
Adobe After Effects
Motion Graphics
Video Production",Animation,Adobe After Effects,Motion Graphics,Video Production,,,,,,,,,,,,,,,,,,,,,,,,,,,,
"Unity
Game Development
Game Design
Mobile Game
Android
2D Animation",Unity,Game Development,Game Design,Mobile Game,Android,2D Animation,,,,,,,,,,,,,,,,,,,,,,,,,,
"Swift
iOS Development
Apple Xcode
iOS",Swift,iOS Development,Apple Xcode,iOS,,,,,,,,,,,,,,,,,,,,,,,,,,,,
"Fact-Checking
Search Engine Optimization
White Paper
Article
Content Writing
Article Writing
Website Content
SEO Writing
Researcher
Writing",Fact-Checking,Search Engine Optimization,White Paper,Article,Content Writing,Article Writing,Website Content,SEO Writing,Researcher,Writing,,,,,,,,,,,,,,,,,,,,,,
"Android
Android App Development
Mobile App Development",Android,Android App Development,Mobile App Development,,,,,,,,,,,,,,,,,,,,,,,,,,,,,
"Web Application
Database Architecture
API Integration
Smartphone
Android
Web Development",Web Application,Database Architecture,API Integration,Smartphone,Android,Web Development,,,,,,,,,,,,,,,,,,,,,,,,,,
"AngularJS
Database Development
Web Application
Web Development
NodeJS Framework
Database Design",AngularJS,Database Development,Web Application,Web Development,NodeJS Framework,Database Design,,,,,,,,,,,,,,,,,,,,,,,,,,
,,,,,,,,,,,,,,,,,,,,,,,,,,,,,,,,
"Lead Generation
Web Scraping
LinkedIn
Data Scraping
Data Mining",Lead Generation,Web Scraping,LinkedIn,Data Scraping,Data Mining,,,,,,,,,,,,,,,,,,,,,,,,,,,
"Information Security
JavaScript
Ethical Hacking
Penetration Testing
Security Analysis
Security Infrastructure
C++
PHP
HTML
Web Development",Information Security,JavaScript,Ethical Hacking,Penetration Testing,Security Analysis,Security Infrastructure,C++,PHP,HTML,Web Development,,,,,,,,,,,,,,,,,,,,,,
"Anime
Manga
Drawing",Anime,Manga,Drawing,,,,,,,,,,,,,,,,,,,,,,,,,,,,,
"WordPress
Web Development
PHP
JavaScript
CSS",WordPress,Web Development,PHP,JavaScript,CSS,,,,,,,,,,,,,,,,,,,,,,,,,,,
"Shopify
Web Design
Ecommerce Platform Development
Shopify Theme",Shopify,Web Design,Ecommerce Platform Development,Shopify Theme,,,,,,,,,,,,,,,,,,,,,,,,,,,,
"Video Intro & Outro
Video Editing
Video Post-Editing
Adobe Premiere Pro
Adobe After Effects
Explainer Video",Video Intro & Outro,Video Editing,Video Post-Editing,Adobe Premiere Pro,Adobe After Effects,Explainer Video,,,,,,,,,,,,,,,,,,,,,,,,,,
"MetaTrader 4
Forex Trading
MQL 5",MetaTrader 4,Forex Trading,MQL 5,,,,,,,,,,,,,,,,,,,,,,,,,,,,,
"Video Editing
Adobe Premiere Pro
Video Post-Editing
Video Production",Video Editing,Adobe Premiere Pro,Video Post-Editing,Video Production,,,,,,,,,,,,,,,,,,,,,,,,,,,,
"People
Fashion & Beauty
Portrait Art",People,Fashion & Beauty,Portrait Art,,,,,,,,,,,,,,,,,,,,,,,,,,,,,
"Graphic Design
Adobe Illustrator
Adobe Photoshop
Illustration
Infographic
Brand Identity & Guidelines",Graphic Design,Adobe Illustrator,Adobe Photoshop,Illustration,Infographic,Brand Identity & Guidelines,,,,,,,,,,,,,,,,,,,,,,,,,,
"People
Fashion & Beauty
Portrait Art",People,Fashion & Beauty,Portrait Art,,,,,,,,,,,,,,,,,,,,,,,,,,,,,
"Graphic Design
Adobe Illustrator
Adobe Photoshop
Illustration
Infographic
Brand Identity & Guidelines",Graphic Design,Adobe Illustrator,Adobe Photoshop,Illustration,Infographic,Brand Identity & Guidelines,,,,,,,,,,,,,,,,,,,,,,,,,,
"Gaming Console
Smartphone
Tablet
Android
Java
Kotlin
JavaScript
Flutter
Business with 10-99 Employees
Java
Android
Mobile App Development
Android App Development
Social Media Account Integration
Android Studio
Node.js
C++
C#",Gaming Console,Smartphone,Tablet,Android,Java,Kotlin,JavaScript,Flutter,Business with 10-99 Employees,Java,Android,Mobile App Development,Android App Development,Social Media Account Integration,Android Studio,Node.js,C++,C#,,,,,,,,,,,,,,
"Smartphone
Tablet
Android
Microsoft Windows
Java
Kotlin
JavaScript
Flutter
Android
Mobile App Development
JavaScript",Smartphone,Tablet,Android,Microsoft Windows,Java,Kotlin,JavaScript,Flutter,Android,Mobile App Development,JavaScript,,,,,,,,,,,,,,,,,,,,,
"Android
Smartphone
iOS
Android App Development
Mobile App Development
Tablet",Android,Smartphone,iOS,Android App Development,Mobile App Development,Tablet,,,,,,,,,,,,,,,,,,,,,,,,,,
"Web Development
WordPress",Web Development,WordPress,,,,,,,,,,,,,,,,,,,,,,,,,,,,,,
"MATLAB
Mathematics
Probability Theory",MATLAB,Mathematics,Probability Theory,,,,,,,,,,,,,,,,,,,,,,,,,,,,,
"Mockup
WordPress
Web Development
Graphic Design",Mockup,WordPress,Web Development,Graphic Design,,,,,,,,,,,,,,,,,,,,,,,,,,,,
"Android
JavaScript
Android App Development
Mobile App Development
iOS
Web Development
Data Entry
WordPress
Smartphone
Kotlin",Android,JavaScript,Android App Development,Mobile App Development,iOS,Web Development,Data Entry,WordPress,Smartphone,Kotlin,,,,,,,,,,,,,,,,,,,,,,
"System Administration
macOS
JAMF",System Administration,macOS,JAMF,,,,,,,,,,,,,,,,,,,,,,,,,,,,,
"Virtual Assistant
Data Entry
English
Spanish
Modeling
Customer Support
Indonesian",Virtual Assistant,Data Entry,English,Spanish,Modeling,Customer Support,Indonesian,,,,,,,,,,,,,,,,,,,,,,,,,
"Hybrid App Development
React Native
iOS
Android
Android App Development
Mobile App Development
JavaScript",Hybrid App Development,React Native,iOS,Android,Android App Development,Mobile App Development,JavaScript,,,,,,,,,,,,,,,,,,,,,,,,,
"JavaScript
SCSS
Angular
HTML5
TypeScript
CSS 3",JavaScript,SCSS,Angular,HTML5,TypeScript,CSS 3,,,,,,,,,,,,,,,,,,,,,,,,,,
"Video Editing
Adobe Premiere Pro
Adobe After Effects
Graphic Design
Videography
Explainer Video
Video Post-Editing
Video Production
Advertisement
Education",Video Editing,Adobe Premiere Pro,Adobe After Effects,Graphic Design,Videography,Explainer Video,Video Post-Editing,Video Production,Advertisement,Education,,,,,,,,,,,,,,,,,,,,,,
"Financial Projection
Financial Modeling
Startup Consulting
Company Valuation",Financial Projection,Financial Modeling,Startup Consulting,Company Valuation,,,,,,,,,,,,,,,,,,,,,,,,,,,,
"Linux System Administration
System Administration
NGINX
Socket.io
Network Security
CentOS
MySQL
Network Administration
DevOps",Linux System Administration,System Administration,NGINX,Socket.io,Network Security,CentOS,MySQL,Network Administration,DevOps,,,,,,,,,,,,,,,,,,,,,,,
"Node.js
Socket.io
JavaScript
RabbitMQ",Node.js,Socket.io,JavaScript,RabbitMQ,,,,,,,,,,,,,,,,,,,,,,,,,,,,
"Motion Graphics
2D Animation
Adobe After Effects
Animation
Visual Effects
Adobe Illustrator",Motion Graphics,2D Animation,Adobe After Effects,Animation,Visual Effects,Adobe Illustrator,,,,,,,,,,,,,,,,,,,,,,,,,,
"JavaScript
HTML
CSS
Bootstrap",JavaScript,HTML,CSS,Bootstrap,,,,,,,,,,,,,,,,,,,,,,,,,,,,
"Accounting
Account Reconciliation
Microsoft Excel
Accounts Receivable",Accounting,Account Reconciliation,Microsoft Excel,Accounts Receivable,,,,,,,,,,,,,,,,,,,,,,,,,,,,
"Node.js
Socket.io
JavaScript
RabbitMQ",Node.js,Socket.io,JavaScript,RabbitMQ,,,,,,,,,,,,,,,,,,,,,,,,,,,,
"Motion Graphics
2D Animation
Adobe After Effects
Animation
Visual Effects
Adobe Illustrator",Motion Graphics,2D Animation,Adobe After Effects,Animation,Visual Effects,Adobe Illustrator,,,,,,,,,,,,,,,,,,,,,,,,,,
"JavaScript
HTML
CSS
Bootstrap",JavaScript,HTML,CSS,Bootstrap,,,,,,,,,,,,,,,,,,,,,,,,,,,,
"Accounting
Account Reconciliation
Microsoft Excel
Accounts Receivable",Accounting,Account Reconciliation,Microsoft Excel,Accounts Receivable,,,,,,,,,,,,,,,,,,,,,,,,,,,,
"Android
Java
Smartphone
Mobile App Development
Android App Development",Android,Java,Smartphone,Mobile App Development,Android App Development,,,,,,,,,,,,,,,,,,,,,,,,,,,
"Terraform
Jenkins
CI/CD
Automated Monitoring
DevOps
AWS Application",Terraform,Jenkins,CI/CD,Automated Monitoring,DevOps,AWS Application,,,,,,,,,,,,,,,,,,,,,,,,,,
"ASP.NET
Visual Basic
C#
.NET Framework",ASP.NET,Visual Basic,C#,.NET Framework,,,,,,,,,,,,,,,,,,,,,,,,,,,,
"Community Relations
Tech & IT
Public Relations
Journalism",Community Relations,Tech & IT,Public Relations,Journalism,,,,,,,,,,,,,,,,,,,,,,,,,,,,
"Web Application
Website Redesign
API Integration
Web Development
HTML
Software
Software Development
ERP Software",Web Application,Website Redesign,API Integration,Web Development,HTML,Software,Software Development,ERP Software,,,,,,,,,,,,,,,,,,,,,,,,
"Video Production
Video Commercial
Video Editing
Videography
Explainer Video
Music Video
Video Post-Editing",Video Production,Video Commercial,Video Editing,Videography,Explainer Video,Music Video,Video Post-Editing,,,,,,,,,,,,,,,,,,,,,,,,,
"Web Application
Website Redesign
API Integration
Web Development
HTML
Software
Software Development
ERP Software",Web Application,Website Redesign,API Integration,Web Development,HTML,Software,Software Development,ERP Software,,,,,,,,,,,,,,,,,,,,,,,,
"Video Production
Video Commercial
Video Editing
Videography
Explainer Video
Music Video
Video Post-Editing",Video Production,Video Commercial,Video Editing,Videography,Explainer Video,Music Video,Video Post-Editing,,,,,,,,,,,,,,,,,,,,,,,,,
"Databricks
ExpertKnowledge Synapse",Databricks,ExpertKnowledge Synapse,,,,,,,,,,,,,,,,,,,,,,,,,,,,,,
WordPress,WordPress,,,,,,,,,,,,,,,,,,,,,,,,,,,,,,,
"Explainer Video
Video Commercial
Motion Graphics
2D Animation
Video Production
Video Intro & Outro
Graphic Design
Video Editing
Animation
Adobe After Effects",Explainer Video,Video Commercial,Motion Graphics,2D Animation,Video Production,Video Intro & Outro,Graphic Design,Video Editing,Animation,Adobe After Effects,,,,,,,,,,,,,,,,,,,,,,
"Chatbot Development
Dialogflow API",Chatbot Development,Dialogflow API,,,,,,,,,,,,,,,,,,,,,,,,,,,,,,
"Network Administration
Linux System Administration
System Administration
DNS",Network Administration,Linux System Administration,System Administration,DNS,,,,,,,,,,,,,,,,,,,,,,,,,,,,
"JavaScript
CSS
HTML
CSS 3
HTML5
jQuery
Web Development
Landing Page",JavaScript,CSS,HTML,CSS 3,HTML5,jQuery,Web Development,Landing Page,,,,,,,,,,,,,,,,,,,,,,,,
"Android Studio
Android
Java
Android App Development
Chrome OS",Android Studio,Android,Java,Android App Development,Chrome OS,,,,,,,,,,,,,,,,,,,,,,,,,,,
"Casual Tone
Gritty Tone
Female
Male
Voice-Over
British English Accent",Casual Tone,Gritty Tone,Female,Male,Voice-Over,British English Accent,,,,,,,,,,,,,,,,,,,,,,,,,,
"Fiction
Drama
Action
Adventure
Testimonial Video
Video Commercial
Demo Video
Trailer
Video Editing
Advertisement",Fiction,Drama,Action,Adventure,Testimonial Video,Video Commercial,Demo Video,Trailer,Video Editing,Advertisement,,,,,,,,,,,,,,,,,,,,,,
"Packaging Design
Adobe Illustrator
Graphic Design
Covers & Packaging
Label & Package Design",Packaging Design,Adobe Illustrator,Graphic Design,Covers & Packaging,Label & Package Design,,,,,,,,,,,,,,,,,,,,,,,,,,,
".NET Framework
ASP.NET
ASP.NET MVC
API Integration
.NET Core
ASP.NET Core
ASP.NET Web API
SQL",.NET Framework,ASP.NET,ASP.NET MVC,API Integration,.NET Core,ASP.NET Core,ASP.NET Web API,SQL,,,,,,,,,,,,,,,,,,,,,,,,
"Content Writing
Creative Writing
Writing
Article Writing
Copywriting
English
Blog Content
Blog Writing
Article",Content Writing,Creative Writing,Writing,Article Writing,Copywriting,English,Blog Content,Blog Writing,Article,,,,,,,,,,,,,,,,,,,,,,,
"jQuery
JavaScript
PHP
CSS
HTML
Web Development",jQuery,JavaScript,PHP,CSS,HTML,Web Development,,,,,,,,,,,,,,,,,,,,,,,,,,
"App Development
WooCommerce",App Development,WooCommerce,,,,,,,,,,,,,,,,,,,,,,,,,,,,,,
"Android
JavaScript
Android App Development
Mobile App Development
iOS
Web Development
Data Entry
WordPress
Smartphone
Kotlin",Android,JavaScript,Android App Development,Mobile App Development,iOS,Web Development,Data Entry,WordPress,Smartphone,Kotlin,,,,,,,,,,,,,,,,,,,,,,
"Python
Django",Python,Django,,,,,,,,,,,,,,,,,,,,,,,,,,,,,,
"Microsoft Dynamics CRM
Microsoft Dynamics 365
Microsoft Dynamics Development
Microsoft Dynamics ERP",Microsoft Dynamics CRM,Microsoft Dynamics 365,Microsoft Dynamics Development,Microsoft Dynamics ERP,,,,,,,,,,,,,,,,,,,,,,,,,,,,
"MySQL
PHP
CSS
HTML5",MySQL,PHP,CSS,HTML5,,,,,,,,,,,,,,,,,,,,,,,,,,,,
"Android
JavaScript
Android App Development
Mobile App Development
iOS
Web Development
Data Entry
WordPress
Smartphone
Kotlin",Android,JavaScript,Android App Development,Mobile App Development,iOS,Web Development,Data Entry,WordPress,Smartphone,Kotlin,,,,,,,,,,,,,,,,,,,,,,
"Python
Django",Python,Django,,,,,,,,,,,,,,,,,,,,,,,,,,,,,,
"Microsoft Dynamics CRM
Microsoft Dynamics 365
Microsoft Dynamics Development
Microsoft Dynamics ERP",Microsoft Dynamics CRM,Microsoft Dynamics 365,Microsoft Dynamics Development,Microsoft Dynamics ERP,,,,,,,,,,,,,,,,,,,,,,,,,,,,
"MySQL
PHP
CSS
HTML5",MySQL,PHP,CSS,HTML5,,,,,,,,,,,,,,,,,,,,,,,,,,,,
"Content Writing
SEO Writing
Landing Page
Humorous Tone",Content Writing,SEO Writing,Landing Page,Humorous Tone,,,,,,,,,,,,,,,,,,,,,,,,,,,,
"Cryptocurrency
Bitcoin
Ethereum
Blockchain",Cryptocurrency,Bitcoin,Ethereum,Blockchain,,,,,,,,,,,,,,,,,,,,,,,,,,,,
"Android
Smartphone
Android App Development
iOS Development",Android,Smartphone,Android App Development,iOS Development,,,,,,,,,,,,,,,,,,,,,,,,,,,,
"Content Writing
Marketing
Creative Writing",Content Writing,Marketing,Creative Writing,,,,,,,,,,,,,,,,,,,,,,,,,,,,,
"Laravel
CodeIgniter
PHP",Laravel,CodeIgniter,PHP,,,,,,,,,,,,,,,,,,,,,,,,,,,,,
"Android
Smartphone
Android App Development
Mobile App Development",Android,Smartphone,Android App Development,Mobile App Development,,,,,,,,,,,,,,,,,,,,,,,,,,,,
"Android
Smartphone
Android App Development
Mobile App Development",Android,Smartphone,Android App Development,Mobile App Development,,,,,,,,,,,,,,,,,,,,,,,,,,,,
"Web Application
ASP.NET MVC
HTML
JavaScript
jQuery",Web Application,ASP.NET MVC,HTML,JavaScript,jQuery,,,,,,,,,,,,,,,,,,,,,,,,,,,
"Python
Data Collection",Python,Data Collection,,,,,,,,,,,,,,,,,,,,,,,,,,,,,,
"Video Editing
Adobe Premiere Pro
Testimonial Video
YouTube Marketing
Video Post-Editing
Explainer Video
Adobe After Effects
Audio Editing",Video Editing,Adobe Premiere Pro,Testimonial Video,YouTube Marketing,Video Post-Editing,Explainer Video,Adobe After Effects,Audio Editing,,,,,,,,,,,,,,,,,,,,,,,,
Photography,Photography,,,,,,,,,,,,,,,,,,,,,,,,,,,,,,,
"Brochure Design
Banner Ad Design
Brochure Designer
Adobe InDesign
Adobe Illustrator",Brochure Design,Banner Ad Design,Brochure Designer,Adobe InDesign,Adobe Illustrator,,,,,,,,,,,,,,,,,,,,,,,,,,,
"SEO Backlinking
Content Writing",SEO Backlinking,Content Writing,,,,,,,,,,,,,,,,,,,,,,,,,,,,,,
"Android
Mobile App Development",Android,Mobile App Development,,,,,,,,,,,,,,,,,,,,,,,,,,,,,,
"Tableau
Microsoft Power BI
SAS
Data Science
RStudio
Writing
IBM SPSS
SQL
NVivo
Qualitative Research
Python
Python Scikit-Learn
Microsoft Excel PowerPivot",Tableau,Microsoft Power BI,SAS,Data Science,RStudio,Writing,IBM SPSS,SQL,NVivo,Qualitative Research,Python,Python Scikit-Learn,Microsoft Excel PowerPivot,,,,,,,,,,,,,,,,,,,
"Dutch
English
Translation
Voice Acting
Proofreading
Voice-Over
Communications
Researcher",Dutch,English,Translation,Voice Acting,Proofreading,Voice-Over,Communications,Researcher,,,,,,,,,,,,,,,,,,,,,,,,
"Dutch
English
Translation
Voice Acting
Proofreading
Voice-Over
Communications
Researcher",Dutch,English,Translation,Voice Acting,Proofreading,Voice-Over,Communications,Researcher,,,,,,,,,,,,,,,,,,,,,,,,
"Voice Acting
German
Proofreading
Creative Writing
Writing",Voice Acting,German,Proofreading,Creative Writing,Writing,,,,,,,,,,,,,,,,,,,,,,,,,,,
"Logo Design
Graphic Design
Adobe Illustrator
Brand Identity & Guidelines
Adobe Photoshop",Logo Design,Graphic Design,Adobe Illustrator,Brand Identity & Guidelines,Adobe Photoshop,,,,,,,,,,,,,,,,,,,,,,,,,,,
English,English,,,,,,,,,,,,,,,,,,,,,,,,,,,,,,,
"Portfolio Management
Fund Accounting
Tech & IT
Automation
Microsoft Excel",Portfolio Management,Fund Accounting,Tech & IT,Automation,Microsoft Excel,,,,,,,,,,,,,,,,,,,,,,,,,,,
"Landing Page
Adobe Illustrator
Adobe Photoshop
All in One SEO Pack
Graphic Design
Web Design
Web Development
JavaScript
HTML
WordPress",Landing Page,Adobe Illustrator,Adobe Photoshop,All in One SEO Pack,Graphic Design,Web Design,Web Development,JavaScript,HTML,WordPress,,,,,,,,,,,,,,,,,,,,,,
"iOS
iOS Development",iOS,iOS Development,,,,,,,,,,,,,,,,,,,,,,,,,,,,,,
"Mobile App Design
Responsive Design
CSS
HTML5
Vue.js
Laravel
User Experience Design
Hybrid App Development",Mobile App Design,Responsive Design,CSS,HTML5,Vue.js,Laravel,User Experience Design,Hybrid App Development,,,,,,,,,,,,,,,,,,,,,,,,
"Web Development
HTML
PHP
Web Design
JavaScript",Web Development,HTML,PHP,Web Design,JavaScript,,,,,,,,,,,,,,,,,,,,,,,,,,,
"API Integration
Web Development
API
WordPress
Payment Gateway Integration",API Integration,Web Development,API,WordPress,Payment Gateway Integration,,,,,,,,,,,,,,,,,,,,,,,,,,,
"Google Ads
Display Ad
Google Analytics
Google AdSense
Google Tag Manager
Ad Server
Digital Marketing
Google Ad Manager
Lead Generation
Marketing Strategy",Google Ads,Display Ad,Google Analytics,Google AdSense,Google Tag Manager,Ad Server,Digital Marketing,Google Ad Manager,Lead Generation,Marketing Strategy,,,,,,,,,,,,,,,,,,,,,,
"Android
JavaScript
Android App Development
Mobile App Development
iOS
Web Development
Data Entry
WordPress
Smartphone
Kotlin",Android,JavaScript,Android App Development,Mobile App Development,iOS,Web Development,Data Entry,WordPress,Smartphone,Kotlin,,,,,,,,,,,,,,,,,,,,,,
"Google Analytics
Google Ads
Squarespace
Google Tag Manager",Google Analytics,Google Ads,Squarespace,Google Tag Manager,,,,,,,,,,,,,,,,,,,,,,,,,,,,
"Content Writing
Blog Content
Researcher
Article Writing
Blog Writing
English
Creative Writing",Content Writing,Blog Content,Researcher,Article Writing,Blog Writing,English,Creative Writing,,,,,,,,,,,,,,,,,,,,,,,,,
"Music Theory
Content Writing
English",Music Theory,Content Writing,English,,,,,,,,,,,,,,,,,,,,,,,,,,,,,
"Architectural Design
2D Design & Drawings
3D Rendering
3D Modeling
3D Design
Architectural Graphics
Visualization",Architectural Design,2D Design & Drawings,3D Rendering,3D Modeling,3D Design,Architectural Graphics,Visualization,,,,,,,,,,,,,,,,,,,,,,,,,
"On-Page SEO
Off-Page SEO
Technical SEO
Content SEO
SEO Keyword Research
SEO Backlinking
Search Engine Optimization
Organic Traffic Growth
SEO Audit
SEO Performance",On-Page SEO,Off-Page SEO,Technical SEO,Content SEO,SEO Keyword Research,SEO Backlinking,Search Engine Optimization,Organic Traffic Growth,SEO Audit,SEO Performance,,,,,,,,,,,,,,,,,,,,,,
"Deep Learning
Python
Machine Learning
JavaScript
API Integration
Cloud Database",Deep Learning,Python,Machine Learning,JavaScript,API Integration,Cloud Database,,,,,,,,,,,,,,,,,,,,,,,,,,
"Voice Acting
German
Proofreading
Creative Writing
Writing
Translation
English to German Translation
Content Writing",Voice Acting,German,Proofreading,Creative Writing,Writing,Translation,English to German Translation,Content Writing,,,,,,,,,,,,,,,,,,,,,,,,
"LinkedIn Lead Generation
Python
B2B Lead Generation",LinkedIn Lead Generation,Python,B2B Lead Generation,,,,,,,,,,,,,,,,,,,,,,,,,,,,,
"Proposal Writing
Social Impact Assessment",Proposal Writing,Social Impact Assessment,,,,,,,,,,,,,,,,,,,,,,,,,,,,,,
"Flutter
React Native
Database
Algorithm Development",Flutter,React Native,Database,Algorithm Development,,,,,,,,,,,,,,,,,,,,,,,,,,,,
"Blockchain
Blockchain Architecture
Blockchain Development
Dogecoin
Cryptocurrency",Blockchain,Blockchain Architecture,Blockchain Development,Dogecoin,Cryptocurrency,,,,,,,,,,,,,,,,,,,,,,,,,,,
"Project Management
Requirement Analysis
Business Analysis
Product Roadmap
Russian
English
Product Management
Software QA
Researcher
Agile Project Management",Project Management,Requirement Analysis,Business Analysis,Product Roadmap,Russian,English,Product Management,Software QA,Researcher,Agile Project Management,,,,,,,,,,,,,,,,,,,,,,
"C++
Arduino
PCB Design
Eagle
Arduino Firmware",C++,Arduino,PCB Design,Eagle,Arduino Firmware,,,,,,,,,,,,,,,,,,,,,,,,,,,
Coaching,Coaching,,,,,,,,,,,,,,,,,,,,,,,,,,,,,,,
"Voice-Over
Male
Voice Acting",Voice-Over,Male,Voice Acting,,,,,,,,,,,,,,,,,,,,,,,,,,,,,
"React Native
Firebase
MongoDB
PostgreSQL
NodeJS Framework
AWS Lambda
Blockchain Development
Blockchain",React Native,Firebase,MongoDB,PostgreSQL,NodeJS Framework,AWS Lambda,Blockchain Development,Blockchain,,,,,,,,,,,,,,,,,,,,,,,,
"Android
Smartphone
iOS
Android App Development
Mobile App Development
Java
Native App Development
Tablet
iOS Development",Android,Smartphone,iOS,Android App Development,Mobile App Development,Java,Native App Development,Tablet,iOS Development,,,,,,,,,,,,,,,,,,,,,,,
"Telegram API
Python
Database
Python Script
API Integration
API Development",Telegram API,Python,Database,Python Script,API Integration,API Development,,,,,,,,,,,,,,,,,,,,,,,,,,
"PCB Design
Electronics
Circuit Design
Electronic Design
Eagle
Altium Designer
Electrical Engineering
Digital Electronics",PCB Design,Electronics,Circuit Design,Electronic Design,Eagle,Altium Designer,Electrical Engineering,Digital Electronics,,,,,,,,,,,,,,,,,,,,,,,,
"Immigration Law
Work Visa
Legal Consulting
Legal
Employer Sponsored Visa
International Law",Immigration Law,Work Visa,Legal Consulting,Legal,Employer Sponsored Visa,International Law,,,,,,,,,,,,,,,,,,,,,,,,,,
"Email Communication
Data Entry
QuickBooks Online
Microsoft Outlook
Gmail
Microsoft Excel
Microsoft Word
PDF
Contact List",Email Communication,Data Entry,QuickBooks Online,Microsoft Outlook,Gmail,Microsoft Excel,Microsoft Word,PDF,Contact List,,,,,,,,,,,,,,,,,,,,,,,
"YouTube Marketing
Social Media Marketing
YouTube Development
Video Production
YouTube",YouTube Marketing,Social Media Marketing,YouTube Development,Video Production,YouTube,,,,,,,,,,,,,,,,,,,,,,,,,,,
"Outreach Strategy
Public Relations
Media Relations
Marketing Strategy
Business Management",Outreach Strategy,Public Relations,Media Relations,Marketing Strategy,Business Management,,,,,,,,,,,,,,,,,,,,,,,,,,,
"WordPress Landing Page
WordPress Customization
SEO Performance
SEO Keyword Research
SEO Localization
WordPress Malware Removal
SEO Setup & Configuration
Focus Keyword",WordPress Landing Page,WordPress Customization,SEO Performance,SEO Keyword Research,SEO Localization,WordPress Malware Removal,SEO Setup & Configuration,Focus Keyword,,,,,,,,,,,,,,,,,,,,,,,,
"Social Media Advertising
Social Media Marketing Strategy
LinkedIn Campaign Manager
Facebook Ads Manager
Social Media Marketing
Social Media Management
Marketing Strategy
Instagram
Social Media Content Creation
Facebook",Social Media Advertising,Social Media Marketing Strategy,LinkedIn Campaign Manager,Facebook Ads Manager,Social Media Marketing,Social Media Management,Marketing Strategy,Instagram,Social Media Content Creation,Facebook,,,,,,,,,,,,,,,,,,,,,,
"Voice Acting
Voice-Over
Voice-Over Recording
Translation
German to English Translation
Female
Video Narration",Voice Acting,Voice-Over,Voice-Over Recording,Translation,German to English Translation,Female,Video Narration,,,,,,,,,,,,,,,,,,,,,,,,,
"Sales & Marketing
Direct Marketing
Advertising Strategy
Business with 1-9 Employees
Customer Service",Sales & Marketing,Direct Marketing,Advertising Strategy,Business with 1-9 Employees,Customer Service,,,,,,,,,,,,,,,,,,,,,,,,,,,
SEO Audit,SEO Audit,,,,,,,,,,,,,,,,,,,,,,,,,,,,,,,
SEO Audit,SEO Audit,,,,,,,,,,,,,,,,,,,,,,,,,,,,,,,
Software Testing,Software Testing,,,,,,,,,,,,,,,,,,,,,,,,,,,,,,,
"Business Plan
Business Writing",Business Plan,Business Writing,,,,,,,,,,,,,,,,,,,,,,,,,,,,,,
CentOS,CentOS,,,,,,,,,,,,,,,,,,,,,,,,,,,,,,,
"SEO Writing
Content Writing",SEO Writing,Content Writing,,,,,,,,,,,,,,,,,,,,,,,,,,,,,,
"Wix
Magento
Squarespace
Web Development
Web Design
HTML
CSS
JavaScript
Search Engine Optimization
Graphic Design",Wix,Magento,Squarespace,Web Development,Web Design,HTML,CSS,JavaScript,Search Engine Optimization,Graphic Design,,,,,,,,,,,,,,,,,,,,,,
"Adobe Premiere Pro
Video Editing
Adobe After Effects
Video Production
Video Post-Editing",Adobe Premiere Pro,Video Editing,Adobe After Effects,Video Production,Video Post-Editing,,,,,,,,,,,,,,,,,,,,,,,,,,,
"Electronics
Microcontroller Programming
Electronic Design
Electrical Engineering
Microcontroller
PCB Design",Electronics,Microcontroller Programming,Electronic Design,Electrical Engineering,Microcontroller,PCB Design,,,,,,,,,,,,,,,,,,,,,,,,,,
"Candidate Sourcing
Candidate Source List
Recruiting
Boolean Search
Sourcing
Candidate Evaluation
Candidate Recommendation
Technical Recruiter
LinkedIn Recruiting
Resume Screening",Candidate Sourcing,Candidate Source List,Recruiting,Boolean Search,Sourcing,Candidate Evaluation,Candidate Recommendation,Technical Recruiter,LinkedIn Recruiting,Resume Screening,,,,,,,,,,,,,,,,,,,,,,
"Video Editing
Video Production
Social Media Advertising",Video Editing,Video Production,Social Media Advertising,,,,,,,,,,,,,,,,,,,,,,,,,,,,,
"Video Editing
Video Production
Social Media Advertising",Video Editing,Video Production,Social Media Advertising,,,,,,,,,,,,,,,,,,,,,,,,,,,,,
"Video Editing
Adobe Premiere Pro
Video Post-Editing
Video Production",Video Editing,Adobe Premiere Pro,Video Post-Editing,Video Production,,,,,,,,,,,,,,,,,,,,,,,,,,,,
"SEO Writing
Blog Writing
Content Writing",SEO Writing,Blog Writing,Content Writing,,,,,,,,,,,,,,,,,,,,,,,,,,,,,
"Creative Writing
Short Story
Ghostwriting",Creative Writing,Short Story,Ghostwriting,,,,,,,,,,,,,,,,,,,,,,,,,,,,,
Academic Writing,Academic Writing,,,,,,,,,,,,,,,,,,,,,,,,,,,,,,,
"Illustration
Adobe Illustrator
Graphic Design",Illustration,Adobe Illustrator,Graphic Design,,,,,,,,,,,,,,,,,,,,,,,,,,,,,
"Instagram
Instagram Story
Social Media Marketing
Social Media Advertising
Marketing Strategy",Instagram,Instagram Story,Social Media Marketing,Social Media Advertising,Marketing Strategy,,,,,,,,,,,,,,,,,,,,,,,,,,,
"Website Optimization
WordPress
Page Speed Optimization
JavaScript
HTML
On-Page SEO
CSS",Website Optimization,WordPress,Page Speed Optimization,JavaScript,HTML,On-Page SEO,CSS,,,,,,,,,,,,,,,,,,,,,,,,,
"HTML5
JavaScript
PHP
HTML
Web Design
Java
Python
CSS
C#
Web Development",HTML5,JavaScript,PHP,HTML,Web Design,Java,Python,CSS,C#,Web Development,,,,,,,,,,,,,,,,,,,,,,
"WordPress
Web Development
Landing Page",WordPress,Web Development,Landing Page,,,,,,,,,,,,,,,,,,,,,,,,,,,,,
"WordPress
Web Development
Landing Page",WordPress,Web Development,Landing Page,,,,,,,,,,,,,,,,,,,,,,,,,,,,,
"Angular
Java
Spring Boot",Angular,Java,Spring Boot,,,,,,,,,,,,,,,,,,,,,,,,,,,,,
"Facebook Advertising
Facebook
Instagram
Social Media Content",Facebook Advertising,Facebook,Instagram,Social Media Content,,,,,,,,,,,,,,,,,,,,,,,,,,,,
"Unreal Engine
Game Design
Game Development
iOS
Android
Mobile Game
Unity",Unreal Engine,Game Design,Game Development,iOS,Android,Mobile Game,Unity,,,,,,,,,,,,,,,,,,,,,,,,,
"Lead Generation
Data Entry
Researcher
Market Research",Lead Generation,Data Entry,Researcher,Market Research,,,,,,,,,,,,,,,,,,,,,,,,,,,,
"Python
Data Science
Machine Learning
Data Analysis
MATLAB
Data Scraping
Artificial Intelligence
Data Mining
Statistics",Python,Data Science,Machine Learning,Data Analysis,MATLAB,Data Scraping,Artificial Intelligence,Data Mining,Statistics,,,,,,,,,,,,,,,,,,,,,,,
"Augmented Reality
AR Application
Android
iOS
Camera
Mobile App Development",Augmented Reality,AR Application,Android,iOS,Camera,Mobile App Development,,,,,,,,,,,,,,,,,,,,,,,,,,
"Greek
French
Danish
Translation
English
Dutch
German",Greek,French,Danish,Translation,English,Dutch,German,,,,,,,,,,,,,,,,,,,,,,,,,
"Journalism Writing
Article Writing
Article
Writing
Media & Entertainment
Editor",Journalism Writing,Article Writing,Article,Writing,Media & Entertainment,Editor,,,,,,,,,,,,,,,,,,,,,,,,,,
"Voice-Over
US English Dialect
Voice Acting
American English Accent
Narration",Voice-Over,US English Dialect,Voice Acting,American English Accent,Narration,,,,,,,,,,,,,,,,,,,,,,,,,,,
"Romanian
Translation
English
Romanian to English Translation
Proofreading",Romanian,Translation,English,Romanian to English Translation,Proofreading,,,,,,,,,,,,,,,,,,,,,,,,,,,
"Portuguese
Voice-Over
Male
Narration",Portuguese,Voice-Over,Male,Narration,,,,,,,,,,,,,,,,,,,,,,,,,,,,
"Content Marketing Strategy
SEO Keyword Research
Audience Segmentation & Targeting
Content Strategy
Marketing Strategy
Social Media Marketing
Instagram
Lead Generation
Facebook
Content Writing",Content Marketing Strategy,SEO Keyword Research,Audience Segmentation & Targeting,Content Strategy,Marketing Strategy,Social Media Marketing,Instagram,Lead Generation,Facebook,Content Writing,,,,,,,,,,,,,,,,,,,,,,
"Perl
F#
English
JavaScript
Web Development
Web Design",Perl,F#,English,JavaScript,Web Development,Web Design,,,,,,,,,,,,,,,,,,,,,,,,,,
"English to Spanish Translation
Spanish
Translation
English",English to Spanish Translation,Spanish,Translation,English,,,,,,,,,,,,,,,,,,,,,,,,,,,,
"CSS
JavaScript
HTML",CSS,JavaScript,HTML,,,,,,,,,,,,,,,,,,,,,,,,,,,,,
"Brand Identity & Guidelines
Brand Identity Design
Brochure Design
Advertising Design
Food & Beverage
Brochure Designer
Adobe Photoshop
Adobe InDesign
Adobe Illustrator
Graphic Design",Brand Identity & Guidelines,Brand Identity Design,Brochure Design,Advertising Design,Food & Beverage,Brochure Designer,Adobe Photoshop,Adobe InDesign,Adobe Illustrator,Graphic Design,,,,,,,,,,,,,,,,,,,,,,
"Business Strategy
Business Writing
Writing
Academic Writing
Researcher
English
Business Services",Business Strategy,Business Writing,Writing,Academic Writing,Researcher,English,Business Services,,,,,,,,,,,,,,,,,,,,,,,,,
"WordPress
WooCommerce
Ecommerce Website
Web Development",WordPress,WooCommerce,Ecommerce Website,Web Development,,,,,,,,,,,,,,,,,,,,,,,,,,,,
"Web Design
Web Development
Graphic Design
Creative Writing
Fashion Consultation",Web Design,Web Development,Graphic Design,Creative Writing,Fashion Consultation,,,,,,,,,,,,,,,,,,,,,,,,,,,
"Business with 1-9 Employees
Web Design
Wix
Graphic Design",Business with 1-9 Employees,Web Design,Wix,Graphic Design,,,,,,,,,,,,,,,,,,,,,,,,,,,,
"Web Design
Advertising Design
Brand Identity Design
Banner Ad Design
Fashion & Beauty",Web Design,Advertising Design,Brand Identity Design,Banner Ad Design,Fashion & Beauty,,,,,,,,,,,,,,,,,,,,,,,,,,,
"Medical Device
Medical Law
Cold Calling
Cold Call
Laboratory Equipment Skills",Medical Device,Medical Law,Cold Calling,Cold Call,Laboratory Equipment Skills,,,,,,,,,,,,,,,,,,,,,,,,,,,
"API
WordPress
JavaScript
WordPress Plugin
WooCommerce
MySQL
CSS
HTML
Plugin Development
PHP",API,WordPress,JavaScript,WordPress Plugin,WooCommerce,MySQL,CSS,HTML,Plugin Development,PHP,,,,,,,,,,,,,,,,,,,,,,
"Facebook Advertising
Social Media Marketing
Instagram
Retargeting
Pay Per Click Advertising
Conversion Rate Optimization",Facebook Advertising,Social Media Marketing,Instagram,Retargeting,Pay Per Click Advertising,Conversion Rate Optimization,,,,,,,,,,,,,,,,,,,,,,,,,,
"Social Media Marketing
Social Media Content
Instagram
Facebook
Social Media Strategy
Community Engagement
Social Media Content Creation",Social Media Marketing,Social Media Content,Instagram,Facebook,Social Media Strategy,Community Engagement,Social Media Content Creation,,,,,,,,,,,,,,,,,,,,,,,,,
"Contract Drafting
Contract Law
Legal Writing
Non-Disclosure Agreement
Legal Research",Contract Drafting,Contract Law,Legal Writing,Non-Disclosure Agreement,Legal Research,,,,,,,,,,,,,,,,,,,,,,,,,,,
"CodeIgniter
PHP
Web Development
CSS
jQuery
JavaScript",CodeIgniter,PHP,Web Development,CSS,jQuery,JavaScript,,,,,,,,,,,,,,,,,,,,,,,,,,
"Voice-Over
US English Dialect
Female
Male
American English Accent",Voice-Over,US English Dialect,Female,Male,American English Accent,,,,,,,,,,,,,,,,,,,,,,,,,,,
"Manufacturing & Construction
Retail & Consumer Goods
Supply Chain & Logistics
Business with 1-9 Employees
B2B Marketing
Sales
Lead Generation
Cold Calling
Outbound Sales
Telemarketing",Manufacturing & Construction,Retail & Consumer Goods,Supply Chain & Logistics,Business with 1-9 Employees,B2B Marketing,Sales,Lead Generation,Cold Calling,Outbound Sales,Telemarketing,,,,,,,,,,,,,,,,,,,,,,
"Data Scraping
Data Mining
Data Entry
Lead Generation
List Building
Prospect List
Microsoft Excel
Researcher",Data Scraping,Data Mining,Data Entry,Lead Generation,List Building,Prospect List,Microsoft Excel,Researcher,,,,,,,,,,,,,,,,,,,,,,,,
"Advertising Research
Market Researcher
Market Analysis
App Store Optimization
Audience Segmentation & Targeting
Market Research
Competitive Analysis",Advertising Research,Market Researcher,Market Analysis,App Store Optimization,Audience Segmentation & Targeting,Market Research,Competitive Analysis,,,,,,,,,,,,,,,,,,,,,,,,,
"Ruby on Rails
Node.js
Vue.js
Web Application
API Integration
PostgreSQL
JavaScript
Web Development",Ruby on Rails,Node.js,Vue.js,Web Application,API Integration,PostgreSQL,JavaScript,Web Development,,,,,,,,,,,,,,,,,,,,,,,,
"API
Automation
Python",API,Automation,Python,,,,,,,,,,,,,,,,,,,,,,,,,,,,,
Search Engine Optimization,Search Engine Optimization,,,,,,,,,,,,,,,,,,,,,,,,,,,,,,,
"Figma
Web Design
Graphic Design
User Interface Design",Figma,Web Design,Graphic Design,User Interface Design,,,,,,,,,,,,,,,,,,,,,,,,,,,,
"Landing Page
Elementor",Landing Page,Elementor,,,,,,,,,,,,,,,,,,,,,,,,,,,,,,
"Microsoft Excel
Microsoft Office
PDF Conversion
Data Entry
Microsoft Word
PDF
Accuracy Verification
Typing",Microsoft Excel,Microsoft Office,PDF Conversion,Data Entry,Microsoft Word,PDF,Accuracy Verification,Typing,,,,,,,,,,,,,,,,,,,,,,,,
"Virtual Assistance
Data Entry
Digital Marketing
Administrative Assistant
Ecommerce Assistant
Correspondence Clerk
Document Control Clerk
Document Conversion Clerk
Data Entry Clerk
YouTube Marketing",Virtual Assistance,Data Entry,Digital Marketing,Administrative Assistant,Ecommerce Assistant,Correspondence Clerk,Document Control Clerk,Document Conversion Clerk,Data Entry Clerk,YouTube Marketing,,,,,,,,,,,,,,,,,,,,,,
Azerbaijani,Azerbaijani,,,,,,,,,,,,,,,,,,,,,,,,,,,,,,,
"Administrative Support
Communications
Virtual Assistance
Translation
Creative Writing",Administrative Support,Communications,Virtual Assistance,Translation,Creative Writing,,,,,,,,,,,,,,,,,,,,,,,,,,,
"SolidWorks
Autodesk AutoCAD
Drafting
3D Modeling
Mechanical Design
SketchUp
2D Design
Engineering Design
Architectural Rendering",SolidWorks,Autodesk AutoCAD,Drafting,3D Modeling,Mechanical Design,SketchUp,2D Design,Engineering Design,Architectural Rendering,,,,,,,,,,,,,,,,,,,,,,,
"Lisp
JavaScript",Lisp,JavaScript,,,,,,,,,,,,,,,,,,,,,,,,,,,,,,
"Video Editing
Adobe Premiere Pro
Adobe After Effects
Animation
Motion Graphics
2D Animation",Video Editing,Adobe Premiere Pro,Adobe After Effects,Animation,Motion Graphics,2D Animation,,,,,,,,,,,,,,,,,,,,,,,,,,
"React
CSS
HTML
HTML5
CSS 3",React,CSS,HTML,HTML5,CSS 3,,,,,,,,,,,,,,,,,,,,,,,,,,,
Ad Posting,Ad Posting,,,,,,,,,,,,,,,,,,,,,,,,,,,,,,,
"Fiction
Demo Video
Video Editing
Audio Editing
Adobe Premiere Pro
Video Post-Editing
Video Commercial
Final Cut Pro X
Audio Production",Fiction,Demo Video,Video Editing,Audio Editing,Adobe Premiere Pro,Video Post-Editing,Video Commercial,Final Cut Pro X,Audio Production,,,,,,,,,,,,,,,,,,,,,,,
"Copywriting
Editing & Proofreading
Storytelling
Book Writing
Ebook
Ghostwriting",Copywriting,Editing & Proofreading,Storytelling,Book Writing,Ebook,Ghostwriting,,,,,,,,,,,,,,,,,,,,,,,,,,
"WordPress
WooCommerce
Web Design
Web Development
Magento
JavaScript
CSS
Ecommerce Platform Development
Wix
Responsive Design",WordPress,WooCommerce,Web Design,Web Development,Magento,JavaScript,CSS,Ecommerce Platform Development,Wix,Responsive Design,,,,,,,,,,,,,,,,,,,,,,
"Electrical Design
Electrical Layout Design
Electrical Engineering
Electronics
Circuit Design",Electrical Design,Electrical Layout Design,Electrical Engineering,Electronics,Circuit Design,,,,,,,,,,,,,,,,,,,,,,,,,,,
"Photo Slideshow
Music Video
Screencasting Video
Video Commercial
Color Grading
Final Cut Pro X
DaVinci Resolve
Visual Effects
Rotoscoping
Compositing
Maxon Cinema 4D
Avid Media Composer
Adobe Premiere Pro
Video Post-Editing
Video Editing
Video Production
Adobe After Effects
Audio Editing
Motion Graphics
Videography
Video Editing & Production
Video Intro & Outro
YouTube Marketing
Education",Photo Slideshow,Music Video,Screencasting Video,Video Commercial,Color Grading,Final Cut Pro X,DaVinci Resolve,Visual Effects,Rotoscoping,Compositing,Maxon Cinema 4D,Avid Media Composer,Adobe Premiere Pro,Video Post-Editing,Video Editing,Video Production,Adobe After Effects,Audio Editing,Motion Graphics,Videography,Video Editing & Production,Video Intro & Outro,YouTube Marketing,Education,,,,,,,,
"Data Entry
Virtual Assistant
Administrative Support
Accuracy Verification
Researcher
Typing",Data Entry,Virtual Assistant,Administrative Support,Accuracy Verification,Researcher,Typing,,,,,,,,,,,,,,,,,,,,,,,,,,
"Lead Generation
List Building
Data Entry
Data Scraping
Market Research",Lead Generation,List Building,Data Entry,Data Scraping,Market Research,,,,,,,,,,,,,,,,,,,,,,,,,,,
"Blog Content
Article
Proofreading
Error Detection
Editor
Writing
French",Blog Content,Article,Proofreading,Error Detection,Editor,Writing,French,,,,,,,,,,,,,,,,,,,,,,,,,
"Android
Unity
Game Development
Mobile Game",Android,Unity,Game Development,Mobile Game,,,,,,,,,,,,,,,,,,,,,,,,,,,,
"Blog Content
Article
Proofreading
German
Error Detection
Editor
Writing",Blog Content,Article,Proofreading,German,Error Detection,Editor,Writing,,,,,,,,,,,,,,,,,,,,,,,,,
"Arabic
Voice-Over
Male",Arabic,Voice-Over,Male,,,,,,,,,,,,,,,,,,,,,,,,,,,,,
"Google Search Console
On-Page SEO
WordPress
Search Engine Optimization
SEO Keyword Research
SEO Backlinking
Google Analytics
Search Engine
Search Engine Indexing Optimization
Search Engine Ranking",Google Search Console,On-Page SEO,WordPress,Search Engine Optimization,SEO Keyword Research,SEO Backlinking,Google Analytics,Search Engine,Search Engine Indexing Optimization,Search Engine Ranking,,,,,,,,,,,,,,,,,,,,,,
"MikroTik
MikroTik RouterOS
Mikrotik RouterBOARD
RADIUS",MikroTik,MikroTik RouterOS,Mikrotik RouterBOARD,RADIUS,,,,,,,,,,,,,,,,,,,,,,,,,,,,
"Campaign Management
Marketing Strategy
Mobile Game
Android",Campaign Management,Marketing Strategy,Mobile Game,Android,,,,,,,,,,,,,,,,,,,,,,,,,,,,
"CSS
HTML5
CSS 3
JavaScript
jQuery
Graphic Design",CSS,HTML5,CSS 3,JavaScript,jQuery,Graphic Design,,,,,,,,,,,,,,,,,,,,,,,,,,
"Academic Editing
Error Detection
Editor
English
Proofreading",Academic Editing,Error Detection,Editor,English,Proofreading,,,,,,,,,,,,,,,,,,,,,,,,,,,
"React
Python
MongoDB
RESTful API
Docker
Elasticsearch
Kibana
RabbitMQ
Python Script
Django
unittest",React,Python,MongoDB,RESTful API,Docker,Elasticsearch,Kibana,RabbitMQ,Python Script,Django,unittest,,,,,,,,,,,,,,,,,,,,,
"Social Media Management
Social Media Marketing
Social Media Content Creation
Content Writing
Social Media Content
Instagram
Instagram Story",Social Media Management,Social Media Marketing,Social Media Content Creation,Content Writing,Social Media Content,Instagram,Instagram Story,,,,,,,,,,,,,,,,,,,,,,,,,
"Project Management
Digital Project Management
Communications
Critical Thinking Skills",Project Management,Digital Project Management,Communications,Critical Thinking Skills,,,,,,,,,,,,,,,,,,,,,,,,,,,,
"Landing Page
Interaction Design
Web Design
WordPress
Kajabi
LinkedIn Plugin
Mailchimp Plugin
Business with 1-9 Employees
HTML",Landing Page,Interaction Design,Web Design,WordPress,Kajabi,LinkedIn Plugin,Mailchimp Plugin,Business with 1-9 Employees,HTML,,,,,,,,,,,,,,,,,,,,,,,
"HTML5
JavaScript
ASP.NET
Enterprise Resource Planning
Supply Chain Management
Inventory Management
Warehouse Management
Order Management
Application Integration
ERP Software",HTML5,JavaScript,ASP.NET,Enterprise Resource Planning,Supply Chain Management,Inventory Management,Warehouse Management,Order Management,Application Integration,ERP Software,,,,,,,,,,,,,,,,,,,,,,
"Lead Generation
Sales Development
Finance & Accounting
Tech & IT
Supply Chain & Logistics
Sales
ERP Software
Business Development
Price & Quote Negotiation",Lead Generation,Sales Development,Finance & Accounting,Tech & IT,Supply Chain & Logistics,Sales,ERP Software,Business Development,Price & Quote Negotiation,,,,,,,,,,,,,,,,,,,,,,,
"Front-End Development
Web Application
JavaScript
Bootstrap
React
Next.js
Web Development
CSS",Front-End Development,Web Application,JavaScript,Bootstrap,React,Next.js,Web Development,CSS,,,,,,,,,,,,,,,,,,,,,,,,
"Market Research
English
Sourcing
Buying
Researcher
Supplier Search
Vietnamese to English Translation
Fashion & Apparel
Furniture",Market Research,English,Sourcing,Buying,Researcher,Supplier Search,Vietnamese to English Translation,Fashion & Apparel,Furniture,,,,,,,,,,,,,,,,,,,,,,,
"Female
Acting
English
Modeling
TikTok
YouTube
Content Creation
Instagram",Female,Acting,English,Modeling,TikTok,YouTube,Content Creation,Instagram,,,,,,,,,,,,,,,,,,,,,,,,
"Influencer Marketing
Social Media Advertising
Finance & Accounting
Affiliate Marketing
Internet Marketing",Influencer Marketing,Social Media Advertising,Finance & Accounting,Affiliate Marketing,Internet Marketing,,,,,,,,,,,,,,,,,,,,,,,,,,,
"Web Application
Angular
CSS
JavaScript
HTML",Web Application,Angular,CSS,JavaScript,HTML,,,,,,,,,,,,,,,,,,,,,,,,,,,
"Wix
Web Development",Wix,Web Development,,,,,,,,,,,,,,,,,,,,,,,,,,,,,,
"Virtual Assistant
Email Communication
Administrative Support",Virtual Assistant,Email Communication,Administrative Support,,,,,,,,,,,,,,,,,,,,,,,,,,,,,
"Web Design
Landing Page
API Integration
App Development
Shopify
Shopify Templates
Ecommerce Platform Development
Web Development
Shopify Theme",Web Design,Landing Page,API Integration,App Development,Shopify,Shopify Templates,Ecommerce Platform Development,Web Development,Shopify Theme,,,,,,,,,,,,,,,,,,,,,,,
"PCB Design
Altium Designer
Electronic Design
Circuit Design",PCB Design,Altium Designer,Electronic Design,Circuit Design,,,,,,,,,,,,,,,,,,,,,,,,,,,,
"Wix
Web Design
Graphic Design",Wix,Web Design,Graphic Design,,,,,,,,,,,,,,,,,,,,,,,,,,,,,
"Java
Spring Framework
React
Web Development
Web Application
RESTful API
HTML5
CSS",Java,Spring Framework,React,Web Development,Web Application,RESTful API,HTML5,CSS,,,,,,,,,,,,,,,,,,,,,,,,
".NET Framework
C#
.NET Stack",.NET Framework,C#,.NET Stack,,,,,,,,,,,,,,,,,,,,,,,,,,,,,
"Web Design
GoDaddy
Blog
Search Engine Optimization
Content Writing
Blog Writing
Graphic Design",Web Design,GoDaddy,Blog,Search Engine Optimization,Content Writing,Blog Writing,Graphic Design,,,,,,,,,,,,,,,,,,,,,,,,,
"SVG
Vector Graphic
Illustration
Graphic Design",SVG,Vector Graphic,Illustration,Graphic Design,,,,,,,,,,,,,,,,,,,,,,,,,,,,
"English to Hebrew Translation
Content Writing",English to Hebrew Translation,Content Writing,,,,,,,,,,,,,,,,,,,,,,,,,,,,,,
"Apache Spark
SQL
Data Analysis
Python
Data Scraping
Business Intelligence
Data Mining",Apache Spark,SQL,Data Analysis,Python,Data Scraping,Business Intelligence,Data Mining,,,,,,,,,,,,,,,,,,,,,,,,,
"Java
Spring Boot
Spring Framework",Java,Spring Boot,Spring Framework,,,,,,,,,,,,,,,,,,,,,,,,,,,,,
"Marketing Strategy
Social Media Marketing
Public Relations
Social Media Management
Digital Marketing",Marketing Strategy,Social Media Marketing,Public Relations,Social Media Management,Digital Marketing,,,,,,,,,,,,,,,,,,,,,,,,,,,
"Resume Writing
English
Resume",Resume Writing,English,Resume,,,,,,,,,,,,,,,,,,,,,,,,,,,,,
"MongoDB
HTML
CSS
JavaScript",MongoDB,HTML,CSS,JavaScript,,,,,,,,,,,,,,,,,,,,,,,,,,,,
"Clothing
Mockup
Adobe Photoshop
Photo Editing
Image Editing",Clothing,Mockup,Adobe Photoshop,Photo Editing,Image Editing,,,,,,,,,,,,,,,,,,,,,,,,,,,
"Malayalam
Audio Transcription
Typing
AWS Lambda
General Transcription
Artificial Intelligence",Malayalam,Audio Transcription,Typing,AWS Lambda,General Transcription,Artificial Intelligence,,,,,,,,,,,,,,,,,,,,,,,,,,
"Web Application
Browser Extension
Google Chrome Extension",Web Application,Browser Extension,Google Chrome Extension,,,,,,,,,,,,,,,,,,,,,,,,,,,,,
"Project Management
Odoo Development
Python
JavaScript",Project Management,Odoo Development,Python,JavaScript,,,,,,,,,,,,,,,,,,,,,,,,,,,,
"Automation
JavaScript
API
Google Chrome Extension
Python
Scripting
API Integration",Automation,JavaScript,API,Google Chrome Extension,Python,Scripting,API Integration,,,,,,,,,,,,,,,,,,,,,,,,,
"Logo Design
Graphic Design
Adobe Photoshop",Logo Design,Graphic Design,Adobe Photoshop,,,,,,,,,,,,,,,,,,,,,,,,,,,,,
"Android
JavaScript
Android App Development
Mobile App Development
iOS
Web Development
Data Entry
WordPress
Smartphone
Kotlin",Android,JavaScript,Android App Development,Mobile App Development,iOS,Web Development,Data Entry,WordPress,Smartphone,Kotlin,,,,,,,,,,,,,,,,,,,,,,
"Residential Design
Architecture Consultation
Concept Design
Master Planning
Detailed Design
Project Management
Architectural Design
Visualization
Floor Plan Design
Interior Design",Residential Design,Architecture Consultation,Concept Design,Master Planning,Detailed Design,Project Management,Architectural Design,Visualization,Floor Plan Design,Interior Design,,,,,,,,,,,,,,,,,,,,,,
"Motion Graphics
Character Design",Motion Graphics,Character Design,,,,,,,,,,,,,,,,,,,,,,,,,,,,,,
"Stripe
Stripe API
Stripe SDK",Stripe,Stripe API,Stripe SDK,,,,,,,,,,,,,,,,,,,,,,,,,,,,,
"React Native
React Native Developer",React Native,React Native Developer,,,,,,,,,,,,,,,,,,,,,,,,,,,,,,
"Inbound Inquiry
Sales
Telemarketing",Inbound Inquiry,Sales,Telemarketing,,,,,,,,,,,,,,,,,,,,,,,,,,,,,
"Stripe
Stripe API
Stripe SDK",Stripe,Stripe API,Stripe SDK,,,,,,,,,,,,,,,,,,,,,,,,,,,,,
"React Native
React Native Developer",React Native,React Native Developer,,,,,,,,,,,,,,,,,,,,,,,,,,,,,,
"Inbound Inquiry
Sales
Telemarketing",Inbound Inquiry,Sales,Telemarketing,,,,,,,,,,,,,,,,,,,,,,,,,,,,,
"Search Engine Optimization
SEO Keyword Research
SEO Backlinking",Search Engine Optimization,SEO Keyword Research,SEO Backlinking,,,,,,,,,,,,,,,,,,,,,,,,,,,,,
"3D Rendering
Architectural Rendering
Architectural Design
Autodesk AutoCAD
3D Design
Landscape Design
Exterior Rendering
3D Modeling
Landscaping",3D Rendering,Architectural Rendering,Architectural Design,Autodesk AutoCAD,3D Design,Landscape Design,Exterior Rendering,3D Modeling,Landscaping,,,,,,,,,,,,,,,,,,,,,,,
"Social Media Management
Social Media Marketing
Facebook
Social Media Content Creation
Social Media Content
Instagram",Social Media Management,Social Media Marketing,Facebook,Social Media Content Creation,Social Media Content,Instagram,,,,,,,,,,,,,,,,,,,,,,,,,,
"Writing
Editing & Proofreading
Blog Content",Writing,Editing & Proofreading,Blog Content,,,,,,,,,,,,,,,,,,,,,,,,,,,,,
"3D Rendering
3D Modeling
Photorealistic Rendering
Autodesk Maya",3D Rendering,3D Modeling,Photorealistic Rendering,Autodesk Maya,,,,,,,,,,,,,,,,,,,,,,,,,,,,
"Web Development
WordPress
Web Design
PHP
HTML",Web Development,WordPress,Web Design,PHP,HTML,,,,,,,,,,,,,,,,,,,,,,,,,,,
"Content Writing
Scriptwriting
Writing
Creative Writing
English",Content Writing,Scriptwriting,Writing,Creative Writing,English,,,,,,,,,,,,,,,,,,,,,,,,,,,
"WordPress
WordPress Plugin
WordPress Theme
Theme Customization",WordPress,WordPress Plugin,WordPress Theme,Theme Customization,,,,,,,,,,,,,,,,,,,,,,,,,,,,
"Video Editing
Explainer Video
Adobe Premiere Pro
Final Cut Pro X
Adobe After Effects",Video Editing,Explainer Video,Adobe Premiere Pro,Final Cut Pro X,Adobe After Effects,,,,,,,,,,,,,,,,,,,,,,,,,,,
"3D Design
Package Graphics
Graphic Design
Covers & Packaging
Label & Package Design
Packaging Design",3D Design,Package Graphics,Graphic Design,Covers & Packaging,Label & Package Design,Packaging Design,,,,,,,,,,,,,,,,,,,,,,,,,,
"Adobe Photoshop
Adobe Illustrator
Photo Editing",Adobe Photoshop,Adobe Illustrator,Photo Editing,,,,,,,,,,,,,,,,,,,,,,,,,,,,,
"Autodesk Navisworks
BIM Family Creation
Finite Element Analysis
3D Modeling
Autodesk Revit
Autodesk AutoCAD
Building Information Modeling
Architectural Design
Architectural Rendering
Drafting",Autodesk Navisworks,BIM Family Creation,Finite Element Analysis,3D Modeling,Autodesk Revit,Autodesk AutoCAD,Building Information Modeling,Architectural Design,Architectural Rendering,Drafting,,,,,,,,,,,,,,,,,,,,,,
"Commercial Design
Residential Design
Landscape Design
2D Design & Drawings
3D Modeling
Floor Plan Design",Commercial Design,Residential Design,Landscape Design,2D Design & Drawings,3D Modeling,Floor Plan Design,,,,,,,,,,,,,,,,,,,,,,,,,,
"Topic Research
Online Research
Information Literacy
Research Methods",Topic Research,Online Research,Information Literacy,Research Methods,,,,,,,,,,,,,,,,,,,,,,,,,,,,
"WooCommerce
PHP
API Integration
Payment Gateway Integration",WooCommerce,PHP,API Integration,Payment Gateway Integration,,,,,,,,,,,,,,,,,,,,,,,,,,,,
"Autobiography
Creative Writing
Nonfiction
Writing
Ghostwriting
Narrative
Novel
Fiction
Content Writing",Autobiography,Creative Writing,Nonfiction,Writing,Ghostwriting,Narrative,Novel,Fiction,Content Writing,,,,,,,,,,,,,,,,,,,,,,,
"Salesforce CRM
Salesforce App Development
Apex
Salesforce Lightning
API Integration",Salesforce CRM,Salesforce App Development,Apex,Salesforce Lightning,API Integration,,,,,,,,,,,,,,,,,,,,,,,,,,,
"Social Media Content
Social Media Management
Social Media Content Creation
Content Strategy",Social Media Content,Social Media Management,Social Media Content Creation,Content Strategy,,,,,,,,,,,,,,,,,,,,,,,,,,,,
"Web Design
Journey Mapping
Figma
InVision
User Experience Design
User Interface Design
Interaction Design
Responsive Design",Web Design,Journey Mapping,Figma,InVision,User Experience Design,User Interface Design,Interaction Design,Responsive Design,,,,,,,,,,,,,,,,,,,,,,,,
"Search Engine Optimization
Off-Page SEO
Web Development
SEO Audit
Google Analytics
SEO Performance",Search Engine Optimization,Off-Page SEO,Web Development,SEO Audit,Google Analytics,SEO Performance,,,,,,,,,,,,,,,,,,,,,,,,,,
SQL,SQL,,,,,,,,,,,,,,,,,,,,,,,,,,,,,,,
"Dropshipping
Facebook
Social Media Marketing
Shopify
Customer Service",Dropshipping,Facebook,Social Media Marketing,Shopify,Customer Service,,,,,,,,,,,,,,,,,,,,,,,,,,,
Sales,Sales,,,,,,,,,,,,,,,,,,,,,,,,,,,,,,,
"Android
C#
Unity
Java",Android,C#,Unity,Java,,,,,,,,,,,,,,,,,,,,,,,,,,,,
"WordPress
Adobe Photoshop
Web Development
CSS 3
JavaScript
Graphic Design
GoDaddy
Web Design
Logo Design
jQuery",WordPress,Adobe Photoshop,Web Development,CSS 3,JavaScript,Graphic Design,GoDaddy,Web Design,Logo Design,jQuery,,,,,,,,,,,,,,,,,,,,,,
"Vietnamese
Thai",Vietnamese,Thai,,,,,,,,,,,,,,,,,,,,,,,,,,,,,,
"LinkedIn
English",LinkedIn,English,,,,,,,,,,,,,,,,,,,,,,,,,,,,,,
"LinkedIn
English",LinkedIn,English,,,,,,,,,,,,,,,,,,,,,,,,,,,,,,
"Social Media Marketing
Marketing Strategy
Customer Service
Sales",Social Media Marketing,Marketing Strategy,Customer Service,Sales,,,,,,,,,,,,,,,,,,,,,,,,,,,,
"Content Localization
German
English to German Translation",Content Localization,German,English to German Translation,,,,,,,,,,,,,,,,,,,,,,,,,,,,,
"Git
TypeScript
Node.js
React
NestJS
Web Development
API",Git,TypeScript,Node.js,React,NestJS,Web Development,API,,,,,,,,,,,,,,,,,,,,,,,,,
"Content Writing
Creative Writing
Copywriting
Writing
Researcher
Scriptwriting
Search Engine Optimization
Article Writing
Blog Writing
SEO Writing",Content Writing,Creative Writing,Copywriting,Writing,Researcher,Scriptwriting,Search Engine Optimization,Article Writing,Blog Writing,SEO Writing,,,,,,,,,,,,,,,,,,,,,,
"English
Scriptwriting
Content Writing
Scripting
Movie",English,Scriptwriting,Content Writing,Scripting,Movie,,,,,,,,,,,,,,,,,,,,,,,,,,,
"Facebook Advertising
Facebook
Social Media Advertising
Retargeting
Social Media Marketing",Facebook Advertising,Facebook,Social Media Advertising,Retargeting,Social Media Marketing,,,,,,,,,,,,,,,,,,,,,,,,,,,
"Electrical Engineering
Load Calculation",Electrical Engineering,Load Calculation,,,,,,,,,,,,,,,,,,,,,,,,,,,,,,
"User Interface Developer
Figma
Wireframing
Web Design
Responsive Design
Prototyping
Mockup
User Interface Design",User Interface Developer,Figma,Wireframing,Web Design,Responsive Design,Prototyping,Mockup,User Interface Design,,,,,,,,,,,,,,,,,,,,,,,,
"Adobe Photoshop
Photo Manipulation
Product Photography
Image Editing
Photo Editing",Adobe Photoshop,Photo Manipulation,Product Photography,Image Editing,Photo Editing,,,,,,,,,,,,,,,,,,,,,,,,,,,
Video Editing,Video Editing,,,,,,,,,,,,,,,,,,,,,,,,,,,,,,,
"Linux
Kubernetes
Docker
DevOps",Linux,Kubernetes,Docker,DevOps,,,,,,,,,,,,,,,,,,,,,,,,,,,,
"HVAC System Design
Mechanical Engineering
Mechanical, Electrical & Plumbing Systems
CAD Drafting",HVAC System Design,Mechanical Engineering,"Mechanical, Electrical & Plumbing Systems",CAD Drafting,,,,,,,,,,,,,,,,,,,,,,,,,,,,
"Business Writing
English
Content Writing
Communications",Business Writing,English,Content Writing,Communications,,,,,,,,,,,,,,,,,,,,,,,,,,,,
"Building Information Modeling
Structural Detailing
Tekla Structures
Autodesk Revit
Advance Steel
Steel Detail Drawing
Autodesk AutoCAD
Structural Engineering
Structural Analysis
Architectural Rendering",Building Information Modeling,Structural Detailing,Tekla Structures,Autodesk Revit,Advance Steel,Steel Detail Drawing,Autodesk AutoCAD,Structural Engineering,Structural Analysis,Architectural Rendering,,,,,,,,,,,,,,,,,,,,,,
"DevExpress
C#",DevExpress,C#,,,,,,,,,,,,,,,,,,,,,,,,,,,,,,
"Web Design
Web Development
WordPress
Shopify",Web Design,Web Development,WordPress,Shopify,,,,,,,,,,,,,,,,,,,,,,,,,,,,
"Residential Design
Construction
Construction Estimating
Architectural Rendering
Autodesk AutoCAD
Floor Plan Design
2D Design & Drawings
SketchUp
Quantity Surveying
Architectural Design",Residential Design,Construction,Construction Estimating,Architectural Rendering,Autodesk AutoCAD,Floor Plan Design,2D Design & Drawings,SketchUp,Quantity Surveying,Architectural Design,,,,,,,,,,,,,,,,,,,,,,
"Microsoft Excel
Financial Modeling
Financial Analysis
Financial Projection
Forecasting",Microsoft Excel,Financial Modeling,Financial Analysis,Financial Projection,Forecasting,,,,,,,,,,,,,,,,,,,,,,,,,,,
"Facebook
Facebook Advertising
Social Media Advertising
Social Media Marketing
Facebook Ads Manager
Retargeting
Instagram",Facebook,Facebook Advertising,Social Media Advertising,Social Media Marketing,Facebook Ads Manager,Retargeting,Instagram,,,,,,,,,,,,,,,,,,,,,,,,,
"Next.js
three.js
Vue.js
React",Next.js,three.js,Vue.js,React,,,,,,,,,,,,,,,,,,,,,,,,,,,,
"Facebook Ads Manager
Facebook Advertising",Facebook Ads Manager,Facebook Advertising,,,,,,,,,,,,,,,,,,,,,,,,,,,,,,
"React
HTML
JavaScript",React,HTML,JavaScript,,,,,,,,,,,,,,,,,,,,,,,,,,,,,
"Android
Android App Development
Smartphone
Mobile App Development",Android,Android App Development,Smartphone,Mobile App Development,,,,,,,,,,,,,,,,,,,,,,,,,,,,
"Technical Documentation
Marketing Automation Software
AI",Technical Documentation,Marketing Automation Software,AI,,,,,,,,,,,,,,,,,,,,,,,,,,,,,
"React Native Developer
PHP Developer",React Native Developer,PHP Developer,,,,,,,,,,,,,,,,,,,,,,,,,,,,,,
"Presentation Design
PPTX
Education Presentation
Microsoft PowerPoint
Training Presentation",Presentation Design,PPTX,Education Presentation,Microsoft PowerPoint,Training Presentation,,,,,,,,,,,,,,,,,,,,,,,,,,,
"Korean
Korean to English Translation
Contract Translation",Korean,Korean to English Translation,Contract Translation,,,,,,,,,,,,,,,,,,,,,,,,,,,,,
"Sports & Fitness
Health & Fitness
Online Instruction",Sports & Fitness,Health & Fitness,Online Instruction,,,,,,,,,,,,,,,,,,,,,,,,,,,,,
"Java
Swing
GUI Framework",Java,Swing,GUI Framework,,,,,,,,,,,,,,,,,,,,,,,,,,,,,
"Content Writing
Article
Researcher",Content Writing,Article,Researcher,,,,,,,,,,,,,,,,,,,,,,,,,,,,,
"Amazon Webstore
Organic Traffic Growth
SEO Writing
On-Page SEO
Search Engine Optimization
Amazon",Amazon Webstore,Organic Traffic Growth,SEO Writing,On-Page SEO,Search Engine Optimization,Amazon,,,,,,,,,,,,,,,,,,,,,,,,,,
"Node.js
React
Web Development
PHP
JavaScript
HTML
CSS
WordPress
Web Design",Node.js,React,Web Development,PHP,JavaScript,HTML,CSS,WordPress,Web Design,,,,,,,,,,,,,,,,,,,,,,,
"Machine Learning Model
Computer Vision
Machine Learning
Python
Data Scraping
Scripting
Data Science
NumPy
TensorFlow
Python Script",Machine Learning Model,Computer Vision,Machine Learning,Python,Data Scraping,Scripting,Data Science,NumPy,TensorFlow,Python Script,,,,,,,,,,,,,,,,,,,,,,
"UI Animation
3D Modeling
3D Design",UI Animation,3D Modeling,3D Design,,,,,,,,,,,,,,,,,,,,,,,,,,,,,
"Videography
Video Production
Video Editing
Video Post-Editing
Camera",Videography,Video Production,Video Editing,Video Post-Editing,Camera,,,,,,,,,,,,,,,,,,,,,,,,,,,
"Web Application
API Integration
Angular
AngularJS
Web Design",Web Application,API Integration,Angular,AngularJS,Web Design,,,,,,,,,,,,,,,,,,,,,,,,,,,
"React Native
React Native Developer",React Native,React Native Developer,,,,,,,,,,,,,,,,,,,,,,,,,,,,,,
Videography,Videography,,,,,,,,,,,,,,,,,,,,,,,,,,,,,,,
"Virtual Assistant
Communications
Researcher
Email Communication
Accuracy Verification
Photography",Virtual Assistant,Communications,Researcher,Email Communication,Accuracy Verification,Photography,,,,,,,,,,,,,,,,,,,,,,,,,,
Videography,Videography,,,,,,,,,,,,,,,,,,,,,,,,,,,,,,,
"Virtual Assistant
Communications
Researcher
Email Communication
Accuracy Verification
Photography",Virtual Assistant,Communications,Researcher,Email Communication,Accuracy Verification,Photography,,,,,,,,,,,,,,,,,,,,,,,,,,
"Instagram
Social Media Marketing
Social Media Management
Social Media Content Creation",Instagram,Social Media Marketing,Social Media Management,Social Media Content Creation,,,,,,,,,,,,,,,,,,,,,,,,,,,,
"Sourcing
Price & Quote Negotiation
Supply Chain Management
Alibaba Sourcing
Logistics Management",Sourcing,Price & Quote Negotiation,Supply Chain Management,Alibaba Sourcing,Logistics Management,,,,,,,,,,,,,,,,,,,,,,,,,,,
"React
Redux
React Native
Web Application
Node.js
MongoDB
JSON
Web Development",React,Redux,React Native,Web Application,Node.js,MongoDB,JSON,Web Development,,,,,,,,,,,,,,,,,,,,,,,,
"Adobe XD
Figma
Mockup
Mobile App
Mobile App Design
UI/UX Prototyping
Mobile App Improvement
Mobile App Development",Adobe XD,Figma,Mockup,Mobile App,Mobile App Design,UI/UX Prototyping,Mobile App Improvement,Mobile App Development,,,,,,,,,,,,,,,,,,,,,,,,
"Facebook Advertising
Instagram
Facebook Pixel Setup & Optimization
Facebook
Social Media Management
Social Media Content Creation
Search Engine Optimization
Facebook Ad Campaign",Facebook Advertising,Instagram,Facebook Pixel Setup & Optimization,Facebook,Social Media Management,Social Media Content Creation,Search Engine Optimization,Facebook Ad Campaign,,,,,,,,,,,,,,,,,,,,,,,,
"Adobe Illustrator
Adobe Photoshop
Adobe InDesign
Social Media Imagery
Web Design
Illustration
Graphic Design
Instagram
Facebook
Print Design",Adobe Illustrator,Adobe Photoshop,Adobe InDesign,Social Media Imagery,Web Design,Illustration,Graphic Design,Instagram,Facebook,Print Design,,,,,,,,,,,,,,,,,,,,,,
"Data Entry
Virtual Assistant
SEO Keyword Research
Administrative Support
eBay Listing
Etsy Listing
Manage Etsy Site
Set Up Etsy Site",Data Entry,Virtual Assistant,SEO Keyword Research,Administrative Support,eBay Listing,Etsy Listing,Manage Etsy Site,Set Up Etsy Site,,,,,,,,,,,,,,,,,,,,,,,,
"Android
Java
Android App Development
Android Studio
Kotlin
Mobile App Development",Android,Java,Android App Development,Android Studio,Kotlin,Mobile App Development,,,,,,,,,,,,,,,,,,,,,,,,,,
"Adobe Illustrator
Adobe Photoshop
Adobe InDesign
Social Media Imagery
Web Design
Illustration
Graphic Design
Instagram
Facebook
Print Design",Adobe Illustrator,Adobe Photoshop,Adobe InDesign,Social Media Imagery,Web Design,Illustration,Graphic Design,Instagram,Facebook,Print Design,,,,,,,,,,,,,,,,,,,,,,
"Data Entry
Virtual Assistant
SEO Keyword Research
Administrative Support
eBay Listing
Etsy Listing
Manage Etsy Site
Set Up Etsy Site",Data Entry,Virtual Assistant,SEO Keyword Research,Administrative Support,eBay Listing,Etsy Listing,Manage Etsy Site,Set Up Etsy Site,,,,,,,,,,,,,,,,,,,,,,,,
"Android
Java
Android App Development
Android Studio
Kotlin
Mobile App Development",Android,Java,Android App Development,Android Studio,Kotlin,Mobile App Development,,,,,,,,,,,,,,,,,,,,,,,,,,
"PostgreSQL
JavaScript
TypeScript
Node.js
RESTful API",PostgreSQL,JavaScript,TypeScript,Node.js,RESTful API,,,,,,,,,,,,,,,,,,,,,,,,,,,
"Fluent
Native
Translation
French
Hebrew
Documentation
General Transcription",Fluent,Native,Translation,French,Hebrew,Documentation,General Transcription,,,,,,,,,,,,,,,,,,,,,,,,,
"Tax Planning & Advisory
Tax Preparation
Tax Return
Tax Law",Tax Planning & Advisory,Tax Preparation,Tax Return,Tax Law,,,,,,,,,,,,,,,,,,,,,,,,,,,,
"Smartphone
Native App Development
Android
Android App Development
Java
Tablet",Smartphone,Native App Development,Android,Android App Development,Java,Tablet,,,,,,,,,,,,,,,,,,,,,,,,,,
"Researcher
Data Entry
Content Writing
Article Writing
Blog Writing
Article
Writing",Researcher,Data Entry,Content Writing,Article Writing,Blog Writing,Article,Writing,,,,,,,,,,,,,,,,,,,,,,,,,
"On-Page SEO
SEO Backlinking",On-Page SEO,SEO Backlinking,,,,,,,,,,,,,,,,,,,,,,,,,,,,,,
"Google Ads
Affiliate Marketing
Social Media Ad Campaign
Social Media Marketing
Facebook
Instagram
Facebook Advertising
Marketing Strategy",Google Ads,Affiliate Marketing,Social Media Ad Campaign,Social Media Marketing,Facebook,Instagram,Facebook Advertising,Marketing Strategy,,,,,,,,,,,,,,,,,,,,,,,,
"SEO Backlinking
SEO Keyword Research
Search Engine Optimization
Off-Page SEO
Google Analytics
Organic Traffic Growth",SEO Backlinking,SEO Keyword Research,Search Engine Optimization,Off-Page SEO,Google Analytics,Organic Traffic Growth,,,,,,,,,,,,,,,,,,,,,,,,,,
"JavaScript
Web Development
PHP
Web Design
Web Application
HTML
CSS
HTML5
Java
API",JavaScript,Web Development,PHP,Web Design,Web Application,HTML,CSS,HTML5,Java,API,,,,,,,,,,,,,,,,,,,,,,
"Off-Page SEO
Media & Entertainment
Search Engine Optimization
SEO Backlinking
SEO Keyword Research
On-Page SEO",Off-Page SEO,Media & Entertainment,Search Engine Optimization,SEO Backlinking,SEO Keyword Research,On-Page SEO,,,,,,,,,,,,,,,,,,,,,,,,,,
"Web Design
Mockup
Wireframing
User Interface Design
User Flow
Responsive Design
Mobile App Design
Graphic Design
Prototyping",Web Design,Mockup,Wireframing,User Interface Design,User Flow,Responsive Design,Mobile App Design,Graphic Design,Prototyping,,,,,,,,,,,,,,,,,,,,,,,
"Sales Development
Sales Management
Sales
Business Development
Lead Generation
Partnership Development
Relationship Management
Price & Quote Negotiation",Sales Development,Sales Management,Sales,Business Development,Lead Generation,Partnership Development,Relationship Management,Price & Quote Negotiation,,,,,,,,,,,,,,,,,,,,,,,,
"Adobe Photoshop
Image Editing
Photo Retouching",Adobe Photoshop,Image Editing,Photo Retouching,,,,,,,,,,,,,,,,,,,,,,,,,,,,,
"Album Cover Design
Cover Art Design
Illustration
Digital Illustration",Album Cover Design,Cover Art Design,Illustration,Digital Illustration,,,,,,,,,,,,,,,,,,,,,,,,,,,,
"Voice-Over
US English Dialect
Male
Female
British English Accent",Voice-Over,US English Dialect,Male,Female,British English Accent,,,,,,,,,,,,,,,,,,,,,,,,,,,
"Hybrid App Development
Mobile App Design
User Interface Design
User Experience Design
Wireframing",Hybrid App Development,Mobile App Design,User Interface Design,User Experience Design,Wireframing,,,,,,,,,,,,,,,,,,,,,,,,,,,
"Web Development
Reverse Engineering",Web Development,Reverse Engineering,,,,,,,,,,,,,,,,,,,,,,,,,,,,,,
"Data Extraction
ETL
SQL
SQL Programming
Microsoft SQL Server
MySQL
Microsoft SQL Server Programming",Data Extraction,ETL,SQL,SQL Programming,Microsoft SQL Server,MySQL,Microsoft SQL Server Programming,,,,,,,,,,,,,,,,,,,,,,,,,
HTML,HTML,,,,,,,,,,,,,,,,,,,,,,,,,,,,,,,
"Big Data
Data Analytics
Google Analytics
Apache Hive
BigQuery
SQL
Data Analysis
SQL Programming
Microsoft SQL Server",Big Data,Data Analytics,Google Analytics,Apache Hive,BigQuery,SQL,Data Analysis,SQL Programming,Microsoft SQL Server,,,,,,,,,,,,,,,,,,,,,,,
"Voice Acting
Middle-Aged Adult
Male
Brazilian Portuguese Dialect
Portuguese",Voice Acting,Middle-Aged Adult,Male,Brazilian Portuguese Dialect,Portuguese,,,,,,,,,,,,,,,,,,,,,,,,,,,
"Google Analytics
Google Ads
SEO Keyword Research
Review
Reputation Management
Consumer Review
PPC Campaign Setup & Management
Search Engine Optimization
Pay Per Click Advertising",Google Analytics,Google Ads,SEO Keyword Research,Review,Reputation Management,Consumer Review,PPC Campaign Setup & Management,Search Engine Optimization,Pay Per Click Advertising,,,,,,,,,,,,,,,,,,,,,,,
"Influencer Marketing
Social Media Marketing Strategy
Text Ad
Video Advertising
Amusement & Gambling
Social Media Marketing
Instagram
Facebook
Social Media Advertising",Influencer Marketing,Social Media Marketing Strategy,Text Ad,Video Advertising,Amusement & Gambling,Social Media Marketing,Instagram,Facebook,Social Media Advertising,,,,,,,,,,,,,,,,,,,,,,,
"Adobe Illustrator
Archicad
Adobe Photoshop
AutoCAD Civil 3D
Autodesk AutoCAD
2D Design
Architectural Design
CAD
AutoCAD HVAC Loads Calculations
Drafting",Adobe Illustrator,Archicad,Adobe Photoshop,AutoCAD Civil 3D,Autodesk AutoCAD,2D Design,Architectural Design,CAD,AutoCAD HVAC Loads Calculations,Drafting,,,,,,,,,,,,,,,,,,,,,,
"Instagram
Social Media Marketing
Content Writing
Social Media Management
Social Media Content
Content Creation
Content Strategy
Social Media Content Creation
Instagram Story",Instagram,Social Media Marketing,Content Writing,Social Media Management,Social Media Content,Content Creation,Content Strategy,Social Media Content Creation,Instagram Story,,,,,,,,,,,,,,,,,,,,,,,
"Calming Tone
Casual Tone
Middle-Aged Adult
Female
Voice Acting
Voice-Over",Calming Tone,Casual Tone,Middle-Aged Adult,Female,Voice Acting,Voice-Over,,,,,,,,,,,,,,,,,,,,,,,,,,
"MySQL
MySQL Programming
SQL
Database Administration
Database Management
Server
Microsoft SQL Server
Database
Database Programming
SQL Programming",MySQL,MySQL Programming,SQL,Database Administration,Database Management,Server,Microsoft SQL Server,Database,Database Programming,SQL Programming,,,,,,,,,,,,,,,,,,,,,,
"MySQL
MySQL Programming
SQL
Database Administration
Database Management
Server
Microsoft SQL Server
Database
Database Programming
SQL Programming",MySQL,MySQL Programming,SQL,Database Administration,Database Management,Server,Microsoft SQL Server,Database,Database Programming,SQL Programming,,,,,,,,,,,,,,,,,,,,,,
"Site Planning
Microsoft Project
Project Scheduling
Project Plans
Project Timelines
Milestones",Site Planning,Microsoft Project,Project Scheduling,Project Plans,Project Timelines,Milestones,,,,,,,,,,,,,,,,,,,,,,,,,,
"Sales
Outbound Sales",Sales,Outbound Sales,,,,,,,,,,,,,,,,,,,,,,,,,,,,,,
"WordPress
Web Design
Web Development",WordPress,Web Design,Web Development,,,,,,,,,,,,,,,,,,,,,,,,,,,,,
"Sourcing
Market Research",Sourcing,Market Research,,,,,,,,,,,,,,,,,,,,,,,,,,,,,,
"Bash
Automation
Linux
Scripting
Bash Programming",Bash,Automation,Linux,Scripting,Bash Programming,,,,,,,,,,,,,,,,,,,,,,,,,,,
"Brand Identity Design
Brand Research
Brand Strategy
Competitive Analysis
Mission Statement
Brand Positioning
Branding
Brand Guidelines
Brand Identity
Storytelling",Brand Identity Design,Brand Research,Brand Strategy,Competitive Analysis,Mission Statement,Brand Positioning,Branding,Brand Guidelines,Brand Identity,Storytelling,,,,,,,,,,,,,,,,,,,,,,
"Browser Extension
Browser Automation
JavaScript
LinkedIn Plugin
Vue.js",Browser Extension,Browser Automation,JavaScript,LinkedIn Plugin,Vue.js,,,,,,,,,,,,,,,,,,,,,,,,,,,
"Social Media Management
Social Media Content
Instagram",Social Media Management,Social Media Content,Instagram,,,,,,,,,,,,,,,,,,,,,,,,,,,,,
"Low Poly
3D Game Art
3D Modeling
3D Animation
Blender
3D Rigging",Low Poly,3D Game Art,3D Modeling,3D Animation,Blender,3D Rigging,,,,,,,,,,,,,,,,,,,,,,,,,,
"User Profile Creation
User Authentication
Social Media Account Integration
Location-Based Service
In-App Search
React
React Native
Smartphone
iOS
Mobile App Development
Android",User Profile Creation,User Authentication,Social Media Account Integration,Location-Based Service,In-App Search,React,React Native,Smartphone,iOS,Mobile App Development,Android,,,,,,,,,,,,,,,,,,,,,
"2D Game Art
Concept Design",2D Game Art,Concept Design,,,,,,,,,,,,,,,,,,,,,,,,,,,,,,
"Electrical Engineering
Microcontroller
Control Engineering
Electronics
Analog Circuit
Microcontroller Programming
Electronic Design
Circuit Design
Embedded System
PCB Design",Electrical Engineering,Microcontroller,Control Engineering,Electronics,Analog Circuit,Microcontroller Programming,Electronic Design,Circuit Design,Embedded System,PCB Design,,,,,,,,,,,,,,,,,,,,,,
"Python
Automation
Python Script
JavaScript
Data Scraping",Python,Automation,Python Script,JavaScript,Data Scraping,,,,,,,,,,,,,,,,,,,,,,,,,,,
"Native
Subtitles
Caption
General Transcription
English",Native,Subtitles,Caption,General Transcription,English,,,,,,,,,,,,,,,,,,,,,,,,,,,
"English to Norwegian Translation
Norwegian
Translation
English
Documentation
Content Localization
Proofreading",English to Norwegian Translation,Norwegian,Translation,English,Documentation,Content Localization,Proofreading,,,,,,,,,,,,,,,,,,,,,,,,,
"Python
MATLAB
Academic Research
Academic Proofreading
Academic Writing
Microsoft Visual Studio",Python,MATLAB,Academic Research,Academic Proofreading,Academic Writing,Microsoft Visual Studio,,,,,,,,,,,,,,,,,,,,,,,,,,
"Graphic Design
Adobe Photoshop
Adobe Illustrator
Social Media Imagery
Adobe InDesign",Graphic Design,Adobe Photoshop,Adobe Illustrator,Social Media Imagery,Adobe InDesign,,,,,,,,,,,,,,,,,,,,,,,,,,,
"WordPress
Web Design
Web Development
Squarespace
Website
Shopify
phpMyAdmin
Mockup",WordPress,Web Design,Web Development,Squarespace,Website,Shopify,phpMyAdmin,Mockup,,,,,,,,,,,,,,,,,,,,,,,,
"Database
Database Design
Ruby
NGINX
Java
PHP
API
Python
MySQL
JavaScript",Database,Database Design,Ruby,NGINX,Java,PHP,API,Python,MySQL,JavaScript,,,,,,,,,,,,,,,,,,,,,,
"Database
Database Design
Ruby
NGINX
Java
PHP
API
Python
MySQL
JavaScript",Database,Database Design,Ruby,NGINX,Java,PHP,API,Python,MySQL,JavaScript,,,,,,,,,,,,,,,,,,,,,,
"Web Design
Web Development
WordPress",Web Design,Web Development,WordPress,,,,,,,,,,,,,,,,,,,,,,,,,,,,,
"Flutter
WordPress
Loyalty Marketing",Flutter,WordPress,Loyalty Marketing,,,,,,,,,,,,,,,,,,,,,,,,,,,,,
"Logo Design
Graphic Design
Adobe Photoshop
Adobe Illustrator
Brand Identity & Guidelines
Illustration
Corporate Brand Identity
Minimalist",Logo Design,Graphic Design,Adobe Photoshop,Adobe Illustrator,Brand Identity & Guidelines,Illustration,Corporate Brand Identity,Minimalist,,,,,,,,,,,,,,,,,,,,,,,,
"Content Writing
Article Writing
Article
Writing
English
SEO Writing
Copywriting
Researcher",Content Writing,Article Writing,Article,Writing,English,SEO Writing,Copywriting,Researcher,,,,,,,,,,,,,,,,,,,,,,,,
"Web Design
Wireframing
User Interface Design
Responsive Design
UX Research",Web Design,Wireframing,User Interface Design,Responsive Design,UX Research,,,,,,,,,,,,,,,,,,,,,,,,,,,
"Facebook Advertising
Social Media Marketing Strategy
Campaign Management
Social Media Marketing
Social Media Advertising",Facebook Advertising,Social Media Marketing Strategy,Campaign Management,Social Media Marketing,Social Media Advertising,,,,,,,,,,,,,,,,,,,,,,,,,,,
"Arduino
Arduino Firmware
Electronic Design",Arduino,Arduino Firmware,Electronic Design,,,,,,,,,,,,,,,,,,,,,,,,,,,,,
"WordPress
Blog Writing
Researcher",WordPress,Blog Writing,Researcher,,,,,,,,,,,,,,,,,,,,,,,,,,,,,
"T-Shirt Design
Clothing
Graphic Design",T-Shirt Design,Clothing,Graphic Design,,,,,,,,,,,,,,,,,,,,,,,,,,,,,
"International Accounting Standards
Financial Report
Accounting
Microsoft Excel
Account Reconciliation
Bank Reconciliation
Financial Accounting
Balance Sheet
Chart of Accounts
Bookkeeping",International Accounting Standards,Financial Report,Accounting,Microsoft Excel,Account Reconciliation,Bank Reconciliation,Financial Accounting,Balance Sheet,Chart of Accounts,Bookkeeping,,,,,,,,,,,,,,,,,,,,,,
"PHP
API
Laravel
Flutter",PHP,API,Laravel,Flutter,,,,,,,,,,,,,,,,,,,,,,,,,,,,
"Lead Generation
Email Marketing
Native Advertising",Lead Generation,Email Marketing,Native Advertising,,,,,,,,,,,,,,,,,,,,,,,,,,,,,
"Autobiography
Ebook
Ghostwriting
Creative Writing
Ebook Writing
Medical Writing
Content Writing",Autobiography,Ebook,Ghostwriting,Creative Writing,Ebook Writing,Medical Writing,Content Writing,,,,,,,,,,,,,,,,,,,,,,,,,
"Video Editing
Video Production
Video Post-Editing
Audio Editing
Adobe After Effects",Video Editing,Video Production,Video Post-Editing,Audio Editing,Adobe After Effects,,,,,,,,,,,,,,,,,,,,,,,,,,,
"Email Marketing
Lead Generation Analysis
Appointment Setting
Lead Generation Strategy
Market Research
Social Media Lead Generation
Telemarketing",Email Marketing,Lead Generation Analysis,Appointment Setting,Lead Generation Strategy,Market Research,Social Media Lead Generation,Telemarketing,,,,,,,,,,,,,,,,,,,,,,,,,
"Education
Patent
Patent Law
Intellectual Property Law
Drafting
Patent Preparation
Legal",Education,Patent,Patent Law,Intellectual Property Law,Drafting,Patent Preparation,Legal,,,,,,,,,,,,,,,,,,,,,,,,,
"2D Art
Advertisement
Character Animation
2D Animation
Illustration
Graphic Design
Animation",2D Art,Advertisement,Character Animation,2D Animation,Illustration,Graphic Design,Animation,,,,,,,,,,,,,,,,,,,,,,,,,
"Blender
3D Animation
Character Design
3D Modeling",Blender,3D Animation,Character Design,3D Modeling,,,,,,,,,,,,,,,,,,,,,,,,,,,,
"Smartphone
Tablet
Gaming Console
Android
Game Design
Android App Development
iOS
Game Development
Mobile App Development
In-App Purchases",Smartphone,Tablet,Gaming Console,Android,Game Design,Android App Development,iOS,Game Development,Mobile App Development,In-App Purchases,,,,,,,,,,,,,,,,,,,,,,
"Logo Design
Graphic Design
Adobe Photoshop
Adobe Illustrator
Brand Identity & Guidelines
Illustration
Corporate Brand Identity
Minimalist",Logo Design,Graphic Design,Adobe Photoshop,Adobe Illustrator,Brand Identity & Guidelines,Illustration,Corporate Brand Identity,Minimalist,,,,,,,,,,,,,,,,,,,,,,,,
"Editor
Academic Editing
Academic Writing
Academic Research
Commenting
Researcher
English
Technical Writing",Editor,Academic Editing,Academic Writing,Academic Research,Commenting,Researcher,English,Technical Writing,,,,,,,,,,,,,,,,,,,,,,,,
Python,Python,,,,,,,,,,,,,,,,,,,,,,,,,,,,,,,
"WordPress
Menu",WordPress,Menu,,,,,,,,,,,,,,,,,,,,,,,,,,,,,,
"Android
JavaScript
Android App Development
Mobile App Development
iOS
Web Development
Data Entry
WordPress
Smartphone
Kotlin",Android,JavaScript,Android App Development,Mobile App Development,iOS,Web Development,Data Entry,WordPress,Smartphone,Kotlin,,,,,,,,,,,,,,,,,,,,,,
"Moodle
CMS Development",Moodle,CMS Development,,,,,,,,,,,,,,,,,,,,,,,,,,,,,,
"HTML
Payment Gateway Integration
Website
Stripe
Payment Processing",HTML,Payment Gateway Integration,Website,Stripe,Payment Processing,,,,,,,,,,,,,,,,,,,,,,,,,,,
"Acting
Female
Male
Spokesperson Video
Testimonial Video",Acting,Female,Male,Spokesperson Video,Testimonial Video,,,,,,,,,,,,,,,,,,,,,,,,,,,
"React
Solidity
Front-End Development
NFT Marketplace",React,Solidity,Front-End Development,NFT Marketplace,,,,,,,,,,,,,,,,,,,,,,,,,,,,
,,,,,,,,,,,,,,,,,,,,,,,,,,,,,,,,
"Appointment Setting
Real Estate
Lead Generation
Social Media Marketing
Facebook
List Building
Prospect List
Landing Page",Appointment Setting,Real Estate,Lead Generation,Social Media Marketing,Facebook,List Building,Prospect List,Landing Page,,,,,,,,,,,,,,,,,,,,,,,,
"English
Content Writing
Researcher
Article Writing
Writing",English,Content Writing,Researcher,Article Writing,Writing,,,,,,,,,,,,,,,,,,,,,,,,,,,
"iOS
Android
Mobile App Development",iOS,Android,Mobile App Development,,,,,,,,,,,,,,,,,,,,,,,,,,,,,
"TypeScript
React
React Native
JavaScript
Amazon Web Services
Node.js
PostgreSQL
Redux",TypeScript,React,React Native,JavaScript,Amazon Web Services,Node.js,PostgreSQL,Redux,,,,,,,,,,,,,,,,,,,,,,,,
"API
PHP
Teachable
Kajabi
Moodle",API,PHP,Teachable,Kajabi,Moodle,,,,,,,,,,,,,,,,,,,,,,,,,,,
"Web Design
Web Development",Web Design,Web Development,,,,,,,,,,,,,,,,,,,,,,,,,,,,,,
"Email Automation
Advertising Automation
CRM Automation
A/B Testing
Email Campaign Setup",Email Automation,Advertising Automation,CRM Automation,A/B Testing,Email Campaign Setup,,,,,,,,,,,,,,,,,,,,,,,,,,,
"Algorithm Development
Data Science
Python
Quantitative Finance
C++
Java
C#",Algorithm Development,Data Science,Python,Quantitative Finance,C++,Java,C#,,,,,,,,,,,,,,,,,,,,,,,,,
"Data Entry
Typing
Microsoft Excel
English",Data Entry,Typing,Microsoft Excel,English,,,,,,,,,,,,,,,,,,,,,,,,,,,,
"Deep Learning
Data Science
pandas
Python
Web Scraping
Data Analysis",Deep Learning,Data Science,pandas,Python,Web Scraping,Data Analysis,,,,,,,,,,,,,,,,,,,,,,,,,,
"Smartphone
Native App Development
Android
Android App Development
Java
Tablet",Smartphone,Native App Development,Android,Android App Development,Java,Tablet,,,,,,,,,,,,,,,,,,,,,,,,,,
"Researcher
Data Entry
Content Writing
Article Writing
Blog Writing
Article
Writing",Researcher,Data Entry,Content Writing,Article Writing,Blog Writing,Article,Writing,,,,,,,,,,,,,,,,,,,,,,,,,
"On-Page SEO
SEO Backlinking",On-Page SEO,SEO Backlinking,,,,,,,,,,,,,,,,,,,,,,,,,,,,,,
"Google Ads
Affiliate Marketing
Social Media Ad Campaign
Social Media Marketing
Facebook
Instagram
Facebook Advertising
Marketing Strategy",Google Ads,Affiliate Marketing,Social Media Ad Campaign,Social Media Marketing,Facebook,Instagram,Facebook Advertising,Marketing Strategy,,,,,,,,,,,,,,,,,,,,,,,,
"SEO Backlinking
SEO Keyword Research
Search Engine Optimization
Off-Page SEO
Google Analytics
Organic Traffic Growth",SEO Backlinking,SEO Keyword Research,Search Engine Optimization,Off-Page SEO,Google Analytics,Organic Traffic Growth,,,,,,,,,,,,,,,,,,,,,,,,,,
"JavaScript
Web Development
PHP
Web Design
Web Application
HTML
CSS
HTML5
Java
API",JavaScript,Web Development,PHP,Web Design,Web Application,HTML,CSS,HTML5,Java,API,,,,,,,,,,,,,,,,,,,,,,
"Off-Page SEO
Media & Entertainment
Search Engine Optimization
SEO Backlinking
SEO Keyword Research
On-Page SEO",Off-Page SEO,Media & Entertainment,Search Engine Optimization,SEO Backlinking,SEO Keyword Research,On-Page SEO,,,,,,,,,,,,,,,,,,,,,,,,,,
"Web Design
Mockup
Wireframing
User Interface Design
User Flow
Responsive Design
Mobile App Design
Graphic Design
Prototyping",Web Design,Mockup,Wireframing,User Interface Design,User Flow,Responsive Design,Mobile App Design,Graphic Design,Prototyping,,,,,,,,,,,,,,,,,,,,,,,
"Sales Development
Sales Management
Sales
Business Development
Lead Generation
Partnership Development
Relationship Management
Price & Quote Negotiation",Sales Development,Sales Management,Sales,Business Development,Lead Generation,Partnership Development,Relationship Management,Price & Quote Negotiation,,,,,,,,,,,,,,,,,,,,,,,,
"Adobe Photoshop
Image Editing
Photo Retouching",Adobe Photoshop,Image Editing,Photo Retouching,,,,,,,,,,,,,,,,,,,,,,,,,,,,,
"Album Cover Design
Cover Art Design
Illustration
Digital Illustration",Album Cover Design,Cover Art Design,Illustration,Digital Illustration,,,,,,,,,,,,,,,,,,,,,,,,,,,,
"Voice-Over
US English Dialect
Male
Female
British English Accent",Voice-Over,US English Dialect,Male,Female,British English Accent,,,,,,,,,,,,,,,,,,,,,,,,,,,
"Hybrid App Development
Mobile App Design
User Interface Design
User Experience Design
Wireframing",Hybrid App Development,Mobile App Design,User Interface Design,User Experience Design,Wireframing,,,,,,,,,,,,,,,,,,,,,,,,,,,
"Web Development
Reverse Engineering",Web Development,Reverse Engineering,,,,,,,,,,,,,,,,,,,,,,,,,,,,,,
"Data Extraction
ETL
SQL
SQL Programming
Microsoft SQL Server
MySQL
Microsoft SQL Server Programming",Data Extraction,ETL,SQL,SQL Programming,Microsoft SQL Server,MySQL,Microsoft SQL Server Programming,,,,,,,,,,,,,,,,,,,,,,,,,
HTML,HTML,,,,,,,,,,,,,,,,,,,,,,,,,,,,,,,
"Big Data
Data Analytics
Google Analytics
Apache Hive
BigQuery
SQL
Data Analysis
SQL Programming
Microsoft SQL Server",Big Data,Data Analytics,Google Analytics,Apache Hive,BigQuery,SQL,Data Analysis,SQL Programming,Microsoft SQL Server,,,,,,,,,,,,,,,,,,,,,,,
"Voice Acting
Middle-Aged Adult
Male
Brazilian Portuguese Dialect
Portuguese",Voice Acting,Middle-Aged Adult,Male,Brazilian Portuguese Dialect,Portuguese,,,,,,,,,,,,,,,,,,,,,,,,,,,
"Google Analytics
Google Ads
SEO Keyword Research
Review
Reputation Management
Consumer Review
PPC Campaign Setup & Management
Search Engine Optimization
Pay Per Click Advertising",Google Analytics,Google Ads,SEO Keyword Research,Review,Reputation Management,Consumer Review,PPC Campaign Setup & Management,Search Engine Optimization,Pay Per Click Advertising,,,,,,,,,,,,,,,,,,,,,,,
"Influencer Marketing
Social Media Marketing Strategy
Text Ad
Video Advertising
Amusement & Gambling
Social Media Marketing
Instagram
Facebook
Social Media Advertising",Influencer Marketing,Social Media Marketing Strategy,Text Ad,Video Advertising,Amusement & Gambling,Social Media Marketing,Instagram,Facebook,Social Media Advertising,,,,,,,,,,,,,,,,,,,,,,,
"Adobe Illustrator
Archicad
Adobe Photoshop
AutoCAD Civil 3D
Autodesk AutoCAD
2D Design
Architectural Design
CAD
AutoCAD HVAC Loads Calculations
Drafting",Adobe Illustrator,Archicad,Adobe Photoshop,AutoCAD Civil 3D,Autodesk AutoCAD,2D Design,Architectural Design,CAD,AutoCAD HVAC Loads Calculations,Drafting,,,,,,,,,,,,,,,,,,,,,,
"Instagram
Social Media Marketing
Content Writing
Social Media Management
Social Media Content
Content Creation
Content Strategy
Social Media Content Creation
Instagram Story",Instagram,Social Media Marketing,Content Writing,Social Media Management,Social Media Content,Content Creation,Content Strategy,Social Media Content Creation,Instagram Story,,,,,,,,,,,,,,,,,,,,,,,
"Calming Tone
Casual Tone
Middle-Aged Adult
Female
Voice Acting
Voice-Over",Calming Tone,Casual Tone,Middle-Aged Adult,Female,Voice Acting,Voice-Over,,,,,,,,,,,,,,,,,,,,,,,,,,
"MySQL
MySQL Programming
SQL
Database Administration
Database Management
Server
Microsoft SQL Server
Database
Database Programming
SQL Programming",MySQL,MySQL Programming,SQL,Database Administration,Database Management,Server,Microsoft SQL Server,Database,Database Programming,SQL Programming,,,,,,,,,,,,,,,,,,,,,,
"Site Planning
Microsoft Project
Project Scheduling
Project Plans
Project Timelines
Milestones",Site Planning,Microsoft Project,Project Scheduling,Project Plans,Project Timelines,Milestones,,,,,,,,,,,,,,,,,,,,,,,,,,
"Sales
Outbound Sales",Sales,Outbound Sales,,,,,,,,,,,,,,,,,,,,,,,,,,,,,,
"WordPress
Web Design
Web Development",WordPress,Web Design,Web Development,,,,,,,,,,,,,,,,,,,,,,,,,,,,,
"Sourcing
Market Research",Sourcing,Market Research,,,,,,,,,,,,,,,,,,,,,,,,,,,,,,
"Bash
Automation
Linux
Scripting
Bash Programming",Bash,Automation,Linux,Scripting,Bash Programming,,,,,,,,,,,,,,,,,,,,,,,,,,,
"Brand Identity Design
Brand Research
Brand Strategy
Competitive Analysis
Mission Statement
Brand Positioning
Branding
Brand Guidelines
Brand Identity
Storytelling",Brand Identity Design,Brand Research,Brand Strategy,Competitive Analysis,Mission Statement,Brand Positioning,Branding,Brand Guidelines,Brand Identity,Storytelling,,,,,,,,,,,,,,,,,,,,,,
"Browser Extension
Browser Automation
JavaScript
LinkedIn Plugin
Vue.js",Browser Extension,Browser Automation,JavaScript,LinkedIn Plugin,Vue.js,,,,,,,,,,,,,,,,,,,,,,,,,,,
"Social Media Management
Social Media Content
Instagram",Social Media Management,Social Media Content,Instagram,,,,,,,,,,,,,,,,,,,,,,,,,,,,,
"Low Poly
3D Game Art
3D Modeling
3D Animation
Blender
3D Rigging",Low Poly,3D Game Art,3D Modeling,3D Animation,Blender,3D Rigging,,,,,,,,,,,,,,,,,,,,,,,,,,
"User Profile Creation
User Authentication
Social Media Account Integration
Location-Based Service
In-App Search
React
React Native
Smartphone
iOS
Mobile App Development
Android",User Profile Creation,User Authentication,Social Media Account Integration,Location-Based Service,In-App Search,React,React Native,Smartphone,iOS,Mobile App Development,Android,,,,,,,,,,,,,,,,,,,,,
"2D Game Art
Concept Design",2D Game Art,Concept Design,,,,,,,,,,,,,,,,,,,,,,,,,,,,,,
"Electrical Engineering
Microcontroller
Control Engineering
Electronics
Analog Circuit
Microcontroller Programming
Electronic Design
Circuit Design
Embedded System
PCB Design",Electrical Engineering,Microcontroller,Control Engineering,Electronics,Analog Circuit,Microcontroller Programming,Electronic Design,Circuit Design,Embedded System,PCB Design,,,,,,,,,,,,,,,,,,,,,,
"Python
Automation
Python Script
JavaScript
Data Scraping",Python,Automation,Python Script,JavaScript,Data Scraping,,,,,,,,,,,,,,,,,,,,,,,,,,,
"Native
Subtitles
Caption
General Transcription
English",Native,Subtitles,Caption,General Transcription,English,,,,,,,,,,,,,,,,,,,,,,,,,,,
"English to Norwegian Translation
Norwegian
Translation
English
Documentation
Content Localization
Proofreading",English to Norwegian Translation,Norwegian,Translation,English,Documentation,Content Localization,Proofreading,,,,,,,,,,,,,,,,,,,,,,,,,
"Python
MATLAB
Academic Research
Academic Proofreading
Academic Writing
Microsoft Visual Studio",Python,MATLAB,Academic Research,Academic Proofreading,Academic Writing,Microsoft Visual Studio,,,,,,,,,,,,,,,,,,,,,,,,,,
"Graphic Design
Adobe Photoshop
Adobe Illustrator
Social Media Imagery
Adobe InDesign",Graphic Design,Adobe Photoshop,Adobe Illustrator,Social Media Imagery,Adobe InDesign,,,,,,,,,,,,,,,,,,,,,,,,,,,
"WordPress
Web Design
Web Development
Squarespace
Website
Shopify
phpMyAdmin
Mockup",WordPress,Web Design,Web Development,Squarespace,Website,Shopify,phpMyAdmin,Mockup,,,,,,,,,,,,,,,,,,,,,,,,
"Database
Database Design
Ruby
NGINX
Java
PHP
API
Python
MySQL
JavaScript",Database,Database Design,Ruby,NGINX,Java,PHP,API,Python,MySQL,JavaScript,,,,,,,,,,,,,,,,,,,,,,
"Web Design
Web Development
WordPress",Web Design,Web Development,WordPress,,,,,,,,,,,,,,,,,,,,,,,,,,,,,
"Flutter
WordPress
Loyalty Marketing",Flutter,WordPress,Loyalty Marketing,,,,,,,,,,,,,,,,,,,,,,,,,,,,,
"Logo Design
Graphic Design
Adobe Photoshop
Adobe Illustrator
Brand Identity & Guidelines
Illustration
Corporate Brand Identity
Minimalist",Logo Design,Graphic Design,Adobe Photoshop,Adobe Illustrator,Brand Identity & Guidelines,Illustration,Corporate Brand Identity,Minimalist,,,,,,,,,,,,,,,,,,,,,,,,
"Content Writing
Article Writing
Article
Writing
English
SEO Writing
Copywriting
Researcher",Content Writing,Article Writing,Article,Writing,English,SEO Writing,Copywriting,Researcher,,,,,,,,,,,,,,,,,,,,,,,,
"Web Design
Wireframing
User Interface Design
Responsive Design
UX Research",Web Design,Wireframing,User Interface Design,Responsive Design,UX Research,,,,,,,,,,,,,,,,,,,,,,,,,,,
"Facebook Advertising
Social Media Marketing Strategy
Campaign Management
Social Media Marketing
Social Media Advertising",Facebook Advertising,Social Media Marketing Strategy,Campaign Management,Social Media Marketing,Social Media Advertising,,,,,,,,,,,,,,,,,,,,,,,,,,,
"Arduino
Arduino Firmware
Electronic Design",Arduino,Arduino Firmware,Electronic Design,,,,,,,,,,,,,,,,,,,,,,,,,,,,,
"Facebook Advertising
Social Media Marketing Strategy
Campaign Management
Social Media Marketing
Social Media Advertising",Facebook Advertising,Social Media Marketing Strategy,Campaign Management,Social Media Marketing,Social Media Advertising,,,,,,,,,,,,,,,,,,,,,,,,,,,
"Arduino
Arduino Firmware
Electronic Design",Arduino,Arduino Firmware,Electronic Design,,,,,,,,,,,,,,,,,,,,,,,,,,,,,
"WordPress
Blog Writing
Researcher",WordPress,Blog Writing,Researcher,,,,,,,,,,,,,,,,,,,,,,,,,,,,,
"T-Shirt Design
Clothing
Graphic Design",T-Shirt Design,Clothing,Graphic Design,,,,,,,,,,,,,,,,,,,,,,,,,,,,,
"International Accounting Standards
Financial Report
Accounting
Microsoft Excel
Account Reconciliation
Bank Reconciliation
Financial Accounting
Balance Sheet
Chart of Accounts
Bookkeeping",International Accounting Standards,Financial Report,Accounting,Microsoft Excel,Account Reconciliation,Bank Reconciliation,Financial Accounting,Balance Sheet,Chart of Accounts,Bookkeeping,,,,,,,,,,,,,,,,,,,,,,
"PHP
API
Laravel
Flutter",PHP,API,Laravel,Flutter,,,,,,,,,,,,,,,,,,,,,,,,,,,,
"Lead Generation
Email Marketing
Native Advertising",Lead Generation,Email Marketing,Native Advertising,,,,,,,,,,,,,,,,,,,,,,,,,,,,,
"Autobiography
Ebook
Ghostwriting
Creative Writing
Ebook Writing
Medical Writing
Content Writing",Autobiography,Ebook,Ghostwriting,Creative Writing,Ebook Writing,Medical Writing,Content Writing,,,,,,,,,,,,,,,,,,,,,,,,,
"Video Editing
Video Production
Video Post-Editing
Audio Editing
Adobe After Effects",Video Editing,Video Production,Video Post-Editing,Audio Editing,Adobe After Effects,,,,,,,,,,,,,,,,,,,,,,,,,,,
"Email Marketing
Lead Generation Analysis
Appointment Setting
Lead Generation Strategy
Market Research
Social Media Lead Generation
Telemarketing",Email Marketing,Lead Generation Analysis,Appointment Setting,Lead Generation Strategy,Market Research,Social Media Lead Generation,Telemarketing,,,,,,,,,,,,,,,,,,,,,,,,,
"Education
Patent
Patent Law
Intellectual Property Law
Drafting
Patent Preparation
Legal",Education,Patent,Patent Law,Intellectual Property Law,Drafting,Patent Preparation,Legal,,,,,,,,,,,,,,,,,,,,,,,,,
"2D Art
Advertisement
Character Animation
2D Animation
Illustration
Graphic Design
Animation",2D Art,Advertisement,Character Animation,2D Animation,Illustration,Graphic Design,Animation,,,,,,,,,,,,,,,,,,,,,,,,,
"Blender
3D Animation
Character Design
3D Modeling",Blender,3D Animation,Character Design,3D Modeling,,,,,,,,,,,,,,,,,,,,,,,,,,,,
"Smartphone
Tablet
Gaming Console
Android
Game Design
Android App Development
iOS
Game Development
Mobile App Development
In-App Purchases",Smartphone,Tablet,Gaming Console,Android,Game Design,Android App Development,iOS,Game Development,Mobile App Development,In-App Purchases,,,,,,,,,,,,,,,,,,,,,,
"Logo Design
Graphic Design
Adobe Photoshop
Adobe Illustrator
Brand Identity & Guidelines
Illustration
Corporate Brand Identity
Minimalist",Logo Design,Graphic Design,Adobe Photoshop,Adobe Illustrator,Brand Identity & Guidelines,Illustration,Corporate Brand Identity,Minimalist,,,,,,,,,,,,,,,,,,,,,,,,
"Editor
Academic Editing
Academic Writing
Academic Research
Commenting
Researcher
English
Technical Writing",Editor,Academic Editing,Academic Writing,Academic Research,Commenting,Researcher,English,Technical Writing,,,,,,,,,,,,,,,,,,,,,,,,
Python,Python,,,,,,,,,,,,,,,,,,,,,,,,,,,,,,,
"WordPress
Menu",WordPress,Menu,,,,,,,,,,,,,,,,,,,,,,,,,,,,,,
"Android
JavaScript
Android App Development
Mobile App Development
iOS
Web Development
Data Entry
WordPress
Smartphone
Kotlin",Android,JavaScript,Android App Development,Mobile App Development,iOS,Web Development,Data Entry,WordPress,Smartphone,Kotlin,,,,,,,,,,,,,,,,,,,,,,
"Moodle
CMS Development",Moodle,CMS Development,,,,,,,,,,,,,,,,,,,,,,,,,,,,,,
"HTML
Payment Gateway Integration
Website
Stripe
Payment Processing",HTML,Payment Gateway Integration,Website,Stripe,Payment Processing,,,,,,,,,,,,,,,,,,,,,,,,,,,
"Acting
Female
Male
Spokesperson Video
Testimonial Video",Acting,Female,Male,Spokesperson Video,Testimonial Video,,,,,,,,,,,,,,,,,,,,,,,,,,,
"React
Solidity
Front-End Development
NFT Marketplace",React,Solidity,Front-End Development,NFT Marketplace,,,,,,,,,,,,,,,,,,,,,,,,,,,,
"Appointment Setting
Real Estate
Lead Generation
Social Media Marketing
Facebook
List Building
Prospect List
Landing Page",Appointment Setting,Real Estate,Lead Generation,Social Media Marketing,Facebook,List Building,Prospect List,Landing Page,,,,,,,,,,,,,,,,,,,,,,,,
"English
Content Writing
Researcher
Article Writing
Writing",English,Content Writing,Researcher,Article Writing,Writing,,,,,,,,,,,,,,,,,,,,,,,,,,,
"iOS
Android
Mobile App Development",iOS,Android,Mobile App Development,,,,,,,,,,,,,,,,,,,,,,,,,,,,,
"TypeScript
React
React Native
JavaScript
Amazon Web Services
Node.js
PostgreSQL
Redux",TypeScript,React,React Native,JavaScript,Amazon Web Services,Node.js,PostgreSQL,Redux,,,,,,,,,,,,,,,,,,,,,,,,
"API
PHP
Teachable
Kajabi
Moodle",API,PHP,Teachable,Kajabi,Moodle,,,,,,,,,,,,,,,,,,,,,,,,,,,
"Web Design
Web Development",Web Design,Web Development,,,,,,,,,,,,,,,,,,,,,,,,,,,,,,
,,,,,,,,,,,,,,,,,,,,,,,,,,,,,,,,
"Email Automation
Advertising Automation
CRM Automation
A/B Testing
Email Campaign Setup",Email Automation,Advertising Automation,CRM Automation,A/B Testing,Email Campaign Setup,,,,,,,,,,,,,,,,,,,,,,,,,,,
"Algorithm Development
Data Science
Python
Quantitative Finance
C++
Java
C#",Algorithm Development,Data Science,Python,Quantitative Finance,C++,Java,C#,,,,,,,,,,,,,,,,,,,,,,,,,
"Data Entry
Typing
Microsoft Excel
English",Data Entry,Typing,Microsoft Excel,English,,,,,,,,,,,,,,,,,,,,,,,,,,,,
"Deep Learning
Data Science
pandas
Python
Web Scraping
Data Analysis",Deep Learning,Data Science,pandas,Python,Web Scraping,Data Analysis,,,,,,,,,,,,,,,,,,,,,,,,,,
"Candidate Sourcing
Recruiting",Candidate Sourcing,Recruiting,,,,,,,,,,,,,,,,,,,,,,,,,,,,,,
"Article
Book
Case Studies
Research Papers
Culture
Politics
Writing
Proofreading
Copy Editing",Article,Book,Case Studies,Research Papers,Culture,Politics,Writing,Proofreading,Copy Editing,,,,,,,,,,,,,,,,,,,,,,,
"Spring Framework
Kubernetes
Spring Security
Microservice
React Native",Spring Framework,Kubernetes,Spring Security,Microservice,React Native,,,,,,,,,,,,,,,,,,,,,,,,,,,
"Instagram Story
Instagram
Social Media Marketing
Social Media Management
Marketing Strategy",Instagram Story,Instagram,Social Media Marketing,Social Media Management,Marketing Strategy,,,,,,,,,,,,,,,,,,,,,,,,,,,
"Social Media Account Setup
Ecommerce
Executive Support
Data Entry
Virtual Assistance
Virtual Assistant
Social Media Marketing",Social Media Account Setup,Ecommerce,Executive Support,Data Entry,Virtual Assistance,Virtual Assistant,Social Media Marketing,,,,,,,,,,,,,,,,,,,,,,,,,
"Off-Page SEO
SEO Backlinking",Off-Page SEO,SEO Backlinking,,,,,,,,,,,,,,,,,,,,,,,,,,,,,,
"Linux System Administration
cPanel
System Administration
CentOS
Postfix SMTP Server
Email Deliverability
SMTP",Linux System Administration,cPanel,System Administration,CentOS,Postfix SMTP Server,Email Deliverability,SMTP,,,,,,,,,,,,,,,,,,,,,,,,,
"Angular
TypeScript
CSS
.NET Core",Angular,TypeScript,CSS,.NET Core,,,,,,,,,,,,,,,,,,,,,,,,,,,,
"React Native Developer
SQLite
Smartphone
Android",React Native Developer,SQLite,Smartphone,Android,,,,,,,,,,,,,,,,,,,,,,,,,,,,
"Proofreading
Error Detection
English
Content Writing
Writing
Editor",Proofreading,Error Detection,English,Content Writing,Writing,Editor,,,,,,,,,,,,,,,,,,,,,,,,,,
"Amazon PPC
Pay Per Click Advertising
PPC Campaign Setup & Management
Amazon Webstore
Campaign Optimization
SEO Keyword Research
Amazon
Campaign Management",Amazon PPC,Pay Per Click Advertising,PPC Campaign Setup & Management,Amazon Webstore,Campaign Optimization,SEO Keyword Research,Amazon,Campaign Management,,,,,,,,,,,,,,,,,,,,,,,,
"Thai
Thai to English Translation",Thai,Thai to English Translation,,,,,,,,,,,,,,,,,,,,,,,,,,,,,,
"Android
Mobile App Development
Android App Development
Java",Android,Mobile App Development,Android App Development,Java,,,,,,,,,,,,,,,,,,,,,,,,,,,,
"Trailer
Final Cut Pro X
Video Production
Video Editing",Trailer,Final Cut Pro X,Video Production,Video Editing,,,,,,,,,,,,,,,,,,,,,,,,,,,,
"Web Design
Adobe Photoshop
Print Design",Web Design,Adobe Photoshop,Print Design,,,,,,,,,,,,,,,,,,,,,,,,,,,,,
"Competitive Analysis
Business Planning & Strategy
Market Research
Startup Company
Google Ads
Search Engine Marketing
Pay Per Click Advertising
PPC Campaign Setup & Management
Campaign Management
SEO Keyword Research",Competitive Analysis,Business Planning & Strategy,Market Research,Startup Company,Google Ads,Search Engine Marketing,Pay Per Click Advertising,PPC Campaign Setup & Management,Campaign Management,SEO Keyword Research,,,,,,,,,,,,,,,,,,,,,,
"Autobiography
Creative Writing
Nonfiction
Writing
Ghostwriting
Narrative
Novel
Fiction
Content Writing",Autobiography,Creative Writing,Nonfiction,Writing,Ghostwriting,Narrative,Novel,Fiction,Content Writing,,,,,,,,,,,,,,,,,,,,,,,
Logo Design,Logo Design,,,,,,,,,,,,,,,,,,,,,,,,,,,,,,,
"Android
Android App Development
Mobile App Development
Java",Android,Android App Development,Mobile App Development,Java,,,,,,,,,,,,,,,,,,,,,,,,,,,,
"Adobe After Effects
Adobe Premiere Pro
Final Cut Pro X
Audio Editing
Graphic Design
Video Intro & Outro",Adobe After Effects,Adobe Premiere Pro,Final Cut Pro X,Audio Editing,Graphic Design,Video Intro & Outro,,,,,,,,,,,,,,,,,,,,,,,,,,
"Researcher
Academic Writing
Research Papers",Researcher,Academic Writing,Research Papers,,,,,,,,,,,,,,,,,,,,,,,,,,,,,
"Cartoon Art
Comic Art
Freestyle Drawing
Drawing
Character Design
Comics
Anime
Illustration
Famous Cartoon",Cartoon Art,Comic Art,Freestyle Drawing,Drawing,Character Design,Comics,Anime,Illustration,Famous Cartoon,,,,,,,,,,,,,,,,,,,,,,,
"Virtual Assistant
Administrative Support
Email Communication
Creative Writing
Writing",Virtual Assistant,Administrative Support,Email Communication,Creative Writing,Writing,,,,,,,,,,,,,,,,,,,,,,,,,,,
"Penetration Testing
Malware
Ethical Hacking
Kali Linux
Vulnerability Assessment
Security Engineering",Penetration Testing,Malware,Ethical Hacking,Kali Linux,Vulnerability Assessment,Security Engineering,,,,,,,,,,,,,,,,,,,,,,,,,,
"Social Media Management
Social Media Advertising",Social Media Management,Social Media Advertising,,,,,,,,,,,,,,,,,,,,,,,,,,,,,,
"RADIUS
User Authentication",RADIUS,User Authentication,,,,,,,,,,,,,,,,,,,,,,,,,,,,,,
"RADIUS
User Authentication",RADIUS,User Authentication,,,,,,,,,,,,,,,,,,,,,,,,,,,,,,
"Voice Acting
Voice-Over
Audio Production
Audio Editing",Voice Acting,Voice-Over,Audio Production,Audio Editing,,,,,,,,,,,,,,,,,,,,,,,,,,,,
"Health & Wellness
Google Ads
Lead Generation
PPC Campaign Setup & Management
Search Engine Marketing
Campaign Management
Pay Per Click Advertising
Google Ad Manager
Landing Page Design
Landing Page
Social Media Marketing
Facebook Advertising",Health & Wellness,Google Ads,Lead Generation,PPC Campaign Setup & Management,Search Engine Marketing,Campaign Management,Pay Per Click Advertising,Google Ad Manager,Landing Page Design,Landing Page,Social Media Marketing,Facebook Advertising,,,,,,,,,,,,,,,,,,,,
"Docker
HTML
JavaScript
HTML5
jQuery
Bootstrap
YARN
GitHub",Docker,HTML,JavaScript,HTML5,jQuery,Bootstrap,YARN,GitHub,,,,,,,,,,,,,,,,,,,,,,,,
"3D Design
Concept Design
Fashion & Beauty
Product Design
Illustration
3D Modeling
Consumer Goods",3D Design,Concept Design,Fashion & Beauty,Product Design,Illustration,3D Modeling,Consumer Goods,,,,,,,,,,,,,,,,,,,,,,,,,
"Voice Acting
Voice-Over
Audio Production
Audio Editing
Galician
English to Galician Translation
Galician to English Translation",Voice Acting,Voice-Over,Audio Production,Audio Editing,Galician,English to Galician Translation,Galician to English Translation,,,,,,,,,,,,,,,,,,,,,,,,,
"Graphic Design
Web Design
Adobe Photoshop",Graphic Design,Web Design,Adobe Photoshop,,,,,,,,,,,,,,,,,,,,,,,,,,,,,
"Video Editing
Video Editing & Production",Video Editing,Video Editing & Production,,,,,,,,,,,,,,,,,,,,,,,,,,,,,,
"iOS
Android
Mobile App Development
Smartphone
User Authentication
Map Integration",iOS,Android,Mobile App Development,Smartphone,User Authentication,Map Integration,,,,,,,,,,,,,,,,,,,,,,,,,,
"PHP
MySQL
Python
JavaScript
MetaTrader 4
Microsoft SQL Server
Web Development
API
Amazon Web Services
C++",PHP,MySQL,Python,JavaScript,MetaTrader 4,Microsoft SQL Server,Web Development,API,Amazon Web Services,C++,,,,,,,,,,,,,,,,,,,,,,
Web Design,Web Design,,,,,,,,,,,,,,,,,,,,,,,,,,,,,,,
"Social Media Marketing
Instagram
Content Writing
Social Media Advertising
Social Media Content
Instagram Story
Social Media Management
Facebook
Social Media Content Creation
Facebook Advertising",Social Media Marketing,Instagram,Content Writing,Social Media Advertising,Social Media Content,Instagram Story,Social Media Management,Facebook,Social Media Content Creation,Facebook Advertising,,,,,,,,,,,,,,,,,,,,,,
"Facebook
Social Media Marketing
Instagram
Social Media Management",Facebook,Social Media Marketing,Instagram,Social Media Management,,,,,,,,,,,,,,,,,,,,,,,,,,,,
Web Development,Web Development,,,,,,,,,,,,,,,,,,,,,,,,,,,,,,,
"Female
Hindi
Voice-Over
Voice Acting
Audio Editing
Narration
Young Adult
Middle-Aged Adult
Audio Production",Female,Hindi,Voice-Over,Voice Acting,Audio Editing,Narration,Young Adult,Middle-Aged Adult,Audio Production,,,,,,,,,,,,,,,,,,,,,,,
"Style Guide
User Flow
Landing Page
Graphic Design
WordPress
Web Development",Style Guide,User Flow,Landing Page,Graphic Design,WordPress,Web Development,,,,,,,,,,,,,,,,,,,,,,,,,,
"CFD Analysis
MATLAB
Computational Fluid Dynamics",CFD Analysis,MATLAB,Computational Fluid Dynamics,,,,,,,,,,,,,,,,,,,,,,,,,,,,,
"Arabic
Proofreading",Arabic,Proofreading,,,,,,,,,,,,,,,,,,,,,,,,,,,,,,
"Google Cloud Platform
Elasticsearch
ETL Pipeline",Google Cloud Platform,Elasticsearch,ETL Pipeline,,,,,,,,,,,,,,,,,,,,,,,,,,,,,
"ESP32
Firmware
Embedded System
C",ESP32,Firmware,Embedded System,C,,,,,,,,,,,,,,,,,,,,,,,,,,,,
"JavaScript
Ionic Framework",JavaScript,Ionic Framework,,,,,,,,,,,,,,,,,,,,,,,,,,,,,,
"Audio Transcription
English
General Transcription
French
Proofreading
Transcription Timestamping
Translation",Audio Transcription,English,General Transcription,French,Proofreading,Transcription Timestamping,Translation,,,,,,,,,,,,,,,,,,,,,,,,,
"English to Thai Translation
Thai to English Translation
Translation",English to Thai Translation,Thai to English Translation,Translation,,,,,,,,,,,,,,,,,,,,,,,,,,,,,
"Android
User Authentication
In-App Purchases
Mobile App Development
Android App Development
Smartphone
Tablet
iOS
Java
Kotlin",Android,User Authentication,In-App Purchases,Mobile App Development,Android App Development,Smartphone,Tablet,iOS,Java,Kotlin,,,,,,,,,,,,,,,,,,,,,,
"Python
Microsoft PowerPoint",Python,Microsoft PowerPoint,,,,,,,,,,,,,,,,,,,,,,,,,,,,,,
"iOS
iOS Development",iOS,iOS Development,,,,,,,,,,,,,,,,,,,,,,,,,,,,,,
Communications,Communications,,,,,,,,,,,,,,,,,,,,,,,,,,,,,,,
HTML5,HTML5,,,,,,,,,,,,,,,,,,,,,,,,,,,,,,,
"Graphic Design
Adobe Photoshop
Adobe Illustrator
Adobe InDesign
Logo Design
Layout Design
Web Design
Print Design
Photo Editing
Illustration",Graphic Design,Adobe Photoshop,Adobe Illustrator,Adobe InDesign,Logo Design,Layout Design,Web Design,Print Design,Photo Editing,Illustration,,,,,,,,,,,,,,,,,,,,,,
"WooCommerce
API
Web Development
WordPress Plugin",WooCommerce,API,Web Development,WordPress Plugin,,,,,,,,,,,,,,,,,,,,,,,,,,,,
"Ansible
Technical Writing
Docker",Ansible,Technical Writing,Docker,,,,,,,,,,,,,,,,,,,,,,,,,,,,,
"Web Design
Graphic Design
Copywriting",Web Design,Graphic Design,Copywriting,,,,,,,,,,,,,,,,,,,,,,,,,,,,,
"Software Design
Adaptive Web Design
GUI Design
High Fidelity Design
Prototyping
Mobile App Design
User Interface Design
Web Design
Interaction Design
HTML",Software Design,Adaptive Web Design,GUI Design,High Fidelity Design,Prototyping,Mobile App Design,User Interface Design,Web Design,Interaction Design,HTML,,,,,,,,,,,,,,,,,,,,,,
"US English Dialect
Narration
Female
Male
Voice Acting
Voice Recording
Voice-Over
Voice-Over Recording
Video Narration
Audiobook Narration",US English Dialect,Narration,Female,Male,Voice Acting,Voice Recording,Voice-Over,Voice-Over Recording,Video Narration,Audiobook Narration,,,,,,,,,,,,,,,,,,,,,,
"SEO Backlinking
Content Writing
Search Engine Optimization
Off-Page SEO
Copywriting",SEO Backlinking,Content Writing,Search Engine Optimization,Off-Page SEO,Copywriting,,,,,,,,,,,,,,,,,,,,,,,,,,,
"Yoast SEO
WordPress SEO Plugins
Search Engine Optimization",Yoast SEO,WordPress SEO Plugins,Search Engine Optimization,,,,,,,,,,,,,,,,,,,,,,,,,,,,,
"Python
API
Automation",Python,API,Automation,,,,,,,,,,,,,,,,,,,,,,,,,,,,,
"Infographic
Graphic Design
Adobe Illustrator
Adobe Photoshop",Infographic,Graphic Design,Adobe Illustrator,Adobe Photoshop,,,,,,,,,,,,,,,,,,,,,,,,,,,,
"Mobile App Design
Mobile UI Design
Prototyping
Responsive Design
User Experience Design
User Interface Design
Wireframing
Hybrid App Development",Mobile App Design,Mobile UI Design,Prototyping,Responsive Design,User Experience Design,User Interface Design,Wireframing,Hybrid App Development,,,,,,,,,,,,,,,,,,,,,,,,
"Amazon
Graphic Design
SEO Keyword Research
Content Writing
Adobe Photoshop
Data Entry
Copywriting",Amazon,Graphic Design,SEO Keyword Research,Content Writing,Adobe Photoshop,Data Entry,Copywriting,,,,,,,,,,,,,,,,,,,,,,,,,
"Mobile App Design
Mobile UI Design
Prototyping
Responsive Design
User Experience Design
User Interface Design
Wireframing
Hybrid App Development",Mobile App Design,Mobile UI Design,Prototyping,Responsive Design,User Experience Design,User Interface Design,Wireframing,Hybrid App Development,,,,,,,,,,,,,,,,,,,,,,,,
"Amazon
Graphic Design
SEO Keyword Research
Content Writing
Adobe Photoshop
Data Entry
Copywriting",Amazon,Graphic Design,SEO Keyword Research,Content Writing,Adobe Photoshop,Data Entry,Copywriting,,,,,,,,,,,,,,,,,,,,,,,,,
"Business Presentation
Presentations
Microsoft PowerPoint
Medical Billing & Coding
Medical Mastermind Medical Billing Services",Business Presentation,Presentations,Microsoft PowerPoint,Medical Billing & Coding,Medical Mastermind Medical Billing Services,,,,,,,,,,,,,,,,,,,,,,,,,,,
"Next.js
Node.js",Next.js,Node.js,,,,,,,,,,,,,,,,,,,,,,,,,,,,,,
"Social Media Management
Social Media Advertising
Google Ads
Facebook Advertising
Email Copywriting
Content Management
Copywriting
Project Management",Social Media Management,Social Media Advertising,Google Ads,Facebook Advertising,Email Copywriting,Content Management,Copywriting,Project Management,,,,,,,,,,,,,,,,,,,,,,,,
"Website
Print Marketing Materials
Branding Template
Brand Naming
Graphic Design
Brand Guidelines
Brand Identity & Guidelines
Brand Positioning
Logo Design
Corporate Brand Identity",Website,Print Marketing Materials,Branding Template,Brand Naming,Graphic Design,Brand Guidelines,Brand Identity & Guidelines,Brand Positioning,Logo Design,Corporate Brand Identity,,,,,,,,,,,,,,,,,,,,,,
"Executive Support
Virtual Assistance
Executive Virtual Assistant
Media Relations
Public Relations
Communications
Researcher",Executive Support,Virtual Assistance,Executive Virtual Assistant,Media Relations,Public Relations,Communications,Researcher,,,,,,,,,,,,,,,,,,,,,,,,,
"Customer Relationship Management
API
API Integration
amoCRM
Automation",Customer Relationship Management,API,API Integration,amoCRM,Automation,,,,,,,,,,,,,,,,,,,,,,,,,,,
Adobe After Effects,Adobe After Effects,,,,,,,,,,,,,,,,,,,,,,,,,,,,,,,
"Arduino
Arduino Firmware
NFC",Arduino,Arduino Firmware,NFC,,,,,,,,,,,,,,,,,,,,,,,,,,,,,
"Node.js
Google Cloud Platform
DevOps
Android App
Flutter
NodeJS Framework",Node.js,Google Cloud Platform,DevOps,Android App,Flutter,NodeJS Framework,,,,,,,,,,,,,,,,,,,,,,,,,,
"Voice Acting
Voice-Over
Audio Production
Audio Recording
Audio Editing
Translation
Finnish
English to Finnish Translation",Voice Acting,Voice-Over,Audio Production,Audio Recording,Audio Editing,Translation,Finnish,English to Finnish Translation,,,,,,,,,,,,,,,,,,,,,,,,
"Photography
Adobe Photoshop
Photo Editing
Photo Retouching
Digital Photography
Adobe Illustrator
Videography
Video Production
Adobe Photoshop Lightroom
Image Editing",Photography,Adobe Photoshop,Photo Editing,Photo Retouching,Digital Photography,Adobe Illustrator,Videography,Video Production,Adobe Photoshop Lightroom,Image Editing,,,,,,,,,,,,,,,,,,,,,,
"WordPress
Web Development
Web Design
PHP
CSS
HTML
JavaScript",WordPress,Web Development,Web Design,PHP,CSS,HTML,JavaScript,,,,,,,,,,,,,,,,,,,,,,,,,
"WordPress
Elementor
CSS
JavaScript
HTML
WooCommerce
WordPress Development
PHP",WordPress,Elementor,CSS,JavaScript,HTML,WooCommerce,WordPress Development,PHP,,,,,,,,,,,,,,,,,,,,,,,,
"Web Development
JavaScript
Django
Python
CSS
HTML5
HTML",Web Development,JavaScript,Django,Python,CSS,HTML5,HTML,,,,,,,,,,,,,,,,,,,,,,,,,
"Android App Development
Android
Mobile App Development
Android Studio",Android App Development,Android,Mobile App Development,Android Studio,,,,,,,,,,,,,,,,,,,,,,,,,,,,
"Android
Smartphone
Android App Development
Mobile App Development",Android,Smartphone,Android App Development,Mobile App Development,,,,,,,,,,,,,,,,,,,,,,,,,,,,
"JavaScript
PHP
Web Development
Java
Android
Web Design
HTML
Python
C++
API",JavaScript,PHP,Web Development,Java,Android,Web Design,HTML,Python,C++,API,,,,,,,,,,,,,,,,,,,,,,
"Project Management
Social Media Marketing
Marketing Strategy
Facebook
WordPress
Search Engine Optimization
Google Ads
Graphic Design
Content Writing
Social Media Management",Project Management,Social Media Marketing,Marketing Strategy,Facebook,WordPress,Search Engine Optimization,Google Ads,Graphic Design,Content Writing,Social Media Management,,,,,,,,,,,,,,,,,,,,,,
"Android
Smartphone
Android App Development
Mobile App Development",Android,Smartphone,Android App Development,Mobile App Development,,,,,,,,,,,,,,,,,,,,,,,,,,,,
"JavaScript
PHP
Web Development
Java
Android
Web Design
HTML
Python
C++
API",JavaScript,PHP,Web Development,Java,Android,Web Design,HTML,Python,C++,API,,,,,,,,,,,,,,,,,,,,,,
"Project Management
Social Media Marketing
Marketing Strategy
Facebook
WordPress
Search Engine Optimization
Google Ads
Graphic Design
Content Writing
Social Media Management",Project Management,Social Media Marketing,Marketing Strategy,Facebook,WordPress,Search Engine Optimization,Google Ads,Graphic Design,Content Writing,Social Media Management,,,,,,,,,,,,,,,,,,,,,,
"Figma
Landing Page
WordPress",Figma,Landing Page,WordPress,,,,,,,,,,,,,,,,,,,,,,,,,,,,,
"Content Localization
Article Writing
Copywriting
Editor
Writing
Content Writing
Editorial Translation
Danish",Content Localization,Article Writing,Copywriting,Editor,Writing,Content Writing,Editorial Translation,Danish,,,,,,,,,,,,,,,,,,,,,,,,
English to Japanese Translation,English to Japanese Translation,,,,,,,,,,,,,,,,,,,,,,,,,,,,,,,
"WooCommerce
PHP
WordPress
Customer Service",WooCommerce,PHP,WordPress,Customer Service,,,,,,,,,,,,,,,,,,,,,,,,,,,,
"Java
JavaScript
PHP
CakePHP
CodeIgniter
Google Maps API
XML Web Services
Grails
Apache Groovy
SQL
MySQL
Bitbucket
RESTful API",Java,JavaScript,PHP,CakePHP,CodeIgniter,Google Maps API,XML Web Services,Grails,Apache Groovy,SQL,MySQL,Bitbucket,RESTful API,,,,,,,,,,,,,,,,,,,
MetaTrader 4,MetaTrader 4,,,,,,,,,,,,,,,,,,,,,,,,,,,,,,,
"Ethereum
Blockchain
Blockchain Development
Solidity
Smart Contract",Ethereum,Blockchain,Blockchain Development,Solidity,Smart Contract,,,,,,,,,,,,,,,,,,,,,,,,,,,
"3D Animation
Animation
Motion Graphics
3D Modeling",3D Animation,Animation,Motion Graphics,3D Modeling,,,,,,,,,,,,,,,,,,,,,,,,,,,,
"General Transcription
Data Entry
Shona",General Transcription,Data Entry,Shona,,,,,,,,,,,,,,,,,,,,,,,,,,,,,
"Article
Copy Editing
Content Rewriting
Grammar & Syntax Review
Developmental Editing
Academic Editing
Proofreading
English
Editor
Error Detection",Article,Copy Editing,Content Rewriting,Grammar & Syntax Review,Developmental Editing,Academic Editing,Proofreading,English,Editor,Error Detection,,,,,,,,,,,,,,,,,,,,,,
"Mobile Advertising
Social Media Carousel
Video Advertising
Pinterest
Snapchat
Facebook
Fashion & Beauty
Social Media Marketing
Instagram
Marketing Strategy",Mobile Advertising,Social Media Carousel,Video Advertising,Pinterest,Snapchat,Facebook,Fashion & Beauty,Social Media Marketing,Instagram,Marketing Strategy,,,,,,,,,,,,,,,,,,,,,,
"Art & Design
Fashion & Beauty
Sales & Marketing
3D Modeling
Blender
3D Design
Character Design",Art & Design,Fashion & Beauty,Sales & Marketing,3D Modeling,Blender,3D Design,Character Design,,,,,,,,,,,,,,,,,,,,,,,,,
"Redis
API
RESTful API
Java
Node.js
Microsoft Azure SQL Database
Swagger
SendGrid",Redis,API,RESTful API,Java,Node.js,Microsoft Azure SQL Database,Swagger,SendGrid,,,,,,,,,,,,,,,,,,,,,,,,
"Model Optimization
Python
Algorithm Development",Model Optimization,Python,Algorithm Development,,,,,,,,,,,,,,,,,,,,,,,,,,,,,
Facebook,Facebook,,,,,,,,,,,,,,,,,,,,,,,,,,,,,,,
"Facebook
Internet Marketing
Social Media Marketing
Google Ads
Instagram
Social Media Management",Facebook,Internet Marketing,Social Media Marketing,Google Ads,Instagram,Social Media Management,,,,,,,,,,,,,,,,,,,,,,,,,,
"Sports & Recreation
Media & Entertainment
Food & Beverage
Education
List Building
Prospect List
Lead Generation
Data Entry
Data Scraping
Researcher",Sports & Recreation,Media & Entertainment,Food & Beverage,Education,List Building,Prospect List,Lead Generation,Data Entry,Data Scraping,Researcher,,,,,,,,,,,,,,,,,,,,,,
"Web Design
User Interface Design
Mobile App Design
Adobe XD
Figma
Wireframing
Responsive Design",Web Design,User Interface Design,Mobile App Design,Adobe XD,Figma,Wireframing,Responsive Design,,,,,,,,,,,,,,,,,,,,,,,,,
"Cryptocurrency
Bitcoin
Ethereum
Blockchain",Cryptocurrency,Bitcoin,Ethereum,Blockchain,,,,,,,,,,,,,,,,,,,,,,,,,,,,
"Graphic Design
Video Editing
Canva
Photo Editing
Adobe After Effects",Graphic Design,Video Editing,Canva,Photo Editing,Adobe After Effects,,,,,,,,,,,,,,,,,,,,,,,,,,,
"Researcher
Virtual Assistant
Customer Service
Communication Skills",Researcher,Virtual Assistant,Customer Service,Communication Skills,,,,,,,,,,,,,,,,,,,,,,,,,,,,
"Amazon Webstore
Amazon Seller Central
Microsoft Excel
Administrative Support
Amazon",Amazon Webstore,Amazon Seller Central,Microsoft Excel,Administrative Support,Amazon,,,,,,,,,,,,,,,,,,,,,,,,,,,
"Supply Chain & Logistics
Shipping & Order Fulfillment Software
Project Logistics
Bone China",Supply Chain & Logistics,Shipping & Order Fulfillment Software,Project Logistics,Bone China,,,,,,,,,,,,,,,,,,,,,,,,,,,,
"Flutter
Android",Flutter,Android,,,,,,,,,,,,,,,,,,,,,,,,,,,,,,
"Mathematics
Statistics
Engineering Tutoring",Mathematics,Statistics,Engineering Tutoring,,,,,,,,,,,,,,,,,,,,,,,,,,,,,
"Figma
User Interface Design
User Experience Design
Mobile App Design
Mobile UI Design",Figma,User Interface Design,User Experience Design,Mobile App Design,Mobile UI Design,,,,,,,,,,,,,,,,,,,,,,,,,,,
"Mathematics
English
Algebra
Calculus
Equations
Mathematics Tutoring",Mathematics,English,Algebra,Calculus,Equations,Mathematics Tutoring,,,,,,,,,,,,,,,,,,,,,,,,,,
"Chinese
Tutoring",Chinese,Tutoring,,,,,,,,,,,,,,,,,,,,,,,,,,,,,,
"Researcher
Ebook
Writing",Researcher,Ebook,Writing,,,,,,,,,,,,,,,,,,,,,,,,,,,,,
"Instructional Design
Curriculum Development
Learning Theory
English
Education
Academic Writing",Instructional Design,Curriculum Development,Learning Theory,English,Education,Academic Writing,,,,,,,,,,,,,,,,,,,,,,,,,,
"Bootstrap
Responsive Design
API Integration",Bootstrap,Responsive Design,API Integration,,,,,,,,,,,,,,,,,,,,,,,,,,,,,
"Copywriting
Editing & Proofreading
Content Writing",Copywriting,Editing & Proofreading,Content Writing,,,,,,,,,,,,,,,,,,,,,,,,,,,,,
"Android
JavaScript
Android App Development
Mobile App Development
iOS
Web Development
Data Entry
WordPress
Smartphone
Kotlin",Android,JavaScript,Android App Development,Mobile App Development,iOS,Web Development,Data Entry,WordPress,Smartphone,Kotlin,,,,,,,,,,,,,,,,,,,,,,
"Norwegian
Voice Acting
Female
Male
English",Norwegian,Voice Acting,Female,Male,English,,,,,,,,,,,,,,,,,,,,,,,,,,,
"Social Media Management
Ecommerce Support
Email Support
Complaint Management
Customer Feedback Documentation
Online Chat Support
Customer Support
Product Knowledge
Communication Etiquette
Virtual Assistant",Social Media Management,Ecommerce Support,Email Support,Complaint Management,Customer Feedback Documentation,Online Chat Support,Customer Support,Product Knowledge,Communication Etiquette,Virtual Assistant,,,,,,,,,,,,,,,,,,,,,,
Event Marketing,Event Marketing,,,,,,,,,,,,,,,,,,,,,,,,,,,,,,,
"3D Design
3D Lighting
3D Texturing
3D Animation
Autodesk Maya
3D Modeling
3D Rendering
Character Design
Blender
Maxon Cinema 4D",3D Design,3D Lighting,3D Texturing,3D Animation,Autodesk Maya,3D Modeling,3D Rendering,Character Design,Blender,Maxon Cinema 4D,,,,,,,,,,,,,,,,,,,,,,
React,React,,,,,,,,,,,,,,,,,,,,,,,,,,,,,,,
"Directory Submission
SEO Backlinking
Google Search Console",Directory Submission,SEO Backlinking,Google Search Console,,,,,,,,,,,,,,,,,,,,,,,,,,,,,
"French
Teaching French",French,Teaching French,,,,,,,,,,,,,,,,,,,,,,,,,,,,,,
Fundraising,Fundraising,,,,,,,,,,,,,,,,,,,,,,,,,,,,,,,
"3D Modeling
3D Design
Jewelry Design",3D Modeling,3D Design,Jewelry Design,,,,,,,,,,,,,,,,,,,,,,,,,,,,,
Fundraising,Fundraising,,,,,,,,,,,,,,,,,,,,,,,,,,,,,,,
Virtual Assistance,Virtual Assistance,,,,,,,,,,,,,,,,,,,,,,,,,,,,,,,
Fundraising,Fundraising,,,,,,,,,,,,,,,,,,,,,,,,,,,,,,,
"Norwegian
Voice Acting
English",Norwegian,Voice Acting,English,,,,,,,,,,,,,,,,,,,,,,,,,,,,,
"Website Redesign
Interaction Design
HTML
Web Design
CSS
JavaScript
HTML5",Website Redesign,Interaction Design,HTML,Web Design,CSS,JavaScript,HTML5,,,,,,,,,,,,,,,,,,,,,,,,,
"Thai
Thai to English Translation
Male
Voice Acting",Thai,Thai to English Translation,Male,Voice Acting,,,,,,,,,,,,,,,,,,,,,,,,,,,,
"Mathematics
Mathematics Tutoring
Algebra
Academic Writing
Tutoring
SAT Preparation",Mathematics,Mathematics Tutoring,Algebra,Academic Writing,Tutoring,SAT Preparation,,,,,,,,,,,,,,,,,,,,,,,,,,
"Travel Planning
Researcher",Travel Planning,Researcher,,,,,,,,,,,,,,,,,,,,,,,,,,,,,,
"Data Entry
Graphic Design",Data Entry,Graphic Design,,,,,,,,,,,,,,,,,,,,,,,,,,,,,,
"Sales Development
Sales
Relationship Management
Finance & Accounting
Business with 10-99 Employees
Pre-Sales
SaaS",Sales Development,Sales,Relationship Management,Finance & Accounting,Business with 10-99 Employees,Pre-Sales,SaaS,,,,,,,,,,,,,,,,,,,,,,,,,
"Dialogue Editing
Audio Editing
Narrative Video
Stock Footage
Video Editing
Adobe Premiere Pro
Final Cut Pro X
Video Post-Editing
Explainer Video",Dialogue Editing,Audio Editing,Narrative Video,Stock Footage,Video Editing,Adobe Premiere Pro,Final Cut Pro X,Video Post-Editing,Explainer Video,,,,,,,,,,,,,,,,,,,,,,,
"HTML
Landing Page
Web Application
JavaScript
CSS
WordPress
Web Design
Web Development",HTML,Landing Page,Web Application,JavaScript,CSS,WordPress,Web Design,Web Development,,,,,,,,,,,,,,,,,,,,,,,,
"Document Conversion
Administrative Support
Microsoft Excel
Accuracy Verification
Data Entry
Virtual Assistant
Customer Service
Researcher
Database
Product Listings",Document Conversion,Administrative Support,Microsoft Excel,Accuracy Verification,Data Entry,Virtual Assistant,Customer Service,Researcher,Database,Product Listings,,,,,,,,,,,,,,,,,,,,,,
WebRTC,WebRTC,,,,,,,,,,,,,,,,,,,,,,,,,,,,,,,
"Ethical Hacking
Kali Linux
Information Security",Ethical Hacking,Kali Linux,Information Security,,,,,,,,,,,,,,,,,,,,,,,,,,,,,
"WooCommerce
Ecommerce Website
Web Design
WordPress",WooCommerce,Ecommerce Website,Web Design,WordPress,,,,,,,,,,,,,,,,,,,,,,,,,,,,
"Helpdesk
IT Support
System Configuration
System Maintenance
Network Equipment
Technical Support
Hardware Troubleshooting
Windows Server
Troubleshooting",Helpdesk,IT Support,System Configuration,System Maintenance,Network Equipment,Technical Support,Hardware Troubleshooting,Windows Server,Troubleshooting,,,,,,,,,,,,,,,,,,,,,,,
"Article Writing
Blog Writing
Article Curation
Content Audit
Content Creation
News Writing
Editorial Writing
Journalism Writing
Virtual Assistant
Virtual Assistance",Article Writing,Blog Writing,Article Curation,Content Audit,Content Creation,News Writing,Editorial Writing,Journalism Writing,Virtual Assistant,Virtual Assistance,,,,,,,,,,,,,,,,,,,,,,
"Content Writing
Blog Writing
Article
Article Writing
Creative Writing
Blog Content",Content Writing,Blog Writing,Article,Article Writing,Creative Writing,Blog Content,,,,,,,,,,,,,,,,,,,,,,,,,,
"Sales
Lead Generation",Sales,Lead Generation,,,,,,,,,,,,,,,,,,,,,,,,,,,,,,
"Brand Identity Design
Brand Strategy
Logo Design
Branding
Brand Guidelines
Brand Positioning
Digital Marketing Materials
Graphic Design",Brand Identity Design,Brand Strategy,Logo Design,Branding,Brand Guidelines,Brand Positioning,Digital Marketing Materials,Graphic Design,,,,,,,,,,,,,,,,,,,,,,,,
"Content Writing
Researcher
Editing & Proofreading
Copywriting
Article Writing",Content Writing,Researcher,Editing & Proofreading,Copywriting,Article Writing,,,,,,,,,,,,,,,,,,,,,,,,,,,
"Angular
API Integration
Laravel",Angular,API Integration,Laravel,,,,,,,,,,,,,,,,,,,,,,,,,,,,,
"TikTok
Instagram",TikTok,Instagram,,,,,,,,,,,,,,,,,,,,,,,,,,,,,,
"Paid Media
Facebook
Pay Per Click Advertising
Google Ads
Facebook Advertising
Social Media Marketing",Paid Media,Facebook,Pay Per Click Advertising,Google Ads,Facebook Advertising,Social Media Marketing,,,,,,,,,,,,,,,,,,,,,,,,,,
"Packaging Design
Label & Package Design
Covers & Packaging",Packaging Design,Label & Package Design,Covers & Packaging,,,,,,,,,,,,,,,,,,,,,,,,,,,,,
"Data Entry
Lead Generation
Cold Calling
Virtual Assistant
Virtual Assistance
Telemarketing
Scheduling
Appointment Scheduling
List Building",Data Entry,Lead Generation,Cold Calling,Virtual Assistant,Virtual Assistance,Telemarketing,Scheduling,Appointment Scheduling,List Building,,,,,,,,,,,,,,,,,,,,,,,
"TikTok
TikTok Ad
TikTok Marketing",TikTok,TikTok Ad,TikTok Marketing,,,,,,,,,,,,,,,,,,,,,,,,,,,,,
"Email Template Development
Email Design
HTML
Email Marketing
Graphic Design",Email Template Development,Email Design,HTML,Email Marketing,Graphic Design,,,,,,,,,,,,,,,,,,,,,,,,,,,
"Virtual Assistance
Virtual Assistant
Data Entry
Administrative Support",Virtual Assistance,Virtual Assistant,Data Entry,Administrative Support,,,,,,,,,,,,,,,,,,,,,,,,,,,,
"Autodesk Maya
Animation for Kids
3D Animation",Autodesk Maya,Animation for Kids,3D Animation,,,,,,,,,,,,,,,,,,,,,,,,,,,,,
"Business Development
Marketing Strategy
Cryptocurrency
Brand Marketing
Market Analysis",Business Development,Marketing Strategy,Cryptocurrency,Brand Marketing,Market Analysis,,,,,,,,,,,,,,,,,,,,,,,,,,,
"SketchUp
Graphic Design
Interior Design Animation",SketchUp,Graphic Design,Interior Design Animation,,,,,,,,,,,,,,,,,,,,,,,,,,,,,
"Python
API
Automation",Python,API,Automation,,,,,,,,,,,,,,,,,,,,,,,,,,,,,
"Microsoft PowerApps
Microsoft Power Automate
Microsoft Sharepoint
Microsoft Dynamics 365",Microsoft PowerApps,Microsoft Power Automate,Microsoft Sharepoint,Microsoft Dynamics 365,,,,,,,,,,,,,,,,,,,,,,,,,,,,
"ManyChat
Chatbot Development
Bot Development
Messenger Marketing
Automation",ManyChat,Chatbot Development,Bot Development,Messenger Marketing,Automation,,,,,,,,,,,,,,,,,,,,,,,,,,,
"Translation
English
French to English Translation",Translation,English,French to English Translation,,,,,,,,,,,,,,,,,,,,,,,,,,,,,
"Hindi
Video Editing
YouTube
Video Production
Audio Editing",Hindi,Video Editing,YouTube,Video Production,Audio Editing,,,,,,,,,,,,,,,,,,,,,,,,,,,
"Supply Chain & Logistics
Transportation
Startup Company
Business with 1-9 Employees",Supply Chain & Logistics,Transportation,Startup Company,Business with 1-9 Employees,,,,,,,,,,,,,,,,,,,,,,,,,,,,
"Sales Copywriting
Sales Funnel Copywriting
Sales Writing
SEO Writing
Content Writing
Copywriting
Article Writing
Writing",Sales Copywriting,Sales Funnel Copywriting,Sales Writing,SEO Writing,Content Writing,Copywriting,Article Writing,Writing,,,,,,,,,,,,,,,,,,,,,,,,
"Android
Android App Development",Android,Android App Development,,,,,,,,,,,,,,,,,,,,,,,,,,,,,,
"WordPress
Web Development
CSS
HTML",WordPress,Web Development,CSS,HTML,,,,,,,,,,,,,,,,,,,,,,,,,,,,
"Cloud Computing
Solution Architecture Consultation
Implementation
Microsoft Azure
Amazon Web Services
Amazon EC2
AWS Systems Manager
AWS CloudFront",Cloud Computing,Solution Architecture Consultation,Implementation,Microsoft Azure,Amazon Web Services,Amazon EC2,AWS Systems Manager,AWS CloudFront,,,,,,,,,,,,,,,,,,,,,,,,
"Adobe Photoshop
Photo Editing
Adobe Illustrator
Image Editing
Graphic Design",Adobe Photoshop,Photo Editing,Adobe Illustrator,Image Editing,Graphic Design,,,,,,,,,,,,,,,,,,,,,,,,,,,
"3D Rendering
Photorealistic Rendering
High-Quality Rendering
SketchUp",3D Rendering,Photorealistic Rendering,High-Quality Rendering,SketchUp,,,,,,,,,,,,,,,,,,,,,,,,,,,,
"3D Modeling
3D Design
3D Rendering
Architectural Design
Unity
Autodesk 3ds Max",3D Modeling,3D Design,3D Rendering,Architectural Design,Unity,Autodesk 3ds Max,,,,,,,,,,,,,,,,,,,,,,,,,,
"Adobe Photoshop
Graphic Design
Adobe Illustrator
Banner Ad Design
Poster
Adobe InDesign
Print Design
Social Media Imagery
Infographic",Adobe Photoshop,Graphic Design,Adobe Illustrator,Banner Ad Design,Poster,Adobe InDesign,Print Design,Social Media Imagery,Infographic,,,,,,,,,,,,,,,,,,,,,,,
Data Entry,Data Entry,,,,,,,,,,,,,,,,,,,,,,,,,,,,,,,
"Delaware State Bar Association
Legal Consulting
Bankruptcy
File Documentation
Legal Assistance",Delaware State Bar Association,Legal Consulting,Bankruptcy,File Documentation,Legal Assistance,,,,,,,,,,,,,,,,,,,,,,,,,,,
"Python
C#
HTML
Android
C++
Visual Basic
Web Development
Java",Python,C#,HTML,Android,C++,Visual Basic,Web Development,Java,,,,,,,,,,,,,,,,,,,,,,,,
"Marketing Strategy
Social Media Management
Content Writing
Instagram
Social Media Marketing
Search Engine Optimization
Copywriting
Facebook
Cosmetics",Marketing Strategy,Social Media Management,Content Writing,Instagram,Social Media Marketing,Search Engine Optimization,Copywriting,Facebook,Cosmetics,,,,,,,,,,,,,,,,,,,,,,,
"Wix
Web Design
Web Development
Wireframing
Responsive Design
Website",Wix,Web Design,Web Development,Wireframing,Responsive Design,Website,,,,,,,,,,,,,,,,,,,,,,,,,,
"Web Design
Web Development
WordPress",Web Design,Web Development,WordPress,,,,,,,,,,,,,,,,,,,,,,,,,,,,,
"Female
Hindi
Voice-Over",Female,Hindi,Voice-Over,,,,,,,,,,,,,,,,,,,,,,,,,,,,,
"Tech & IT
Art & Design
Health & Wellness
Adobe Illustrator
Adobe After Effects
Adobe Photoshop
Figma
Social Media Management
Social Media Content Creation
Social Media Marketing",Tech & IT,Art & Design,Health & Wellness,Adobe Illustrator,Adobe After Effects,Adobe Photoshop,Figma,Social Media Management,Social Media Content Creation,Social Media Marketing,,,,,,,,,,,,,,,,,,,,,,
"Tech & IT
Art & Design
Health & Wellness
Adobe Illustrator
Adobe After Effects
Adobe Photoshop
Figma
Social Media Management
Social Media Content Creation
Social Media Marketing",Tech & IT,Art & Design,Health & Wellness,Adobe Illustrator,Adobe After Effects,Adobe Photoshop,Figma,Social Media Management,Social Media Content Creation,Social Media Marketing,,,,,,,,,,,,,,,,,,,,,,
"Social Media Imagery
Web Design
Brand Identity Design
Stationery
Health & Wellness
Logo Design
Brand Identity & Guidelines
Graphic Design
Website Asset",Social Media Imagery,Web Design,Brand Identity Design,Stationery,Health & Wellness,Logo Design,Brand Identity & Guidelines,Graphic Design,Website Asset,,,,,,,,,,,,,,,,,,,,,,,
"SEO Keyword Research
SEO Backlinking
SEO Audit
On-Page SEO
SEO Performance
Search Engine Optimization
Organic Traffic Growth",SEO Keyword Research,SEO Backlinking,SEO Audit,On-Page SEO,SEO Performance,Search Engine Optimization,Organic Traffic Growth,,,,,,,,,,,,,,,,,,,,,,,,,
"React Native
Node.js
MongoDB
Android
Socket.io
React
ExpressJS
Android App Development
Mobile App Development",React Native,Node.js,MongoDB,Android,Socket.io,React,ExpressJS,Android App Development,Mobile App Development,,,,,,,,,,,,,,,,,,,,,,,
"Graphic Design
Logo Design
Web Design
Brand Identity & Guidelines",Graphic Design,Logo Design,Web Design,Brand Identity & Guidelines,,,,,,,,,,,,,,,,,,,,,,,,,,,,
"Android App Development
Android
Mobile App Development
Android Studio",Android App Development,Android,Mobile App Development,Android Studio,,,,,,,,,,,,,,,,,,,,,,,,,,,,
"Figma
UX & UI
Web Design
Wireframing",Figma,UX & UI,Web Design,Wireframing,,,,,,,,,,,,,,,,,,,,,,,,,,,,
"Shopify
Sales
Facebook
Lead Generation",Shopify,Sales,Facebook,Lead Generation,,,,,,,,,,,,,,,,,,,,,,,,,,,,
"HTML
Web Development
Facebook Pixel Setup & Optimization
Facebook API Developer
Google Tag Manager",HTML,Web Development,Facebook Pixel Setup & Optimization,Facebook API Developer,Google Tag Manager,,,,,,,,,,,,,,,,,,,,,,,,,,,
"Contract Law
Partnership Agreement
Contract Drafting
Legal Writing",Contract Law,Partnership Agreement,Contract Drafting,Legal Writing,,,,,,,,,,,,,,,,,,,,,,,,,,,,
"Business with 10-99 Employees
Automation",Business with 10-99 Employees,Automation,,,,,,,,,,,,,,,,,,,,,,,,,,,,,,
"Content Writing
Researcher
English
Article Writing",Content Writing,Researcher,English,Article Writing,,,,,,,,,,,,,,,,,,,,,,,,,,,,
"Ethical Hacking
Encryption
Firewall",Ethical Hacking,Encryption,Firewall,,,,,,,,,,,,,,,,,,,,,,,,,,,,,
"Microsoft Excel
Airtable
Typeform
Spreadsheet Software
Zapier",Microsoft Excel,Airtable,Typeform,Spreadsheet Software,Zapier,,,,,,,,,,,,,,,,,,,,,,,,,,,
"Data Analysis
Query Development
Google Sheets",Data Analysis,Query Development,Google Sheets,,,,,,,,,,,,,,,,,,,,,,,,,,,,,
"Android
JavaScript
Android App Development
Mobile App Development
iOS
Web Development
Data Entry
WordPress
Smartphone
Kotlin",Android,JavaScript,Android App Development,Mobile App Development,iOS,Web Development,Data Entry,WordPress,Smartphone,Kotlin,,,,,,,,,,,,,,,,,,,,,,
"Jewelry Design
Gemvision Matrix
Rhinoceros 3D
Jewelry Design Skills",Jewelry Design,Gemvision Matrix,Rhinoceros 3D,Jewelry Design Skills,,,,,,,,,,,,,,,,,,,,,,,,,,,,
"Voice Acting
German
Proofreading
Creative Writing
Writing",Voice Acting,German,Proofreading,Creative Writing,Writing,,,,,,,,,,,,,,,,,,,,,,,,,,,
"Graphic Design
Infographic",Graphic Design,Infographic,,,,,,,,,,,,,,,,,,,,,,,,,,,,,,
"TikTok
TikTok Ad
TikTok Marketing",TikTok,TikTok Ad,TikTok Marketing,,,,,,,,,,,,,,,,,,,,,,,,,,,,,
"Database Design
Database Architecture
SQLite
Realm Database
Usability Testing",Database Design,Database Architecture,SQLite,Realm Database,Usability Testing,,,,,,,,,,,,,,,,,,,,,,,,,,,
"Laravel
Web Development
API
PHP
MySQL
JavaScript
API Integration
Server Administration",Laravel,Web Development,API,PHP,MySQL,JavaScript,API Integration,Server Administration,,,,,,,,,,,,,,,,,,,,,,,,
"Writing
English
Technical Writing
Technical Report",Writing,English,Technical Writing,Technical Report,,,,,,,,,,,,,,,,,,,,,,,,,,,,
Java RMI,Java RMI,,,,,,,,,,,,,,,,,,,,,,,,,,,,,,,
"Facebook
Campaign Management
Internet Marketing
Marketing Strategy
Social Media Marketing
Campaign Optimization
Instagram
Google Ads
SEO Setup & Configuration
Digital Marketing Management",Facebook,Campaign Management,Internet Marketing,Marketing Strategy,Social Media Marketing,Campaign Optimization,Instagram,Google Ads,SEO Setup & Configuration,Digital Marketing Management,,,,,,,,,,,,,,,,,,,,,,
"SQL
MySQL
MySQL Programming
Database Management
Database Programming
Microsoft SQL Server
SQL Programming
Server
Database Administration",SQL,MySQL,MySQL Programming,Database Management,Database Programming,Microsoft SQL Server,SQL Programming,Server,Database Administration,,,,,,,,,,,,,,,,,,,,,,,
"2D Animation
Animation
Adobe Animate
Adobe After Effects
Adobe Character Animator
2D Design
Adobe Flash",2D Animation,Animation,Adobe Animate,Adobe After Effects,Adobe Character Animator,2D Design,Adobe Flash,,,,,,,,,,,,,,,,,,,,,,,,,
"Researcher
Market Research
Dropshipping Product Researcher
Product Analytics
Product Data Management
Shopify",Researcher,Market Research,Dropshipping Product Researcher,Product Analytics,Product Data Management,Shopify,,,,,,,,,,,,,,,,,,,,,,,,,,
"Android
Android App Development
Mobile App Development
Kotlin",Android,Android App Development,Mobile App Development,Kotlin,,,,,,,,,,,,,,,,,,,,,,,,,,,,
Flutter,Flutter,,,,,,,,,,,,,,,,,,,,,,,,,,,,,,,
"Social Media Marketing
Instagram
Lead Generation
Marketing Strategy
Social Media Content Creation
Social Media Content
Telemarketing",Social Media Marketing,Instagram,Lead Generation,Marketing Strategy,Social Media Content Creation,Social Media Content,Telemarketing,,,,,,,,,,,,,,,,,,,,,,,,,
"Video Editing
Video Post-Editing
Adobe Premiere Pro
Adobe Photoshop
Video Production",Video Editing,Video Post-Editing,Adobe Premiere Pro,Adobe Photoshop,Video Production,,,,,,,,,,,,,,,,,,,,,,,,,,,
"Android
Android App Development
Smartphone
Mobile App Development",Android,Android App Development,Smartphone,Mobile App Development,,,,,,,,,,,,,,,,,,,,,,,,,,,,
"Android
Android App Development
Smartphone
Mobile App Development",Android,Android App Development,Smartphone,Mobile App Development,,,,,,,,,,,,,,,,,,,,,,,,,,,,
"Node.js
Web Development
JavaScript
HTML5
CSS 3
Website
NodeJS Framework",Node.js,Web Development,JavaScript,HTML5,CSS 3,Website,NodeJS Framework,,,,,,,,,,,,,,,,,,,,,,,,,
Web Design,Web Design,,,,,,,,,,,,,,,,,,,,,,,,,,,,,,,
"Animation
3D Animation
Motion Graphics
Video Production
Adobe After Effects
Character Design",Animation,3D Animation,Motion Graphics,Video Production,Adobe After Effects,Character Design,,,,,,,,,,,,,,,,,,,,,,,,,,
"React
TensorFlow
Azure DevOps
OpenCV
Python
Web Application
RESTful API
Image Processing",React,TensorFlow,Azure DevOps,OpenCV,Python,Web Application,RESTful API,Image Processing,,,,,,,,,,,,,,,,,,,,,,,,
"iOS
Swift
Mobile App Development",iOS,Swift,Mobile App Development,,,,,,,,,,,,,,,,,,,,,,,,,,,,,
Web Design,Web Design,,,,,,,,,,,,,,,,,,,,,,,,,,,,,,,
"Flutter
Mobile App Development",Flutter,Mobile App Development,,,,,,,,,,,,,,,,,,,,,,,,,,,,,,
"Golang
React
Mobile App Development
Flutter
API",Golang,React,Mobile App Development,Flutter,API,,,,,,,,,,,,,,,,,,,,,,,,,,,
"Automated Testing
Software QA
Test Automation Framework
Software Testing
React",Automated Testing,Software QA,Test Automation Framework,Software Testing,React,,,,,,,,,,,,,,,,,,,,,,,,,,,
"Data Entry
Market Research
Sourcing
Researcher",Data Entry,Market Research,Sourcing,Researcher,,,,,,,,,,,,,,,,,,,,,,,,,,,,
"CloudKit
In-App Purchases
Swift
iOS Development",CloudKit,In-App Purchases,Swift,iOS Development,,,,,,,,,,,,,,,,,,,,,,,,,,,,
React,React,,,,,,,,,,,,,,,,,,,,,,,,,,,,,,,
"Autodesk 3ds Max
3D Modeling
3D Rendering
3D Design",Autodesk 3ds Max,3D Modeling,3D Rendering,3D Design,,,,,,,,,,,,,,,,,,,,,,,,,,,,
"Computer Skills
CRM Software
Batch Proof Reports
Microsoft Excel
Accuracy Verification
Sales Lead Lists",Computer Skills,CRM Software,Batch Proof Reports,Microsoft Excel,Accuracy Verification,Sales Lead Lists,,,,,,,,,,,,,,,,,,,,,,,,,,
Shopify,Shopify,,,,,,,,,,,,,,,,,,,,,,,,,,,,,,,
"C#
Unity
Game Development",C#,Unity,Game Development,,,,,,,,,,,,,,,,,,,,,,,,,,,,,
"Leadership Skills
Communications
Time Management",Leadership Skills,Communications,Time Management,,,,,,,,,,,,,,,,,,,,,,,,,,,,,
"React
JavaScript
HTML5
CSS
HTML
Web Application
Web Development
Node.js
CSS 3",React,JavaScript,HTML5,CSS,HTML,Web Application,Web Development,Node.js,CSS 3,,,,,,,,,,,,,,,,,,,,,,,
"Search Engine Optimization
Website Content
Content Writing",Search Engine Optimization,Website Content,Content Writing,,,,,,,,,,,,,,,,,,,,,,,,,,,,,
"Web Application
API Integration
PHP
Java
JavaScript
MySQL
Laravel
Android
API
Web Development",Web Application,API Integration,PHP,Java,JavaScript,MySQL,Laravel,Android,API,Web Development,,,,,,,,,,,,,,,,,,,,,,
"Android
Android App Development
Mobile App Development
Smartphone",Android,Android App Development,Mobile App Development,Smartphone,,,,,,,,,,,,,,,,,,,,,,,,,,,,
"OpenCart
PHP",OpenCart,PHP,,,,,,,,,,,,,,,,,,,,,,,,,,,,,,
"Video Production
Videography",Video Production,Videography,,,,,,,,,,,,,,,,,,,,,,,,,,,,,,
"Android
Mobile App Development
iOS
Android App Development
Firebase
Ionic Framework
Android Studio",Android,Mobile App Development,iOS,Android App Development,Firebase,Ionic Framework,Android Studio,,,,,,,,,,,,,,,,,,,,,,,,,
"OpenCart
Ecommerce Platform Development
Custom Ecommerce Platform Development
Magento
Ecommerce
Shopify Templates
Shopify",OpenCart,Ecommerce Platform Development,Custom Ecommerce Platform Development,Magento,Ecommerce,Shopify Templates,Shopify,,,,,,,,,,,,,,,,,,,,,,,,,
"iOS
iOS Development",iOS,iOS Development,,,,,,,,,,,,,,,,,,,,,,,,,,,,,,
"Videography
Video Production",Videography,Video Production,,,,,,,,,,,,,,,,,,,,,,,,,,,,,,
"Electronics
PCB Design
Circuit Design
Electronic Design
Microcontroller",Electronics,PCB Design,Circuit Design,Electronic Design,Microcontroller,,,,,,,,,,,,,,,,,,,,,,,,,,,
"Microsoft Excel
Data Scraping
Data Mining
Data Entry",Microsoft Excel,Data Scraping,Data Mining,Data Entry,,,,,,,,,,,,,,,,,,,,,,,,,,,,
"WordPress
Web Development
PHP
JavaScript
HTML5
CSS 3
UX/UI Design Deliverables
WordPress Plugin
phpMyAdmin",WordPress,Web Development,PHP,JavaScript,HTML5,CSS 3,UX/UI Design Deliverables,WordPress Plugin,phpMyAdmin,,,,,,,,,,,,,,,,,,,,,,,
"Hindi
Writing
Scriptwriting
YouTube
Creative Writing",Hindi,Writing,Scriptwriting,YouTube,Creative Writing,,,,,,,,,,,,,,,,,,,,,,,,,,,
Translation,Translation,,,,,,,,,,,,,,,,,,,,,,,,,,,,,,,
"Urdu
English to Urdu Translation
English
Urdu to English Translation
Translation",Urdu,English to Urdu Translation,English,Urdu to English Translation,Translation,,,,,,,,,,,,,,,,,,,,,,,,,,,
"Writing
Academic Writing
English
Ghostwriting
Researcher
Fact-Checking",Writing,Academic Writing,English,Ghostwriting,Researcher,Fact-Checking,,,,,,,,,,,,,,,,,,,,,,,,,,
"Norwegian
Voice Acting
English",Norwegian,Voice Acting,English,,,,,,,,,,,,,,,,,,,,,,,,,,,,,
"Microsoft Power BI
Amazon S3",Microsoft Power BI,Amazon S3,,,,,,,,,,,,,,,,,,,,,,,,,,,,,,
"Norwegian
Voice Acting
English",Norwegian,Voice Acting,English,,,,,,,,,,,,,,,,,,,,,,,,,,,,,
"Microsoft Power BI
Amazon S3",Microsoft Power BI,Amazon S3,,,,,,,,,,,,,,,,,,,,,,,,,,,,,,
"Financial Analysis
Financial Accounting
Accounting",Financial Analysis,Financial Accounting,Accounting,,,,,,,,,,,,,,,,,,,,,,,,,,,,,
"English
Article
IT
Qualitative Research
Technical Writing
Tutorial
Blog Content
Java
Core Java",English,Article,IT,Qualitative Research,Technical Writing,Tutorial,Blog Content,Java,Core Java,,,,,,,,,,,,,,,,,,,,,,,
"Python
Financial Analysis",Python,Financial Analysis,,,,,,,,,,,,,,,,,,,,,,,,,,,,,,
"MetaTrader 4
C++
Java
Algorithm Development
Cryptocurrency",MetaTrader 4,C++,Java,Algorithm Development,Cryptocurrency,,,,,,,,,,,,,,,,,,,,,,,,,,,
"Splunk
Python
Big Data
Scala Developer
PySpark
Spark AR Studio
R Hadoop",Splunk,Python,Big Data,Scala Developer,PySpark,Spark AR Studio,R Hadoop,,,,,,,,,,,,,,,,,,,,,,,,,
Illustration,Illustration,,,,,,,,,,,,,,,,,,,,,,,,,,,,,,,
"Angular 10
AngularJS",Angular 10,AngularJS,,,,,,,,,,,,,,,,,,,,,,,,,,,,,,
"French
German
French to German Translation
German to French Translation
Translation
English
English to German Translation
English to French Translation",French,German,French to German Translation,German to French Translation,Translation,English,English to German Translation,English to French Translation,,,,,,,,,,,,,,,,,,,,,,,,
"All in One SEO Pack
WordPress
Web Development
Web Design",All in One SEO Pack,WordPress,Web Development,Web Design,,,,,,,,,,,,,,,,,,,,,,,,,,,,
"Angular Material
Angular 10
CSS",Angular Material,Angular 10,CSS,,,,,,,,,,,,,,,,,,,,,,,,,,,,,
"Mobile App Design
Mobile UI Design
User Experience Design
User Interface Design
Mockup",Mobile App Design,Mobile UI Design,User Experience Design,User Interface Design,Mockup,,,,,,,,,,,,,,,,,,,,,,,,,,,
"SAP
SAP HANA",SAP,SAP HANA,,,,,,,,,,,,,,,,,,,,,,,,,,,,,,
"Usability Testing
Data Analysis
Prototyping
Requirement Analysis
Business Analysis
Product Roadmap",Usability Testing,Data Analysis,Prototyping,Requirement Analysis,Business Analysis,Product Roadmap,,,,,,,,,,,,,,,,,,,,,,,,,,
"Music & Sound Design
Audio Effects
Audio Production
Audio Editing
Audio Engineering
Music Production
Sound Mixing
Adobe Audition",Music & Sound Design,Audio Effects,Audio Production,Audio Editing,Audio Engineering,Music Production,Sound Mixing,Adobe Audition,,,,,,,,,,,,,,,,,,,,,,,,
"Ubuntu
cPanel
MySQL
Linux System Administration",Ubuntu,cPanel,MySQL,Linux System Administration,,,,,,,,,,,,,,,,,,,,,,,,,,,,
"Android
Android App Development
Java
Mobile App Development",Android,Android App Development,Java,Mobile App Development,,,,,,,,,,,,,,,,,,,,,,,,,,,,
"Database Design
Data Engineering
Data Integration
Microsoft Azure
ETL Pipeline",Database Design,Data Engineering,Data Integration,Microsoft Azure,ETL Pipeline,,,,,,,,,,,,,,,,,,,,,,,,,,,
"Content Marketing Strategy
Ad Copy
Landing Page
Blog Content
Article
Headline
Content Writing
Creative Writing
Copywriting
Writing",Content Marketing Strategy,Ad Copy,Landing Page,Blog Content,Article,Headline,Content Writing,Creative Writing,Copywriting,Writing,,,,,,,,,,,,,,,,,,,,,,
"Microsoft Word
Typing
English
Data Entry
Copywriting
Content Writing
Writing
Microsoft Excel
Database
File Management",Microsoft Word,Typing,English,Data Entry,Copywriting,Content Writing,Writing,Microsoft Excel,Database,File Management,,,,,,,,,,,,,,,,,,,,,,
"Rust
Smart Contract
Solana
Blockchain",Rust,Smart Contract,Solana,Blockchain,,,,,,,,,,,,,,,,,,,,,,,,,,,,
"Food Photography
Product Photography
Photo Retouching
Adobe Photoshop
Photo Editing",Food Photography,Product Photography,Photo Retouching,Adobe Photoshop,Photo Editing,,,,,,,,,,,,,,,,,,,,,,,,,,,
"Virtual Assistant
Researcher
Market Research",Virtual Assistant,Researcher,Market Research,,,,,,,,,,,,,,,,,,,,,,,,,,,,,
"Node.js
React
MongoDB",Node.js,React,MongoDB,,,,,,,,,,,,,,,,,,,,,,,,,,,,,
"Portuguese
European Portuguese Accent",Portuguese,European Portuguese Accent,,,,,,,,,,,,,,,,,,,,,,,,,,,,,,
"Presentation Design
Slide Transition
WordPress",Presentation Design,Slide Transition,WordPress,,,,,,,,,,,,,,,,,,,,,,,,,,,,,
"Landing Page
Website
HTML
CSS
HTML5
JavaScript
Graphic Design
Web Design
CSS 3
Bootstrap",Landing Page,Website,HTML,CSS,HTML5,JavaScript,Graphic Design,Web Design,CSS 3,Bootstrap,,,,,,,,,,,,,,,,,,,,,,
"Thai
Thai to English Translation
Male
Voice Acting",Thai,Thai to English Translation,Male,Voice Acting,,,,,,,,,,,,,,,,,,,,,,,,,,,,
"Smartphone
Android App Development
Mobile App Development",Smartphone,Android App Development,Mobile App Development,,,,,,,,,,,,,,,,,,,,,,,,,,,,,
General Transcription,General Transcription,,,,,,,,,,,,,,,,,,,,,,,,,,,,,,,
"Branding
Brand Positioning
Brand Research
Brand Guidelines
Brand Identity
Logo Design",Branding,Brand Positioning,Brand Research,Brand Guidelines,Brand Identity,Logo Design,,,,,,,,,,,,,,,,,,,,,,,,,,
"Marketing Strategy
Ecommerce
Social Media Content Creation",Marketing Strategy,Ecommerce,Social Media Content Creation,,,,,,,,,,,,,,,,,,,,,,,,,,,,,
"C#
.NET Framework
Blazor
Razor Template Engine",C#,.NET Framework,Blazor,Razor Template Engine,,,,,,,,,,,,,,,,,,,,,,,,,,,,
"Instagram
Social Media Content Creation",Instagram,Social Media Content Creation,,,,,,,,,,,,,,,,,,,,,,,,,,,,,,
"3D Modeling
CAM Software
3D Scanning
Robot Framework
CAD
CAD Software",3D Modeling,CAM Software,3D Scanning,Robot Framework,CAD,CAD Software,,,,,,,,,,,,,,,,,,,,,,,,,,
"Graphic Design
Adobe Illustrator
Illustration
Logo Design",Graphic Design,Adobe Illustrator,Illustration,Logo Design,,,,,,,,,,,,,,,,,,,,,,,,,,,,
"Sales
Sales Call",Sales,Sales Call,,,,,,,,,,,,,,,,,,,,,,,,,,,,,,
"Web Design
WordPress
Web Development
Graphic Design
HTML
CSS
Adobe Photoshop
Visual Communication
Wireframing
Mockup",Web Design,WordPress,Web Development,Graphic Design,HTML,CSS,Adobe Photoshop,Visual Communication,Wireframing,Mockup,,,,,,,,,,,,,,,,,,,,,,
ASP.NET,ASP.NET,,,,,,,,,,,,,,,,,,,,,,,,,,,,,,,
"Technical SEO
SEO Setup & Configuration
Screaming Frog SEO Spider
Search Engine Optimization
Magento",Technical SEO,SEO Setup & Configuration,Screaming Frog SEO Spider,Search Engine Optimization,Magento,,,,,,,,,,,,,,,,,,,,,,,,,,,
"WordPress
WooCommerce
PHP
Web Development
CSS",WordPress,WooCommerce,PHP,Web Development,CSS,,,,,,,,,,,,,,,,,,,,,,,,,,,
"HR & Business Services
Staff Recruitment & Management
IT Recruiting
Candidate Sourcing
Recruiting
Resume Screening
Candidate Evaluation
Technical Recruiter",HR & Business Services,Staff Recruitment & Management,IT Recruiting,Candidate Sourcing,Recruiting,Resume Screening,Candidate Evaluation,Technical Recruiter,,,,,,,,,,,,,,,,,,,,,,,,
"ETL Pipeline
Talend Open Studio
Data Migration
Talend Data Integration
Data Management",ETL Pipeline,Talend Open Studio,Data Migration,Talend Data Integration,Data Management,,,,,,,,,,,,,,,,,,,,,,,,,,,
"Content Writing
Blog Content
Blog Writing
Article Writing
SEO Writing
Copywriting",Content Writing,Blog Content,Blog Writing,Article Writing,SEO Writing,Copywriting,,,,,,,,,,,,,,,,,,,,,,,,,,
"Design Enhancement
Search Engine Optimization
Magento 2",Design Enhancement,Search Engine Optimization,Magento 2,,,,,,,,,,,,,,,,,,,,,,,,,,,,,
"Digital Accessibility Designer
Figma Expert
Adobe XD Expert
Adobe XD
Adobe Photoshop
Web Design
Mobile App Design
Illustration
Adobe Illustrator",Digital Accessibility Designer,Figma Expert,Adobe XD Expert,Adobe XD,Adobe Photoshop,Web Design,Mobile App Design,Illustration,Adobe Illustrator,,,,,,,,,,,,,,,,,,,,,,,
"Web Design
Mobile App Design",Web Design,Mobile App Design,,,,,,,,,,,,,,,,,,,,,,,,,,,,,,
"HR & Business Services
Virtual Assistance
Administrative Support",HR & Business Services,Virtual Assistance,Administrative Support,,,,,,,,,,,,,,,,,,,,,,,,,,,,,
JavaScript,JavaScript,,,,,,,,,,,,,,,,,,,,,,,,,,,,,,,
"Social Media Management
Social Media Marketing
Social Media Content Creation
Social Media Strategy
Marketing Strategy
Content Writing
Content Strategy
Virtual Assistant
Community Engagement
Social Media Ad Campaign",Social Media Management,Social Media Marketing,Social Media Content Creation,Social Media Strategy,Marketing Strategy,Content Writing,Content Strategy,Virtual Assistant,Community Engagement,Social Media Ad Campaign,,,,,,,,,,,,,,,,,,,,,,
"Researcher
Data Analysis
Writing",Researcher,Data Analysis,Writing,,,,,,,,,,,,,,,,,,,,,,,,,,,,,
"AWS CloudTrail
NGINX
Amazon S3",AWS CloudTrail,NGINX,Amazon S3,,,,,,,,,,,,,,,,,,,,,,,,,,,,,
"Startup Company
Recruiting
Candidate Sourcing
Human Resource Management
Technical Recruiter
Candidate Evaluation
Interpersonal Skills
Candidate Interviewing
Candidate Recommendation
Upwork",Startup Company,Recruiting,Candidate Sourcing,Human Resource Management,Technical Recruiter,Candidate Evaluation,Interpersonal Skills,Candidate Interviewing,Candidate Recommendation,Upwork,,,,,,,,,,,,,,,,,,,,,,
"Smartphone
Tablet
Android
Microsoft Windows
Java
Kotlin
JavaScript
Flutter
Android
Mobile App Development
JavaScript",Smartphone,Tablet,Android,Microsoft Windows,Java,Kotlin,JavaScript,Flutter,Android,Mobile App Development,JavaScript,,,,,,,,,,,,,,,,,,,,,
"Critical Thinking Skills
Market Research
Data Entry
List Building",Critical Thinking Skills,Market Research,Data Entry,List Building,,,,,,,,,,,,,,,,,,,,,,,,,,,,
"Search Engine Optimization
SEO Writing",Search Engine Optimization,SEO Writing,,,,,,,,,,,,,,,,,,,,,,,,,,,,,,
"Android
Android App Development
Java
Mobile App Development
Android Studio",Android,Android App Development,Java,Mobile App Development,Android Studio,,,,,,,,,,,,,,,,,,,,,,,,,,,
"Data Analysis
Marketing Strategy
Market Analysis
Researcher
Market Research",Data Analysis,Marketing Strategy,Market Analysis,Researcher,Market Research,,,,,,,,,,,,,,,,,,,,,,,,,,,
"Reputation Management
Social Media Management",Reputation Management,Social Media Management,,,,,,,,,,,,,,,,,,,,,,,,,,,,,,
"Voice Acting
German
Proofreading
Creative Writing
Writing
Translation
English to German Translation
Content Writing",Voice Acting,German,Proofreading,Creative Writing,Writing,Translation,English to German Translation,Content Writing,,,,,,,,,,,,,,,,,,,,,,,,
"API Integration
WordPress
PHP
CSS
Web Development",API Integration,WordPress,PHP,CSS,Web Development,,,,,,,,,,,,,,,,,,,,,,,,,,,
"Database Design
Data Mining
Database
Mail Merge",Database Design,Data Mining,Database,Mail Merge,,,,,,,,,,,,,,,,,,,,,,,,,,,,
"Search Engine Marketing
Google Marketing Platform",Search Engine Marketing,Google Marketing Platform,,,,,,,,,,,,,,,,,,,,,,,,,,,,,,
"Dutch
English
Translation
Voice Acting
Proofreading
Voice-Over
Communications
Researcher",Dutch,English,Translation,Voice Acting,Proofreading,Voice-Over,Communications,Researcher,,,,,,,,,,,,,,,,,,,,,,,,
"SEO Keyword Research
YouTube Marketing
Organic Traffic Growth
YouTube Development
YouTube
Video Marketing",SEO Keyword Research,YouTube Marketing,Organic Traffic Growth,YouTube Development,YouTube,Video Marketing,,,,,,,,,,,,,,,,,,,,,,,,,,
"Tax Preparation
Tax Return
CPA
Tax Law",Tax Preparation,Tax Return,CPA,Tax Law,,,,,,,,,,,,,,,,,,,,,,,,,,,,
"React
JavaScript
HTML
CSS
HTML5
CSS 3
Redux
TypeScript
Sass
Web Development",React,JavaScript,HTML,CSS,HTML5,CSS 3,Redux,TypeScript,Sass,Web Development,,,,,,,,,,,,,,,,,,,,,,
"Kotlin
Android",Kotlin,Android,,,,,,,,,,,,,,,,,,,,,,,,,,,,,,
,,,,,,,,,,,,,,,,,,,,,,,,,,,,,,,,
"React
JavaScript
HTML
CSS
HTML5
CSS 3
Redux
TypeScript
Sass
Web Development",React,JavaScript,HTML,CSS,HTML5,CSS 3,Redux,TypeScript,Sass,Web Development,,,,,,,,,,,,,,,,,,,,,,
"Kotlin
Android",Kotlin,Android,,,,,,,,,,,,,,,,,,,,,,,,,,,,,,
"Python
Flutter Developer",Python,Flutter Developer,,,,,,,,,,,,,,,,,,,,,,,,,,,,,,
"Data Entry
Market Research
Sourcing
Researcher",Data Entry,Market Research,Sourcing,Researcher,,,,,,,,,,,,,,,,,,,,,,,,,,,,
"Researcher
Content Writing
Article Writing
English",Researcher,Content Writing,Article Writing,English,,,,,,,,,,,,,,,,,,,,,,,,,,,,
"Facebook
Social Media Management
Facebook Advertising",Facebook,Social Media Management,Facebook Advertising,,,,,,,,,,,,,,,,,,,,,,,,,,,,,
"Information Security
Security Analysis
Website Security",Information Security,Security Analysis,Website Security,,,,,,,,,,,,,,,,,,,,,,,,,,,,,
"SCSS
Bootstrap
CSS
JavaScript",SCSS,Bootstrap,CSS,JavaScript,,,,,,,,,,,,,,,,,,,,,,,,,,,,
"Adobe Illustrator
Adobe Photoshop
Print Design
CorelDRAW",Adobe Illustrator,Adobe Photoshop,Print Design,CorelDRAW,,,,,,,,,,,,,,,,,,,,,,,,,,,,
,,,,,,,,,,,,,,,,,,,,,,,,,,,,,,,,
"Adobe Illustrator
Adobe Photoshop
Print Design
CorelDRAW",Adobe Illustrator,Adobe Photoshop,Print Design,CorelDRAW,,,,,,,,,,,,,,,,,,,,,,,,,,,,
"WordPress
PHP",WordPress,PHP,,,,,,,,,,,,,,,,,,,,,,,,,,,,,,
Logo Design,Logo Design,,,,,,,,,,,,,,,,,,,,,,,,,,,,,,,
"Autodesk 3ds Max
V-Ray
SketchUp
Lumion
3D Rendering
Photorealistic Rendering
3D Design
Architectural Rendering",Autodesk 3ds Max,V-Ray,SketchUp,Lumion,3D Rendering,Photorealistic Rendering,3D Design,Architectural Rendering,,,,,,,,,,,,,,,,,,,,,,,,
"Logo Design
Graphic Design
Adobe Illustrator
Social Media Imagery
Brand Identity & Guidelines
Adobe Photoshop",Logo Design,Graphic Design,Adobe Illustrator,Social Media Imagery,Brand Identity & Guidelines,Adobe Photoshop,,,,,,,,,,,,,,,,,,,,,,,,,,
"Node.js
JavaScript
Web Development
API Integration
CSS 3
HTML5
API",Node.js,JavaScript,Web Development,API Integration,CSS 3,HTML5,API,,,,,,,,,,,,,,,,,,,,,,,,,
"Ethical Hacking
Instagram",Ethical Hacking,Instagram,,,,,,,,,,,,,,,,,,,,,,,,,,,,,,
"DevOps
Kubernetes
CI/CD Platform
Jenkins
CI/CD
Deployment Automation
Git
Docker
Amazon Web Services",DevOps,Kubernetes,CI/CD Platform,Jenkins,CI/CD,Deployment Automation,Git,Docker,Amazon Web Services,,,,,,,,,,,,,,,,,,,,,,,
"Administrative Support
Corporate Maintenance
Content Writing
Writing
Creative Writing
Client Management
Client Interview
English
Researcher",Administrative Support,Corporate Maintenance,Content Writing,Writing,Creative Writing,Client Management,Client Interview,English,Researcher,,,,,,,,,,,,,,,,,,,,,,,
"Letter Writing
Story Development
Biography
Blog Content
Article
Creative Writing
Editor
English
Proofreading
Essay Writing",Letter Writing,Story Development,Biography,Blog Content,Article,Creative Writing,Editor,English,Proofreading,Essay Writing,,,,,,,,,,,,,,,,,,,,,,
"Blockchain
Solidity
Smart Contract
Cryptocurrency
JavaScript",Blockchain,Solidity,Smart Contract,Cryptocurrency,JavaScript,,,,,,,,,,,,,,,,,,,,,,,,,,,
"Lead Generation Strategy
Lead Nurturing
Market Research
Medical Billing & Coding
Medical Mastermind Medical Billing Services
Lead Generation
Researcher
Communications
Cold Calling",Lead Generation Strategy,Lead Nurturing,Market Research,Medical Billing & Coding,Medical Mastermind Medical Billing Services,Lead Generation,Researcher,Communications,Cold Calling,,,,,,,,,,,,,,,,,,,,,,,
"Adobe After Effects
Adobe Premiere Pro
Motion Graphics
Video Editing
Video Production
Video Post-Editing",Adobe After Effects,Adobe Premiere Pro,Motion Graphics,Video Editing,Video Production,Video Post-Editing,,,,,,,,,,,,,,,,,,,,,,,,,,
"Flutter
Swift
iOS Development",Flutter,Swift,iOS Development,,,,,,,,,,,,,,,,,,,,,,,,,,,,,
"PHP
Web Development
MySQL
HTML
Web Design
HTML5
JavaScript",PHP,Web Development,MySQL,HTML,Web Design,HTML5,JavaScript,,,,,,,,,,,,,,,,,,,,,,,,,
"Web Application
Android
Smartphone
iOS
Android App Development
Mobile App Development
Java
Native App Development
iOS Development
Tablet",Web Application,Android,Smartphone,iOS,Android App Development,Mobile App Development,Java,Native App Development,iOS Development,Tablet,,,,,,,,,,,,,,,,,,,,,,
"Native App Development
Flutter
OpenAPI",Native App Development,Flutter,OpenAPI,,,,,,,,,,,,,,,,,,,,,,,,,,,,,
"Gaming Console
Android
Smartphone
Tablet
Mobile App Development
Android App Development",Gaming Console,Android,Smartphone,Tablet,Mobile App Development,Android App Development,,,,,,,,,,,,,,,,,,,,,,,,,,
"Android
JavaScript
Android App Development
Mobile App Development
iOS
Web Development
Data Entry
WordPress
Smartphone
Kotlin",Android,JavaScript,Android App Development,Mobile App Development,iOS,Web Development,Data Entry,WordPress,Smartphone,Kotlin,,,,,,,,,,,,,,,,,,,,,,
"Marketing Strategy
Sales
Social Media Marketing
Telemarketing",Marketing Strategy,Sales,Social Media Marketing,Telemarketing,,,,,,,,,,,,,,,,,,,,,,,,,,,,
"Adobe Illustrator
Graphic Design",Adobe Illustrator,Graphic Design,,,,,,,,,,,,,,,,,,,,,,,,,,,,,,
"Data Entry
Virtual Assistance
Virtual Assistant
Administrative Support
Researcher
Personal Administration
Email Communication
Microsoft Excel
Accuracy Verification
Communications",Data Entry,Virtual Assistance,Virtual Assistant,Administrative Support,Researcher,Personal Administration,Email Communication,Microsoft Excel,Accuracy Verification,Communications,,,,,,,,,,,,,,,,,,,,,,
"Google Analytics
TikTok
Facebook
Instagram
Marketing Strategy
Internet Marketing
Social Media Management
Facebook Advertising
Social Media Marketing",Google Analytics,TikTok,Facebook,Instagram,Marketing Strategy,Internet Marketing,Social Media Management,Facebook Advertising,Social Media Marketing,,,,,,,,,,,,,,,,,,,,,,,
"Blog Content
Article
SEO Writing
Blog Writing
Article Writing
Content Writing",Blog Content,Article,SEO Writing,Blog Writing,Article Writing,Content Writing,,,,,,,,,,,,,,,,,,,,,,,,,,
"Android
Android App Development
Mobile App Development
Smartphone
Tablet",Android,Android App Development,Mobile App Development,Smartphone,Tablet,,,,,,,,,,,,,,,,,,,,,,,,,,,
"Automation
Data Extraction
Data Scraping
Web Crawling
Python
Algorithm Development
Cryptocurrency
Financial Analysis
Forex Trading",Automation,Data Extraction,Data Scraping,Web Crawling,Python,Algorithm Development,Cryptocurrency,Financial Analysis,Forex Trading,,,,,,,,,,,,,,,,,,,,,,,
"Style Guide
Landing Page
Prototyping
Web Design
Web Development
WordPress
CSS
JavaScript
HTML5",Style Guide,Landing Page,Prototyping,Web Design,Web Development,WordPress,CSS,JavaScript,HTML5,,,,,,,,,,,,,,,,,,,,,,,
"Swift
iOS",Swift,iOS,,,,,,,,,,,,,,,,,,,,,,,,,,,,,,
"React
JavaScript
Web Development
Responsive Design
Website",React,JavaScript,Web Development,Responsive Design,Website,,,,,,,,,,,,,,,,,,,,,,,,,,,
"Elixir
Phoenix",Elixir,Phoenix,,,,,,,,,,,,,,,,,,,,,,,,,,,,,,
"Design for Manufacturing
Product Research
Design Validation
Product Design
Industrial Design
3D Design
CAD
Concept Design
3D Rendering
3D Modeling",Design for Manufacturing,Product Research,Design Validation,Product Design,Industrial Design,3D Design,CAD,Concept Design,3D Rendering,3D Modeling,,,,,,,,,,,,,,,,,,,,,,
"JavaScript
Web Design
Web Development
Website
Website Customization
Shopify
WordPress",JavaScript,Web Design,Web Development,Website,Website Customization,Shopify,WordPress,,,,,,,,,,,,,,,,,,,,,,,,,
"Social Media Marketing
Twitter Marketing
Content Writing
Instagram",Social Media Marketing,Twitter Marketing,Content Writing,Instagram,,,,,,,,,,,,,,,,,,,,,,,,,,,,
"WordPress
Web Development",WordPress,Web Development,,,,,,,,,,,,,,,,,,,,,,,,,,,,,,
Amazon Dropshipping,Amazon Dropshipping,,,,,,,,,,,,,,,,,,,,,,,,,,,,,,,
Mobile App Testing,Mobile App Testing,,,,,,,,,,,,,,,,,,,,,,,,,,,,,,,
"PHP
API Integration
CodeIgniter
JavaScript
API
MySQL",PHP,API Integration,CodeIgniter,JavaScript,API,MySQL,,,,,,,,,,,,,,,,,,,,,,,,,,
"Shopify
Shopify Templates
Web Development
Ecommerce Website",Shopify,Shopify Templates,Web Development,Ecommerce Website,,,,,,,,,,,,,,,,,,,,,,,,,,,,
"Email Communication
Data Entry
Gmail
Email Campaign Setup
Automation",Email Communication,Data Entry,Gmail,Email Campaign Setup,Automation,,,,,,,,,,,,,,,,,,,,,,,,,,,
"Web Scraping
Data Scraping
Python
Data Mining
Data Extraction
Automation
Google Sheets",Web Scraping,Data Scraping,Python,Data Mining,Data Extraction,Automation,Google Sheets,,,,,,,,,,,,,,,,,,,,,,,,,
"CFD Analysis
3D Modeling",CFD Analysis,3D Modeling,,,,,,,,,,,,,,,,,,,,,,,,,,,,,,
"Norwegian
Data Entry
Virtual Assistant
Researcher
Communications",Norwegian,Data Entry,Virtual Assistant,Researcher,Communications,,,,,,,,,,,,,,,,,,,,,,,,,,,
"Russian
General Transcription",Russian,General Transcription,,,,,,,,,,,,,,,,,,,,,,,,,,,,,,
"Dart
HTML5
Flutter",Dart,HTML5,Flutter,,,,,,,,,,,,,,,,,,,,,,,,,,,,,
"Android
Android App Development
Smartphone
Mobile App Development",Android,Android App Development,Smartphone,Mobile App Development,,,,,,,,,,,,,,,,,,,,,,,,,,,,
"Android
Android App Development
Smartphone
Mobile App Development",Android,Android App Development,Smartphone,Mobile App Development,,,,,,,,,,,,,,,,,,,,,,,,,,,,
"Social Media Marketing
Social Media Management
Marketing Strategy
Instagram
Social Media Content Creation",Social Media Marketing,Social Media Management,Marketing Strategy,Instagram,Social Media Content Creation,,,,,,,,,,,,,,,,,,,,,,,,,,,
"Graphic Design
Adobe Photoshop
Video Advertising
TikTok
TikTok Marketing
Creative Direction
Creative Strategy
Advertisement
Adobe Illustrator",Graphic Design,Adobe Photoshop,Video Advertising,TikTok,TikTok Marketing,Creative Direction,Creative Strategy,Advertisement,Adobe Illustrator,,,,,,,,,,,,,,,,,,,,,,,
"Graphic Design
Adobe Photoshop
Video Advertising
TikTok
TikTok Marketing
Creative Direction
Creative Strategy
Advertisement
Adobe Illustrator",Graphic Design,Adobe Photoshop,Video Advertising,TikTok,TikTok Marketing,Creative Direction,Creative Strategy,Advertisement,Adobe Illustrator,,,,,,,,,,,,,,,,,,,,,,,
"Graphic Design
Adobe Photoshop
YouTube
Photo Editing
Photo Manipulation",Graphic Design,Adobe Photoshop,YouTube,Photo Editing,Photo Manipulation,,,,,,,,,,,,,,,,,,,,,,,,,,,
Adobe Illustrator,Adobe Illustrator,,,,,,,,,,,,,,,,,,,,,,,,,,,,,,,
"Article Writing
Landing Page
English
Copywriting
Content Writing
Researcher",Article Writing,Landing Page,English,Copywriting,Content Writing,Researcher,,,,,,,,,,,,,,,,,,,,,,,,,,
"Assembly Language
Assembler",Assembly Language,Assembler,,,,,,,,,,,,,,,,,,,,,,,,,,,,,,
"Graphic Design
Adobe Photoshop
Video Advertising
TikTok
TikTok Marketing
Creative Direction
Creative Strategy
Advertisement
Adobe Illustrator",Graphic Design,Adobe Photoshop,Video Advertising,TikTok,TikTok Marketing,Creative Direction,Creative Strategy,Advertisement,Adobe Illustrator,,,,,,,,,,,,,,,,,,,,,,,
"Blockchain
Node.js
Bot Development
Ethereum Network
Crypto Wallet
Solidity
Automation",Blockchain,Node.js,Bot Development,Ethereum Network,Crypto Wallet,Solidity,Automation,,,,,,,,,,,,,,,,,,,,,,,,,
"Call Center Management
Phone Support
Customer Satisfaction
Customer Service
Email Support",Call Center Management,Phone Support,Customer Satisfaction,Customer Service,Email Support,,,,,,,,,,,,,,,,,,,,,,,,,,,
"Android
Data Scraping
Microsoft Excel
Python
C#
MySQL
Android App Development",Android,Data Scraping,Microsoft Excel,Python,C#,MySQL,Android App Development,,,,,,,,,,,,,,,,,,,,,,,,,
"Graphic Design
Business Card",Graphic Design,Business Card,,,,,,,,,,,,,,,,,,,,,,,,,,,,,,
Graphic Design,Graphic Design,,,,,,,,,,,,,,,,,,,,,,,,,,,,,,,
Business Writing,Business Writing,,,,,,,,,,,,,,,,,,,,,,,,,,,,,,,
"HTML
JavaScript
CSS
PHP
Web Design
React
Web Application
Node.js",HTML,JavaScript,CSS,PHP,Web Design,React,Web Application,Node.js,,,,,,,,,,,,,,,,,,,,,,,,
"iOS
Android
Mobile App Development
iOS Development
Android App Development",iOS,Android,Mobile App Development,iOS Development,Android App Development,,,,,,,,,,,,,,,,,,,,,,,,,,,
"Product Photography
Graphic Design
Photo Editing
Image Editing
Photo Retouching
Adobe Illustrator
Adobe Photoshop
Photography",Product Photography,Graphic Design,Photo Editing,Image Editing,Photo Retouching,Adobe Illustrator,Adobe Photoshop,Photography,,,,,,,,,,,,,,,,,,,,,,,,
"Drawing
Illustration
Cartoon Art
Adobe Photoshop
Sketching",Drawing,Illustration,Cartoon Art,Adobe Photoshop,Sketching,,,,,,,,,,,,,,,,,,,,,,,,,,,
"UiPath
.NET Framework
Build Automation",UiPath,.NET Framework,Build Automation,,,,,,,,,,,,,,,,,,,,,,,,,,,,,
"Android App Development
Java
App Store
App Store Upload
App Store Optimization
Google Play
iOS
Android
Mobile App Development",Android App Development,Java,App Store,App Store Upload,App Store Optimization,Google Play,iOS,Android,Mobile App Development,,,,,,,,,,,,,,,,,,,,,,,
"Campaign Management
Campaign Setup
Campaign Optimization
Amazon PPC
Marketing Strategy
Lead Generation
Pay Per Click Advertising
Amazon FBA
Virtual Assistant
PPC Campaign Setup & Management",Campaign Management,Campaign Setup,Campaign Optimization,Amazon PPC,Marketing Strategy,Lead Generation,Pay Per Click Advertising,Amazon FBA,Virtual Assistant,PPC Campaign Setup & Management,,,,,,,,,,,,,,,,,,,,,,
"English to French Translation
Electrical Engineering",English to French Translation,Electrical Engineering,,,,,,,,,,,,,,,,,,,,,,,,,,,,,,
"Video Production
Videography",Video Production,Videography,,,,,,,,,,,,,,,,,,,,,,,,,,,,,,
Ilocano,Ilocano,,,,,,,,,,,,,,,,,,,,,,,,,,,,,,,
Ilocano,Ilocano,,,,,,,,,,,,,,,,,,,,,,,,,,,,,,,
"Phone Communication
English
Translation
Phone Support
Customer Service",Phone Communication,English,Translation,Phone Support,Customer Service,,,,,,,,,,,,,,,,,,,,,,,,,,,
"AmiBroker Formula Language
Algorithm Development",AmiBroker Formula Language,Algorithm Development,,,,,,,,,,,,,,,,,,,,,,,,,,,,,,
"Server
Linux System Administration",Server,Linux System Administration,,,,,,,,,,,,,,,,,,,,,,,,,,,,,,
"Windows Server
Linux
Storage Area Network
Disaster Recovery",Windows Server,Linux,Storage Area Network,Disaster Recovery,,,,,,,,,,,,,,,,,,,,,,,,,,,,
"Email Automation
SMTP
Python
Python Script",Email Automation,SMTP,Python,Python Script,,,,,,,,,,,,,,,,,,,,,,,,,,,,
"Travel & Hospitality
Health & Wellness
Adobe After Effects
Adobe XD
Adobe Illustrator",Travel & Hospitality,Health & Wellness,Adobe After Effects,Adobe XD,Adobe Illustrator,,,,,,,,,,,,,,,,,,,,,,,,,,,
"Near-Native
Native",Near-Native,Native,,,,,,,,,,,,,,,,,,,,,,,,,,,,,,
"Bug Fix
App Development
Landing Page
PayPal
Web Design
Web Development
Graphic Design
Wix",Bug Fix,App Development,Landing Page,PayPal,Web Design,Web Development,Graphic Design,Wix,,,,,,,,,,,,,,,,,,,,,,,,
"Hardware Design
Internet of Things Solutions Design
C++
WiFi
Bluetooth
Embedded C
Microcontroller Programming
Electronic Design
Core Bluetooth",Hardware Design,Internet of Things Solutions Design,C++,WiFi,Bluetooth,Embedded C,Microcontroller Programming,Electronic Design,Core Bluetooth,,,,,,,,,,,,,,,,,,,,,,,
"Hardware Design
Internet of Things Solutions Design
C++
WiFi
Bluetooth
Embedded C
Microcontroller Programming
Electronic Design
Core Bluetooth",Hardware Design,Internet of Things Solutions Design,C++,WiFi,Bluetooth,Embedded C,Microcontroller Programming,Electronic Design,Core Bluetooth,,,,,,,,,,,,,,,,,,,,,,,
"Shopify
Inventory Management
Shipping Labels
Purchase Orders
Sales & Inventory Entries
Packing Slips
Invoicing
Oberlo
Vendor Management
Online Sales Management
Dropshipping
Sourcing
Alibaba Sourcing
Market Research
Clothing",Shopify,Inventory Management,Shipping Labels,Purchase Orders,Sales & Inventory Entries,Packing Slips,Invoicing,Oberlo,Vendor Management,Online Sales Management,Dropshipping,Sourcing,Alibaba Sourcing,Market Research,Clothing,,,,,,,,,,,,,,,,,
"Email Communication
Lead Generation
Scheduling
Communications
Virtual Assistant
Sales
Outbound Sales",Email Communication,Lead Generation,Scheduling,Communications,Virtual Assistant,Sales,Outbound Sales,,,,,,,,,,,,,,,,,,,,,,,,,
"Email Communication
Lead Generation
Scheduling
Communications
Virtual Assistant
Sales
Outbound Sales",Email Communication,Lead Generation,Scheduling,Communications,Virtual Assistant,Sales,Outbound Sales,,,,,,,,,,,,,,,,,,,,,,,,,
"Internet Marketing
Social Media Marketing
Marketing Strategy
Google Ads
Instagram
Facebook",Internet Marketing,Social Media Marketing,Marketing Strategy,Google Ads,Instagram,Facebook,,,,,,,,,,,,,,,,,,,,,,,,,,
"Model & Live Subject Photography
Indonesian
Data Entry
Virtual Assistance
Customer Support
English
Spanish",Model & Live Subject Photography,Indonesian,Data Entry,Virtual Assistance,Customer Support,English,Spanish,,,,,,,,,,,,,,,,,,,,,,,,,
"Apache Spark
Talend Data Integration
PySpark",Apache Spark,Talend Data Integration,PySpark,,,,,,,,,,,,,,,,,,,,,,,,,,,,,
"Social Media Marketing Strategy
Marketing Strategy
Social Media Management
YouTube
YouTube Marketing
Influencer Marketing
Social Media Marketing
Internet Marketing
Facebook
Instagram",Social Media Marketing Strategy,Marketing Strategy,Social Media Management,YouTube,YouTube Marketing,Influencer Marketing,Social Media Marketing,Internet Marketing,Facebook,Instagram,,,,,,,,,,,,,,,,,,,,,,
"Residential Design
Interior Design",Residential Design,Interior Design,,,,,,,,,,,,,,,,,,,,,,,,,,,,,,
"Flutter
Native App Development
User Profile Creation
Chat & Messaging Software
In-App Advertising
Review or Feedback Collection
iOS
User Authentication
Mobile App Development
Smartphone",Flutter,Native App Development,User Profile Creation,Chat & Messaging Software,In-App Advertising,Review or Feedback Collection,iOS,User Authentication,Mobile App Development,Smartphone,,,,,,,,,,,,,,,,,,,,,,
"Dutch
English
Translation
Voice Acting
Proofreading
Voice-Over
Communications
Researcher",Dutch,English,Translation,Voice Acting,Proofreading,Voice-Over,Communications,Researcher,,,,,,,,,,,,,,,,,,,,,,,,
"Content Writing
Creative Writing
Podcast Writing
Hindi
Writing",Content Writing,Creative Writing,Podcast Writing,Hindi,Writing,,,,,,,,,,,,,,,,,,,,,,,,,,,
"SEO Backlinking
Off-Page SEO
SEO Keyword Research
Search Engine Optimization
Guest Post",SEO Backlinking,Off-Page SEO,SEO Keyword Research,Search Engine Optimization,Guest Post,,,,,,,,,,,,,,,,,,,,,,,,,,,
"Social Media Marketing
Sexy Tone
Content Creation",Social Media Marketing,Sexy Tone,Content Creation,,,,,,,,,,,,,,,,,,,,,,,,,,,,,
"Content Marketing Strategy
Content Writing
Article Writing
Blog Writing
Writing
Press Release
Researcher
Copywriting
Article
Blog Content",Content Marketing Strategy,Content Writing,Article Writing,Blog Writing,Writing,Press Release,Researcher,Copywriting,Article,Blog Content,,,,,,,,,,,,,,,,,,,,,,
"Social Media Management
Virtual Assistant",Social Media Management,Virtual Assistant,,,,,,,,,,,,,,,,,,,,,,,,,,,,,,
"WordPress
Web Development",WordPress,Web Development,,,,,,,,,,,,,,,,,,,,,,,,,,,,,,
"Academic Researcher
Researcher
Research Methods",Academic Researcher,Researcher,Research Methods,,,,,,,,,,,,,,,,,,,,,,,,,,,,,
"Drone Videography
Business
Videography
Video Production
Video Camera",Drone Videography,Business,Videography,Video Production,Video Camera,,,,,,,,,,,,,,,,,,,,,,,,,,,
"Social Media Content
Social Media Content Creation
Social Media Marketing
Social Media Management
Facebook
Instagram",Social Media Content,Social Media Content Creation,Social Media Marketing,Social Media Management,Facebook,Instagram,,,,,,,,,,,,,,,,,,,,,,,,,,
"Drone Videography
Business
Videography
Video Production
Video Camera",Drone Videography,Business,Videography,Video Production,Video Camera,,,,,,,,,,,,,,,,,,,,,,,,,,,
"Social Media Content
Social Media Content Creation
Social Media Marketing
Social Media Management
Facebook
Instagram",Social Media Content,Social Media Content Creation,Social Media Marketing,Social Media Management,Facebook,Instagram,,,,,,,,,,,,,,,,,,,,,,,,,,
"Affiliate Marketing
Campaign Management
Marketing Strategy
CPA
ICO Marketing
Crowdfunding Marketing
Bitcoin
Internet Marketing",Affiliate Marketing,Campaign Management,Marketing Strategy,CPA,ICO Marketing,Crowdfunding Marketing,Bitcoin,Internet Marketing,,,,,,,,,,,,,,,,,,,,,,,,
"Blog Content
Blog Writing",Blog Content,Blog Writing,,,,,,,,,,,,,,,,,,,,,,,,,,,,,,
"MongoDB
Database
Stripe",MongoDB,Database,Stripe,,,,,,,,,,,,,,,,,,,,,,,,,,,,,
"Marketing Strategy
Search Engine Optimization
Content Writing",Marketing Strategy,Search Engine Optimization,Content Writing,,,,,,,,,,,,,,,,,,,,,,,,,,,,,
"Researcher
Content Writing
Academic Research",Researcher,Content Writing,Academic Research,,,,,,,,,,,,,,,,,,,,,,,,,,,,,
"Quantity Surveying
Civil Engineering
Construction
Site Planning
Autodesk AutoCAD",Quantity Surveying,Civil Engineering,Construction,Site Planning,Autodesk AutoCAD,,,,,,,,,,,,,,,,,,,,,,,,,,,
"Chat & Messaging Software
Hybrid App Development
Flutter
Dart
iOS
Android",Chat & Messaging Software,Hybrid App Development,Flutter,Dart,iOS,Android,,,,,,,,,,,,,,,,,,,,,,,,,,
"Flutter
iOS",Flutter,iOS,,,,,,,,,,,,,,,,,,,,,,,,,,,,,,
"Learning Management System
WordPress
Training Online LMS
Web Development
Web Design",Learning Management System,WordPress,Training Online LMS,Web Development,Web Design,,,,,,,,,,,,,,,,,,,,,,,,,,,
"Vector File Format
Logo Transparency
Stationery Design
Source File
Logo Design
Corporate Brand Identity",Vector File Format,Logo Transparency,Stationery Design,Source File,Logo Design,Corporate Brand Identity,,,,,,,,,,,,,,,,,,,,,,,,,,
"Python
API
Python Script
Web Development",Python,API,Python Script,Web Development,,,,,,,,,,,,,,,,,,,,,,,,,,,,
"Ethical Hacking
Network Administration
Network Security",Ethical Hacking,Network Administration,Network Security,,,,,,,,,,,,,,,,,,,,,,,,,,,,,
"Book Cover
Illustration
Book
Graphic Design
Ebook
Layout Design
Cover Art Design
Ebook Design
Adobe Photoshop",Book Cover,Illustration,Book,Graphic Design,Ebook,Layout Design,Cover Art Design,Ebook Design,Adobe Photoshop,,,,,,,,,,,,,,,,,,,,,,,
"Advertising Design
Graphic Design
Adobe Illustrator",Advertising Design,Graphic Design,Adobe Illustrator,,,,,,,,,,,,,,,,,,,,,,,,,,,,,
"Company Registration
Partnership Agreement
Limited Partnership
Legal
Legal Consulting
Corporate Law
Contract Law",Company Registration,Partnership Agreement,Limited Partnership,Legal,Legal Consulting,Corporate Law,Contract Law,,,,,,,,,,,,,,,,,,,,,,,,,
"Popular Music
Pop Rock
Music
Singing
Vocal Performance",Popular Music,Pop Rock,Music,Singing,Vocal Performance,,,,,,,,,,,,,,,,,,,,,,,,,,,
"Sales & Marketing
Customer Acquisition Strategy
Go-to-Market Strategy
Marketing Management
Brand Positioning
Business with 1000+ Employees
Marketing Strategy
Microsoft PowerPoint
Creative Writing",Sales & Marketing,Customer Acquisition Strategy,Go-to-Market Strategy,Marketing Management,Brand Positioning,Business with 1000+ Employees,Marketing Strategy,Microsoft PowerPoint,Creative Writing,,,,,,,,,,,,,,,,,,,,,,,
"Social Media Imagery
Travel & Hospitality
Social Media Graphic Designer
Android
Mobile App Design
Mobile UI Design
iOS",Social Media Imagery,Travel & Hospitality,Social Media Graphic Designer,Android,Mobile App Design,Mobile UI Design,iOS,,,,,,,,,,,,,,,,,,,,,,,,,
"Social Media Imagery
Travel & Hospitality
Social Media Graphic Designer
Android
Mobile App Design
Mobile UI Design
iOS",Social Media Imagery,Travel & Hospitality,Social Media Graphic Designer,Android,Mobile App Design,Mobile UI Design,iOS,,,,,,,,,,,,,,,,,,,,,,,,,
"Logo Design
Brand Identity & Guidelines",Logo Design,Brand Identity & Guidelines,,,,,,,,,,,,,,,,,,,,,,,,,,,,,,
"Science & Medicine
Communication Etiquette
Customer Satisfaction
Content Moderation
Medical Informatics",Science & Medicine,Communication Etiquette,Customer Satisfaction,Content Moderation,Medical Informatics,,,,,,,,,,,,,,,,,,,,,,,,,,,
"Growth Analytics
Marketing Analytics
Data Analysis
Data Visualization
A/B Testing
Business Intelligence
Google Analytics
Google Tag Manager
WordPress
Google Analytics API",Growth Analytics,Marketing Analytics,Data Analysis,Data Visualization,A/B Testing,Business Intelligence,Google Analytics,Google Tag Manager,WordPress,Google Analytics API,,,,,,,,,,,,,,,,,,,,,,
"Content Writing
Blog Writing
Article Writing
SEO Writing
Creative Writing
Researcher",Content Writing,Blog Writing,Article Writing,SEO Writing,Creative Writing,Researcher,,,,,,,,,,,,,,,,,,,,,,,,,,
"Social Media Marketing
Social Media Management
Marketing Strategy",Social Media Marketing,Social Media Management,Marketing Strategy,,,,,,,,,,,,,,,,,,,,,,,,,,,,,
Arabic,Arabic,,,,,,,,,,,,,,,,,,,,,,,,,,,,,,,
"API Testing
Mobile App Testing
Annotated Screenshot
Bug Tracking & Reports
Bug Reports
Web Testing
Functional Testing
Test Case Design
Quality Assurance
Manual Testing",API Testing,Mobile App Testing,Annotated Screenshot,Bug Tracking & Reports,Bug Reports,Web Testing,Functional Testing,Test Case Design,Quality Assurance,Manual Testing,,,,,,,,,,,,,,,,,,,,,,
"Office Design
Furniture Design
Interior Design Consultation
Interior Design
Architectural Design
Commercial Design",Office Design,Furniture Design,Interior Design Consultation,Interior Design,Architectural Design,Commercial Design,,,,,,,,,,,,,,,,,,,,,,,,,,
"Data Science
Machine Learning",Data Science,Machine Learning,,,,,,,,,,,,,,,,,,,,,,,,,,,,,,
"Data Science
Machine Learning",Data Science,Machine Learning,,,,,,,,,,,,,,,,,,,,,,,,,,,,,,
"AJAX
PHP
CodeIgniter
JavaScript
jQuery
API
HTML
API Integration
MySQL
CSS",AJAX,PHP,CodeIgniter,JavaScript,jQuery,API,HTML,API Integration,MySQL,CSS,,,,,,,,,,,,,,,,,,,,,,
WordPress,WordPress,,,,,,,,,,,,,,,,,,,,,,,,,,,,,,,
"Cryptocurrency
Blockchain
Bitcoin
Marketing Strategy",Cryptocurrency,Blockchain,Bitcoin,Marketing Strategy,,,,,,,,,,,,,,,,,,,,,,,,,,,,
"Data Extraction
Data Mining
Scripting
Web Crawling
Business with 1-9 Employees
JavaScript
Google Chrome Extension
Data Scraping",Data Extraction,Data Mining,Scripting,Web Crawling,Business with 1-9 Employees,JavaScript,Google Chrome Extension,Data Scraping,,,,,,,,,,,,,,,,,,,,,,,,
"Search Engine Optimization
SEO Keyword Research
Google Analytics
Social Media Marketing
SEO Audit
SEO Backlinking
SEO Writing
SEO Performance",Search Engine Optimization,SEO Keyword Research,Google Analytics,Social Media Marketing,SEO Audit,SEO Backlinking,SEO Writing,SEO Performance,,,,,,,,,,,,,,,,,,,,,,,,
"Accounting
Bank Reconciliation
Balance Sheet
Bookkeeping
Intuit QuickBooks
Quickbooks
Accounting Basics
Accounts Receivable
Accounts Payable
Account Reconciliation",Accounting,Bank Reconciliation,Balance Sheet,Bookkeeping,Intuit QuickBooks,Quickbooks,Accounting Basics,Accounts Receivable,Accounts Payable,Account Reconciliation,,,,,,,,,,,,,,,,,,,,,,
"Facebook
Facebook Advertising
Social Media Marketing
Google Ads
Lead Generation
Instagram
Pay Per Click Advertising",Facebook,Facebook Advertising,Social Media Marketing,Google Ads,Lead Generation,Instagram,Pay Per Click Advertising,,,,,,,,,,,,,,,,,,,,,,,,,
Russian,Russian,,,,,,,,,,,,,,,,,,,,,,,,,,,,,,,
"Python
Microsoft PowerPoint",Python,Microsoft PowerPoint,,,,,,,,,,,,,,,,,,,,,,,,,,,,,,
"Amazon Web Services
Amazon Webstore
Amazon
Amazon API Gateway
Amazon Appstore
Amazon Seller Central",Amazon Web Services,Amazon Webstore,Amazon,Amazon API Gateway,Amazon Appstore,Amazon Seller Central,,,,,,,,,,,,,,,,,,,,,,,,,,
"Content Writing
Editor
English
Creative Writing
Copywriting
Media & Entertainment
YouTube Marketing
Article
YouTube Development
Tech & IT",Content Writing,Editor,English,Creative Writing,Copywriting,Media & Entertainment,YouTube Marketing,Article,YouTube Development,Tech & IT,,,,,,,,,,,,,,,,,,,,,,
"Voice Acting
US English Dialect
Male
Casual Tone
Energetic Tone
Male Voice
Copywriting
Voice Recording",Voice Acting,US English Dialect,Male,Casual Tone,Energetic Tone,Male Voice,Copywriting,Voice Recording,,,,,,,,,,,,,,,,,,,,,,,,
"Website
WordPress
Web Development
Web Design
PHP
JavaScript",Website,WordPress,Web Development,Web Design,PHP,JavaScript,,,,,,,,,,,,,,,,,,,,,,,,,,
"Shopify
Shopify Templates
Web Development
Ecommerce Platform Development
Web Design
Shopify Theme",Shopify,Shopify Templates,Web Development,Ecommerce Platform Development,Web Design,Shopify Theme,,,,,,,,,,,,,,,,,,,,,,,,,,
"Social Media Management
Google Ads
Search Engine Optimization
Instagram
Campaign Management
Social Media Marketing",Social Media Management,Google Ads,Search Engine Optimization,Instagram,Campaign Management,Social Media Marketing,,,,,,,,,,,,,,,,,,,,,,,,,,
"Food Photography
Product Photography
Photo Editing",Food Photography,Product Photography,Photo Editing,,,,,,,,,,,,,,,,,,,,,,,,,,,,,
"3D Modeling
3D Design
Game Design
3D Game Art
Unity
Prototyping
Game Development
3D Rendering
Graphic Design
Adobe Photoshop",3D Modeling,3D Design,Game Design,3D Game Art,Unity,Prototyping,Game Development,3D Rendering,Graphic Design,Adobe Photoshop,,,,,,,,,,,,,,,,,,,,,,
"Hybrid App Development
Smartphone
Review or Feedback Collection
Social Media Account Integration
Location-Based Service
In-App Support
iOS Developer
Android Developer
Graphic Design",Hybrid App Development,Smartphone,Review or Feedback Collection,Social Media Account Integration,Location-Based Service,In-App Support,iOS Developer,Android Developer,Graphic Design,,,,,,,,,,,,,,,,,,,,,,,
"Web Development
PHP
CSS
JavaScript
API Integration
HTML
Node.js
MySQL",Web Development,PHP,CSS,JavaScript,API Integration,HTML,Node.js,MySQL,,,,,,,,,,,,,,,,,,,,,,,,
"Virtual Assistant
Communications
Email Communication
Researcher
Customer Service",Virtual Assistant,Communications,Email Communication,Researcher,Customer Service,,,,,,,,,,,,,,,,,,,,,,,,,,,
"PHP
JavaScript
WordPress Plugin",PHP,JavaScript,WordPress Plugin,,,,,,,,,,,,,,,,,,,,,,,,,,,,,
"Social Media Management
Facebook
Social Media Marketing
Social Media Content
Instagram
Social Media Content Creation
Instagram Story
Social Media Advertising
Marketing Strategy
Facebook Advertising",Social Media Management,Facebook,Social Media Marketing,Social Media Content,Instagram,Social Media Content Creation,Instagram Story,Social Media Advertising,Marketing Strategy,Facebook Advertising,,,,,,,,,,,,,,,,,,,,,,
"Vue.js
Bulma",Vue.js,Bulma,,,,,,,,,,,,,,,,,,,,,,,,,,,,,,
"Adobe Photoshop
Graphic Design
Catalog
Layout Design",Adobe Photoshop,Graphic Design,Catalog,Layout Design,,,,,,,,,,,,,,,,,,,,,,,,,,,,
"Video Editing
Adobe Premiere Pro
Adobe After Effects
Final Cut Pro X",Video Editing,Adobe Premiere Pro,Adobe After Effects,Final Cut Pro X,,,,,,,,,,,,,,,,,,,,,,,,,,,,
Web Development,Web Development,,,,,,,,,,,,,,,,,,,,,,,,,,,,,,,
"Cold Calling
Outbound Sales
Telemarketing
Customer Service
Sales
Email Communication
Virtual Assistant
Prospect List
Administrative Support
Lead Generation",Cold Calling,Outbound Sales,Telemarketing,Customer Service,Sales,Email Communication,Virtual Assistant,Prospect List,Administrative Support,Lead Generation,,,,,,,,,,,,,,,,,,,,,,
"On-Page SEO
Off-Page SEO
Technical SEO
Content SEO
Competitive Analysis
SEO Audit
SEO Keyword Research
SEO Performance
Search Engine Optimization
WordPress",On-Page SEO,Off-Page SEO,Technical SEO,Content SEO,Competitive Analysis,SEO Audit,SEO Keyword Research,SEO Performance,Search Engine Optimization,WordPress,,,,,,,,,,,,,,,,,,,,,,
"Logo Design
Graphic Design
Business Card
Brand Identity & Guidelines",Logo Design,Graphic Design,Business Card,Brand Identity & Guidelines,,,,,,,,,,,,,,,,,,,,,,,,,,,,
"Logo Design
Graphic Design
Business Card
Brand Identity & Guidelines",Logo Design,Graphic Design,Business Card,Brand Identity & Guidelines,,,,,,,,,,,,,,,,,,,,,,,,,,,,
WordPress,WordPress,,,,,,,,,,,,,,,,,,,,,,,,,,,,,,,
"Social Media Marketing Strategy
Instagram
Pinterest
Social Media Marketing
Social Media Management
Facebook
Social Media Content
Social Media Content Creation",Social Media Marketing Strategy,Instagram,Pinterest,Social Media Marketing,Social Media Management,Facebook,Social Media Content,Social Media Content Creation,,,,,,,,,,,,,,,,,,,,,,,,
"Motion Graphics
Animation
Video Editing
Video Production
Video Intro & Outro",Motion Graphics,Animation,Video Editing,Video Production,Video Intro & Outro,,,,,,,,,,,,,,,,,,,,,,,,,,,
"Graphic Design
Adobe Photoshop",Graphic Design,Adobe Photoshop,,,,,,,,,,,,,,,,,,,,,,,,,,,,,,
"Instagram
YouTube
TikTok
Influencer Marketing
Influencer Shoutout
Social Media Marketing
Instagram Marketing",Instagram,YouTube,TikTok,Influencer Marketing,Influencer Shoutout,Social Media Marketing,Instagram Marketing,,,,,,,,,,,,,,,,,,,,,,,,,
Illustration,Illustration,,,,,,,,,,,,,,,,,,,,,,,,,,,,,,,
Logo Design,Logo Design,,,,,,,,,,,,,,,,,,,,,,,,,,,,,,,
"Probability Theory
MATLAB
Mathematics",Probability Theory,MATLAB,Mathematics,,,,,,,,,,,,,,,,,,,,,,,,,,,,,
"Artificial Neural Network
Algorithm Development
Machine Learning",Artificial Neural Network,Algorithm Development,Machine Learning,,,,,,,,,,,,,,,,,,,,,,,,,,,,,
"Artificial Neural Network
Algorithm Development
Machine Learning",Artificial Neural Network,Algorithm Development,Machine Learning,,,,,,,,,,,,,,,,,,,,,,,,,,,,,
"Article Writing
Content Writing
Researcher
Tech & IT",Article Writing,Content Writing,Researcher,Tech & IT,,,,,,,,,,,,,,,,,,,,,,,,,,,,
"Statistics
IBM SPSS
English
Academic Writing
Statistical Analysis",Statistics,IBM SPSS,English,Academic Writing,Statistical Analysis,,,,,,,,,,,,,,,,,,,,,,,,,,,
"Chinese to English Translation
English to Chinese Translation
Chinese
English",Chinese to English Translation,English to Chinese Translation,Chinese,English,,,,,,,,,,,,,,,,,,,,,,,,,,,,
"Engineering Tutoring
Microsoft Excel",Engineering Tutoring,Microsoft Excel,,,,,,,,,,,,,,,,,,,,,,,,,,,,,,
"Google Ads
Internet Marketing
Pay Per Click Advertising
Search Engine Marketing",Google Ads,Internet Marketing,Pay Per Click Advertising,Search Engine Marketing,,,,,,,,,,,,,,,,,,,,,,,,,,,,
"WordPress
Elementor
HTML
Landing Page
CSS
WordPress Theme
Travel",WordPress,Elementor,HTML,Landing Page,CSS,WordPress Theme,Travel,,,,,,,,,,,,,,,,,,,,,,,,,
"Python
Django
Data Scraping
API
Python Script
Scrapy
Web Crawling",Python,Django,Data Scraping,API,Python Script,Scrapy,Web Crawling,,,,,,,,,,,,,,,,,,,,,,,,,
"Social Media Marketing
Social Media Management
Marketing Strategy
Content Strategy
Social Media Strategy
Social Media Marketing Plan
Facebook
Instagram",Social Media Marketing,Social Media Management,Marketing Strategy,Content Strategy,Social Media Strategy,Social Media Marketing Plan,Facebook,Instagram,,,,,,,,,,,,,,,,,,,,,,,,
"Machine Learning
Python
Computer Vision
TensorFlow
Neural Network
Deep Learning
Data Science
Artificial Neural Network
Artificial Intelligence
Natural Language Processing",Machine Learning,Python,Computer Vision,TensorFlow,Neural Network,Deep Learning,Data Science,Artificial Neural Network,Artificial Intelligence,Natural Language Processing,,,,,,,,,,,,,,,,,,,,,,
"Android
Flutter
iOS
Smartphone
Mobile App Development",Android,Flutter,iOS,Smartphone,Mobile App Development,,,,,,,,,,,,,,,,,,,,,,,,,,,
"Video Editing
Adobe Premiere Pro
Adobe After Effects
Explainer Video",Video Editing,Adobe Premiere Pro,Adobe After Effects,Explainer Video,,,,,,,,,,,,,,,,,,,,,,,,,,,,
"Bioinformatics
Biology
Research Writer",Bioinformatics,Biology,Research Writer,,,,,,,,,,,,,,,,,,,,,,,,,,,,,
"R
Data Analysis
Business Analysis",R,Data Analysis,Business Analysis,,,,,,,,,,,,,,,,,,,,,,,,,,,,,
Image Editing,Image Editing,,,,,,,,,,,,,,,,,,,,,,,,,,,,,,,
"Tech & IT
IT Support
Microsoft Windows
Facebook
Facebook Advertising
Social Media Marketing
Facebook Development
Social Media Management
API
PHP",Tech & IT,IT Support,Microsoft Windows,Facebook,Facebook Advertising,Social Media Marketing,Facebook Development,Social Media Management,API,PHP,,,,,,,,,,,,,,,,,,,,,,
"German
English
German to English Translation
SEO Keyword Research",German,English,German to English Translation,SEO Keyword Research,,,,,,,,,,,,,,,,,,,,,,,,,,,,
"Male
Female
Dutch
Translation
Voice Acting",Male,Female,Dutch,Translation,Voice Acting,,,,,,,,,,,,,,,,,,,,,,,,,,,
"Story Development
Letter Writing
Article
Story Concept
Topic Research
Explainer Video
Scriptwriting",Story Development,Letter Writing,Article,Story Concept,Topic Research,Explainer Video,Scriptwriting,,,,,,,,,,,,,,,,,,,,,,,,,
"3D Modeling
Autodesk AutoCAD
3D Rendering
CAD",3D Modeling,Autodesk AutoCAD,3D Rendering,CAD,,,,,,,,,,,,,,,,,,,,,,,,,,,,
"3D Modeling
Autodesk AutoCAD
3D Rendering
CAD",3D Modeling,Autodesk AutoCAD,3D Rendering,CAD,,,,,,,,,,,,,,,,,,,,,,,,,,,,
"Electrical Design
Wiring Design
Electrical Engineering",Electrical Design,Wiring Design,Electrical Engineering,,,,,,,,,,,,,,,,,,,,,,,,,,,,,
"Purchase Orders
Communications",Purchase Orders,Communications,,,,,,,,,,,,,,,,,,,,,,,,,,,,,,
"Android
Android App Development
Tablet
Mobile App Development
Kotlin",Android,Android App Development,Tablet,Mobile App Development,Kotlin,,,,,,,,,,,,,,,,,,,,,,,,,,,
Python,Python,,,,,,,,,,,,,,,,,,,,,,,,,,,,,,,
MATLAB,MATLAB,,,,,,,,,,,,,,,,,,,,,,,,,,,,,,,
"Web Development
API
Node.js
Server Side Includes",Web Development,API,Node.js,Server Side Includes,,,,,,,,,,,,,,,,,,,,,,,,,,,,
"WordPress
Web Development
CSS
WooCommerce
Web Design
JavaScript
CSS 3
Wix
Magento
HTML",WordPress,Web Development,CSS,WooCommerce,Web Design,JavaScript,CSS 3,Wix,Magento,HTML,,,,,,,,,,,,,,,,,,,,,,
"C#
Web Testing",C#,Web Testing,,,,,,,,,,,,,,,,,,,,,,,,,,,,,,
"DaVinci Resolve
Adobe Premiere Pro
Video Editing
Final Cut Pro X",DaVinci Resolve,Adobe Premiere Pro,Video Editing,Final Cut Pro X,,,,,,,,,,,,,,,,,,,,,,,,,,,,
"Video Editing
Adobe Premiere Pro
Cryptocurrency
YouTube Marketing
Video Commercial",Video Editing,Adobe Premiere Pro,Cryptocurrency,YouTube Marketing,Video Commercial,,,,,,,,,,,,,,,,,,,,,,,,,,,
"Researcher
Content Writing
Technical Writing
Blog Content
English
Blog Writing
Writing
Article Writing",Researcher,Content Writing,Technical Writing,Blog Content,English,Blog Writing,Writing,Article Writing,,,,,,,,,,,,,,,,,,,,,,,,
"Animation
Advertisement
Graphic Design
Social Media Imagery
Infographic
Banner Ad Design
Logo Design",Animation,Advertisement,Graphic Design,Social Media Imagery,Infographic,Banner Ad Design,Logo Design,,,,,,,,,,,,,,,,,,,,,,,,,
"Blender
Autodesk Maya
Pixologic Zbrush
Adobe Photoshop
3D Animation
Character Design",Blender,Autodesk Maya,Pixologic Zbrush,Adobe Photoshop,3D Animation,Character Design,,,,,,,,,,,,,,,,,,,,,,,,,,
PostgreSQL,PostgreSQL,,,,,,,,,,,,,,,,,,,,,,,,,,,,,,,
"Amazon FBA
Product Research
Dropshipping
Product Analytics
Product Concept",Amazon FBA,Product Research,Dropshipping,Product Analytics,Product Concept,,,,,,,,,,,,,,,,,,,,,,,,,,,
"ERPNext
Web Development
Web Design",ERPNext,Web Development,Web Design,,,,,,,,,,,,,,,,,,,,,,,,,,,,,
"MOV
Video Editing
Adobe Premiere Pro
Video Production
Video Post-Editing
Adobe After Effects
YouTube Development
Videography
Explainer Video
Motion Graphics",MOV,Video Editing,Adobe Premiere Pro,Video Production,Video Post-Editing,Adobe After Effects,YouTube Development,Videography,Explainer Video,Motion Graphics,,,,,,,,,,,,,,,,,,,,,,
"Advertising Management
Marketing Analytics
Content Management
Content Marketing Strategy
YouTube Marketing
Social Media Marketing
Social Media Management
YouTube Development
Social Media Content",Advertising Management,Marketing Analytics,Content Management,Content Marketing Strategy,YouTube Marketing,Social Media Marketing,Social Media Management,YouTube Development,Social Media Content,,,,,,,,,,,,,,,,,,,,,,,
"YouTube Marketing
Video Editing
Content Writing
Search Engine Optimization
YouTube
English
Content Creation
SEO Keyword Research
Audio Editing",YouTube Marketing,Video Editing,Content Writing,Search Engine Optimization,YouTube,English,Content Creation,SEO Keyword Research,Audio Editing,,,,,,,,,,,,,,,,,,,,,,,
"YouTube Marketing
Video Editing
Content Writing
Search Engine Optimization
YouTube
English
Content Creation
SEO Keyword Research
Audio Editing",YouTube Marketing,Video Editing,Content Writing,Search Engine Optimization,YouTube,English,Content Creation,SEO Keyword Research,Audio Editing,,,,,,,,,,,,,,,,,,,,,,,
"Web Development
HTML
CSS
Web Design
JavaScript
Graphic Design",Web Development,HTML,CSS,Web Design,JavaScript,Graphic Design,,,,,,,,,,,,,,,,,,,,,,,,,,
"Graphic Design
Character Design
Illustration
Adobe Illustrator
Adobe Photoshop
2D Animation
3D Animation",Graphic Design,Character Design,Illustration,Adobe Illustrator,Adobe Photoshop,2D Animation,3D Animation,,,,,,,,,,,,,,,,,,,,,,,,,
"English
Article
Instruction Manual
IT
Technical Writing
Tutorial
Blog Content
Markdown",English,Article,Instruction Manual,IT,Technical Writing,Tutorial,Blog Content,Markdown,,,,,,,,,,,,,,,,,,,,,,,,
"Communications
Computer Skills
CRM Software
Microsoft Word
Microsoft Office
Data Cleansing
Product Listings
List Building
Error Detection
Quality Control
Word Processing
Google Docs
Data Entry
Data Scraping
Data Mining
Microsoft Excel
Researcher
Python
Accuracy Verification
Data Extraction
Microsoft Excel PowerPivot
Email Marketing
Lead Generation Strategy
Data Analysis
Data Collection
LinkedIn
Scraper
Data Processing
Data Sourcing
Online Research
Company Research
Administrative Support",Communications,Computer Skills,CRM Software,Microsoft Word,Microsoft Office,Data Cleansing,Product Listings,List Building,Error Detection,Quality Control,Word Processing,Google Docs,Data Entry,Data Scraping,Data Mining,Microsoft Excel,Researcher,Python,Accuracy Verification,Data Extraction,Microsoft Excel PowerPivot,Email Marketing,Lead Generation Strategy,Data Analysis,Data Collection,LinkedIn,Scraper,Data Processing,Data Sourcing,Online Research,Company Research,Administrative Support
"English
Article
Instruction Manual
IT
Technical Writing
Tutorial
Blog Content
Microsoft Windows Powershell",English,Article,Instruction Manual,IT,Technical Writing,Tutorial,Blog Content,Microsoft Windows Powershell,,,,,,,,,,,,,,,,,,,,,,,,
"Male
Energetic Tone
Voice-Over
Young Adult
Voice Acting
Audio Editing
British English Accent
Voice Recording
Explainer Video
US English Dialect",Male,Energetic Tone,Voice-Over,Young Adult,Voice Acting,Audio Editing,British English Accent,Voice Recording,Explainer Video,US English Dialect,,,,,,,,,,,,,,,,,,,,,,
"Lead Generation
List Building
Prospect List
Data Entry
Market Research
Data Scraping
Communications
Researcher",Lead Generation,List Building,Prospect List,Data Entry,Market Research,Data Scraping,Communications,Researcher,,,,,,,,,,,,,,,,,,,,,,,,
"Microsoft Excel
Excel Macros",Microsoft Excel,Excel Macros,,,,,,,,,,,,,,,,,,,,,,,,,,,,,,
"Native
English
Russian
English to Russian Translation
Russian to English Translation
Proofreading
Translation",Native,English,Russian,English to Russian Translation,Russian to English Translation,Proofreading,Translation,,,,,,,,,,,,,,,,,,,,,,,,,
"Japanese
Translation
English to Japanese Translation
Proofreading
General Transcription
Japanese to English Translation
English",Japanese,Translation,English to Japanese Translation,Proofreading,General Transcription,Japanese to English Translation,English,,,,,,,,,,,,,,,,,,,,,,,,,
"ASP.NET
Entity Framework
Microsoft SQL Server
Angular
HTML
JavaScript
API
Web Development
CSS",ASP.NET,Entity Framework,Microsoft SQL Server,Angular,HTML,JavaScript,API,Web Development,CSS,,,,,,,,,,,,,,,,,,,,,,,
"Python
API Integration
JavaScript
WordPress",Python,API Integration,JavaScript,WordPress,,,,,,,,,,,,,,,,,,,,,,,,,,,,
"2D Art
Art Deco
2D Illustration
Adobe Illustrator
Graphic Design
Illustration
Adobe Photoshop
Sketch",2D Art,Art Deco,2D Illustration,Adobe Illustrator,Graphic Design,Illustration,Adobe Photoshop,Sketch,,,,,,,,,,,,,,,,,,,,,,,,
"Corporate Video
Adobe After Effects
Video Commercial
Adobe Premiere Pro
Video Production
Video Post-Editing
Explainer Video
Audio Editing
Video Editing
Education",Corporate Video,Adobe After Effects,Video Commercial,Adobe Premiere Pro,Video Production,Video Post-Editing,Explainer Video,Audio Editing,Video Editing,Education,,,,,,,,,,,,,,,,,,,,,,
"Product Management
Project Management
Product Roadmap
Technical Project Management
Requirement Analysis
Requirements Specification
Requirement Management
Product Requirements Document
Project Requirements",Product Management,Project Management,Product Roadmap,Technical Project Management,Requirement Analysis,Requirements Specification,Requirement Management,Product Requirements Document,Project Requirements,,,,,,,,,,,,,,,,,,,,,,,
"3D Animation
3D Modeling
3D Design
3D Rendering
Autodesk Maya
Blender
3D Vehicle Modeling
Animation",3D Animation,3D Modeling,3D Design,3D Rendering,Autodesk Maya,Blender,3D Vehicle Modeling,Animation,,,,,,,,,,,,,,,,,,,,,,,,
"Logo Design
Graphic Design
Brand Identity & Guidelines
Adobe Photoshop
Adobe Illustrator",Logo Design,Graphic Design,Brand Identity & Guidelines,Adobe Photoshop,Adobe Illustrator,,,,,,,,,,,,,,,,,,,,,,,,,,,
"Facebook
Internet Marketing
Campaign Management
Campaign Optimization
Social Media Marketing
Social Media Content Creation",Facebook,Internet Marketing,Campaign Management,Campaign Optimization,Social Media Marketing,Social Media Content Creation,,,,,,,,,,,,,,,,,,,,,,,,,,
"Catalog Design
Creative Writing
Content Writing
Search Engine Optimization",Catalog Design,Creative Writing,Content Writing,Search Engine Optimization,,,,,,,,,,,,,,,,,,,,,,,,,,,,
"Android
Android App Development",Android,Android App Development,,,,,,,,,,,,,,,,,,,,,,,,,,,,,,
"Audio Transcription
English
General Transcription
Indian English Accent
Transcriber
Typing",Audio Transcription,English,General Transcription,Indian English Accent,Transcriber,Typing,,,,,,,,,,,,,,,,,,,,,,,,,,
"Golang
Linux
DevOps
Linux System Administration
Kubernetes
Containerization
Docker
Docker Compose",Golang,Linux,DevOps,Linux System Administration,Kubernetes,Containerization,Docker,Docker Compose,,,,,,,,,,,,,,,,,,,,,,,,
Medicine,Medicine,,,,,,,,,,,,,,,,,,,,,,,,,,,,,,,
"Furniture Design
Interior Design
Residential Design",Furniture Design,Interior Design,Residential Design,,,,,,,,,,,,,,,,,,,,,,,,,,,,,
"Figma
User Flow
UX Research
Sketch
Mobile App Design
Web Design",Figma,User Flow,UX Research,Sketch,Mobile App Design,Web Design,,,,,,,,,,,,,,,,,,,,,,,,,,
"SQL
Python
ETL Pipeline
Data Engineering
PySpark
Big Data
ETL
Microsoft Azure
Hive",SQL,Python,ETL Pipeline,Data Engineering,PySpark,Big Data,ETL,Microsoft Azure,Hive,,,,,,,,,,,,,,,,,,,,,,,
"Spanish
Translation
Arabic
Proofreading",Spanish,Translation,Arabic,Proofreading,,,,,,,,,,,,,,,,,,,,,,,,,,,,
"Instagram
Social Media Marketing
Social Media Management
Campaign Optimization
Social Media Advertising
Facebook Advertising
Digital Marketing
Influencer Marketing
Google Ads",Instagram,Social Media Marketing,Social Media Management,Campaign Optimization,Social Media Advertising,Facebook Advertising,Digital Marketing,Influencer Marketing,Google Ads,,,,,,,,,,,,,,,,,,,,,,,
"Graphic Design
Elearning
Instructional Design",Graphic Design,Elearning,Instructional Design,,,,,,,,,,,,,,,,,,,,,,,,,,,,,
"YouTube Marketing
Video Editing
Content Writing
Search Engine Optimization
YouTube
English
Content Creation
SEO Keyword Research
Audio Editing",YouTube Marketing,Video Editing,Content Writing,Search Engine Optimization,YouTube,English,Content Creation,SEO Keyword Research,Audio Editing,,,,,,,,,,,,,,,,,,,,,,,
"Web Development
HTML
CSS
Web Design
JavaScript
Graphic Design",Web Development,HTML,CSS,Web Design,JavaScript,Graphic Design,,,,,,,,,,,,,,,,,,,,,,,,,,
"Graphic Design
Character Design
Illustration
Adobe Illustrator
Adobe Photoshop
2D Animation
3D Animation",Graphic Design,Character Design,Illustration,Adobe Illustrator,Adobe Photoshop,2D Animation,3D Animation,,,,,,,,,,,,,,,,,,,,,,,,,
"English
Article
Instruction Manual
IT
Technical Writing
Tutorial
Blog Content
Markdown",English,Article,Instruction Manual,IT,Technical Writing,Tutorial,Blog Content,Markdown,,,,,,,,,,,,,,,,,,,,,,,,
"Communications
Computer Skills
CRM Software
Microsoft Word
Microsoft Office
Data Cleansing
Product Listings
List Building
Error Detection
Quality Control
Word Processing
Google Docs
Data Entry
Data Scraping
Data Mining
Microsoft Excel
Researcher
Python
Accuracy Verification
Data Extraction
Microsoft Excel PowerPivot
Email Marketing
Lead Generation Strategy
Data Analysis
Data Collection
LinkedIn
Scraper
Data Processing
Data Sourcing
Online Research
Company Research
Administrative Support",Communications,Computer Skills,CRM Software,Microsoft Word,Microsoft Office,Data Cleansing,Product Listings,List Building,Error Detection,Quality Control,Word Processing,Google Docs,Data Entry,Data Scraping,Data Mining,Microsoft Excel,Researcher,Python,Accuracy Verification,Data Extraction,Microsoft Excel PowerPivot,Email Marketing,Lead Generation Strategy,Data Analysis,Data Collection,LinkedIn,Scraper,Data Processing,Data Sourcing,Online Research,Company Research,Administrative Support
"English
Article
Instruction Manual
IT
Technical Writing
Tutorial
Blog Content
Microsoft Windows Powershell",English,Article,Instruction Manual,IT,Technical Writing,Tutorial,Blog Content,Microsoft Windows Powershell,,,,,,,,,,,,,,,,,,,,,,,,
"Male
Energetic Tone
Voice-Over
Young Adult
Voice Acting
Audio Editing
British English Accent
Voice Recording
Explainer Video
US English Dialect",Male,Energetic Tone,Voice-Over,Young Adult,Voice Acting,Audio Editing,British English Accent,Voice Recording,Explainer Video,US English Dialect,,,,,,,,,,,,,,,,,,,,,,
"Lead Generation
List Building
Prospect List
Data Entry
Market Research
Data Scraping
Communications
Researcher",Lead Generation,List Building,Prospect List,Data Entry,Market Research,Data Scraping,Communications,Researcher,,,,,,,,,,,,,,,,,,,,,,,,
"Microsoft Excel
Excel Macros",Microsoft Excel,Excel Macros,,,,,,,,,,,,,,,,,,,,,,,,,,,,,,
"Native
English
Russian
English to Russian Translation
Russian to English Translation
Proofreading
Translation",Native,English,Russian,English to Russian Translation,Russian to English Translation,Proofreading,Translation,,,,,,,,,,,,,,,,,,,,,,,,,
"Japanese
Translation
English to Japanese Translation
Proofreading
General Transcription
Japanese to English Translation
English",Japanese,Translation,English to Japanese Translation,Proofreading,General Transcription,Japanese to English Translation,English,,,,,,,,,,,,,,,,,,,,,,,,,
"ASP.NET
Entity Framework
Microsoft SQL Server
Angular
HTML
JavaScript
API
Web Development
CSS",ASP.NET,Entity Framework,Microsoft SQL Server,Angular,HTML,JavaScript,API,Web Development,CSS,,,,,,,,,,,,,,,,,,,,,,,
"Python
API Integration
JavaScript
WordPress",Python,API Integration,JavaScript,WordPress,,,,,,,,,,,,,,,,,,,,,,,,,,,,
"2D Art
Art Deco
2D Illustration
Adobe Illustrator
Graphic Design
Illustration
Adobe Photoshop
Sketch",2D Art,Art Deco,2D Illustration,Adobe Illustrator,Graphic Design,Illustration,Adobe Photoshop,Sketch,,,,,,,,,,,,,,,,,,,,,,,,
"Corporate Video
Adobe After Effects
Video Commercial
Adobe Premiere Pro
Video Production
Video Post-Editing
Explainer Video
Audio Editing
Video Editing
Education",Corporate Video,Adobe After Effects,Video Commercial,Adobe Premiere Pro,Video Production,Video Post-Editing,Explainer Video,Audio Editing,Video Editing,Education,,,,,,,,,,,,,,,,,,,,,,
"Product Management
Project Management
Product Roadmap
Technical Project Management
Requirement Analysis
Requirements Specification
Requirement Management
Product Requirements Document
Project Requirements",Product Management,Project Management,Product Roadmap,Technical Project Management,Requirement Analysis,Requirements Specification,Requirement Management,Product Requirements Document,Project Requirements,,,,,,,,,,,,,,,,,,,,,,,
"3D Animation
3D Modeling
3D Design
3D Rendering
Autodesk Maya
Blender
3D Vehicle Modeling
Animation",3D Animation,3D Modeling,3D Design,3D Rendering,Autodesk Maya,Blender,3D Vehicle Modeling,Animation,,,,,,,,,,,,,,,,,,,,,,,,
"Logo Design
Graphic Design
Brand Identity & Guidelines
Adobe Photoshop
Adobe Illustrator",Logo Design,Graphic Design,Brand Identity & Guidelines,Adobe Photoshop,Adobe Illustrator,,,,,,,,,,,,,,,,,,,,,,,,,,,
"Facebook
Internet Marketing
Campaign Management
Campaign Optimization
Social Media Marketing
Social Media Content Creation",Facebook,Internet Marketing,Campaign Management,Campaign Optimization,Social Media Marketing,Social Media Content Creation,,,,,,,,,,,,,,,,,,,,,,,,,,
"Catalog Design
Creative Writing
Content Writing
Search Engine Optimization",Catalog Design,Creative Writing,Content Writing,Search Engine Optimization,,,,,,,,,,,,,,,,,,,,,,,,,,,,
"Content SEO
Content Writing
SEO Writing
Proofreading
English",Content SEO,Content Writing,SEO Writing,Proofreading,English,,,,,,,,,,,,,,,,,,,,,,,,,,,
"Android
Android App Development",Android,Android App Development,,,,,,,,,,,,,,,,,,,,,,,,,,,,,,
"Audio Transcription
English
General Transcription
Indian English Accent
Transcriber
Typing",Audio Transcription,English,General Transcription,Indian English Accent,Transcriber,Typing,,,,,,,,,,,,,,,,,,,,,,,,,,
"Golang
Linux
DevOps
Linux System Administration
Kubernetes
Containerization
Docker
Docker Compose",Golang,Linux,DevOps,Linux System Administration,Kubernetes,Containerization,Docker,Docker Compose,,,,,,,,,,,,,,,,,,,,,,,,
Medicine,Medicine,,,,,,,,,,,,,,,,,,,,,,,,,,,,,,,
"Furniture Design
Interior Design
Residential Design",Furniture Design,Interior Design,Residential Design,,,,,,,,,,,,,,,,,,,,,,,,,,,,,
"Figma
User Flow
UX Research
Sketch
Mobile App Design
Web Design",Figma,User Flow,UX Research,Sketch,Mobile App Design,Web Design,,,,,,,,,,,,,,,,,,,,,,,,,,
"SQL
Python
ETL Pipeline
Data Engineering
PySpark
Big Data
ETL
Microsoft Azure
Hive",SQL,Python,ETL Pipeline,Data Engineering,PySpark,Big Data,ETL,Microsoft Azure,Hive,,,,,,,,,,,,,,,,,,,,,,,
"Spanish
Translation
Arabic
Proofreading",Spanish,Translation,Arabic,Proofreading,,,,,,,,,,,,,,,,,,,,,,,,,,,,
"Instagram
Social Media Marketing
Social Media Management
Campaign Optimization
Social Media Advertising
Facebook Advertising
Digital Marketing
Influencer Marketing
Google Ads",Instagram,Social Media Marketing,Social Media Management,Campaign Optimization,Social Media Advertising,Facebook Advertising,Digital Marketing,Influencer Marketing,Google Ads,,,,,,,,,,,,,,,,,,,,,,,
"Spanish
Translation
Arabic
Proofreading",Spanish,Translation,Arabic,Proofreading,,,,,,,,,,,,,,,,,,,,,,,,,,,,
"Instagram
Social Media Marketing
Social Media Management
Campaign Optimization
Social Media Advertising
Facebook Advertising
Digital Marketing
Influencer Marketing
Google Ads",Instagram,Social Media Marketing,Social Media Management,Campaign Optimization,Social Media Advertising,Facebook Advertising,Digital Marketing,Influencer Marketing,Google Ads,,,,,,,,,,,,,,,,,,,,,,,
"Graphic Design
Elearning
Instructional Design",Graphic Design,Elearning,Instructional Design,,,,,,,,,,,,,,,,,,,,,,,,,,,,,
"Mobile App Design
Mobile UI Design
User Experience Design
User Interface Design",Mobile App Design,Mobile UI Design,User Experience Design,User Interface Design,,,,,,,,,,,,,,,,,,,,,,,,,,,,
"Social Media Management
Social Media Marketing
Facebook
Social Media Content Creation
Social Media Content
Instagram",Social Media Management,Social Media Marketing,Facebook,Social Media Content Creation,Social Media Content,Instagram,,,,,,,,,,,,,,,,,,,,,,,,,,
"English
Communications
Event Planning
Live Interpretation",English,Communications,Event Planning,Live Interpretation,,,,,,,,,,,,,,,,,,,,,,,,,,,,
"Furniture Design
Material Selection
CAD Drafting
Residential Design
Interior Design
3D Design
3D Modeling
Architectural Design",Furniture Design,Material Selection,CAD Drafting,Residential Design,Interior Design,3D Design,3D Modeling,Architectural Design,,,,,,,,,,,,,,,,,,,,,,,,
"English
Data Entry",English,Data Entry,,,,,,,,,,,,,,,,,,,,,,,,,,,,,,
"Jira
Product Management
Agile Project Management
Product Roadmap
Product Backlog
Scrum",Jira,Product Management,Agile Project Management,Product Roadmap,Product Backlog,Scrum,,,,,,,,,,,,,,,,,,,,,,,,,,
"Android
iOS
Mobile App Development
UX & UI
Mobile Wallet",Android,iOS,Mobile App Development,UX & UI,Mobile Wallet,,,,,,,,,,,,,,,,,,,,,,,,,,,
"Video Editing
Adobe Premiere Pro
Graphic Design
Video Post-Editing
Explainer Video",Video Editing,Adobe Premiere Pro,Graphic Design,Video Post-Editing,Explainer Video,,,,,,,,,,,,,,,,,,,,,,,,,,,
"Microsoft Dynamics 365
Microsoft Dynamics Development
Microsoft Dynamics ERP",Microsoft Dynamics 365,Microsoft Dynamics Development,Microsoft Dynamics ERP,,,,,,,,,,,,,,,,,,,,,,,,,,,,,
"Web Application
Database Development
Business with 1-9 Employees
Ruby
Ruby on Rails
JavaScript",Web Application,Database Development,Business with 1-9 Employees,Ruby,Ruby on Rails,JavaScript,,,,,,,,,,,,,,,,,,,,,,,,,,
"Android
JavaScript
Android App Development
Mobile App Development
iOS
Web Development
Data Entry
WordPress
Smartphone
Kotlin",Android,JavaScript,Android App Development,Mobile App Development,iOS,Web Development,Data Entry,WordPress,Smartphone,Kotlin,,,,,,,,,,,,,,,,,,,,,,
"Content Writing
Copywriting
Content Marketing Strategy
Researcher
English
Blog Writing
Article Writing",Content Writing,Copywriting,Content Marketing Strategy,Researcher,English,Blog Writing,Article Writing,,,,,,,,,,,,,,,,,,,,,,,,,
"Web Application
AngularJS
.NET Framework
WordPress
Web Development
Web Design
CSS
HTML
HTML5
PHP",Web Application,AngularJS,.NET Framework,WordPress,Web Development,Web Design,CSS,HTML,HTML5,PHP,,,,,,,,,,,,,,,,,,,,,,
"Node.js
React
MongoDB
ExpressJS
Web Development",Node.js,React,MongoDB,ExpressJS,Web Development,,,,,,,,,,,,,,,,,,,,,,,,,,,
"PHP
JavaScript
Node.js
CSS
API
API Development
MySQL
React
HTML5
HTML
MySQL Programming",PHP,JavaScript,Node.js,CSS,API,API Development,MySQL,React,HTML5,HTML,MySQL Programming,,,,,,,,,,,,,,,,,,,,,
Academic Writing,Academic Writing,,,,,,,,,,,,,,,,,,,,,,,,,,,,,,,
"Copywriting
Website Content
Search Engine Optimization",Copywriting,Website Content,Search Engine Optimization,,,,,,,,,,,,,,,,,,,,,,,,,,,,,
"Facebook
Ethical Hacking
Social Media Management
Security Analysis",Facebook,Ethical Hacking,Social Media Management,Security Analysis,,,,,,,,,,,,,,,,,,,,,,,,,,,,
"Model & Live Subject Photography
Indonesian
Data Entry
Virtual Assistance
Afrikaans
Customer Support
English
Bengali",Model & Live Subject Photography,Indonesian,Data Entry,Virtual Assistance,Afrikaans,Customer Support,English,Bengali,,,,,,,,,,,,,,,,,,,,,,,,
"Database Development
Web Development
phpMyAdmin
PHP
CSS
HTML",Database Development,Web Development,phpMyAdmin,PHP,CSS,HTML,,,,,,,,,,,,,,,,,,,,,,,,,,
"JavaScript
HTML
HTML5
CSS
Web Development",JavaScript,HTML,HTML5,CSS,Web Development,,,,,,,,,,,,,,,,,,,,,,,,,,,
"Web Development
WordPress
HTML
JavaScript
CSS
HTML5
SEO Plugin",Web Development,WordPress,HTML,JavaScript,CSS,HTML5,SEO Plugin,,,,,,,,,,,,,,,,,,,,,,,,,
"Smartphone
Tablet
Smartwatch
Personal Computer
Hybrid App Development
In-App Purchases
Android
iOS
Mobile App Development
Android App Development",Smartphone,Tablet,Smartwatch,Personal Computer,Hybrid App Development,In-App Purchases,Android,iOS,Mobile App Development,Android App Development,,,,,,,,,,,,,,,,,,,,,,
"Android
Java
Unity
Android App Development",Android,Java,Unity,Android App Development,,,,,,,,,,,,,,,,,,,,,,,,,,,,
"Microsoft Excel
Microsoft Project
Bill of Quantity
Autodesk AutoCAD
Data Entry",Microsoft Excel,Microsoft Project,Bill of Quantity,Autodesk AutoCAD,Data Entry,,,,,,,,,,,,,,,,,,,,,,,,,,,
"PHP
CSS
Web Design",PHP,CSS,Web Design,,,,,,,,,,,,,,,,,,,,,,,,,,,,,
"Worldbuilding
Story Development
Creative Writing
Mathematics
Physics",Worldbuilding,Story Development,Creative Writing,Mathematics,Physics,,,,,,,,,,,,,,,,,,,,,,,,,,,
Microsoft Excel,Microsoft Excel,,,,,,,,,,,,,,,,,,,,,,,,,,,,,,,
"JavaScript
Robotic Process Automation
Automation
Python",JavaScript,Robotic Process Automation,Automation,Python,,,,,,,,,,,,,,,,,,,,,,,,,,,,
"C#
.NET Core
PDF Conversion",C#,.NET Core,PDF Conversion,,,,,,,,,,,,,,,,,,,,,,,,,,,,,
"Content Writing
English
Copywriting
Writing",Content Writing,English,Copywriting,Writing,,,,,,,,,,,,,,,,,,,,,,,,,,,,
"Explainer Video
Scriptwriting",Explainer Video,Scriptwriting,,,,,,,,,,,,,,,,,,,,,,,,,,,,,,
"Customer Service
Email Communication
Virtual Assistant
Administrative Support
Phone Support",Customer Service,Email Communication,Virtual Assistant,Administrative Support,Phone Support,,,,,,,,,,,,,,,,,,,,,,,,,,,
"Photography
Videography",Photography,Videography,,,,,,,,,,,,,,,,,,,,,,,,,,,,,,
Web Development,Web Development,,,,,,,,,,,,,,,,,,,,,,,,,,,,,,,
"Content Writing
English
Copywriting
Writing",Content Writing,English,Copywriting,Writing,,,,,,,,,,,,,,,,,,,,,,,,,,,,
"Firebase
Flutter
Mobile App Development
Android
Web Application
Android App Development",Firebase,Flutter,Mobile App Development,Android,Web Application,Android App Development,,,,,,,,,,,,,,,,,,,,,,,,,,
"English to Urdu Translation
Urdu to English Translation
Urdu
English",English to Urdu Translation,Urdu to English Translation,Urdu,English,,,,,,,,,,,,,,,,,,,,,,,,,,,,
"Blog Writing
Blog Content
SEO Writing
Content Writing",Blog Writing,Blog Content,SEO Writing,Content Writing,,,,,,,,,,,,,,,,,,,,,,,,,,,,
"Shopify
Web Design
Shopify Templates",Shopify,Web Design,Shopify Templates,,,,,,,,,,,,,,,,,,,,,,,,,,,,,
"JavaScript
HTML
Web Development
CSS",JavaScript,HTML,Web Development,CSS,,,,,,,,,,,,,,,,,,,,,,,,,,,,
"Social Media Account Setup
Virtual Assistant
Data Entry",Social Media Account Setup,Virtual Assistant,Data Entry,,,,,,,,,,,,,,,,,,,,,,,,,,,,,
"Elementor
Web Design
WordPress
WooCommerce
Web Development
Website Builder",Elementor,Web Design,WordPress,WooCommerce,Web Development,Website Builder,,,,,,,,,,,,,,,,,,,,,,,,,,
"Adobe Photoshop
Adobe Illustrator
Web Design
Web Development",Adobe Photoshop,Adobe Illustrator,Web Design,Web Development,,,,,,,,,,,,,,,,,,,,,,,,,,,,
"Amazon Web Services
Amazon Relational Database Service
Amazon EC2
MySQL",Amazon Web Services,Amazon Relational Database Service,Amazon EC2,MySQL,,,,,,,,,,,,,,,,,,,,,,,,,,,,
"Statistics
Data Analysis
Statistical Analysis
Quantitative Analysis
Academic Writing",Statistics,Data Analysis,Statistical Analysis,Quantitative Analysis,Academic Writing,,,,,,,,,,,,,,,,,,,,,,,,,,,
"Sales Development
HubSpot
LinkedIn Sales Navigator
Sales
Lead Generation
Outbound Sales",Sales Development,HubSpot,LinkedIn Sales Navigator,Sales,Lead Generation,Outbound Sales,,,,,,,,,,,,,,,,,,,,,,,,,,
"Docker
Kubernetes
Ansible
Jenkins
Linux
Apache Maven
Prometheus",Docker,Kubernetes,Ansible,Jenkins,Linux,Apache Maven,Prometheus,,,,,,,,,,,,,,,,,,,,,,,,,
"Proofreading
English
Editor",Proofreading,English,Editor,,,,,,,,,,,,,,,,,,,,,,,,,,,,,
"Relationship Management
Sales
Business Development
Price & Quote Negotiation
Partnership Development
Lead Generation",Relationship Management,Sales,Business Development,Price & Quote Negotiation,Partnership Development,Lead Generation,,,,,,,,,,,,,,,,,,,,,,,,,,
"Accessories
Interior Design
Product Design",Accessories,Interior Design,Product Design,,,,,,,,,,,,,,,,,,,,,,,,,,,,,
"Multimedia Design
MATLAB",Multimedia Design,MATLAB,,,,,,,,,,,,,,,,,,,,,,,,,,,,,,
"JavaScript
CSS
PHP
Web Development
HTML",JavaScript,CSS,PHP,Web Development,HTML,,,,,,,,,,,,,,,,,,,,,,,,,,,
"JavaScript
API Integration
API
CSS",JavaScript,API Integration,API,CSS,,,,,,,,,,,,,,,,,,,,,,,,,,,,
"Back-End Development
Database Architecture
JavaScript
Web Development
API
Web Application",Back-End Development,Database Architecture,JavaScript,Web Development,API,Web Application,,,,,,,,,,,,,,,,,,,,,,,,,,
"Food & Beverage
Swedish
Swedish to English Translation
Search Engine Optimization",Food & Beverage,Swedish,Swedish to English Translation,Search Engine Optimization,,,,,,,,,,,,,,,,,,,,,,,,,,,,
"Google Analytics
Google Ads
Pay Per Click Advertising
Search Engine Marketing
PPC Campaign Setup & Management",Google Analytics,Google Ads,Pay Per Click Advertising,Search Engine Marketing,PPC Campaign Setup & Management,,,,,,,,,,,,,,,,,,,,,,,,,,,
"Google Analytics
Google Ads
Pay Per Click Advertising
Search Engine Marketing
PPC Campaign Setup & Management",Google Analytics,Google Ads,Pay Per Click Advertising,Search Engine Marketing,PPC Campaign Setup & Management,,,,,,,,,,,,,,,,,,,,,,,,,,,
"WordPress
CSS",WordPress,CSS,,,,,,,,,,,,,,,,,,,,,,,,,,,,,,
"Customer Service
Email Support
Phone Support
Online Chat Support
Customer Support
Zendesk",Customer Service,Email Support,Phone Support,Online Chat Support,Customer Support,Zendesk,,,,,,,,,,,,,,,,,,,,,,,,,,
"HTML
CSS 3
JavaScript
Website
Web Design",HTML,CSS 3,JavaScript,Website,Web Design,,,,,,,,,,,,,,,,,,,,,,,,,,,
"Microsoft Windows
Office 365
Microsoft Azure
System Administration
Windows Server
Network Administration
Microsoft Active Directory
Microsoft Exchange Server",Microsoft Windows,Office 365,Microsoft Azure,System Administration,Windows Server,Network Administration,Microsoft Active Directory,Microsoft Exchange Server,,,,,,,,,,,,,,,,,,,,,,,,
"Brand Identity & Guidelines
Graphic Design
Facebook
Instagram
Social Media Imagery
Adobe Photoshop
Adobe Illustrator
Infographic
Adobe InDesign
Twitter
Pinterest
Minimalist
Graffiti
Contemporary Style
Art Deco
Organic & Natural Style
Playful Tone
Retro & Vintage Style
Colorful Style
Corporate Style
Arts & Crafts",Brand Identity & Guidelines,Graphic Design,Facebook,Instagram,Social Media Imagery,Adobe Photoshop,Adobe Illustrator,Infographic,Adobe InDesign,Twitter,Pinterest,Minimalist,Graffiti,Contemporary Style,Art Deco,Organic & Natural Style,Playful Tone,Retro & Vintage Style,Colorful Style,Corporate Style,Arts & Crafts,,,,,,,,,,,
"Lead Generation
Outbound Sales
Sales
Prospect List
Twitter
Twitter API
Twitter Marketing
Social Media Marketing
Social Media Content Creation",Lead Generation,Outbound Sales,Sales,Prospect List,Twitter,Twitter API,Twitter Marketing,Social Media Marketing,Social Media Content Creation,,,,,,,,,,,,,,,,,,,,,,,
Adobe Photoshop,Adobe Photoshop,,,,,,,,,,,,,,,,,,,,,,,,,,,,,,,
"Digital Marketing
Healthcare Management
File Maintenance
File Management
Administrative Assistant
Virtual Assistant
Virtual Assistance
Data Entry
Email Communication
Communications",Digital Marketing,Healthcare Management,File Maintenance,File Management,Administrative Assistant,Virtual Assistant,Virtual Assistance,Data Entry,Email Communication,Communications,,,,,,,,,,,,,,,,,,,,,,
Italian,Italian,,,,,,,,,,,,,,,,,,,,,,,,,,,,,,,
"Data Science
Machine Learning Model
Natural Language Processing
Artificial Intelligence
AI",Data Science,Machine Learning Model,Natural Language Processing,Artificial Intelligence,AI,,,,,,,,,,,,,,,,,,,,,,,,,,,
"Brand Identity Design
Graphic Design
Logo Design
Adobe Illustrator",Brand Identity Design,Graphic Design,Logo Design,Adobe Illustrator,,,,,,,,,,,,,,,,,,,,,,,,,,,,
"Native
English
Translation
Thai
English to Thai Translation",Native,English,Translation,Thai,English to Thai Translation,,,,,,,,,,,,,,,,,,,,,,,,,,,
"SEMrush
Moz
Ahrefs
Search Engine Optimization
SEO Backlinking",SEMrush,Moz,Ahrefs,Search Engine Optimization,SEO Backlinking,,,,,,,,,,,,,,,,,,,,,,,,,,,
"Human Resource Management
HR & Business Services
Job Posting
Interpersonal Skills
Human Resource Information System
Employee Relations
Benefits
Compensation
Compensation & Benefits
Employee Communications",Human Resource Management,HR & Business Services,Job Posting,Interpersonal Skills,Human Resource Information System,Employee Relations,Benefits,Compensation,Compensation & Benefits,Employee Communications,,,,,,,,,,,,,,,,,,,,,,
"Closed Captioning
Caption
English",Closed Captioning,Caption,English,,,,,,,,,,,,,,,,,,,,,,,,,,,,,
"WooCommerce
PHP
WordPress
Shopify Apps",WooCommerce,PHP,WordPress,Shopify Apps,,,,,,,,,,,,,,,,,,,,,,,,,,,,
"Dart
Flutter
Firebase
Mobile App Development",Dart,Flutter,Firebase,Mobile App Development,,,,,,,,,,,,,,,,,,,,,,,,,,,,
"Business with 1-9 Employees
WordPress
Web Development",Business with 1-9 Employees,WordPress,Web Development,,,,,,,,,,,,,,,,,,,,,,,,,,,,,
,,,,,,,,,,,,,,,,,,,,,,,,,,,,,,,,
"Test Execution
Test Requirements
Test Management
Test Strategy
Functional Testing
Integration Testing
Regression Testing
Investment Banking
Wealth Management
Capital Markets",Test Execution,Test Requirements,Test Management,Test Strategy,Functional Testing,Integration Testing,Regression Testing,Investment Banking,Wealth Management,Capital Markets,,,,,,,,,,,,,,,,,,,,,,
"Data Entry
Communications
Android
English
Researcher
Virtual Assistance
Smartphone",Data Entry,Communications,Android,English,Researcher,Virtual Assistance,Smartphone,,,,,,,,,,,,,,,,,,,,,,,,,
"WordPress
Web Development
Web Design",WordPress,Web Development,Web Design,,,,,,,,,,,,,,,,,,,,,,,,,,,,,
"Figma
Adobe XD
Web Design
Prototyping
User Interface Design
Mockup
UX & UI
Wireframing",Figma,Adobe XD,Web Design,Prototyping,User Interface Design,Mockup,UX & UI,Wireframing,,,,,,,,,,,,,,,,,,,,,,,,
"React Native
Android
iOS
Mobile App Development
Android App Development
iOS Development
Firebase
Apple Xcode
React
JavaScript",React Native,Android,iOS,Mobile App Development,Android App Development,iOS Development,Firebase,Apple Xcode,React,JavaScript,,,,,,,,,,,,,,,,,,,,,,
"Microsoft Windows
Microsoft Azure
Office 365
Windows Server
System Administration
Microsoft Active Directory
Network Administration
Windows Administration",Microsoft Windows,Microsoft Azure,Office 365,Windows Server,System Administration,Microsoft Active Directory,Network Administration,Windows Administration,,,,,,,,,,,,,,,,,,,,,,,,
"Influencer Marketing
Email Marketing
Shopify
Social Media Marketing
Marketing Strategy
Conversion Rate Optimization
Content Development
Supply Chain Management
Ecommerce
Strategy",Influencer Marketing,Email Marketing,Shopify,Social Media Marketing,Marketing Strategy,Conversion Rate Optimization,Content Development,Supply Chain Management,Ecommerce,Strategy,,,,,,,,,,,,,,,,,,,,,,
"Female
Male
Corporate Tone
Energetic Tone
US English Dialect
British English Accent
Australian English Dialect",Female,Male,Corporate Tone,Energetic Tone,US English Dialect,British English Accent,Australian English Dialect,,,,,,,,,,,,,,,,,,,,,,,,,
"JavaScript
React
Node.js
Redux
TypeScript
HTML5",JavaScript,React,Node.js,Redux,TypeScript,HTML5,,,,,,,,,,,,,,,,,,,,,,,,,,
"Python
Java
C++",Python,Java,C++,,,,,,,,,,,,,,,,,,,,,,,,,,,,,
"Microsoft Windows
Microsoft Azure
Office 365
Windows Server
System Administration
Microsoft Active Directory
Network Administration
Windows Administration",Microsoft Windows,Microsoft Azure,Office 365,Windows Server,System Administration,Microsoft Active Directory,Network Administration,Windows Administration,,,,,,,,,,,,,,,,,,,,,,,,
"Influencer Marketing
Email Marketing
Shopify
Social Media Marketing
Marketing Strategy
Conversion Rate Optimization
Content Development
Supply Chain Management
Ecommerce
Strategy",Influencer Marketing,Email Marketing,Shopify,Social Media Marketing,Marketing Strategy,Conversion Rate Optimization,Content Development,Supply Chain Management,Ecommerce,Strategy,,,,,,,,,,,,,,,,,,,,,,
"Female
Male
Corporate Tone
Energetic Tone
US English Dialect
British English Accent
Australian English Dialect",Female,Male,Corporate Tone,Energetic Tone,US English Dialect,British English Accent,Australian English Dialect,,,,,,,,,,,,,,,,,,,,,,,,,
"JavaScript
React
Node.js
Redux
TypeScript
HTML5",JavaScript,React,Node.js,Redux,TypeScript,HTML5,,,,,,,,,,,,,,,,,,,,,,,,,,
"Python
Java
C++",Python,Java,C++,,,,,,,,,,,,,,,,,,,,,,,,,,,,,
"General Transcription
Danish to English Translation
English to Danish Translation",General Transcription,Danish to English Translation,English to Danish Translation,,,,,,,,,,,,,,,,,,,,,,,,,,,,,
"Computer Systems Engineering
Virtual Assistant",Computer Systems Engineering,Virtual Assistant,,,,,,,,,,,,,,,,,,,,,,,,,,,,,,
"Danish
General Transcription
Danish to English Translation
English to Danish Translation",Danish,General Transcription,Danish to English Translation,English to Danish Translation,,,,,,,,,,,,,,,,,,,,,,,,,,,,
"Web Application
Android
Moodle
iOS",Web Application,Android,Moodle,iOS,,,,,,,,,,,,,,,,,,,,,,,,,,,,
"Unity
C#
Game Development
Smartphone",Unity,C#,Game Development,Smartphone,,,,,,,,,,,,,,,,,,,,,,,,,,,,
Lead Generation,Lead Generation,,,,,,,,,,,,,,,,,,,,,,,,,,,,,,,
"Microsoft SQL Server
ASP.NET Core
ASP.NET Web API
React
API Integration
C#",Microsoft SQL Server,ASP.NET Core,ASP.NET Web API,React,API Integration,C#,,,,,,,,,,,,,,,,,,,,,,,,,,
Video Editing,Video Editing,,,,,,,,,,,,,,,,,,,,,,,,,,,,,,,
"Academic Writing
English
Writing
English Tutoring
Teaching",Academic Writing,English,Writing,English Tutoring,Teaching,,,,,,,,,,,,,,,,,,,,,,,,,,,
Social Media Management,Social Media Management,,,,,,,,,,,,,,,,,,,,,,,,,,,,,,,
"Logo Design
Adobe Illustrator
Graphic Design
Adobe Photoshop
Illustration
Adobe InDesign
Social Media Imagery",Logo Design,Adobe Illustrator,Graphic Design,Adobe Photoshop,Illustration,Adobe InDesign,Social Media Imagery,,,,,,,,,,,,,,,,,,,,,,,,,
"Email Marketing Strategy
Email Campaign Setup
Email Marketing
Shopify
Marketing Strategy",Email Marketing Strategy,Email Campaign Setup,Email Marketing,Shopify,Marketing Strategy,,,,,,,,,,,,,,,,,,,,,,,,,,,
"Graphic Design
Adobe Photoshop
Layout Design",Graphic Design,Adobe Photoshop,Layout Design,,,,,,,,,,,,,,,,,,,,,,,,,,,,,
"Amazon Web Services
Deployment Automation
Amazon ECS
Heroku
DevOps
Amazon EC2",Amazon Web Services,Deployment Automation,Amazon ECS,Heroku,DevOps,Amazon EC2,,,,,,,,,,,,,,,,,,,,,,,,,,
"Amazon Web Services
WordPress",Amazon Web Services,WordPress,,,,,,,,,,,,,,,,,,,,,,,,,,,,,,
Node.js,Node.js,,,,,,,,,,,,,,,,,,,,,,,,,,,,,,,
"Contract Law
Legal Consulting
Intellectual Property Law
Non-Disclosure Agreement
Intellectual Property Protection",Contract Law,Legal Consulting,Intellectual Property Law,Non-Disclosure Agreement,Intellectual Property Protection,,,,,,,,,,,,,,,,,,,,,,,,,,,
"Social Media Manager
Personal Administration
Executive Support
Time Management
Management Assistant
Virtual Assistant
Entrepreneurship
Business Development
Startup Consulting
Business Coaching",Social Media Manager,Personal Administration,Executive Support,Time Management,Management Assistant,Virtual Assistant,Entrepreneurship,Business Development,Startup Consulting,Business Coaching,,,,,,,,,,,,,,,,,,,,,,
Organic Traffic Growth,Organic Traffic Growth,,,,,,,,,,,,,,,,,,,,,,,,,,,,,,,
"three.js
Animation
Web Development
JavaScript
3D Rendering
3D Design",three.js,Animation,Web Development,JavaScript,3D Rendering,3D Design,,,,,,,,,,,,,,,,,,,,,,,,,,
"Education
Business with 1-9 Employees
Sales
Lead Generation
Cold Calling
Relationship Management
Telemarketing
Outbound Sales",Education,Business with 1-9 Employees,Sales,Lead Generation,Cold Calling,Relationship Management,Telemarketing,Outbound Sales,,,,,,,,,,,,,,,,,,,,,,,,
"Dropshipping
Inventory Management
Online Sales Management
Packing Slips
Purchase Orders
Etsy Listing
Virtual Assistant
Customer Service
Data Entry
Product Listings",Dropshipping,Inventory Management,Online Sales Management,Packing Slips,Purchase Orders,Etsy Listing,Virtual Assistant,Customer Service,Data Entry,Product Listings,,,,,,,,,,,,,,,,,,,,,,
"Automation
Scripting",Automation,Scripting,,,,,,,,,,,,,,,,,,,,,,,,,,,,,,
"Shopify
Web Development
Shopify Templates",Shopify,Web Development,Shopify Templates,,,,,,,,,,,,,,,,,,,,,,,,,,,,,
"Google Analytics
LinkedIn
Social Media Marketing
Social Media Management
Social Media Content Creation
Market Research
Email Marketing
Program Management
Executive Assistant",Google Analytics,LinkedIn,Social Media Marketing,Social Media Management,Social Media Content Creation,Market Research,Email Marketing,Program Management,Executive Assistant,,,,,,,,,,,,,,,,,,,,,,,
"Web Application
Game Development
Game Design
Smartphone
Android
Game Design Document
Web Development",Web Application,Game Development,Game Design,Smartphone,Android,Game Design Document,Web Development,,,,,,,,,,,,,,,,,,,,,,,,,
"CSS
WordPress
HTML
JavaScript",CSS,WordPress,HTML,JavaScript,,,,,,,,,,,,,,,,,,,,,,,,,,,,
"Graphic Design
Adobe Photoshop
Photo Manipulation
Brand Identity & Guidelines
Print Design",Graphic Design,Adobe Photoshop,Photo Manipulation,Brand Identity & Guidelines,Print Design,,,,,,,,,,,,,,,,,,,,,,,,,,,
"Microsoft Excel
Visual Basic for Applications",Microsoft Excel,Visual Basic for Applications,,,,,,,,,,,,,,,,,,,,,,,,,,,,,,
"Business Analysis
ERPNext
ERP Software
Manufacturing
Procure-to-Pay",Business Analysis,ERPNext,ERP Software,Manufacturing,Procure-to-Pay,,,,,,,,,,,,,,,,,,,,,,,,,,,
Mechanical Engineering,Mechanical Engineering,,,,,,,,,,,,,,,,,,,,,,,,,,,,,,,
"Computer Skills
Microsoft Excel
Copy & Paste
Data Entry
Thai to English Translation
Content Editing
Content Creation
English",Computer Skills,Microsoft Excel,Copy & Paste,Data Entry,Thai to English Translation,Content Editing,Content Creation,English,,,,,,,,,,,,,,,,,,,,,,,,
"Web Application
React Native
Android
iOS
Smartphone
Mobile App Development
Android App Development
iOS Development
User Profile Creation
User Authentication",Web Application,React Native,Android,iOS,Smartphone,Mobile App Development,Android App Development,iOS Development,User Profile Creation,User Authentication,,,,,,,,,,,,,,,,,,,,,,
"ASP.NET
Visual Basic
C#
.NET Framework",ASP.NET,Visual Basic,C#,.NET Framework,,,,,,,,,,,,,,,,,,,,,,,,,,,,
"Social Media Marketing
Social Media Content",Social Media Marketing,Social Media Content,,,,,,,,,,,,,,,,,,,,,,,,,,,,,,
"Article Writing
Article
English",Article Writing,Article,English,,,,,,,,,,,,,,,,,,,,,,,,,,,,,
"Architectural Design
Residential Design
Interior Design
Landscaping",Architectural Design,Residential Design,Interior Design,Landscaping,,,,,,,,,,,,,,,,,,,,,,,,,,,,
"Microsoft Excel
Visual Basic for Applications
Automation",Microsoft Excel,Visual Basic for Applications,Automation,,,,,,,,,,,,,,,,,,,,,,,,,,,,,
"Education
Lead Generation",Education,Lead Generation,,,,,,,,,,,,,,,,,,,,,,,,,,,,,,
"Company LinkedIn Profile
Company Profile
Request for Proposal
Letter of Intent
Presentations
Content Writing
Graphic Design
Creative Writing
English
Business Services",Company LinkedIn Profile,Company Profile,Request for Proposal,Letter of Intent,Presentations,Content Writing,Graphic Design,Creative Writing,English,Business Services,,,,,,,,,,,,,,,,,,,,,,
"PHP
API
MySQL",PHP,API,MySQL,,,,,,,,,,,,,,,,,,,,,,,,,,,,,
"Social Media Marketing
Search Engine Optimization
Content Writing
Social Media Management
Marketing Strategy
Internet Marketing",Social Media Marketing,Search Engine Optimization,Content Writing,Social Media Management,Marketing Strategy,Internet Marketing,,,,,,,,,,,,,,,,,,,,,,,,,,
"Punjabi
Urdu
Gujarati",Punjabi,Urdu,Gujarati,,,,,,,,,,,,,,,,,,,,,,,,,,,,,
"Background Removal
Photo Editing
Image Editing
Clipping Path",Background Removal,Photo Editing,Image Editing,Clipping Path,,,,,,,,,,,,,,,,,,,,,,,,,,,,
"iOS
Swift
iOS Development
Smartphone
Mobile App Development
Objective-C",iOS,Swift,iOS Development,Smartphone,Mobile App Development,Objective-C,,,,,,,,,,,,,,,,,,,,,,,,,,
"iOS
Swift
iOS Development
Smartphone
Mobile App Development
Objective-C",iOS,Swift,iOS Development,Smartphone,Mobile App Development,Objective-C,,,,,,,,,,,,,,,,,,,,,,,,,,
SEO Backlinking,SEO Backlinking,,,,,,,,,,,,,,,,,,,,,,,,,,,,,,,
"Cryptocurrency
Bitcoin
Ethereum
Blockchain",Cryptocurrency,Bitcoin,Ethereum,Blockchain,,,,,,,,,,,,,,,,,,,,,,,,,,,,
"Graphic Design
Presentation Design
Presentations
Microsoft PowerPoint
Infographic
Layout Design
Prezi
Keynote
Logo Design",Graphic Design,Presentation Design,Presentations,Microsoft PowerPoint,Infographic,Layout Design,Prezi,Keynote,Logo Design,,,,,,,,,,,,,,,,,,,,,,,
"Web Design
Bug Fix
Ecommerce Website
Responsive Design
Shopify
Ecommerce Platform Development
Web Development
Shopify Templates
Shopify Theme
Design Enhancement",Web Design,Bug Fix,Ecommerce Website,Responsive Design,Shopify,Ecommerce Platform Development,Web Development,Shopify Templates,Shopify Theme,Design Enhancement,,,,,,,,,,,,,,,,,,,,,,
"iOS
iOS Development
Swift
Apple Xcode",iOS,iOS Development,Swift,Apple Xcode,,,,,,,,,,,,,,,,,,,,,,,,,,,,
Somali,Somali,,,,,,,,,,,,,,,,,,,,,,,,,,,,,,,
"Android
Mobile App Development
Android App Development
Android App
React
Java
Kotlin
Godot",Android,Mobile App Development,Android App Development,Android App,React,Java,Kotlin,Godot,,,,,,,,,,,,,,,,,,,,,,,,
"Architectural Design
Interior Design
Landscape Design",Architectural Design,Interior Design,Landscape Design,,,,,,,,,,,,,,,,,,,,,,,,,,,,,
"Search Engine Optimization
SEO Writing
Blog Writing
Article Writing
Blog Content
Content Writing",Search Engine Optimization,SEO Writing,Blog Writing,Article Writing,Blog Content,Content Writing,,,,,,,,,,,,,,,,,,,,,,,,,,
"Architectural Design
Interior Design
Landscape Design",Architectural Design,Interior Design,Landscape Design,,,,,,,,,,,,,,,,,,,,,,,,,,,,,
"Search Engine Optimization
SEO Writing
Blog Writing
Article Writing
Blog Content
Content Writing",Search Engine Optimization,SEO Writing,Blog Writing,Article Writing,Blog Content,Content Writing,,,,,,,,,,,,,,,,,,,,,,,,,,
"Kotlin
Android",Kotlin,Android,,,,,,,,,,,,,,,,,,,,,,,,,,,,,,
"Angular
CSS
HTML5
SQL
AngularJS
Git
JavaScript
GitHub",Angular,CSS,HTML5,SQL,AngularJS,Git,JavaScript,GitHub,,,,,,,,,,,,,,,,,,,,,,,,
"Prototyping
Animation
AR & VR
Virtual Reality
VR Application",Prototyping,Animation,AR & VR,Virtual Reality,VR Application,,,,,,,,,,,,,,,,,,,,,,,,,,,
Logo Design,Logo Design,,,,,,,,,,,,,,,,,,,,,,,,,,,,,,,
"Facebook
Social Media Management
Social Media Marketing
Content Writing",Facebook,Social Media Management,Social Media Marketing,Content Writing,,,,,,,,,,,,,,,,,,,,,,,,,,,,
"Malayalam
Telugu
Tamil
Kannada",Malayalam,Telugu,Tamil,Kannada,,,,,,,,,,,,,,,,,,,,,,,,,,,,
"Angular
Jasmine
JUnit
Karma",Angular,Jasmine,JUnit,Karma,,,,,,,,,,,,,,,,,,,,,,,,,,,,
"Adobe Illustrator
Adobe Photoshop",Adobe Illustrator,Adobe Photoshop,,,,,,,,,,,,,,,,,,,,,,,,,,,,,,
"Intuit QuickBooks
Bookkeeping
Quickbooks
Accounting",Intuit QuickBooks,Bookkeeping,Quickbooks,Accounting,,,,,,,,,,,,,,,,,,,,,,,,,,,,
Virtual Assistant,Virtual Assistant,,,,,,,,,,,,,,,,,,,,,,,,,,,,,,,
"Social Media Marketing
Virtual Assistant
Virtual Assistance
Email Communication
Data Entry
Customer Service
Researcher
Scheduling
Task Coordination
Microsoft Excel
Social Media Content
File Maintenance
Phone Communication",Social Media Marketing,Virtual Assistant,Virtual Assistance,Email Communication,Data Entry,Customer Service,Researcher,Scheduling,Task Coordination,Microsoft Excel,Social Media Content,File Maintenance,Phone Communication,,,,,,,,,,,,,,,,,,,
"Article
Content Writing
Blog Content
Article Writing
Blog Writing
Writing
English
SEO Writing
Creative Writing",Article,Content Writing,Blog Content,Article Writing,Blog Writing,Writing,English,SEO Writing,Creative Writing,,,,,,,,,,,,,,,,,,,,,,,
"C#
Docker
Web Testing
Selenium",C#,Docker,Web Testing,Selenium,,,,,,,,,,,,,,,,,,,,,,,,,,,,
"Russian
Translation",Russian,Translation,,,,,,,,,,,,,,,,,,,,,,,,,,,,,,
"TikTok
TikTok Ad",TikTok,TikTok Ad,,,,,,,,,,,,,,,,,,,,,,,,,,,,,,
"Amazon Web Services
Amazon S3
Amazon",Amazon Web Services,Amazon S3,Amazon,,,,,,,,,,,,,,,,,,,,,,,,,,,,,
"C#
ASP.NET Web API
CSS 3
Vue.js
HTML5
RESTful API",C#,ASP.NET Web API,CSS 3,Vue.js,HTML5,RESTful API,,,,,,,,,,,,,,,,,,,,,,,,,,
"Creative Writing
Ghostwriting
Writing
Short Story Writing",Creative Writing,Ghostwriting,Writing,Short Story Writing,,,,,,,,,,,,,,,,,,,,,,,,,,,,
React Native,React Native,,,,,,,,,,,,,,,,,,,,,,,,,,,,,,,
"Android
Smartphone
Android App Development
iOS Development",Android,Smartphone,Android App Development,iOS Development,,,,,,,,,,,,,,,,,,,,,,,,,,,,
"Kotlin
Android",Kotlin,Android,,,,,,,,,,,,,,,,,,,,,,,,,,,,,,
"Adobe Photoshop
Graphic Design",Adobe Photoshop,Graphic Design,,,,,,,,,,,,,,,,,,,,,,,,,,,,,,
"Adobe Photoshop
Graphic Design",Adobe Photoshop,Graphic Design,,,,,,,,,,,,,,,,,,,,,,,,,,,,,,
"Ghostwriting
Editing & Proofreading
Ebook Writing
DIY
How To
English",Ghostwriting,Editing & Proofreading,Ebook Writing,DIY,How To,English,,,,,,,,,,,,,,,,,,,,,,,,,,
"Statistics
Data Analysis
Quantitative Analysis
R
IBM SPSS
Stata
Analytics",Statistics,Data Analysis,Quantitative Analysis,R,IBM SPSS,Stata,Analytics,,,,,,,,,,,,,,,,,,,,,,,,,
"Virtual Assistant
Administrative Support
Communications
Personal Administration",Virtual Assistant,Administrative Support,Communications,Personal Administration,,,,,,,,,,,,,,,,,,,,,,,,,,,,
"Artificial Intelligence
Bot Development
Node.js
Machine Learning
Cryptocurrency",Artificial Intelligence,Bot Development,Node.js,Machine Learning,Cryptocurrency,,,,,,,,,,,,,,,,,,,,,,,,,,,
"Social Media Marketing
Facebook
Social Media Content
Content Writing
Social Media Advertising
Copywriting
Marketing Strategy
Instagram",Social Media Marketing,Facebook,Social Media Content,Content Writing,Social Media Advertising,Copywriting,Marketing Strategy,Instagram,,,,,,,,,,,,,,,,,,,,,,,,
Spanish,Spanish,,,,,,,,,,,,,,,,,,,,,,,,,,,,,,,
"API Integration
Svelte
JavaScript
CSS
HTML
Web Development
Web Application",API Integration,Svelte,JavaScript,CSS,HTML,Web Development,Web Application,,,,,,,,,,,,,,,,,,,,,,,,,
"Linux
NGINX
Network Administration",Linux,NGINX,Network Administration,,,,,,,,,,,,,,,,,,,,,,,,,,,,,
"Regulatory Compliance
Anti-Money Laundering",Regulatory Compliance,Anti-Money Laundering,,,,,,,,,,,,,,,,,,,,,,,,,,,,,,
"Customer Service
Customer Support
Forex Trading
Cryptocurrency",Customer Service,Customer Support,Forex Trading,Cryptocurrency,,,,,,,,,,,,,,,,,,,,,,,,,,,,
"Java
JavaScript
Spring Framework",Java,JavaScript,Spring Framework,,,,,,,,,,,,,,,,,,,,,,,,,,,,,
"Content Writing
Article Writing
Blog Content
Blog Writing
Researcher
SEO Writing
Writing
English",Content Writing,Article Writing,Blog Content,Blog Writing,Researcher,SEO Writing,Writing,English,,,,,,,,,,,,,,,,,,,,,,,,
"Website
JavaScript
PHP
SQL
MySQL
Business with 1-9 Employees",Website,JavaScript,PHP,SQL,MySQL,Business with 1-9 Employees,,,,,,,,,,,,,,,,,,,,,,,,,,
"iOS Development
Android App Development
Mobile App Development
iOS
Smartphone",iOS Development,Android App Development,Mobile App Development,iOS,Smartphone,,,,,,,,,,,,,,,,,,,,,,,,,,,
"Java
C++
Grafana",Java,C++,Grafana,,,,,,,,,,,,,,,,,,,,,,,,,,,,,
"Microsoft Windows
Microsoft Azure
System Administration
Microsoft Active Directory
Azure App Service",Microsoft Windows,Microsoft Azure,System Administration,Microsoft Active Directory,Azure App Service,,,,,,,,,,,,,,,,,,,,,,,,,,,
"WordPress
PHP
JavaScript
WordPress Plugin
Custom PHP
Plugin Development",WordPress,PHP,JavaScript,WordPress Plugin,Custom PHP,Plugin Development,,,,,,,,,,,,,,,,,,,,,,,,,,
"Final Cut Pro X
Video Editing
Adobe Premiere Pro
Adobe After Effects
Motion Graphics",Final Cut Pro X,Video Editing,Adobe Premiere Pro,Adobe After Effects,Motion Graphics,,,,,,,,,,,,,,,,,,,,,,,,,,,
"Senior Adult
English
Male
Voice-Over
Voice Acting
US English Dialect",Senior Adult,English,Male,Voice-Over,Voice Acting,US English Dialect,,,,,,,,,,,,,,,,,,,,,,,,,,
"Stata
Data Visualization
Big Data
Data Analytics
Excel Macros
Visual Basic
Economics",Stata,Data Visualization,Big Data,Data Analytics,Excel Macros,Visual Basic,Economics,,,,,,,,,,,,,,,,,,,,,,,,,
"Norwegian
Voice Acting",Norwegian,Voice Acting,,,,,,,,,,,,,,,,,,,,,,,,,,,,,,
"Android
iOS
Mobile App Development
Android App Development
iOS Development
Smartphone",Android,iOS,Mobile App Development,Android App Development,iOS Development,Smartphone,,,,,,,,,,,,,,,,,,,,,,,,,,
"Web Development
Google Search Console
WordPress
XML Sitemap
Search Engine Optimization",Web Development,Google Search Console,WordPress,XML Sitemap,Search Engine Optimization,,,,,,,,,,,,,,,,,,,,,,,,,,,
"Data Visualization
Data Analysis
Microsoft PowerPoint",Data Visualization,Data Analysis,Microsoft PowerPoint,,,,,,,,,,,,,,,,,,,,,,,,,,,,,
"Android App Development
Mobile App Development",Android App Development,Mobile App Development,,,,,,,,,,,,,,,,,,,,,,,,,,,,,,
"Smartphone
Android
Android App Development
Mobile App Development",Smartphone,Android,Android App Development,Mobile App Development,,,,,,,,,,,,,,,,,,,,,,,,,,,,
"Explainer Video
Creative Writing
Content Writing
Scriptwriting
Writing
Copywriting
Script
English
Video Intro & Outro
Screenwriting
Article Writing
Storytelling",Explainer Video,Creative Writing,Content Writing,Scriptwriting,Writing,Copywriting,Script,English,Video Intro & Outro,Screenwriting,Article Writing,Storytelling,,,,,,,,,,,,,,,,,,,,
"Wix
User Flow
Landing Page
Website
Website Redesign
Journey Mapping
Search Engine Optimization
Web Design
Mockup
Wireframing",Wix,User Flow,Landing Page,Website,Website Redesign,Journey Mapping,Search Engine Optimization,Web Design,Mockup,Wireframing,,,,,,,,,,,,,,,,,,,,,,
"Adobe Photoshop
3D Rendering
3D Design
3D Modeling
Graphic Design
Autodesk 3ds Max
Illustration
3D Animation
Product Design
Animation",Adobe Photoshop,3D Rendering,3D Design,3D Modeling,Graphic Design,Autodesk 3ds Max,Illustration,3D Animation,Product Design,Animation,,,,,,,,,,,,,,,,,,,,,,
"Microsoft Word
Data Entry
Typing
English",Microsoft Word,Data Entry,Typing,English,,,,,,,,,,,,,,,,,,,,,,,,,,,,
"Data Analytics
Big Data
Google Analytics
BigQuery
Data Analysis
Python
SQL
Statistics
SQL Programming",Data Analytics,Big Data,Google Analytics,BigQuery,Data Analysis,Python,SQL,Statistics,SQL Programming,,,,,,,,,,,,,,,,,,,,,,,
"Linux
Docker",Linux,Docker,,,,,,,,,,,,,,,,,,,,,,,,,,,,,,
"Chinese
Alibaba Sourcing
Purchase Orders
Virtual Assistant
Order Processing",Chinese,Alibaba Sourcing,Purchase Orders,Virtual Assistant,Order Processing,,,,,,,,,,,,,,,,,,,,,,,,,,,
"C#
ASP.NET
Microsoft Visual Studio",C#,ASP.NET,Microsoft Visual Studio,,,,,,,,,,,,,,,,,,,,,,,,,,,,,
"Google Ads
Search Engine Optimization
SEO Keyword Research
Internet Marketing
On-Page SEO
Off-Page SEO
Display Ad
Content Writing",Google Ads,Search Engine Optimization,SEO Keyword Research,Internet Marketing,On-Page SEO,Off-Page SEO,Display Ad,Content Writing,,,,,,,,,,,,,,,,,,,,,,,,
"C#
ASP.NET
Microsoft Visual Studio",C#,ASP.NET,Microsoft Visual Studio,,,,,,,,,,,,,,,,,,,,,,,,,,,,,
"Google Ads
Search Engine Optimization
SEO Keyword Research
Internet Marketing
On-Page SEO
Off-Page SEO
Display Ad
Content Writing",Google Ads,Search Engine Optimization,SEO Keyword Research,Internet Marketing,On-Page SEO,Off-Page SEO,Display Ad,Content Writing,,,,,,,,,,,,,,,,,,,,,,,,
"JavaScript
Java
Web Development",JavaScript,Java,Web Development,,,,,,,,,,,,,,,,,,,,,,,,,,,,,
"MySQL
Git
Java
Spring Boot
Microservice
RESTful API
JUnit
Hibernate",MySQL,Git,Java,Spring Boot,Microservice,RESTful API,JUnit,Hibernate,,,,,,,,,,,,,,,,,,,,,,,,
"Android App Development
Android
Mobile App Development
Android Studio",Android App Development,Android,Mobile App Development,Android Studio,,,,,,,,,,,,,,,,,,,,,,,,,,,,
"Business Writing
College & University
English
English Tutoring
Writing",Business Writing,College & University,English,English Tutoring,Writing,,,,,,,,,,,,,,,,,,,,,,,,,,,
Dell Boomi,Dell Boomi,,,,,,,,,,,,,,,,,,,,,,,,,,,,,,,
"Adobe Photoshop
Sports & Recreation
Clothing & Merchandise Design
Graphic Design
3D Design",Adobe Photoshop,Sports & Recreation,Clothing & Merchandise Design,Graphic Design,3D Design,,,,,,,,,,,,,,,,,,,,,,,,,,,
"Email Marketing
Google Analytics
Sendinblue
Email Marketing Consultation
Email Marketing Platform Support
Email Marketing Report
Marketing Analytics",Email Marketing,Google Analytics,Sendinblue,Email Marketing Consultation,Email Marketing Platform Support,Email Marketing Report,Marketing Analytics,,,,,,,,,,,,,,,,,,,,,,,,,
"Business Operations
Communications
Interpersonal Skills
Business Analysis
Administrative Support",Business Operations,Communications,Interpersonal Skills,Business Analysis,Administrative Support,,,,,,,,,,,,,,,,,,,,,,,,,,,
Voice-Over,Voice-Over,,,,,,,,,,,,,,,,,,,,,,,,,,,,,,,
"Phone Communication
Communications
Administrative Support
Email Communication
Virtual Assistance
Virtual Assistant
Data Entry
Researcher
Customer Service
Personal Administration",Phone Communication,Communications,Administrative Support,Email Communication,Virtual Assistance,Virtual Assistant,Data Entry,Researcher,Customer Service,Personal Administration,,,,,,,,,,,,,,,,,,,,,,
"Web Design
WordPress
Graphic Design",Web Design,WordPress,Graphic Design,,,,,,,,,,,,,,,,,,,,,,,,,,,,,
"Review
Google Ads",Review,Google Ads,,,,,,,,,,,,,,,,,,,,,,,,,,,,,,
"Food & Beverage
Travel & Hospitality
Google My Business
Search Engine Optimization",Food & Beverage,Travel & Hospitality,Google My Business,Search Engine Optimization,,,,,,,,,,,,,,,,,,,,,,,,,,,,
"Lead Generation
B2B Marketing",Lead Generation,B2B Marketing,,,,,,,,,,,,,,,,,,,,,,,,,,,,,,
"WordPress
Web Development
Website Customization
Web Design",WordPress,Web Development,Website Customization,Web Design,,,,,,,,,,,,,,,,,,,,,,,,,,,,
"Business Analysis
Accounting
Business Services",Business Analysis,Accounting,Business Services,,,,,,,,,,,,,,,,,,,,,,,,,,,,,
"React
JavaScript
Redux
TypeScript
HTML5",React,JavaScript,Redux,TypeScript,HTML5,,,,,,,,,,,,,,,,,,,,,,,,,,,
"Artificial Intelligence
Python
Researcher
Machine Learning
Cyber Threat Intelligence",Artificial Intelligence,Python,Researcher,Machine Learning,Cyber Threat Intelligence,,,,,,,,,,,,,,,,,,,,,,,,,,,
"Artificial Intelligence
Python
Researcher
Machine Learning
Cyber Threat Intelligence",Artificial Intelligence,Python,Researcher,Machine Learning,Cyber Threat Intelligence,,,,,,,,,,,,,,,,,,,,,,,,,,,
"Video Editing
Video Production
Caption",Video Editing,Video Production,Caption,,,,,,,,,,,,,,,,,,,,,,,,,,,,,
"Microsoft Dynamics CRM
Microsoft Dynamics 365",Microsoft Dynamics CRM,Microsoft Dynamics 365,,,,,,,,,,,,,,,,,,,,,,,,,,,,,,
"Animal Illustration
Colorful Style
Cartoon Style
Character Design
Illustration
Cartoon Art
Graphic Design
Book Cover
Drawing",Animal Illustration,Colorful Style,Cartoon Style,Character Design,Illustration,Cartoon Art,Graphic Design,Book Cover,Drawing,,,,,,,,,,,,,,,,,,,,,,,
"Flutter
iOS
Android
Mobile App Development",Flutter,iOS,Android,Mobile App Development,,,,,,,,,,,,,,,,,,,,,,,,,,,,
"Video Editing
Adobe Premiere Pro
Video Post-Editing
Adobe After Effects
Video Production",Video Editing,Adobe Premiere Pro,Video Post-Editing,Adobe After Effects,Video Production,,,,,,,,,,,,,,,,,,,,,,,,,,,
"2D Animation
Motion Graphics
Animation
Adobe After Effects",2D Animation,Motion Graphics,Animation,Adobe After Effects,,,,,,,,,,,,,,,,,,,,,,,,,,,,
"Android
JavaScript
Android App Development
Mobile App Development
iOS
Web Development
Data Entry
WordPress
Smartphone
Kotlin",Android,JavaScript,Android App Development,Mobile App Development,iOS,Web Development,Data Entry,WordPress,Smartphone,Kotlin,,,,,,,,,,,,,,,,,,,,,,
"3D Animation
3D Clothing Design
WordPress
Lead Generation
Relationship Management
Sales",3D Animation,3D Clothing Design,WordPress,Lead Generation,Relationship Management,Sales,,,,,,,,,,,,,,,,,,,,,,,,,,
Environmental Engineering,Environmental Engineering,,,,,,,,,,,,,,,,,,,,,,,,,,,,,,,
"Android
Android App Development
Mobile App Development
Mobile Game Development
Java
Smartphone",Android,Android App Development,Mobile App Development,Mobile Game Development,Java,Smartphone,,,,,,,,,,,,,,,,,,,,,,,,,,
"Male
Malay
Voice-Over
Voice Acting
Female",Male,Malay,Voice-Over,Voice Acting,Female,,,,,,,,,,,,,,,,,,,,,,,,,,,
"Career Coaching
Face-to-Face Coaching",Career Coaching,Face-to-Face Coaching,,,,,,,,,,,,,,,,,,,,,,,,,,,,,,
"Magento
Magento 2
Web Development
Ecommerce Platform Development
JavaScript
HTML5
Web Design",Magento,Magento 2,Web Development,Ecommerce Platform Development,JavaScript,HTML5,Web Design,,,,,,,,,,,,,,,,,,,,,,,,,
"Data Scraping
Data Extraction
Python
Web Crawling",Data Scraping,Data Extraction,Python,Web Crawling,,,,,,,,,,,,,,,,,,,,,,,,,,,,
"Autodesk 3ds Max
Unity
3D Modeling
3D Game Art",Autodesk 3ds Max,Unity,3D Modeling,3D Game Art,,,,,,,,,,,,,,,,,,,,,,,,,,,,
"Adobe Photoshop
Graphic Design
Photo Editing
Logo Design",Adobe Photoshop,Graphic Design,Photo Editing,Logo Design,,,,,,,,,,,,,,,,,,,,,,,,,,,,
"Logo Design
Graphic Design",Logo Design,Graphic Design,,,,,,,,,,,,,,,,,,,,,,,,,,,,,,
Video Editing,Video Editing,,,,,,,,,,,,,,,,,,,,,,,,,,,,,,,
"3D Rendering
3D Design",3D Rendering,3D Design,,,,,,,,,,,,,,,,,,,,,,,,,,,,,,
"Solidity
Python
Cryptocurrency",Solidity,Python,Cryptocurrency,,,,,,,,,,,,,,,,,,,,,,,,,,,,,
Creative Writing,Creative Writing,,,,,,,,,,,,,,,,,,,,,,,,,,,,,,,
"Search Engine Optimization
Web Development",Search Engine Optimization,Web Development,,,,,,,,,,,,,,,,,,,,,,,,,,,,,,
"Python
JavaScript
HTML
Java
AWS Application
Agile Project Management
Agile Software Development
API",Python,JavaScript,HTML,Java,AWS Application,Agile Project Management,Agile Software Development,API,,,,,,,,,,,,,,,,,,,,,,,,
"Virtual Assistance
Search Engine Optimization
WordPress
Data Entry
Virtual Assistant",Virtual Assistance,Search Engine Optimization,WordPress,Data Entry,Virtual Assistant,,,,,,,,,,,,,,,,,,,,,,,,,,,
"Customer Service Analytics
Growth Analytics
Google Analytics
Google Tag Manager
Google Ads
Search Engine Optimization
Google Analytics API
Analytics",Customer Service Analytics,Growth Analytics,Google Analytics,Google Tag Manager,Google Ads,Search Engine Optimization,Google Analytics API,Analytics,,,,,,,,,,,,,,,,,,,,,,,,
"Commercial Design
Industrial Architecture
Architecture Consultation
Detailed Design
2D Design
Architectural Design
3D Modeling
3D Rendering
Architectural Graphics
Autodesk AutoCAD",Commercial Design,Industrial Architecture,Architecture Consultation,Detailed Design,2D Design,Architectural Design,3D Modeling,3D Rendering,Architectural Graphics,Autodesk AutoCAD,,,,,,,,,,,,,,,,,,,,,,
"Android
Android App Development
Java
Mobile App Development
iOS
Smartphone
Tablet",Android,Android App Development,Java,Mobile App Development,iOS,Smartphone,Tablet,,,,,,,,,,,,,,,,,,,,,,,,,
"3D Design
3D Modeling
3D Rendering",3D Design,3D Modeling,3D Rendering,,,,,,,,,,,,,,,,,,,,,,,,,,,,,
"Symfony
Laravel
Python
React
PHP
API
CSS
HTML5
JavaScript
Cloud Computing",Symfony,Laravel,Python,React,PHP,API,CSS,HTML5,JavaScript,Cloud Computing,,,,,,,,,,,,,,,,,,,,,,
"Voice Acting
Voice-Over
Malay",Voice Acting,Voice-Over,Malay,,,,,,,,,,,,,,,,,,,,,,,,,,,,,
"Google Ads
Facebook
Lead Generation
Social Media Marketing
Pay Per Click Advertising",Google Ads,Facebook,Lead Generation,Social Media Marketing,Pay Per Click Advertising,,,,,,,,,,,,,,,,,,,,,,,,,,,
"Python
Deep Learning
TensorFlow
Artificial Intelligence",Python,Deep Learning,TensorFlow,Artificial Intelligence,,,,,,,,,,,,,,,,,,,,,,,,,,,,
"TikTok
TikTok Ad
TikTok Marketing",TikTok,TikTok Ad,TikTok Marketing,,,,,,,,,,,,,,,,,,,,,,,,,,,,,
"Facebook
Lead Generation
Facebook Advertising
Retargeting
Campaign Management
Facebook Ads Manager
Pay Per Click Advertising
Campaign Optimization",Facebook,Lead Generation,Facebook Advertising,Retargeting,Campaign Management,Facebook Ads Manager,Pay Per Click Advertising,Campaign Optimization,,,,,,,,,,,,,,,,,,,,,,,,
"Product Sourcing
Food & Beverage
Art & Design
Retail & Consumer Goods
Price & Quote Negotiation
Supplier Search
Sourcing
Purchasing Management
Vendor Management",Product Sourcing,Food & Beverage,Art & Design,Retail & Consumer Goods,Price & Quote Negotiation,Supplier Search,Sourcing,Purchasing Management,Vendor Management,,,,,,,,,,,,,,,,,,,,,,,
WordPress,WordPress,,,,,,,,,,,,,,,,,,,,,,,,,,,,,,,
"Video Editing
Video Production
Videography
Education
Explainer Video
Voice-Over",Video Editing,Video Production,Videography,Education,Explainer Video,Voice-Over,,,,,,,,,,,,,,,,,,,,,,,,,,
"Data Entry
WordPress
Administrative Support
Accuracy Verification
Virtual Assistant
Researcher
Microsoft Excel
Writing
Shopify
Typing",Data Entry,WordPress,Administrative Support,Accuracy Verification,Virtual Assistant,Researcher,Microsoft Excel,Writing,Shopify,Typing,,,,,,,,,,,,,,,,,,,,,,
"Food & Beverage
Instagram
TikTok
Social Media Management",Food & Beverage,Instagram,TikTok,Social Media Management,,,,,,,,,,,,,,,,,,,,,,,,,,,,
"Print Design
Realistic
Collage
Abstract Style
Tattoo Design
Drawing
Sketch
Concept Artistry
Adobe Photoshop
Graphic Design",Print Design,Realistic,Collage,Abstract Style,Tattoo Design,Drawing,Sketch,Concept Artistry,Adobe Photoshop,Graphic Design,,,,,,,,,,,,,,,,,,,,,,
"Flutter
API
RESTful API
API Integration
Net
.NET Core",Flutter,API,RESTful API,API Integration,Net,.NET Core,,,,,,,,,,,,,,,,,,,,,,,,,,
"Residential Design
Interior Design",Residential Design,Interior Design,,,,,,,,,,,,,,,,,,,,,,,,,,,,,,
Proofreading,Proofreading,,,,,,,,,,,,,,,,,,,,,,,,,,,,,,,
"2D Animation
Motion Graphics
Animation
Video Production",2D Animation,Motion Graphics,Animation,Video Production,,,,,,,,,,,,,,,,,,,,,,,,,,,,
"SAP
ABAP
SAP HANA
SAP SD
SAP BusinessOne
SAP FI
SAP ERP
SAP BASIS
French",SAP,ABAP,SAP HANA,SAP SD,SAP BusinessOne,SAP FI,SAP ERP,SAP BASIS,French,,,,,,,,,,,,,,,,,,,,,,,
"Video Editing
Audio Editing
Video Production",Video Editing,Audio Editing,Video Production,,,,,,,,,,,,,,,,,,,,,,,,,,,,,
"React Native
JavaScript
Android
iOS
Mobile App Development",React Native,JavaScript,Android,iOS,Mobile App Development,,,,,,,,,,,,,,,,,,,,,,,,,,,
"PPC Campaign Setup & Management
SEM Optimization
Campaign Management
Google Ads
Copywriting
LinkedIn
Lead Generation
B2B Marketing",PPC Campaign Setup & Management,SEM Optimization,Campaign Management,Google Ads,Copywriting,LinkedIn,Lead Generation,B2B Marketing,,,,,,,,,,,,,,,,,,,,,,,,
"Web Design
Responsive Design
Mockup
Graphic Design
Wireframing
Prototyping
Adobe Photoshop",Web Design,Responsive Design,Mockup,Graphic Design,Wireframing,Prototyping,Adobe Photoshop,,,,,,,,,,,,,,,,,,,,,,,,,
"PPC Campaign Setup & Management
SEM Optimization
Campaign Management
Google Ads
Copywriting
LinkedIn
Lead Generation
B2B Marketing",PPC Campaign Setup & Management,SEM Optimization,Campaign Management,Google Ads,Copywriting,LinkedIn,Lead Generation,B2B Marketing,,,,,,,,,,,,,,,,,,,,,,,,
"Web Design
Responsive Design
Mockup
Graphic Design
Wireframing
Prototyping
Adobe Photoshop",Web Design,Responsive Design,Mockup,Graphic Design,Wireframing,Prototyping,Adobe Photoshop,,,,,,,,,,,,,,,,,,,,,,,,,
"Content Writing
Website Content
About Us Page
Researcher
SEO Writing
Content Marketing Strategy",Content Writing,Website Content,About Us Page,Researcher,SEO Writing,Content Marketing Strategy,,,,,,,,,,,,,,,,,,,,,,,,,,
Laravel Developer,Laravel Developer,,,,,,,,,,,,,,,,,,,,,,,,,,,,,,,
"API Integration
Google Apps Script
PHP
Business with 1-9 Employees
Automation
Google Docs
JavaScript
Python
JSON
XML",API Integration,Google Apps Script,PHP,Business with 1-9 Employees,Automation,Google Docs,JavaScript,Python,JSON,XML,,,,,,,,,,,,,,,,,,,,,,
"Financial Analysis
Business Plan
Financial Planning",Financial Analysis,Business Plan,Financial Planning,,,,,,,,,,,,,,,,,,,,,,,,,,,,,
"Linux
API
Amazon Web Services
AWS Lambda
Node.js
JavaScript
Microsoft Azure",Linux,API,Amazon Web Services,AWS Lambda,Node.js,JavaScript,Microsoft Azure,,,,,,,,,,,,,,,,,,,,,,,,,
"Android Studio
Android
Android App Development
Mobile App Development
Java",Android Studio,Android,Android App Development,Mobile App Development,Java,,,,,,,,,,,,,,,,,,,,,,,,,,,
"Creative Writing
SEO Writing
Research Post Ideas
Content Writing
Copywriting
Content Marketing Strategy
Search Engine Optimization
Researcher
Blog Content
English
Food & Beverage
Article
Travel & Hospitality",Creative Writing,SEO Writing,Research Post Ideas,Content Writing,Copywriting,Content Marketing Strategy,Search Engine Optimization,Researcher,Blog Content,English,Food & Beverage,Article,Travel & Hospitality,,,,,,,,,,,,,,,,,,,
,,,,,,,,,,,,,,,,,,,,,,,,,,,,,,,,
"Creative Writing
SEO Writing
Research Post Ideas
Content Writing
Copywriting
Content Marketing Strategy
Search Engine Optimization
Researcher
Blog Content
English
Food & Beverage
Article
Travel & Hospitality",Creative Writing,SEO Writing,Research Post Ideas,Content Writing,Copywriting,Content Marketing Strategy,Search Engine Optimization,Researcher,Blog Content,English,Food & Beverage,Article,Travel & Hospitality,,,,,,,,,,,,,,,,,,,
"Communications
Lead Generation
LinkedIn
Content Writing",Communications,Lead Generation,LinkedIn,Content Writing,,,,,,,,,,,,,,,,,,,,,,,,,,,,
Market Research,Market Research,,,,,,,,,,,,,,,,,,,,,,,,,,,,,,,
"SEO Keyword Research
Search Engine Optimization
Organic Traffic Growth",SEO Keyword Research,Search Engine Optimization,Organic Traffic Growth,,,,,,,,,,,,,,,,,,,,,,,,,,,,,
"Selenium
Automated Testing",Selenium,Automated Testing,,,,,,,,,,,,,,,,,,,,,,,,,,,,,,
"Mobile UI Designer
Zoho Creator
Zoho Platform
Web Design
Prototyping
Graphic Design",Mobile UI Designer,Zoho Creator,Zoho Platform,Web Design,Prototyping,Graphic Design,,,,,,,,,,,,,,,,,,,,,,,,,,
"English
Tagalog
Tagalog to English Translation
Caption",English,Tagalog,Tagalog to English Translation,Caption,,,,,,,,,,,,,,,,,,,,,,,,,,,,
"API
API Integration
JavaScript
Database Architecture
Python
Amazon Web Services
PostgreSQL",API,API Integration,JavaScript,Database Architecture,Python,Amazon Web Services,PostgreSQL,,,,,,,,,,,,,,,,,,,,,,,,,
"Java
Algorithm Development
Data Structure
C++
Python
JavaScript
API
Core Java",Java,Algorithm Development,Data Structure,C++,Python,JavaScript,API,Core Java,,,,,,,,,,,,,,,,,,,,,,,,
"Residential Design
Concept Design
Autodesk AutoCAD
3D Design
Architectural Design
3D Rendering
Exterior Rendering
SketchUp
Architectural Rendering",Residential Design,Concept Design,Autodesk AutoCAD,3D Design,Architectural Design,3D Rendering,Exterior Rendering,SketchUp,Architectural Rendering,,,,,,,,,,,,,,,,,,,,,,,
"Residential Design
Concept Design
Autodesk AutoCAD
3D Design
Architectural Design
3D Rendering
Exterior Rendering
SketchUp
Architectural Rendering",Residential Design,Concept Design,Autodesk AutoCAD,3D Design,Architectural Design,3D Rendering,Exterior Rendering,SketchUp,Architectural Rendering,,,,,,,,,,,,,,,,,,,,,,,
"Thai
Thai to English Translation",Thai,Thai to English Translation,,,,,,,,,,,,,,,,,,,,,,,,,,,,,,
Norwegian,Norwegian,,,,,,,,,,,,,,,,,,,,,,,,,,,,,,,
"General Transcription
Hindi
Indian English Dialect",General Transcription,Hindi,Indian English Dialect,,,,,,,,,,,,,,,,,,,,,,,,,,,,,
"Amazon Web Services
Security Framework
DevOps",Amazon Web Services,Security Framework,DevOps,,,,,,,,,,,,,,,,,,,,,,,,,,,,,
"Android
Android App Development
Mobile App Development
Mobile Game Development
Java
Smartphone",Android,Android App Development,Mobile App Development,Mobile Game Development,Java,Smartphone,,,,,,,,,,,,,,,,,,,,,,,,,,
"Shopify
Sales
Facebook
Lead Generation",Shopify,Sales,Facebook,Lead Generation,,,,,,,,,,,,,,,,,,,,,,,,,,,,
"Website Redesign
Graphic Design
Web Design
Content Writing
English",Website Redesign,Graphic Design,Web Design,Content Writing,English,,,,,,,,,,,,,,,,,,,,,,,,,,,
"Banner Ad Design
Layout Design
Information Design
Brochure Design",Banner Ad Design,Layout Design,Information Design,Brochure Design,,,,,,,,,,,,,,,,,,,,,,,,,,,,
"Audiobook
Music Production
Music Composition
Audio Production",Audiobook,Music Production,Music Composition,Audio Production,,,,,,,,,,,,,,,,,,,,,,,,,,,,
"Android
Android App Development
Mobile App Development
Mobile Game Development
Java
Smartphone",Android,Android App Development,Mobile App Development,Mobile Game Development,Java,Smartphone,,,,,,,,,,,,,,,,,,,,,,,,,,
"Android
Android App Development
Mobile App Development
Mobile Game Development
Java
Smartphone",Android,Android App Development,Mobile App Development,Mobile Game Development,Java,Smartphone,,,,,,,,,,,,,,,,,,,,,,,,,,
"Telugu
Fluent
Conversational
Translation
Hindi
Telugu to English Translation",Telugu,Fluent,Conversational,Translation,Hindi,Telugu to English Translation,,,,,,,,,,,,,,,,,,,,,,,,,,
"Brochure Designer
Brochure
Graphic Design
Catalog
Corporate Style",Brochure Designer,Brochure,Graphic Design,Catalog,Corporate Style,,,,,,,,,,,,,,,,,,,,,,,,,,,
"Amazon Web Services
Java",Amazon Web Services,Java,,,,,,,,,,,,,,,,,,,,,,,,,,,,,,
"Web Design
Shopify
Web Development
Graphic Design",Web Design,Shopify,Web Development,Graphic Design,,,,,,,,,,,,,,,,,,,,,,,,,,,,
Shopify,Shopify,,,,,,,,,,,,,,,,,,,,,,,,,,,,,,,
"Cover Letter Writing
Microsoft Word
Resume Screening
Career Coaching
Candidate Interviewing
US English Dialect",Cover Letter Writing,Microsoft Word,Resume Screening,Career Coaching,Candidate Interviewing,US English Dialect,,,,,,,,,,,,,,,,,,,,,,,,,,
"Kotlin
Android
Android App Development
Mobile App Development
Mobile Game Development
Java
Smartphone",Kotlin,Android,Android App Development,Mobile App Development,Mobile Game Development,Java,Smartphone,,,,,,,,,,,,,,,,,,,,,,,,,
"Java
Angular",Java,Angular,,,,,,,,,,,,,,,,,,,,,,,,,,,,,,
"Java
Angular",Java,Angular,,,,,,,,,,,,,,,,,,,,,,,,,,,,,,
"Competitive Analysis
Search Engine Optimization",Competitive Analysis,Search Engine Optimization,,,,,,,,,,,,,,,,,,,,,,,,,,,,,,
"Facebook
Facebook Advertising
Social Media Marketing
Retargeting
Social Media Advertising
Marketing Strategy",Facebook,Facebook Advertising,Social Media Marketing,Retargeting,Social Media Advertising,Marketing Strategy,,,,,,,,,,,,,,,,,,,,,,,,,,
"Java
React",Java,React,,,,,,,,,,,,,,,,,,,,,,,,,,,,,,
"Kotlin
Android
Android App Development
Mobile App Development
Mobile Game Development
Java
Smartphone",Kotlin,Android,Android App Development,Mobile App Development,Mobile Game Development,Java,Smartphone,,,,,,,,,,,,,,,,,,,,,,,,,
"MP4
Documentary
Narrated Presentation
2D Animation
Video Editing
Animation
Video Production",MP4,Documentary,Narrated Presentation,2D Animation,Video Editing,Animation,Video Production,,,,,,,,,,,,,,,,,,,,,,,,,
"HTML
CSS
Landing Page
HTML5
Web Design
JavaScript",HTML,CSS,Landing Page,HTML5,Web Design,JavaScript,,,,,,,,,,,,,,,,,,,,,,,,,,
"Scheduling
Lead Generation",Scheduling,Lead Generation,,,,,,,,,,,,,,,,,,,,,,,,,,,,,,
"TikTok
Social Media Carousel
Native Advertising
Video Advertising
Mobile Advertising
TikTok Marketing",TikTok,Social Media Carousel,Native Advertising,Video Advertising,Mobile Advertising,TikTok Marketing,,,,,,,,,,,,,,,,,,,,,,,,,,
Norwegian,Norwegian,,,,,,,,,,,,,,,,,,,,,,,,,,,,,,,
"iOS
iOS Development",iOS,iOS Development,,,,,,,,,,,,,,,,,,,,,,,,,,,,,,
"German
Voice Acting
English to German Translation
Voice-Over",German,Voice Acting,English to German Translation,Voice-Over,,,,,,,,,,,,,,,,,,,,,,,,,,,,
"B2C Marketing
Sales
Cold Calling
Lead Generation
B2B Marketing
Scheduling
Telemarketing
Outbound Sales
B2B Lead Generation",B2C Marketing,Sales,Cold Calling,Lead Generation,B2B Marketing,Scheduling,Telemarketing,Outbound Sales,B2B Lead Generation,,,,,,,,,,,,,,,,,,,,,,,
"Financial Analysis
Financial Modeling",Financial Analysis,Financial Modeling,,,,,,,,,,,,,,,,,,,,,,,,,,,,,,
"Django
HTML
JavaScript
API
Ecommerce",Django,HTML,JavaScript,API,Ecommerce,,,,,,,,,,,,,,,,,,,,,,,,,,,
"Architecture & Interior Design
Engineering & Architecture
English
Content Writing",Architecture & Interior Design,Engineering & Architecture,English,Content Writing,,,,,,,,,,,,,,,,,,,,,,,,,,,,
"Quickbooks
Data Entry
Microsoft Excel
Accounting Software
Virtual Assistant
Bookkeeping
Finance & Accounting
Financial Reporting
Hospitality
Finance",Quickbooks,Data Entry,Microsoft Excel,Accounting Software,Virtual Assistant,Bookkeeping,Finance & Accounting,Financial Reporting,Hospitality,Finance,,,,,,,,,,,,,,,,,,,,,,
"On-Page SEO
Off-Page SEO
Technical SEO
Content SEO
Competitive Analysis
SEO Audit
SEO Keyword Research
SEO Performance
Search Engine Optimization
WordPress",On-Page SEO,Off-Page SEO,Technical SEO,Content SEO,Competitive Analysis,SEO Audit,SEO Keyword Research,SEO Performance,Search Engine Optimization,WordPress,,,,,,,,,,,,,,,,,,,,,,
"API Integration
Database Development
Web Development
Git
GraphQL
Node.js
Web Application
API
NestJS
React
JavaScript
Startup Company",API Integration,Database Development,Web Development,Git,GraphQL,Node.js,Web Application,API,NestJS,React,JavaScript,Startup Company,,,,,,,,,,,,,,,,,,,,
"Functional Testing
Web Testing
Manual Testing
Bug Reports
Software QA
Test Case Design
Automated Testing
Requirement Analysis",Functional Testing,Web Testing,Manual Testing,Bug Reports,Software QA,Test Case Design,Automated Testing,Requirement Analysis,,,,,,,,,,,,,,,,,,,,,,,,
"API Integration
Database Development
Web Development
Git
GraphQL
Node.js
Web Application
API
NestJS
React
JavaScript
Startup Company",API Integration,Database Development,Web Development,Git,GraphQL,Node.js,Web Application,API,NestJS,React,JavaScript,Startup Company,,,,,,,,,,,,,,,,,,,,
"Functional Testing
Web Testing
Manual Testing
Bug Reports
Software QA
Test Case Design
Automated Testing
Requirement Analysis",Functional Testing,Web Testing,Manual Testing,Bug Reports,Software QA,Test Case Design,Automated Testing,Requirement Analysis,,,,,,,,,,,,,,,,,,,,,,,,
"Videography
Video Production
Lighting
Camera",Videography,Video Production,Lighting,Camera,,,,,,,,,,,,,,,,,,,,,,,,,,,,
"Search Engine Optimization
Blog Writing
Blog Content
SEO Writing
Copywriting",Search Engine Optimization,Blog Writing,Blog Content,SEO Writing,Copywriting,,,,,,,,,,,,,,,,,,,,,,,,,,,
"Email Campaign Setup
Email Marketing
Mailchimp
Email Marketing Strategy
Marketing Strategy
Email Communication",Email Campaign Setup,Email Marketing,Mailchimp,Email Marketing Strategy,Marketing Strategy,Email Communication,,,,,,,,,,,,,,,,,,,,,,,,,,
"Documentary
Scriptwriting
Content Writing
Creative Writing",Documentary,Scriptwriting,Content Writing,Creative Writing,,,,,,,,,,,,,,,,,,,,,,,,,,,,
"Facebook
Facebook Advertising",Facebook,Facebook Advertising,,,,,,,,,,,,,,,,,,,,,,,,,,,,,,
"Guitar Performance
Guitar Composition",Guitar Performance,Guitar Composition,,,,,,,,,,,,,,,,,,,,,,,,,,,,,,
"Social Media Imagery
Informational Infographic
Comparison Infographic
Infographic
Adobe Illustrator
Graphic Design
Layout Design",Social Media Imagery,Informational Infographic,Comparison Infographic,Infographic,Adobe Illustrator,Graphic Design,Layout Design,,,,,,,,,,,,,,,,,,,,,,,,,
PrestaShop,PrestaShop,,,,,,,,,,,,,,,,,,,,,,,,,,,,,,,
"Phone Communication
Communications
Administrative Support
Email Communication
Virtual Assistance
Virtual Assistant
Data Entry
Researcher
Customer Service
Personal Administration",Phone Communication,Communications,Administrative Support,Email Communication,Virtual Assistance,Virtual Assistant,Data Entry,Researcher,Customer Service,Personal Administration,,,,,,,,,,,,,,,,,,,,,,
"Hybrid App Development
User Profile Creation
User Authentication
In-App Purchases
In-App Advertising
Android
iOS
Mobile App Development
iOS Development
Android App Development",Hybrid App Development,User Profile Creation,User Authentication,In-App Purchases,In-App Advertising,Android,iOS,Mobile App Development,iOS Development,Android App Development,,,,,,,,,,,,,,,,,,,,,,
PCB Design,PCB Design,,,,,,,,,,,,,,,,,,,,,,,,,,,,,,,
"TikTok
Instagram
Social Media Marketing
Influencer Marketing",TikTok,Instagram,Social Media Marketing,Influencer Marketing,,,,,,,,,,,,,,,,,,,,,,,,,,,,
"Style Guide
Landing Page Design
WordPress",Style Guide,Landing Page Design,WordPress,,,,,,,,,,,,,,,,,,,,,,,,,,,,,
"Retail & Consumer Goods
Partnership Agreement
Contract Law
Proofreading
Content Writing",Retail & Consumer Goods,Partnership Agreement,Contract Law,Proofreading,Content Writing,,,,,,,,,,,,,,,,,,,,,,,,,,,
"Image Editing
Photo Editing
Adobe Photoshop
Image Processing",Image Editing,Photo Editing,Adobe Photoshop,Image Processing,,,,,,,,,,,,,,,,,,,,,,,,,,,,
"TikTok
Social Media Management
Social Media Content Creation
Instagram
Adobe Photoshop
Adobe Premiere Pro",TikTok,Social Media Management,Social Media Content Creation,Instagram,Adobe Photoshop,Adobe Premiere Pro,,,,,,,,,,,,,,,,,,,,,,,,,,
"iOS
Swift
Apple Xcode",iOS,Swift,Apple Xcode,,,,,,,,,,,,,,,,,,,,,,,,,,,,,
"Communication Skills
Customer Service",Communication Skills,Customer Service,,,,,,,,,,,,,,,,,,,,,,,,,,,,,,
"Social Media Manager
Microsoft Office
Virtual Assistance
Email Communication
Administrative Support
Graphic Design
Data Entry
Adobe Photoshop
Adobe Premiere Pro",Social Media Manager,Microsoft Office,Virtual Assistance,Email Communication,Administrative Support,Graphic Design,Data Entry,Adobe Photoshop,Adobe Premiere Pro,,,,,,,,,,,,,,,,,,,,,,,
"Flutter
Android App Development",Flutter,Android App Development,,,,,,,,,,,,,,,,,,,,,,,,,,,,,,
"Smartphone
Android
iOS",Smartphone,Android,iOS,,,,,,,,,,,,,,,,,,,,,,,,,,,,,
"German
Translation
English to German Translation
Mobile App Localization
App Store Optimization
App Store Description",German,Translation,English to German Translation,Mobile App Localization,App Store Optimization,App Store Description,,,,,,,,,,,,,,,,,,,,,,,,,,
"Facebook Advertising
Facebook
Instagram
Social Media Content",Facebook Advertising,Facebook,Instagram,Social Media Content,,,,,,,,,,,,,,,,,,,,,,,,,,,,
"Data Scraping
Data Mining
Market Research
List Building
Prospect List
Sales Lead Lists",Data Scraping,Data Mining,Market Research,List Building,Prospect List,Sales Lead Lists,,,,,,,,,,,,,,,,,,,,,,,,,,
"Agile Project Management
Implementation
Business with 100-999 Employees
Business Analysis
Software Development
Software Documentation
System Monitoring
Report Writing
Asana
Kanban Methodology",Agile Project Management,Implementation,Business with 100-999 Employees,Business Analysis,Software Development,Software Documentation,System Monitoring,Report Writing,Asana,Kanban Methodology,,,,,,,,,,,,,,,,,,,,,,
"Academic Writing
Writing
Researcher
Content Writing
Article Writing",Academic Writing,Writing,Researcher,Content Writing,Article Writing,,,,,,,,,,,,,,,,,,,,,,,,,,,
"Django
Flask
Git
Bitbucket
SQL
Python
RESTful API
GitHub",Django,Flask,Git,Bitbucket,SQL,Python,RESTful API,GitHub,,,,,,,,,,,,,,,,,,,,,,,,
"Apache Spark
Apache Hadoop
Apache Kafka
Data Engineering
Scala
PySpark",Apache Spark,Apache Hadoop,Apache Kafka,Data Engineering,Scala,PySpark,,,,,,,,,,,,,,,,,,,,,,,,,,
"Explainer Video
Writing
Scriptwriting
Script
Scripting",Explainer Video,Writing,Scriptwriting,Script,Scripting,,,,,,,,,,,,,,,,,,,,,,,,,,,
"Marketing Strategy
Internet Marketing
Digital Marketing
Market Analysis
Campaign Optimization
Google Ads
Social Media Marketing
Content Strategy
Digital Marketing Strategy
Ecommerce",Marketing Strategy,Internet Marketing,Digital Marketing,Market Analysis,Campaign Optimization,Google Ads,Social Media Marketing,Content Strategy,Digital Marketing Strategy,Ecommerce,,,,,,,,,,,,,,,,,,,,,,
"Videography
Video Production",Videography,Video Production,,,,,,,,,,,,,,,,,,,,,,,,,,,,,,
"Video Editing
Explainer Video
Video Commercial
Video Post-Editing
Motion Graphics
Graphic Design
Adobe Premiere Pro
Adobe After Effects
Video Production
Final Cut Pro X",Video Editing,Explainer Video,Video Commercial,Video Post-Editing,Motion Graphics,Graphic Design,Adobe Premiere Pro,Adobe After Effects,Video Production,Final Cut Pro X,,,,,,,,,,,,,,,,,,,,,,
"Logo Design
Infographic
Graphic Design",Logo Design,Infographic,Graphic Design,,,,,,,,,,,,,,,,,,,,,,,,,,,,,
"SEO Backlinking
Off-Page SEO
Moz
Search Engine Optimization",SEO Backlinking,Off-Page SEO,Moz,Search Engine Optimization,,,,,,,,,,,,,,,,,,,,,,,,,,,,
"Agile Project Management
Scrum
Project Management
Test Automation
Software Development
CI/CD
Project Scheduling",Agile Project Management,Scrum,Project Management,Test Automation,Software Development,CI/CD,Project Scheduling,,,,,,,,,,,,,,,,,,,,,,,,,
Conversion Rate Optimization,Conversion Rate Optimization,,,,,,,,,,,,,,,,,,,,,,,,,,,,,,,
"Smartphone
Android
Mobile App Development",Smartphone,Android,Mobile App Development,,,,,,,,,,,,,,,,,,,,,,,,,,,,,
"Advertising Automation
CRM Automation
Lead Management Automation
Email Automation
Mobile Marketing Automation
Social Media Marketing Automation
Omnichannel Automation
Lead Generation
Customer Relationship Management
Email Marketing",Advertising Automation,CRM Automation,Lead Management Automation,Email Automation,Mobile Marketing Automation,Social Media Marketing Automation,Omnichannel Automation,Lead Generation,Customer Relationship Management,Email Marketing,,,,,,,,,,,,,,,,,,,,,,
"Smartphone
Android
Mobile App Development",Smartphone,Android,Mobile App Development,,,,,,,,,,,,,,,,,,,,,,,,,,,,,
"Advertising Automation
CRM Automation
Lead Management Automation
Email Automation
Mobile Marketing Automation
Social Media Marketing Automation
Omnichannel Automation
Lead Generation
Customer Relationship Management
Email Marketing",Advertising Automation,CRM Automation,Lead Management Automation,Email Automation,Mobile Marketing Automation,Social Media Marketing Automation,Omnichannel Automation,Lead Generation,Customer Relationship Management,Email Marketing,,,,,,,,,,,,,,,,,,,,,,
Danish,Danish,,,,,,,,,,,,,,,,,,,,,,,,,,,,,,,
"PPC Campaign Setup & Management
Pay Per Click Advertising
Google Ads
Search Engine Marketing
SEO Keyword Research
Display Ad
Marketing Strategy",PPC Campaign Setup & Management,Pay Per Click Advertising,Google Ads,Search Engine Marketing,SEO Keyword Research,Display Ad,Marketing Strategy,,,,,,,,,,,,,,,,,,,,,,,,,
"MySQL
JavaScript
HTML
CSS 3",MySQL,JavaScript,HTML,CSS 3,,,,,,,,,,,,,,,,,,,,,,,,,,,,
"Drone Videography
Travel & Hospitality
Real Estate
Aerial Photography
People
Videography",Drone Videography,Travel & Hospitality,Real Estate,Aerial Photography,People,Videography,,,,,,,,,,,,,,,,,,,,,,,,,,
US English Dialect,US English Dialect,,,,,,,,,,,,,,,,,,,,,,,,,,,,,,,
Swedish,Swedish,,,,,,,,,,,,,,,,,,,,,,,,,,,,,,,
"Thumbnail
YouTube Thumbnail
Graphic Design
Adobe Photoshop",Thumbnail,YouTube Thumbnail,Graphic Design,Adobe Photoshop,,,,,,,,,,,,,,,,,,,,,,,,,,,,
"API
Git
PHP
CodeIgniter
MySQL
Web Development",API,Git,PHP,CodeIgniter,MySQL,Web Development,,,,,,,,,,,,,,,,,,,,,,,,,,
"Android
Mobile App Development
Android App Development
Smartphone
Tablet
iOS Development
iOS
Java
In-App Purchases",Android,Mobile App Development,Android App Development,Smartphone,Tablet,iOS Development,iOS,Java,In-App Purchases,,,,,,,,,,,,,,,,,,,,,,,
"API
Node.js",API,Node.js,,,,,,,,,,,,,,,,,,,,,,,,,,,,,,
"Android
Mobile App Development
Android App Development
Smartphone
Tablet
iOS Development
iOS
Java
In-App Purchases",Android,Mobile App Development,Android App Development,Smartphone,Tablet,iOS Development,iOS,Java,In-App Purchases,,,,,,,,,,,,,,,,,,,,,,,
"Creative Writing
Writing
Content Writing
Scriptwriting",Creative Writing,Writing,Content Writing,Scriptwriting,,,,,,,,,,,,,,,,,,,,,,,,,,,,
"Voice-Over
Male
Female
Voice Acting
British English Accent
American English Accent
US English Dialect",Voice-Over,Male,Female,Voice Acting,British English Accent,American English Accent,US English Dialect,,,,,,,,,,,,,,,,,,,,,,,,,
"Arabic
Arabic to English Translation
Translation",Arabic,Arabic to English Translation,Translation,,,,,,,,,,,,,,,,,,,,,,,,,,,,,
"Business Development
Sales
Supply Chain Management
Russian
English
Presentation Design
Presentations
Asana",Business Development,Sales,Supply Chain Management,Russian,English,Presentation Design,Presentations,Asana,,,,,,,,,,,,,,,,,,,,,,,,
"Landing Page
Shopify
Virtual Assistant
Social Media Marketing",Landing Page,Shopify,Virtual Assistant,Social Media Marketing,,,,,,,,,,,,,,,,,,,,,,,,,,,,
"Data Science
Data Science Consultation
Machine Learning Model
Deep Learning
Python
Natural Language Processing
Machine Learning
Hindi",Data Science,Data Science Consultation,Machine Learning Model,Deep Learning,Python,Natural Language Processing,Machine Learning,Hindi,,,,,,,,,,,,,,,,,,,,,,,,
"Amazon
Amazon Webstore
Amazon Seller Central
Amazon FBA
Amazon PPC",Amazon,Amazon Webstore,Amazon Seller Central,Amazon FBA,Amazon PPC,,,,,,,,,,,,,,,,,,,,,,,,,,,
"Data Science
Data Science Consultation
Machine Learning Model
Deep Learning
Python
Natural Language Processing
Machine Learning
Hindi",Data Science,Data Science Consultation,Machine Learning Model,Deep Learning,Python,Natural Language Processing,Machine Learning,Hindi,,,,,,,,,,,,,,,,,,,,,,,,
"Amazon
Amazon Webstore
Amazon Seller Central
Amazon FBA
Amazon PPC",Amazon,Amazon Webstore,Amazon Seller Central,Amazon FBA,Amazon PPC,,,,,,,,,,,,,,,,,,,,,,,,,,,
"Religious, Charitable & Nonprofit
Retail & Consumer Goods
English
Content Writing
Blog Content
Copywriting
Article Writing
Creative Writing","Religious, Charitable & Nonprofit",Retail & Consumer Goods,English,Content Writing,Blog Content,Copywriting,Article Writing,Creative Writing,,,,,,,,,,,,,,,,,,,,,,,,
"Powtoon
Supply Chain Management
Demand Planning
Video Editing
2D Animation
Explainer Video",Powtoon,Supply Chain Management,Demand Planning,Video Editing,2D Animation,Explainer Video,,,,,,,,,,,,,,,,,,,,,,,,,,
"Amazon FBA
Virtual Assistant
Sourcing
Market Research
Alibaba Sourcing
Rankings Research",Amazon FBA,Virtual Assistant,Sourcing,Market Research,Alibaba Sourcing,Rankings Research,,,,,,,,,,,,,,,,,,,,,,,,,,
"Academic Writing
Research Papers
Editing & Proofreading
Biostatistics",Academic Writing,Research Papers,Editing & Proofreading,Biostatistics,,,,,,,,,,,,,,,,,,,,,,,,,,,,
"WordPress
Web Design
Graphic Design
Web Development
Corporate Style
Website",WordPress,Web Design,Graphic Design,Web Development,Corporate Style,Website,,,,,,,,,,,,,,,,,,,,,,,,,,
"CodeIgniter
PHP
JavaScript
HTML
jQuery
Custom PHP",CodeIgniter,PHP,JavaScript,HTML,jQuery,Custom PHP,,,,,,,,,,,,,,,,,,,,,,,,,,
"Marketing Analytics
Data Analysis
Google Analytics",Marketing Analytics,Data Analysis,Google Analytics,,,,,,,,,,,,,,,,,,,,,,,,,,,,,
"Google Sheets
Google Apps Script
JavaScript",Google Sheets,Google Apps Script,JavaScript,,,,,,,,,,,,,,,,,,,,,,,,,,,,,
"Model Optimization
Machine Learning Model
Classification
Machine Learning
Data Science
MATLAB",Model Optimization,Machine Learning Model,Classification,Machine Learning,Data Science,MATLAB,,,,,,,,,,,,,,,,,,,,,,,,,,
"Developmental Editing
Academic Editing
Editor
Medicine",Developmental Editing,Academic Editing,Editor,Medicine,,,,,,,,,,,,,,,,,,,,,,,,,,,,
"Facebook
Google Ads
Instagram
Google Analytics
Social Media Content Creation",Facebook,Google Ads,Instagram,Google Analytics,Social Media Content Creation,,,,,,,,,,,,,,,,,,,,,,,,,,,
"Laravel
Bootstrap
CodeIgniter
PHP",Laravel,Bootstrap,CodeIgniter,PHP,,,,,,,,,,,,,,,,,,,,,,,,,,,,
"Python
Data Extraction
Microsoft Excel
Desktop Application",Python,Data Extraction,Microsoft Excel,Desktop Application,,,,,,,,,,,,,,,,,,,,,,,,,,,,
"WordPress Plugin
WordPress Theme
Elementor
PHP
MySQL
Web Design
WordPress",WordPress Plugin,WordPress Theme,Elementor,PHP,MySQL,Web Design,WordPress,,,,,,,,,,,,,,,,,,,,,,,,,
"React
JavaScript
CSS
HTML
Web Application",React,JavaScript,CSS,HTML,Web Application,,,,,,,,,,,,,,,,,,,,,,,,,,,
"Android App Development
Java
App Store
App Store Upload
App Store Optimization
Google Play
iOS
Android
Mobile App Development",Android App Development,Java,App Store,App Store Upload,App Store Optimization,Google Play,iOS,Android,Mobile App Development,,,,,,,,,,,,,,,,,,,,,,,
"Content Marketing Strategy
Content Writing
Blog Content
Article Writing
Blog Writing
Article
Creative Writing",Content Marketing Strategy,Content Writing,Blog Content,Article Writing,Blog Writing,Article,Creative Writing,,,,,,,,,,,,,,,,,,,,,,,,,
"WordPress
PHP
Web Development
JavaScript
Web Design
HTML
CSS
WordPress Plugin",WordPress,PHP,Web Development,JavaScript,Web Design,HTML,CSS,WordPress Plugin,,,,,,,,,,,,,,,,,,,,,,,,
"Content Marketing Strategy
Content Writing
Blog Content
Article Writing
Blog Writing
Article
Creative Writing",Content Marketing Strategy,Content Writing,Blog Content,Article Writing,Blog Writing,Article,Creative Writing,,,,,,,,,,,,,,,,,,,,,,,,,
"WordPress
PHP
Web Development
JavaScript
Web Design
HTML
CSS
WordPress Plugin",WordPress,PHP,Web Development,JavaScript,Web Design,HTML,CSS,WordPress Plugin,,,,,,,,,,,,,,,,,,,,,,,,
"Translation
English
Indonesian
English to Indonesian Translation
Bhasa",Translation,English,Indonesian,English to Indonesian Translation,Bhasa,,,,,,,,,,,,,,,,,,,,,,,,,,,
"Fabric Color Matching
Color Palette",Fabric Color Matching,Color Palette,,,,,,,,,,,,,,,,,,,,,,,,,,,,,,
"Product Management
Product Design
Product Roadmap
Agile Project Management
Implementation Plan",Product Management,Product Design,Product Roadmap,Agile Project Management,Implementation Plan,,,,,,,,,,,,,,,,,,,,,,,,,,,
"Python
Web Crawling
Data Extraction
Data Scraping
Scrapy
Python Script
API
Automation",Python,Web Crawling,Data Extraction,Data Scraping,Scrapy,Python Script,API,Automation,,,,,,,,,,,,,,,,,,,,,,,,
"Google Chrome Extension
JavaScript
Web Application",Google Chrome Extension,JavaScript,Web Application,,,,,,,,,,,,,,,,,,,,,,,,,,,,,
"API
API Integration",API,API Integration,,,,,,,,,,,,,,,,,,,,,,,,,,,,,,
"Event Photography
Photography
Business
People
Photo Editing",Event Photography,Photography,Business,People,Photo Editing,,,,,,,,,,,,,,,,,,,,,,,,,,,
"Twitter Marketing
Social Media Management
Social Media Marketing
Marketing Strategy
Twitter
Creative Writing
Internet Marketing",Twitter Marketing,Social Media Management,Social Media Marketing,Marketing Strategy,Twitter,Creative Writing,Internet Marketing,,,,,,,,,,,,,,,,,,,,,,,,,
"Structural Calculation Sheet
Finite Element Analysis
ANSYS",Structural Calculation Sheet,Finite Element Analysis,ANSYS,,,,,,,,,,,,,,,,,,,,,,,,,,,,,
"Android
Mobile App Development
Android App Development
Java",Android,Mobile App Development,Android App Development,Java,,,,,,,,,,,,,,,,,,,,,,,,,,,,
"French
German
German to French Translation
Translation
French to German Translation
English",French,German,German to French Translation,Translation,French to German Translation,English,,,,,,,,,,,,,,,,,,,,,,,,,,
"Travel Planning
Hospitality & Tourism
Travel Itinerary",Travel Planning,Hospitality & Tourism,Travel Itinerary,,,,,,,,,,,,,,,,,,,,,,,,,,,,,
"Chinese
End User Technical Support
Incident Management
Customer Support
Online Chat Support
Communication Etiquette",Chinese,End User Technical Support,Incident Management,Customer Support,Online Chat Support,Communication Etiquette,,,,,,,,,,,,,,,,,,,,,,,,,,
"Male
Female
German
YouTube",Male,Female,German,YouTube,,,,,,,,,,,,,,,,,,,,,,,,,,,,
"Docker
Docker Compose
DevOps",Docker,Docker Compose,DevOps,,,,,,,,,,,,,,,,,,,,,,,,,,,,,
"On-Page SEO
Off-Page SEO
Content SEO
HR & Business Services
Search Engine Optimization
SEO Backlinking",On-Page SEO,Off-Page SEO,Content SEO,HR & Business Services,Search Engine Optimization,SEO Backlinking,,,,,,,,,,,,,,,,,,,,,,,,,,
"Unboxing Video
MP4
Video Production
Video Editing",Unboxing Video,MP4,Video Production,Video Editing,,,,,,,,,,,,,,,,,,,,,,,,,,,,
"Video Editing
Video Post-Editing
Adobe Premiere Pro
Video Production
Final Cut Pro X
Adobe After Effects
Video Intro & Outro
Explainer Video",Video Editing,Video Post-Editing,Adobe Premiere Pro,Video Production,Final Cut Pro X,Adobe After Effects,Video Intro & Outro,Explainer Video,,,,,,,,,,,,,,,,,,,,,,,,
"Video Editing
Video Post-Editing
Adobe Premiere Pro
Video Production
Final Cut Pro X
Adobe After Effects
Video Intro & Outro
Explainer Video",Video Editing,Video Post-Editing,Adobe Premiere Pro,Video Production,Final Cut Pro X,Adobe After Effects,Video Intro & Outro,Explainer Video,,,,,,,,,,,,,,,,,,,,,,,,
"Android
JavaScript
Android App Development
Mobile App Development
iOS
Web Development
Data Entry
WordPress
Smartphone
Kotlin",Android,JavaScript,Android App Development,Mobile App Development,iOS,Web Development,Data Entry,WordPress,Smartphone,Kotlin,,,,,,,,,,,,,,,,,,,,,,
"LearnDash
CSS
Website Customization
JavaScript",LearnDash,CSS,Website Customization,JavaScript,,,,,,,,,,,,,,,,,,,,,,,,,,,,
"Animated Explainer
Adobe Animate
2D Animation
Motion Graphics
Explainer Video
Animation
Adobe After Effects
Video Editing",Animated Explainer,Adobe Animate,2D Animation,Motion Graphics,Explainer Video,Animation,Adobe After Effects,Video Editing,,,,,,,,,,,,,,,,,,,,,,,,
"RF Design
Antenna Design
Embedded System
Electrical Engineering
Electronics
MATLAB
Antenna Testing",RF Design,Antenna Design,Embedded System,Electrical Engineering,Electronics,MATLAB,Antenna Testing,,,,,,,,,,,,,,,,,,,,,,,,,
"Article Writing
Content Writing
Blog Writing
Blog Content
Economics
Chartered Financial Analyst",Article Writing,Content Writing,Blog Writing,Blog Content,Economics,Chartered Financial Analyst,,,,,,,,,,,,,,,,,,,,,,,,,,
"German
French
Translation
German to French Translation",German,French,Translation,German to French Translation,,,,,,,,,,,,,,,,,,,,,,,,,,,,
"iOS
iOS Development
Swift",iOS,iOS Development,Swift,,,,,,,,,,,,,,,,,,,,,,,,,,,,,
"Proofreading
Editor
Publishing
Error Detection
Citation Style
Formatting",Proofreading,Editor,Publishing,Error Detection,Citation Style,Formatting,,,,,,,,,,,,,,,,,,,,,,,,,,
"Conversion Rate Optimization
Facebook
Google Ads
Pay Per Click Advertising
Social Media Marketing
Retargeting
Internet Marketing
Facebook Advertising
Campaign Management
Google Analytics",Conversion Rate Optimization,Facebook,Google Ads,Pay Per Click Advertising,Social Media Marketing,Retargeting,Internet Marketing,Facebook Advertising,Campaign Management,Google Analytics,,,,,,,,,,,,,,,,,,,,,,
"SAP Materials Management
SAP Logistics Execution
SAP Warehouse Management",SAP Materials Management,SAP Logistics Execution,SAP Warehouse Management,,,,,,,,,,,,,,,,,,,,,,,,,,,,,
"Transportation
Lead Generation
Facebook Advertising
Social Media Advertising
Social Media Marketing
Campaign Management",Transportation,Lead Generation,Facebook Advertising,Social Media Advertising,Social Media Marketing,Campaign Management,,,,,,,,,,,,,,,,,,,,,,,,,,
"Communications
Virtual Assistance
Administrative Support",Communications,Virtual Assistance,Administrative Support,,,,,,,,,,,,,,,,,,,,,,,,,,,,,
"Ruby on Rails
Next.js
MySQL
JavaScript
React
Node.js",Ruby on Rails,Next.js,MySQL,JavaScript,React,Node.js,,,,,,,,,,,,,,,,,,,,,,,,,,
Ionic Framework,Ionic Framework,,,,,,,,,,,,,,,,,,,,,,,,,,,,,,,
"Creative Writing
SEO Writing
Research Post Ideas
Content Writing
Copywriting
Content Marketing Strategy
Search Engine Optimization
Researcher
Blog Content
English
Food & Beverage
Article
Travel & Hospitality",Creative Writing,SEO Writing,Research Post Ideas,Content Writing,Copywriting,Content Marketing Strategy,Search Engine Optimization,Researcher,Blog Content,English,Food & Beverage,Article,Travel & Hospitality,,,,,,,,,,,,,,,,,,,
"English to Norwegian Translation
Norwegian
Translation
English",English to Norwegian Translation,Norwegian,Translation,English,,,,,,,,,,,,,,,,,,,,,,,,,,,,
"WooCommerce
WordPress
Web Development
Ecommerce Platform Development",WooCommerce,WordPress,Web Development,Ecommerce Platform Development,,,,,,,,,,,,,,,,,,,,,,,,,,,,
"Content Writing
SEO Backlinking
Organic Traffic Growth",Content Writing,SEO Backlinking,Organic Traffic Growth,,,,,,,,,,,,,,,,,,,,,,,,,,,,,
"Tech & IT
Zoho CRM
Market Research
Lead Generation
B2B Marketing
Cold Calling
List Building",Tech & IT,Zoho CRM,Market Research,Lead Generation,B2B Marketing,Cold Calling,List Building,,,,,,,,,,,,,,,,,,,,,,,,,
"Travel & Hospitality
Graphic Design",Travel & Hospitality,Graphic Design,,,,,,,,,,,,,,,,,,,,,,,,,,,,,,
"SEO Backlinking
Search Engine Optimization
SEO Keyword Research
Organic Traffic Growth
Off-Page SEO
Blog Writing
Content Writing
SEO Writing",SEO Backlinking,Search Engine Optimization,SEO Keyword Research,Organic Traffic Growth,Off-Page SEO,Blog Writing,Content Writing,SEO Writing,,,,,,,,,,,,,,,,,,,,,,,,
"Voice Acting
Voice-Over",Voice Acting,Voice-Over,,,,,,,,,,,,,,,,,,,,,,,,,,,,,,
"Data Entry
Microsoft Excel
Virtual Assistant
Researcher
Data Mining
Data Scraping
Administrative Support
Lead Generation
Communications",Data Entry,Microsoft Excel,Virtual Assistant,Researcher,Data Mining,Data Scraping,Administrative Support,Lead Generation,Communications,,,,,,,,,,,,,,,,,,,,,,,
"Adobe After Effects
Animation
Video Production
Video Commercial",Adobe After Effects,Animation,Video Production,Video Commercial,,,,,,,,,,,,,,,,,,,,,,,,,,,,
"Mathematics
Mathematics Tutoring",Mathematics,Mathematics Tutoring,,,,,,,,,,,,,,,,,,,,,,,,,,,,,,
"Audience Research
Facebook Advertising
Campaign Setup
Instagram
Facebook
Social Media Management
Social Media Marketing
Social Media Advertising
Social Media Content Creation
Social Media Content",Audience Research,Facebook Advertising,Campaign Setup,Instagram,Facebook,Social Media Management,Social Media Marketing,Social Media Advertising,Social Media Content Creation,Social Media Content,,,,,,,,,,,,,,,,,,,,,,
"Fashion & Beauty
App Store Optimization
Organic Traffic Growth",Fashion & Beauty,App Store Optimization,Organic Traffic Growth,,,,,,,,,,,,,,,,,,,,,,,,,,,,,
"Electrical Engineering
Electrical Design
Electrical Layout Design
Power Distribution
Wiring Design
Aerospace Engineering
Electronic Design
Electronics
Electrical Drawing
Technical Writing",Electrical Engineering,Electrical Design,Electrical Layout Design,Power Distribution,Wiring Design,Aerospace Engineering,Electronic Design,Electronics,Electrical Drawing,Technical Writing,,,,,,,,,,,,,,,,,,,,,,
"Android App Development
TV
Mobile App Development
Android",Android App Development,TV,Mobile App Development,Android,,,,,,,,,,,,,,,,,,,,,,,,,,,,
"Fashion & Beauty
App Store Optimization
Organic Traffic Growth",Fashion & Beauty,App Store Optimization,Organic Traffic Growth,,,,,,,,,,,,,,,,,,,,,,,,,,,,,
"Electrical Engineering
Electrical Design
Electrical Layout Design
Power Distribution
Wiring Design
Aerospace Engineering
Electronic Design
Electronics
Electrical Drawing
Technical Writing",Electrical Engineering,Electrical Design,Electrical Layout Design,Power Distribution,Wiring Design,Aerospace Engineering,Electronic Design,Electronics,Electrical Drawing,Technical Writing,,,,,,,,,,,,,,,,,,,,,,
"Android App Development
TV
Mobile App Development
Android",Android App Development,TV,Mobile App Development,Android,,,,,,,,,,,,,,,,,,,,,,,,,,,,
"Vector Art
Adobe Photoshop
YouTube
Social Media Imagery
Illustration",Vector Art,Adobe Photoshop,YouTube,Social Media Imagery,Illustration,,,,,,,,,,,,,,,,,,,,,,,,,,,
"HTML5
jQuery
JavaScript
CSS
DevOps
WebAPITesting",HTML5,jQuery,JavaScript,CSS,DevOps,WebAPITesting,,,,,,,,,,,,,,,,,,,,,,,,,,
"Jewelry
3D Design
3D Printing
3D Modeling",Jewelry,3D Design,3D Printing,3D Modeling,,,,,,,,,,,,,,,,,,,,,,,,,,,,
"Mobile App Testing
Functional Testing
Test Case Design
Bug Reports
Product Stability",Mobile App Testing,Functional Testing,Test Case Design,Bug Reports,Product Stability,,,,,,,,,,,,,,,,,,,,,,,,,,,
"Android
Mobile App Development
Kotlin
Review or Feedback Collection
Social Media Account Integration
User Profile Creation
In-App Purchases
Android App Development
Java
Tablet
iOS Development
Native App Development
In-App Advertising
In-App Search
JavaScript
Smartphone",Android,Mobile App Development,Kotlin,Review or Feedback Collection,Social Media Account Integration,User Profile Creation,In-App Purchases,Android App Development,Java,Tablet,iOS Development,Native App Development,In-App Advertising,In-App Search,JavaScript,Smartphone,,,,,,,,,,,,,,,,
"Driver Development
PCB Design
Altium Designer
Embedded C
Embedded Linux
OrCAD
C",Driver Development,PCB Design,Altium Designer,Embedded C,Embedded Linux,OrCAD,C,,,,,,,,,,,,,,,,,,,,,,,,,
"Social Media Content Creation
Instagram
Social Media Management
Social Media Marketing
Marketing Strategy
Internet Marketing",Social Media Content Creation,Instagram,Social Media Management,Social Media Marketing,Marketing Strategy,Internet Marketing,,,,,,,,,,,,,,,,,,,,,,,,,,
"Flexbox
jQuery
webpack
CSS
HTML
Canvas
DevOps
API
React",Flexbox,jQuery,webpack,CSS,HTML,Canvas,DevOps,API,React,,,,,,,,,,,,,,,,,,,,,,,
"Short Story Writing
Children's Literature
Voice-Over
Meditation
Voice Acting",Short Story Writing,Children's Literature,Voice-Over,Meditation,Voice Acting,,,,,,,,,,,,,,,,,,,,,,,,,,,
"Fact-Checking
Researcher
Technical Report
Health & Wellness
Arabic
English to Arabic Translation
Content Writing
Grammar
Proofreading",Fact-Checking,Researcher,Technical Report,Health & Wellness,Arabic,English to Arabic Translation,Content Writing,Grammar,Proofreading,,,,,,,,,,,,,,,,,,,,,,,
"Tutoring
English
Language Tutor",Tutoring,English,Language Tutor,,,,,,,,,,,,,,,,,,,,,,,,,,,,,
"Content Localization
Fluent
Native
Financial Translation
Website Translation
Translation
Proofreading",Content Localization,Fluent,Native,Financial Translation,Website Translation,Translation,Proofreading,,,,,,,,,,,,,,,,,,,,,,,,,
"WebRTC
Linux",WebRTC,Linux,,,,,,,,,,,,,,,,,,,,,,,,,,,,,,
"Off-Page SEO
SEO Backlinking
Search Engine Optimization",Off-Page SEO,SEO Backlinking,Search Engine Optimization,,,,,,,,,,,,,,,,,,,,,,,,,,,,,
"WebRTC
Kotlin
Android
Java
Mobile App Development",WebRTC,Kotlin,Android,Java,Mobile App Development,,,,,,,,,,,,,,,,,,,,,,,,,,,
"Smart Contract
Solidity
ERC-721
Ethereum",Smart Contract,Solidity,ERC-721,Ethereum,,,,,,,,,,,,,,,,,,,,,,,,,,,,
"Landing Page
Mobile App Design
Gravity Forms
Slider Revolution
Business with 1-9 Employees
WordPress
Web Development",Landing Page,Mobile App Design,Gravity Forms,Slider Revolution,Business with 1-9 Employees,WordPress,Web Development,,,,,,,,,,,,,,,,,,,,,,,,,
"Smart Contract
NFT
Blockchain",Smart Contract,NFT,Blockchain,,,,,,,,,,,,,,,,,,,,,,,,,,,,,
"Docker
Docker Compose
Security Testing
Automated Testing",Docker,Docker Compose,Security Testing,Automated Testing,,,,,,,,,,,,,,,,,,,,,,,,,,,,
"Citrix Virtual Apps & Desktops
Citrix
Citrix ADC",Citrix Virtual Apps & Desktops,Citrix,Citrix ADC,,,,,,,,,,,,,,,,,,,,,,,,,,,,,
"Content Localization
Native
Dutch
Recruiting
English
Audio Recording
Data Entry",Content Localization,Native,Dutch,Recruiting,English,Audio Recording,Data Entry,,,,,,,,,,,,,,,,,,,,,,,,,
"Campaign Management
Pay Per Click Advertising
Campaign Optimization
Facebook
Google Ads
Internet Marketing
Retargeting
PPC Campaign Setup & Management",Campaign Management,Pay Per Click Advertising,Campaign Optimization,Facebook,Google Ads,Internet Marketing,Retargeting,PPC Campaign Setup & Management,,,,,,,,,,,,,,,,,,,,,,,,
"M4V
AVI
MOV
MPG
Testimonial Video
Video Intro & Outro
Videography
Lighting
Video Editing
Video Post-Editing",M4V,AVI,MOV,MPG,Testimonial Video,Video Intro & Outro,Videography,Lighting,Video Editing,Video Post-Editing,,,,,,,,,,,,,,,,,,,,,,
"Spring Boot
Microservice
SQL
Docker
Java",Spring Boot,Microservice,SQL,Docker,Java,,,,,,,,,,,,,,,,,,,,,,,,,,,
"Graphic Design
Illustration
Character Design
Concept Artistry
Adobe Illustrator
Anime
Digital Illustration
Drawing
Adobe After Effects",Graphic Design,Illustration,Character Design,Concept Artistry,Adobe Illustrator,Anime,Digital Illustration,Drawing,Adobe After Effects,,,,,,,,,,,,,,,,,,,,,,,
"Android
Android App Development
Mobile App Development",Android,Android App Development,Mobile App Development,,,,,,,,,,,,,,,,,,,,,,,,,,,,,
"JavaScript
Google AdSense
Google Ads",JavaScript,Google AdSense,Google Ads,,,,,,,,,,,,,,,,,,,,,,,,,,,,,
"Quantitative Analysis
Statistics
Data Analysis
Mathematics
Statistical Analysis",Quantitative Analysis,Statistics,Data Analysis,Mathematics,Statistical Analysis,,,,,,,,,,,,,,,,,,,,,,,,,,,
"WebRTC
Linux System Administration
Linux",WebRTC,Linux System Administration,Linux,,,,,,,,,,,,,,,,,,,,,,,,,,,,,
"Story Development
Romance
Novel
Ghostwriting
Writing
Creative Writing
Fiction Writing
Ebook Writing
English",Story Development,Romance,Novel,Ghostwriting,Writing,Creative Writing,Fiction Writing,Ebook Writing,English,,,,,,,,,,,,,,,,,,,,,,,
"Virtual Assistant
Communications
Customer Service
Researcher
Photography",Virtual Assistant,Communications,Customer Service,Researcher,Photography,,,,,,,,,,,,,,,,,,,,,,,,,,,
"Requirement Analysis
Business Analysis",Requirement Analysis,Business Analysis,,,,,,,,,,,,,,,,,,,,,,,,,,,,,,
"Business Analysis
Requirement Analysis
Business Process Modeling",Business Analysis,Requirement Analysis,Business Process Modeling,,,,,,,,,,,,,,,,,,,,,,,,,,,,,
"Music Production
Logic Pro
Music Composition
Music
Singing",Music Production,Logic Pro,Music Composition,Music,Singing,,,,,,,,,,,,,,,,,,,,,,,,,,,
Facebook Advertising,Facebook Advertising,,,,,,,,,,,,,,,,,,,,,,,,,,,,,,,
"Blog Content
English
Content Writing
Search Engine Optimization
SEO Writing",Blog Content,English,Content Writing,Search Engine Optimization,SEO Writing,,,,,,,,,,,,,,,,,,,,,,,,,,,
"Web Application
Database Development
Responsive Design
Business with 10-99 Employees
Inventory Management
Mobile App
Desktop Application
Data Entry
Order Management",Web Application,Database Development,Responsive Design,Business with 10-99 Employees,Inventory Management,Mobile App,Desktop Application,Data Entry,Order Management,,,,,,,,,,,,,,,,,,,,,,,
"Email Marketing
Email Campaign Setup",Email Marketing,Email Campaign Setup,,,,,,,,,,,,,,,,,,,,,,,,,,,,,,
"Content Writing
Copywriting
Investor Overview
Finance & Accounting
Investment Research
Editing & Proofreading",Content Writing,Copywriting,Investor Overview,Finance & Accounting,Investment Research,Editing & Proofreading,,,,,,,,,,,,,,,,,,,,,,,,,,
"Thai
Thai to English Translation
Male",Thai,Thai to English Translation,Male,,,,,,,,,,,,,,,,,,,,,,,,,,,,,
"German
English to German Translation
Translation
English",German,English to German Translation,Translation,English,,,,,,,,,,,,,,,,,,,,,,,,,,,,
"Norwegian
Voice Acting",Norwegian,Voice Acting,,,,,,,,,,,,,,,,,,,,,,,,,,,,,,
"Video Production
Videography",Video Production,Videography,,,,,,,,,,,,,,,,,,,,,,,,,,,,,,
"Blog Writing
Search Engine Optimization
Creative Writing",Blog Writing,Search Engine Optimization,Creative Writing,,,,,,,,,,,,,,,,,,,,,,,,,,,,,
"Web Testing
End-to-End Testing
Performance Testing
Mobile App Testing
Functional Testing
Manual Testing",Web Testing,End-to-End Testing,Performance Testing,Mobile App Testing,Functional Testing,Manual Testing,,,,,,,,,,,,,,,,,,,,,,,,,,
"Videography
Camera",Videography,Camera,,,,,,,,,,,,,,,,,,,,,,,,,,,,,,
,,,,,,,,,,,,,,,,,,,,,,,,,,,,,,,,
"Videography
Camera",Videography,Camera,,,,,,,,,,,,,,,,,,,,,,,,,,,,,,
"Mobile App Testing
Manual Testing
Software QA
Appian BPM Suite",Mobile App Testing,Manual Testing,Software QA,Appian BPM Suite,,,,,,,,,,,,,,,,,,,,,,,,,,,,
"Adobe InDesign
Magazine Layout
Layout Design
Magazine
Publication Design
Print Design
Graphic Design",Adobe InDesign,Magazine Layout,Layout Design,Magazine,Publication Design,Print Design,Graphic Design,,,,,,,,,,,,,,,,,,,,,,,,,
"Videography
Camera",Videography,Camera,,,,,,,,,,,,,,,,,,,,,,,,,,,,,,
"WordPress
Web Design
Web Development",WordPress,Web Design,Web Development,,,,,,,,,,,,,,,,,,,,,,,,,,,,,
"Business with 1-9 Employees
PHP
Web Development
JavaScript
HTML
CSS
CodeIgniter
Web Design",Business with 1-9 Employees,PHP,Web Development,JavaScript,HTML,CSS,CodeIgniter,Web Design,,,,,,,,,,,,,,,,,,,,,,,,
"Videography
Photography
Lighting",Videography,Photography,Lighting,,,,,,,,,,,,,,,,,,,,,,,,,,,,,
"Bug Fix
Shopify
Shopify Apps
Page Speed Optimization
Ecommerce Platform Development
Ecommerce Website
Shopify Theme
HTML
CSS",Bug Fix,Shopify,Shopify Apps,Page Speed Optimization,Ecommerce Platform Development,Ecommerce Website,Shopify Theme,HTML,CSS,,,,,,,,,,,,,,,,,,,,,,,
"YouTube Marketing
Social Media Marketing
YouTube
Social Media Management
Marketing Strategy
YouTube Development",YouTube Marketing,Social Media Marketing,YouTube,Social Media Management,Marketing Strategy,YouTube Development,,,,,,,,,,,,,,,,,,,,,,,,,,
,,,,,,,,,,,,,,,,,,,,,,,,,,,,,,,,
"Blender
3D Modeling
3D Rigging
Character Animation",Blender,3D Modeling,3D Rigging,Character Animation,,,,,,,,,,,,,,,,,,,,,,,,,,,,
"Form Completion
Phone Communication
Virtual Assistant
Email Communication
Local Operations
Photography",Form Completion,Phone Communication,Virtual Assistant,Email Communication,Local Operations,Photography,,,,,,,,,,,,,,,,,,,,,,,,,,
"Augmented Reality
3D Modeling",Augmented Reality,3D Modeling,,,,,,,,,,,,,,,,,,,,,,,,,,,,,,
"Sales & Marketing
Writing",Sales & Marketing,Writing,,,,,,,,,,,,,,,,,,,,,,,,,,,,,,
"Unboxing Video
MP4
Demo Video
Video Shoot",Unboxing Video,MP4,Demo Video,Video Shoot,,,,,,,,,,,,,,,,,,,,,,,,,,,,
"Proofreading
German
Translation
English to German Translation
English",Proofreading,German,Translation,English to German Translation,English,,,,,,,,,,,,,,,,,,,,,,,,,,,
"Template Markup
HTML
Bootstrap
CSS",Template Markup,HTML,Bootstrap,CSS,,,,,,,,,,,,,,,,,,,,,,,,,,,,
"Mystery Shopping
Market Research
Customer Service
Researcher",Mystery Shopping,Market Research,Customer Service,Researcher,,,,,,,,,,,,,,,,,,,,,,,,,,,,
"Game
Unity
Android
iOS
Admin Panel Setup",Game,Unity,Android,iOS,Admin Panel Setup,,,,,,,,,,,,,,,,,,,,,,,,,,,
"Urban Planning
Architecture Consultation
Concept Design
Master Planning
Retail & Consumer Goods
Architectural Design
Interior Design
Commercial Design",Urban Planning,Architecture Consultation,Concept Design,Master Planning,Retail & Consumer Goods,Architectural Design,Interior Design,Commercial Design,,,,,,,,,,,,,,,,,,,,,,,,
"Urban Planning
Architecture Consultation
Concept Design
Master Planning
Retail & Consumer Goods
Architectural Design
Interior Design
Commercial Design",Urban Planning,Architecture Consultation,Concept Design,Master Planning,Retail & Consumer Goods,Architectural Design,Interior Design,Commercial Design,,,,,,,,,,,,,,,,,,,,,,,,
"Virtual Assistant
Social Media Marketing
WordPress
Content Management System
Social Media Management",Virtual Assistant,Social Media Marketing,WordPress,Content Management System,Social Media Management,,,,,,,,,,,,,,,,,,,,,,,,,,,
"iOS
Swift
iOS Development
Objective-C
Smartphone
Apple Xcode
Mobile App Development",iOS,Swift,iOS Development,Objective-C,Smartphone,Apple Xcode,Mobile App Development,,,,,,,,,,,,,,,,,,,,,,,,,
"Content Localization
Native
Business Translation
English
Translation
Copywriting
Proofreading
Dutch
English to Dutch Translation",Content Localization,Native,Business Translation,English,Translation,Copywriting,Proofreading,Dutch,English to Dutch Translation,,,,,,,,,,,,,,,,,,,,,,,
"2D Design
Autodesk AutoCAD
Architectural Design
CAD
Landscape Design",2D Design,Autodesk AutoCAD,Architectural Design,CAD,Landscape Design,,,,,,,,,,,,,,,,,,,,,,,,,,,
"Network Engineering
Network Equipment
Network Security
Computer Network
Network Analysis
Computing & Networking
Cisco Certified Network Associate",Network Engineering,Network Equipment,Network Security,Computer Network,Network Analysis,Computing & Networking,Cisco Certified Network Associate,,,,,,,,,,,,,,,,,,,,,,,,,
"Android
Mobile App Development
Android App Development",Android,Mobile App Development,Android App Development,,,,,,,,,,,,,,,,,,,,,,,,,,,,,
"Content Localization
Native
Business Translation
English
Translation
Copywriting
Proofreading
Polish
English to Polish Translation",Content Localization,Native,Business Translation,English,Translation,Copywriting,Proofreading,Polish,English to Polish Translation,,,,,,,,,,,,,,,,,,,,,,,
"HTML
CSS
Web Design
HTML5
JavaScript
Web Development
PHP
CSS 3",HTML,CSS,Web Design,HTML5,JavaScript,Web Development,PHP,CSS 3,,,,,,,,,,,,,,,,,,,,,,,,
"Node.js
JavaScript
web3.js",Node.js,JavaScript,web3.js,,,,,,,,,,,,,,,,,,,,,,,,,,,,,
"Content Localization
Native
Business Translation
English
Translation
Copywriting
Proofreading
Polish
English to Polish Translation",Content Localization,Native,Business Translation,English,Translation,Copywriting,Proofreading,Polish,English to Polish Translation,,,,,,,,,,,,,,,,,,,,,,,
"HTML
CSS
Web Design
HTML5
JavaScript
Web Development
PHP
CSS 3",HTML,CSS,Web Design,HTML5,JavaScript,Web Development,PHP,CSS 3,,,,,,,,,,,,,,,,,,,,,,,,
"Node.js
JavaScript
web3.js",Node.js,JavaScript,web3.js,,,,,,,,,,,,,,,,,,,,,,,,,,,,,
"Content Writing
Business Writing
Business Services",Content Writing,Business Writing,Business Services,,,,,,,,,,,,,,,,,,,,,,,,,,,,,
"Content Localization
Native
Business Translation
Swedish
English
English to Swedish Translation
Translation
Copywriting
Proofreading",Content Localization,Native,Business Translation,Swedish,English,English to Swedish Translation,Translation,Copywriting,Proofreading,,,,,,,,,,,,,,,,,,,,,,,
"Article
Blog Content
Article Writing
Content Writing
Creative Writing
Writing
Business Services
Editor
US English Dialect
Editing & Proofreading",Article,Blog Content,Article Writing,Content Writing,Creative Writing,Writing,Business Services,Editor,US English Dialect,Editing & Proofreading,,,,,,,,,,,,,,,,,,,,,,
"Translation
Cebuano",Translation,Cebuano,,,,,,,,,,,,,,,,,,,,,,,,,,,,,,
"React
Node.js
jQuery",React,Node.js,jQuery,,,,,,,,,,,,,,,,,,,,,,,,,,,,,
"Social Media Content Creation
Tech & IT
Health & Wellness
Internet Marketing
Brand Marketing
Graphic Design
Content Development
Copywriting",Social Media Content Creation,Tech & IT,Health & Wellness,Internet Marketing,Brand Marketing,Graphic Design,Content Development,Copywriting,,,,,,,,,,,,,,,,,,,,,,,,
,,,,,,,,,,,,,,,,,,,,,,,,,,,,,,,,
"Social Media Content Creation
Tech & IT
Health & Wellness
Internet Marketing
Brand Marketing
Graphic Design
Content Development
Copywriting",Social Media Content Creation,Tech & IT,Health & Wellness,Internet Marketing,Brand Marketing,Graphic Design,Content Development,Copywriting,,,,,,,,,,,,,,,,,,,,,,,,
"Display Ad Campaign
Facebook Ads Manager
A/B Testing
Facebook Advertising
Instagram Ad Campaign
Marketing
Retargeting",Display Ad Campaign,Facebook Ads Manager,A/B Testing,Facebook Advertising,Instagram Ad Campaign,Marketing,Retargeting,,,,,,,,,,,,,,,,,,,,,,,,,
"Japanese
English to Japanese Translation",Japanese,English to Japanese Translation,,,,,,,,,,,,,,,,,,,,,,,,,,,,,,
"Golang
Docker",Golang,Docker,,,,,,,,,,,,,,,,,,,,,,,,,,,,,,
Visual Basic .NET,Visual Basic .NET,,,,,,,,,,,,,,,,,,,,,,,,,,,,,,,
"Graphic Design
Adobe Photoshop
Video Advertising
TikTok
TikTok Marketing
Creative Direction
Creative Strategy
Advertisement
Adobe Illustrator",Graphic Design,Adobe Photoshop,Video Advertising,TikTok,TikTok Marketing,Creative Direction,Creative Strategy,Advertisement,Adobe Illustrator,,,,,,,,,,,,,,,,,,,,,,,
"Customer Service Training
Food & Beverage
English
Hindi
Business with 1-9 Employees
Administrative Support
Customer Service
Email Communication
Customer Support
Communications",Customer Service Training,Food & Beverage,English,Hindi,Business with 1-9 Employees,Administrative Support,Customer Service,Email Communication,Customer Support,Communications,,,,,,,,,,,,,,,,,,,,,,
"HR & Business Services
Lead Generation
Prospect List
Data Scraping",HR & Business Services,Lead Generation,Prospect List,Data Scraping,,,,,,,,,,,,,,,,,,,,,,,,,,,,
Magento 2,Magento 2,,,,,,,,,,,,,,,,,,,,,,,,,,,,,,,
"Android
iOS
Game Development
In-App Purchases
Mobile Game",Android,iOS,Game Development,In-App Purchases,Mobile Game,,,,,,,,,,,,,,,,,,,,,,,,,,,
"Android
JavaScript
Android App Development
Mobile App Development
iOS
Web Development
Data Entry
WordPress
Smartphone
Kotlin",Android,JavaScript,Android App Development,Mobile App Development,iOS,Web Development,Data Entry,WordPress,Smartphone,Kotlin,,,,,,,,,,,,,,,,,,,,,,
"Form Completion
Phone Communication
Personal Administration
Virtual Assistant
Email Communication
Communications
Local Operations
Photography
Virtual Assistance",Form Completion,Phone Communication,Personal Administration,Virtual Assistant,Email Communication,Communications,Local Operations,Photography,Virtual Assistance,,,,,,,,,,,,,,,,,,,,,,,
"Technical SEO
SEO Setup & Configuration
On-Page SEO
Search Engine Optimization
SEO Backlinking
Google Analytics
Off-Page SEO
Organic Traffic Growth
SEO Keyword Research
SEO Audit",Technical SEO,SEO Setup & Configuration,On-Page SEO,Search Engine Optimization,SEO Backlinking,Google Analytics,Off-Page SEO,Organic Traffic Growth,SEO Keyword Research,SEO Audit,,,,,,,,,,,,,,,,,,,,,,
"Smartphone
Hybrid App Development
Location-Based Service
User Profile Creation
Augmented Reality
Camera
Payment Functionality
Push Notifications
Android
iOS",Smartphone,Hybrid App Development,Location-Based Service,User Profile Creation,Augmented Reality,Camera,Payment Functionality,Push Notifications,Android,iOS,,,,,,,,,,,,,,,,,,,,,,
"Android
Android App Development
Smartphone
Mobile App Development
Tablet
Java
iOS
Kotlin
In-App Purchases
User Authentication",Android,Android App Development,Smartphone,Mobile App Development,Tablet,Java,iOS,Kotlin,In-App Purchases,User Authentication,,,,,,,,,,,,,,,,,,,,,,
"MySQL
Database Programming
MySQL Programming
Server
Database
SQL
Performance Optimization
Database Administration",MySQL,Database Programming,MySQL Programming,Server,Database,SQL,Performance Optimization,Database Administration,,,,,,,,,,,,,,,,,,,,,,,,
"Python
JavaScript
Apache Superset",Python,JavaScript,Apache Superset,,,,,,,,,,,,,,,,,,,,,,,,,,,,,
"Commercial Design
Concept Design
3D Texturing
Architectural Design
3D Rendering
Graphic Design
3D Design
Adobe Photoshop
Architectural Rendering
3D Modeling",Commercial Design,Concept Design,3D Texturing,Architectural Design,3D Rendering,Graphic Design,3D Design,Adobe Photoshop,Architectural Rendering,3D Modeling,,,,,,,,,,,,,,,,,,,,,,
"Interior Design
3D Rendering
3D Modeling
3D Design
Residential Design
Architectural Rendering",Interior Design,3D Rendering,3D Modeling,3D Design,Residential Design,Architectural Rendering,,,,,,,,,,,,,,,,,,,,,,,,,,
"Adobe Illustrator
Vector Tracing
Illustration
Graphic Design",Adobe Illustrator,Vector Tracing,Illustration,Graphic Design,,,,,,,,,,,,,,,,,,,,,,,,,,,,
"Vector Art
Adobe Photoshop
YouTube
Social Media Imagery
Illustration",Vector Art,Adobe Photoshop,YouTube,Social Media Imagery,Illustration,,,,,,,,,,,,,,,,,,,,,,,,,,,
"Voice Acting
Voice-Over
Audio Production
Audio Recording
Audio Editing",Voice Acting,Voice-Over,Audio Production,Audio Recording,Audio Editing,,,,,,,,,,,,,,,,,,,,,,,,,,,
"Gaming Console
Smartphone
Tablet
Android
Java
Kotlin
JavaScript
Flutter
Business with 10-99 Employees
Java
Android
Mobile App Development
Android App Development
Social Media Account Integration
Android Studio
Node.js
C++
C#",Gaming Console,Smartphone,Tablet,Android,Java,Kotlin,JavaScript,Flutter,Business with 10-99 Employees,Java,Android,Mobile App Development,Android App Development,Social Media Account Integration,Android Studio,Node.js,C++,C#,,,,,,,,,,,,,,
"Phone Communication
Communications
Administrative Support
Email Communication
Virtual Assistance
Virtual Assistant
Data Entry
Researcher
Customer Service
Personal Administration",Phone Communication,Communications,Administrative Support,Email Communication,Virtual Assistance,Virtual Assistant,Data Entry,Researcher,Customer Service,Personal Administration,,,,,,,,,,,,,,,,,,,,,,
"Translation
Game
Chinese to Japanese Translation",Translation,Game,Chinese to Japanese Translation,,,,,,,,,,,,,,,,,,,,,,,,,,,,,
"Ebook Writing
Rhyme Scheme
Biography
People
English
Young Adult
Fiction
Romance",Ebook Writing,Rhyme Scheme,Biography,People,English,Young Adult,Fiction,Romance,,,,,,,,,,,,,,,,,,,,,,,,
"JavaScript
Android
Ionic Framework
AngularJS
Firebase
Angular
Mobile App Development
API
Node.js",JavaScript,Android,Ionic Framework,AngularJS,Firebase,Angular,Mobile App Development,API,Node.js,,,,,,,,,,,,,,,,,,,,,,,
"Electrical Engineering
Circuit Design
PCB Design",Electrical Engineering,Circuit Design,PCB Design,,,,,,,,,,,,,,,,,,,,,,,,,,,,,
"Stripe
JavaScript
WooCommerce
WordPress
Web Development
PHP",Stripe,JavaScript,WooCommerce,WordPress,Web Development,PHP,,,,,,,,,,,,,,,,,,,,,,,,,,
"Android
Smartphone
iOS
Android App Development
Mobile App Development
Tablet",Android,Smartphone,iOS,Android App Development,Mobile App Development,Tablet,,,,,,,,,,,,,,,,,,,,,,,,,,
"Electrical Engineering
Circuit Design
PCB Design",Electrical Engineering,Circuit Design,PCB Design,,,,,,,,,,,,,,,,,,,,,,,,,,,,,
"Stripe
JavaScript
WooCommerce
WordPress
Web Development
PHP",Stripe,JavaScript,WooCommerce,WordPress,Web Development,PHP,,,,,,,,,,,,,,,,,,,,,,,,,,
"Android
Smartphone
iOS
Android App Development
Mobile App Development
Tablet",Android,Smartphone,iOS,Android App Development,Mobile App Development,Tablet,,,,,,,,,,,,,,,,,,,,,,,,,,
"Video Editing
Video Post-Editing
Animation
Traditional Animation
Explainer Video",Video Editing,Video Post-Editing,Animation,Traditional Animation,Explainer Video,,,,,,,,,,,,,,,,,,,,,,,,,,,
Wiring,Wiring,,,,,,,,,,,,,,,,,,,,,,,,,,,,,,,
"C
Ubuntu",C,Ubuntu,,,,,,,,,,,,,,,,,,,,,,,,,,,,,,
"Shopify
Shopify Templates
Web Design
HTML
Graphic Design
User Interface Design",Shopify,Shopify Templates,Web Design,HTML,Graphic Design,User Interface Design,,,,,,,,,,,,,,,,,,,,,,,,,,
"English
Content Writing
Researcher
Creative Writing
Editor
Blog Content",English,Content Writing,Researcher,Creative Writing,Editor,Blog Content,,,,,,,,,,,,,,,,,,,,,,,,,,
"Android
JavaScript
Mobile App Development
Android App Development
Firebase",Android,JavaScript,Mobile App Development,Android App Development,Firebase,,,,,,,,,,,,,,,,,,,,,,,,,,,
"Android
PHP
MySQL
Web Development
Microsoft SQL Server
phpMyAdmin
Java",Android,PHP,MySQL,Web Development,Microsoft SQL Server,phpMyAdmin,Java,,,,,,,,,,,,,,,,,,,,,,,,,
"Android
JavaScript
Mobile App Development
Android App Development
Firebase",Android,JavaScript,Mobile App Development,Android App Development,Firebase,,,,,,,,,,,,,,,,,,,,,,,,,,,
"Android
PHP
MySQL
Web Development
Microsoft SQL Server
phpMyAdmin
Java",Android,PHP,MySQL,Web Development,Microsoft SQL Server,phpMyAdmin,Java,,,,,,,,,,,,,,,,,,,,,,,,,
"Search Engine Optimization
Facebook
Social Media Marketing
Content Writing
Instagram
Google Ads
Social Media Content Creation
Facebook Advertising
SEO Backlinking",Search Engine Optimization,Facebook,Social Media Marketing,Content Writing,Instagram,Google Ads,Social Media Content Creation,Facebook Advertising,SEO Backlinking,,,,,,,,,,,,,,,,,,,,,,,
"Magento
Magento 2
PHP
HTML
CSS
HTML5",Magento,Magento 2,PHP,HTML,CSS,HTML5,,,,,,,,,,,,,,,,,,,,,,,,,,
"Content Writing
English
Business Writing
Researcher",Content Writing,English,Business Writing,Researcher,,,,,,,,,,,,,,,,,,,,,,,,,,,,
"Firebase Cloud Firestore
Firebase Realtime Database
Firebase
iOS Development
Android App Development
Mobile App Development
Flutter
Admin Panel Setup
Dart
User Authentication",Firebase Cloud Firestore,Firebase Realtime Database,Firebase,iOS Development,Android App Development,Mobile App Development,Flutter,Admin Panel Setup,Dart,User Authentication,,,,,,,,,,,,,,,,,,,,,,
"Android
Smartphone
Android App Development
Mobile App Development
Tablet
iOS
In-App Purchases
Java
iOS Development",Android,Smartphone,Android App Development,Mobile App Development,Tablet,iOS,In-App Purchases,Java,iOS Development,,,,,,,,,,,,,,,,,,,,,,,
"Print Design
Vector Art
Motion Design
Adobe Photoshop
Adobe Illustrator
Graphic Design
Infographic
Logo Design
Branding
2D Illustration",Print Design,Vector Art,Motion Design,Adobe Photoshop,Adobe Illustrator,Graphic Design,Infographic,Logo Design,Branding,2D Illustration,,,,,,,,,,,,,,,,,,,,,,
Facebook Advertising,Facebook Advertising,,,,,,,,,,,,,,,,,,,,,,,,,,,,,,,
"Social Media Imagery
Graphic Design
Adobe Photoshop",Social Media Imagery,Graphic Design,Adobe Photoshop,,,,,,,,,,,,,,,,,,,,,,,,,,,,,
"Video Editing
2D Animation
Video Production
Animation
Motion Graphics",Video Editing,2D Animation,Video Production,Animation,Motion Graphics,,,,,,,,,,,,,,,,,,,,,,,,,,,
"Video Commercial
Corporate Video
Social Media Video",Video Commercial,Corporate Video,Social Media Video,,,,,,,,,,,,,,,,,,,,,,,,,,,,,
"Mechanical Engineering
Mechanical Design
3D Printing
SolidWorks
3D Modeling
3D Design
Product Development
Engineering Design
Product Design
CAD",Mechanical Engineering,Mechanical Design,3D Printing,SolidWorks,3D Modeling,3D Design,Product Development,Engineering Design,Product Design,CAD,,,,,,,,,,,,,,,,,,,,,,
"2D Animation
Motion Graphics
Animation
Video Production
Video Editing
Explainer Video",2D Animation,Motion Graphics,Animation,Video Production,Video Editing,Explainer Video,,,,,,,,,,,,,,,,,,,,,,,,,,
"Graphic Design
Adobe Illustrator
Adobe Photoshop
Brand Identity & Guidelines
Adobe InDesign
Infographic
Social Media Imagery
Poster",Graphic Design,Adobe Illustrator,Adobe Photoshop,Brand Identity & Guidelines,Adobe InDesign,Infographic,Social Media Imagery,Poster,,,,,,,,,,,,,,,,,,,,,,,,
Data Entry,Data Entry,,,,,,,,,,,,,,,,,,,,,,,,,,,,,,,
"Android
Smartphone
Android App Development
Mobile App Development",Android,Smartphone,Android App Development,Mobile App Development,,,,,,,,,,,,,,,,,,,,,,,,,,,,
"Intuit QuickBooks
Quickbooks
Accounting
Accounting Software
Data Entry
Bookkeeping",Intuit QuickBooks,Quickbooks,Accounting,Accounting Software,Data Entry,Bookkeeping,,,,,,,,,,,,,,,,,,,,,,,,,,
"Video Editing
Adobe Premiere Pro
Video Post-Editing
Video Intro & Outro
YouTube Development
Video Production
Adobe After Effects",Video Editing,Adobe Premiere Pro,Video Post-Editing,Video Intro & Outro,YouTube Development,Video Production,Adobe After Effects,,,,,,,,,,,,,,,,,,,,,,,,,
"British English Accent
Canadian English Dialect
Voice-Over
Voice Acting
Male
Audio Editing
US English Dialect",British English Accent,Canadian English Dialect,Voice-Over,Voice Acting,Male,Audio Editing,US English Dialect,,,,,,,,,,,,,,,,,,,,,,,,,
"Adobe Photoshop
Graphic Design
Social Media Imagery
YouTube
Illustration
Logo Design
Adobe Illustrator",Adobe Photoshop,Graphic Design,Social Media Imagery,YouTube,Illustration,Logo Design,Adobe Illustrator,,,,,,,,,,,,,,,,,,,,,,,,,
"Client Management
Project Management
Decision Making
Team Alignment
Critical Thinking Skills
Project Scheduling
Communications
Project Objectives
Time Management",Client Management,Project Management,Decision Making,Team Alignment,Critical Thinking Skills,Project Scheduling,Communications,Project Objectives,Time Management,,,,,,,,,,,,,,,,,,,,,,,
"YouTube
Social Media Marketing
YouTube Subscribers
YouTube Marketing
YouTube Views",YouTube,Social Media Marketing,YouTube Subscribers,YouTube Marketing,YouTube Views,,,,,,,,,,,,,,,,,,,,,,,,,,,
"Android
Smartphone
Android App Development
iOS Development",Android,Smartphone,Android App Development,iOS Development,,,,,,,,,,,,,,,,,,,,,,,,,,,,
"Android
Mobile App Development
Android App Development
Java",Android,Mobile App Development,Android App Development,Java,,,,,,,,,,,,,,,,,,,,,,,,,,,,
"Smartphone
Tablet
Hybrid App Development
Android",Smartphone,Tablet,Hybrid App Development,Android,,,,,,,,,,,,,,,,,,,,,,,,,,,,
"Android
iOS
HTML5
Android App Development
Apple Xcode
Web Development
Web Design
Smartphone",Android,iOS,HTML5,Android App Development,Apple Xcode,Web Development,Web Design,Smartphone,,,,,,,,,,,,,,,,,,,,,,,,
"MongoDB
Node.js
Next.js
Vue.js
React",MongoDB,Node.js,Next.js,Vue.js,React,,,,,,,,,,,,,,,,,,,,,,,,,,,
"Adobe Illustrator
Adobe Photoshop",Adobe Illustrator,Adobe Photoshop,,,,,,,,,,,,,,,,,,,,,,,,,,,,,,
"React Native
Android
iOS
JavaScript
Native App Development
Mobile App Development",React Native,Android,iOS,JavaScript,Native App Development,Mobile App Development,,,,,,,,,,,,,,,,,,,,,,,,,,
"Hybrid App Development
Microsoft Windows
User Authentication
User Profile Creation
Bluetooth
Flutter
Android
iOS",Hybrid App Development,Microsoft Windows,User Authentication,User Profile Creation,Bluetooth,Flutter,Android,iOS,,,,,,,,,,,,,,,,,,,,,,,,
"Web Development
React
Node.js
JSON
PHP",Web Development,React,Node.js,JSON,PHP,,,,,,,,,,,,,,,,,,,,,,,,,,,
"Biochemistry
English
Health Science
Nutrition
Dietetics
Data Entry",Biochemistry,English,Health Science,Nutrition,Dietetics,Data Entry,,,,,,,,,,,,,,,,,,,,,,,,,,
"Lead Generation Analysis
Data Entry
List Building
Lead Generation",Lead Generation Analysis,Data Entry,List Building,Lead Generation,,,,,,,,,,,,,,,,,,,,,,,,,,,,
"Corporate Brand Identity
Print Design
Logo Design
Brand Identity & Guidelines
Graphic Design",Corporate Brand Identity,Print Design,Logo Design,Brand Identity & Guidelines,Graphic Design,,,,,,,,,,,,,,,,,,,,,,,,,,,
"Sales
Cold Calling
Lead Generation
Scheduling
Outbound Sales
Telemarketing
List Building",Sales,Cold Calling,Lead Generation,Scheduling,Outbound Sales,Telemarketing,List Building,,,,,,,,,,,,,,,,,,,,,,,,,
"Android
Java
Android App Development
Smartphone
Mobile App Development
Kotlin
JavaScript
Tablet
User Authentication
Firebase",Android,Java,Android App Development,Smartphone,Mobile App Development,Kotlin,JavaScript,Tablet,User Authentication,Firebase,,,,,,,,,,,,,,,,,,,,,,
"Office Design
Retail Design
Concept Design
Branding & Marketing
Interior Design
Architectural Design
Commercial Design",Office Design,Retail Design,Concept Design,Branding & Marketing,Interior Design,Architectural Design,Commercial Design,,,,,,,,,,,,,,,,,,,,,,,,,
"Android App Development
Android
Mobile App Development",Android App Development,Android,Mobile App Development,,,,,,,,,,,,,,,,,,,,,,,,,,,,,
"Microsoft PowerPoint
Layout Design
Contemporary Style
Graphic Design
Mood Board
Architecture & Interior Design",Microsoft PowerPoint,Layout Design,Contemporary Style,Graphic Design,Mood Board,Architecture & Interior Design,,,,,,,,,,,,,,,,,,,,,,,,,,
"PostgreSQL
PostgreSQL Programming
SQL
Node.js",PostgreSQL,PostgreSQL Programming,SQL,Node.js,,,,,,,,,,,,,,,,,,,,,,,,,,,,
Cantonese,Cantonese,,,,,,,,,,,,,,,,,,,,,,,,,,,,,,,
"Android
Smartphone
Android App Development
iOS
Mobile App Development
Java
Native App Development
Tablet
iOS Development",Android,Smartphone,Android App Development,iOS,Mobile App Development,Java,Native App Development,Tablet,iOS Development,,,,,,,,,,,,,,,,,,,,,,,
"Translation
Marathi
English to Marathi Translation",Translation,Marathi,English to Marathi Translation,,,,,,,,,,,,,,,,,,,,,,,,,,,,,
"Google Ads
Google Shopping
PPC Campaign Setup & Management
Google Analytics
Google Tag Manager",Google Ads,Google Shopping,PPC Campaign Setup & Management,Google Analytics,Google Tag Manager,,,,,,,,,,,,,,,,,,,,,,,,,,,
"Android
Java
Android App Development
Smartphone
Mobile App Development
Kotlin
JavaScript
Tablet
User Authentication
Firebase",Android,Java,Android App Development,Smartphone,Mobile App Development,Kotlin,JavaScript,Tablet,User Authentication,Firebase,,,,,,,,,,,,,,,,,,,,,,
".NET Framework
ASP.NET
Git
Odoo
C#
SQL",.NET Framework,ASP.NET,Git,Odoo,C#,SQL,,,,,,,,,,,,,,,,,,,,,,,,,,
"Shopify
Shopify Theme
Shopify Templates
CSS
Web Development
Web Design
HTML
Ecommerce Website
Ecommerce Platform Development
JavaScript",Shopify,Shopify Theme,Shopify Templates,CSS,Web Development,Web Design,HTML,Ecommerce Website,Ecommerce Platform Development,JavaScript,,,,,,,,,,,,,,,,,,,,,,
"Android
JavaScript
Android App Development
Mobile App Development
iOS
Web Development
Data Entry
WordPress
Smartphone
Kotlin",Android,JavaScript,Android App Development,Mobile App Development,iOS,Web Development,Data Entry,WordPress,Smartphone,Kotlin,,,,,,,,,,,,,,,,,,,,,,
"English
British English Accent
American English Accent",English,British English Accent,American English Accent,,,,,,,,,,,,,,,,,,,,,,,,,,,,,
"Business Analysis
Strategy
Business Modeling
Administrative Support",Business Analysis,Strategy,Business Modeling,Administrative Support,,,,,,,,,,,,,,,,,,,,,,,,,,,,
"Ghostwriting
Ebook Writing
Editing & Proofreading
DIY
How To
English
Content Writing
Copywriting
Creative Writing",Ghostwriting,Ebook Writing,Editing & Proofreading,DIY,How To,English,Content Writing,Copywriting,Creative Writing,,,,,,,,,,,,,,,,,,,,,,,
"Android
Android App Development
Smartphone
Mobile App Development",Android,Android App Development,Smartphone,Mobile App Development,,,,,,,,,,,,,,,,,,,,,,,,,,,,
"Android
Android App Development
Smartphone
Mobile App Development",Android,Android App Development,Smartphone,Mobile App Development,,,,,,,,,,,,,,,,,,,,,,,,,,,,
"Thai
Thai to English Translation
Male",Thai,Thai to English Translation,Male,,,,,,,,,,,,,,,,,,,,,,,,,,,,,
"Lead Generation Analysis
Lead Generation Strategy
Market Research
Social Media Lead Generation
List Building
Appointment Setting
Lead Generation
Communications
Data Entry
Customer Relationship Management
Administrative Support
Researcher
Real Estate
B2C Marketing
Sales Development
Data Scraping
Interpersonal Skills
Customer Service
Real Estate Cold Calling
Real Estate Listing
Real Estate Acquisition",Lead Generation Analysis,Lead Generation Strategy,Market Research,Social Media Lead Generation,List Building,Appointment Setting,Lead Generation,Communications,Data Entry,Customer Relationship Management,Administrative Support,Researcher,Real Estate,B2C Marketing,Sales Development,Data Scraping,Interpersonal Skills,Customer Service,Real Estate Cold Calling,Real Estate Listing,Real Estate Acquisition,,,,,,,,,,,
"Male
Voice Acting",Male,Voice Acting,,,,,,,,,,,,,,,,,,,,,,,,,,,,,,
"Android
Java
Android App Development
Mobile App Development
Smartphone
JavaScript
Kotlin
Firebase
Tablet
Android Studio",Android,Java,Android App Development,Mobile App Development,Smartphone,JavaScript,Kotlin,Firebase,Tablet,Android Studio,,,,,,,,,,,,,,,,,,,,,,
JavaScript,JavaScript,,,,,,,,,,,,,,,,,,,,,,,,,,,,,,,
"Scripting
Automation
Mobile App
Facebook",Scripting,Automation,Mobile App,Facebook,,,,,,,,,,,,,,,,,,,,,,,,,,,,
Java,Java,,,,,,,,,,,,,,,,,,,,,,,,,,,,,,,
"Advertising Design
Catalog Design
Graphic Design
Banner Ad Design
Adobe Illustrator
Adobe Photoshop",Advertising Design,Catalog Design,Graphic Design,Banner Ad Design,Adobe Illustrator,Adobe Photoshop,,,,,,,,,,,,,,,,,,,,,,,,,,
"Sports & Fitness
Content Strategy
English
Blog Content
Blog Writing
SEO Writing
Creative Writing
Researcher
Search Engine Optimization",Sports & Fitness,Content Strategy,English,Blog Content,Blog Writing,SEO Writing,Creative Writing,Researcher,Search Engine Optimization,,,,,,,,,,,,,,,,,,,,,,,
"Thai
Thai to English Translation",Thai,Thai to English Translation,,,,,,,,,,,,,,,,,,,,,,,,,,,,,,
"Influencer Marketing
Social Media Marketing Strategy
Fashion & Beauty
Facebook Ads Manager
Instagram
Facebook
Social Media Advertising
Social Media Marketing
Social Media Management
Facebook Advertising",Influencer Marketing,Social Media Marketing Strategy,Fashion & Beauty,Facebook Ads Manager,Instagram,Facebook,Social Media Advertising,Social Media Marketing,Social Media Management,Facebook Advertising,,,,,,,,,,,,,,,,,,,,,,
"Spring Boot
Microservice
Java
Apache Kafka",Spring Boot,Microservice,Java,Apache Kafka,,,,,,,,,,,,,,,,,,,,,,,,,,,,
"Website Content
Technical Writing
IT
Content Writing
SEO Content
Search Engine Optimization",Website Content,Technical Writing,IT,Content Writing,SEO Content,Search Engine Optimization,,,,,,,,,,,,,,,,,,,,,,,,,,
Ecommerce Platform Development,Ecommerce Platform Development,,,,,,,,,,,,,,,,,,,,,,,,,,,,,,,
"Video Editing
Adobe Premiere Pro
Motion Graphics",Video Editing,Adobe Premiere Pro,Motion Graphics,,,,,,,,,,,,,,,,,,,,,,,,,,,,,
"English
Content Writing
Drama",English,Content Writing,Drama,,,,,,,,,,,,,,,,,,,,,,,,,,,,,
"English
Content Writing
Drama",English,Content Writing,Drama,,,,,,,,,,,,,,,,,,,,,,,,,,,,,
"Node.js
DigitalOcean
MySQL
Docker",Node.js,DigitalOcean,MySQL,Docker,,,,,,,,,,,,,,,,,,,,,,,,,,,,
"SEO Backlinking
Search Engine Optimization
Off-Page SEO
Organic Traffic Growth",SEO Backlinking,Search Engine Optimization,Off-Page SEO,Organic Traffic Growth,,,,,,,,,,,,,,,,,,,,,,,,,,,,
Qlik Sense,Qlik Sense,,,,,,,,,,,,,,,,,,,,,,,,,,,,,,,
"Prototyping
Style Guide
Website Asset
Website Redesign",Prototyping,Style Guide,Website Asset,Website Redesign,,,,,,,,,,,,,,,,,,,,,,,,,,,,
"Logo Transparency
Source File
Vector File Format
Minimalist
Logo Design
Adobe Illustrator
Brand Identity & Guidelines",Logo Transparency,Source File,Vector File Format,Minimalist,Logo Design,Adobe Illustrator,Brand Identity & Guidelines,,,,,,,,,,,,,,,,,,,,,,,,,
Server,Server,,,,,,,,,,,,,,,,,,,,,,,,,,,,,,,
"React
TypeScript
JavaScript
Web Development
API Integration
API Testing",React,TypeScript,JavaScript,Web Development,API Integration,API Testing,,,,,,,,,,,,,,,,,,,,,,,,,,
"Marketing
English",Marketing,English,,,,,,,,,,,,,,,,,,,,,,,,,,,,,,
"JavaScript
Adobe Analytics
HTML
CSS Framework",JavaScript,Adobe Analytics,HTML,CSS Framework,,,,,,,,,,,,,,,,,,,,,,,,,,,,
Mobile App Development,Mobile App Development,,,,,,,,,,,,,,,,,,,,,,,,,,,,,,,
"Music Production
Music Composition
Audio Production",Music Production,Music Composition,Audio Production,,,,,,,,,,,,,,,,,,,,,,,,,,,,,
"Email Automation
Email Deliverability
Email Campaign Optimization
Email Campaign Setup",Email Automation,Email Deliverability,Email Campaign Optimization,Email Campaign Setup,,,,,,,,,,,,,,,,,,,,,,,,,,,,
"Accessories
Female
Color Forecasting
Consumer Profiling
Fabric Color Matching
Fashion Design
Ready-To-Wear
Layout Design
Graphic Design
Adobe Illustrator",Accessories,Female,Color Forecasting,Consumer Profiling,Fabric Color Matching,Fashion Design,Ready-To-Wear,Layout Design,Graphic Design,Adobe Illustrator,,,,,,,,,,,,,,,,,,,,,,
"Illustration
Animation
2D Animation",Illustration,Animation,2D Animation,,,,,,,,,,,,,,,,,,,,,,,,,,,,,
"Java
JavaScript",Java,JavaScript,,,,,,,,,,,,,,,,,,,,,,,,,,,,,,
"Hybrid App Development
Firebase Cloud Firestore
Firebase Realtime Database
Flutter
Mobile App Development
Firebase
Admin Panel Setup",Hybrid App Development,Firebase Cloud Firestore,Firebase Realtime Database,Flutter,Mobile App Development,Firebase,Admin Panel Setup,,,,,,,,,,,,,,,,,,,,,,,,,
"Industrial Design
Concept Design
Sports & Recreation
Fashion & Beauty
Retail & Consumer Goods
CAD Conversion
Graphic Design
3D Modeling
3D Design",Industrial Design,Concept Design,Sports & Recreation,Fashion & Beauty,Retail & Consumer Goods,CAD Conversion,Graphic Design,3D Modeling,3D Design,,,,,,,,,,,,,,,,,,,,,,,
"Male
Gritty Tone
Energetic Tone
Casual Tone
Voice Acting
Voice-Over
Middle-Aged Adult
Narration
US English Dialect
American English Accent",Male,Gritty Tone,Energetic Tone,Casual Tone,Voice Acting,Voice-Over,Middle-Aged Adult,Narration,US English Dialect,American English Accent,,,,,,,,,,,,,,,,,,,,,,
"Android
Android App Development",Android,Android App Development,,,,,,,,,,,,,,,,,,,,,,,,,,,,,,
"Australian English Dialect
Female
Voice-Over",Australian English Dialect,Female,Voice-Over,,,,,,,,,,,,,,,,,,,,,,,,,,,,,
"PostgreSQL
Golang
API Development
API Integration",PostgreSQL,Golang,API Development,API Integration,,,,,,,,,,,,,,,,,,,,,,,,,,,,
"General Transcription
Finnish
Typing",General Transcription,Finnish,Typing,,,,,,,,,,,,,,,,,,,,,,,,,,,,,
German,German,,,,,,,,,,,,,,,,,,,,,,,,,,,,,,,
"Influencer Marketing
Social Media Content Creation
TikTok
Canva
Social Media Marketing Strategy
Facebook
Social Media Marketing
Instagram
Social Media Management",Influencer Marketing,Social Media Content Creation,TikTok,Canva,Social Media Marketing Strategy,Facebook,Social Media Marketing,Instagram,Social Media Management,,,,,,,,,,,,,,,,,,,,,,,
"Motion Graphics
Animation
Video Intro & Outro
Video Production",Motion Graphics,Animation,Video Intro & Outro,Video Production,,,,,,,,,,,,,,,,,,,,,,,,,,,,
"Off-Page SEO
Google Analytics
Ahrefs
Google Trends
Google Search Console
Yoast SEO
SEO Backlinking
Internet Marketing
SEO Keyword Research",Off-Page SEO,Google Analytics,Ahrefs,Google Trends,Google Search Console,Yoast SEO,SEO Backlinking,Internet Marketing,SEO Keyword Research,,,,,,,,,,,,,,,,,,,,,,,
"Security Policies & Procedures Documentation
Application Security
Network Security
Business with 10-99 Employees
Information Security
Security Infrastructure
Information Security Audit
Security Engineering",Security Policies & Procedures Documentation,Application Security,Network Security,Business with 10-99 Employees,Information Security,Security Infrastructure,Information Security Audit,Security Engineering,,,,,,,,,,,,,,,,,,,,,,,,
"Android
Android App Development",Android,Android App Development,,,,,,,,,,,,,,,,,,,,,,,,,,,,,,
"Spring Boot
Java",Spring Boot,Java,,,,,,,,,,,,,,,,,,,,,,,,,,,,,,
"Spring Boot
Java",Spring Boot,Java,,,,,,,,,,,,,,,,,,,,,,,,,,,,,,
"API
PostgreSQL
NodeJS Framework",API,PostgreSQL,NodeJS Framework,,,,,,,,,,,,,,,,,,,,,,,,,,,,,
"Adobe Illustrator
Graphic Design
Geographic Infographic
Print Design
Illustration
Infographic",Adobe Illustrator,Graphic Design,Geographic Infographic,Print Design,Illustration,Infographic,,,,,,,,,,,,,,,,,,,,,,,,,,
"Documentary
Film
Audio Editing
Color Grading
Video Editing
Adobe Premiere Pro
Video Post-Editing
Final Cut Pro X
Video Production
Adobe After Effects",Documentary,Film,Audio Editing,Color Grading,Video Editing,Adobe Premiere Pro,Video Post-Editing,Final Cut Pro X,Video Production,Adobe After Effects,,,,,,,,,,,,,,,,,,,,,,
"Mobile Game
Game Development
Game Design
Android
Unity
Arcade Game",Mobile Game,Game Development,Game Design,Android,Unity,Arcade Game,,,,,,,,,,,,,,,,,,,,,,,,,,
"Golang
PostgreSQL
Kubernetes
Docker
Microservice
CI/CD Platform
Google Cloud Platform",Golang,PostgreSQL,Kubernetes,Docker,Microservice,CI/CD Platform,Google Cloud Platform,,,,,,,,,,,,,,,,,,,,,,,,,
"Microsoft SharePoint Development
Microsoft Sharepoint",Microsoft SharePoint Development,Microsoft Sharepoint,,,,,,,,,,,,,,,,,,,,,,,,,,,,,,
"Adobe Illustrator
Graphic Design
Packaging Design
Illustration
Adobe Photoshop",Adobe Illustrator,Graphic Design,Packaging Design,Illustration,Adobe Photoshop,,,,,,,,,,,,,,,,,,,,,,,,,,,
"Norwegian
Male
Female",Norwegian,Male,Female,,,,,,,,,,,,,,,,,,,,,,,,,,,,,
"Logo Design
Graphic Design
Brand Identity & Guidelines",Logo Design,Graphic Design,Brand Identity & Guidelines,,,,,,,,,,,,,,,,,,,,,,,,,,,,,
"Web Development
Shopify
Google Analytics",Web Development,Shopify,Google Analytics,,,,,,,,,,,,,,,,,,,,,,,,,,,,,
"Machine Learning Model
Artificial Intelligence
Machine Learning
Python",Machine Learning Model,Artificial Intelligence,Machine Learning,Python,,,,,,,,,,,,,,,,,,,,,,,,,,,,
"Japanese
Ecommerce Development Consultation
Jewelry",Japanese,Ecommerce Development Consultation,Jewelry,,,,,,,,,,,,,,,,,,,,,,,,,,,,,
"iOS
iOS Development",iOS,iOS Development,,,,,,,,,,,,,,,,,,,,,,,,,,,,,,
"Spring Boot
Java",Spring Boot,Java,,,,,,,,,,,,,,,,,,,,,,,,,,,,,,
"Native
Translation
English
Turkish
English to Turkish Translation",Native,Translation,English,Turkish,English to Turkish Translation,,,,,,,,,,,,,,,,,,,,,,,,,,,
"Laravel
Web Development
React
API
Team Management",Laravel,Web Development,React,API,Team Management,,,,,,,,,,,,,,,,,,,,,,,,,,,
"Golang
QA Testing
QA Engineering
Quality Assurance",Golang,QA Testing,QA Engineering,Quality Assurance,,,,,,,,,,,,,,,,,,,,,,,,,,,,
Game Design,Game Design,,,,,,,,,,,,,,,,,,,,,,,,,,,,,,,
"Social Media Engagement
Health & Wellness
Social Media Marketing
Instagram
Social Media Management
Search Engine Optimization
Creative Writing",Social Media Engagement,Health & Wellness,Social Media Marketing,Instagram,Social Media Management,Search Engine Optimization,Creative Writing,,,,,,,,,,,,,,,,,,,,,,,,,
"Adobe Illustrator
Adobe Photoshop
Graphic Design
Video Production
Video Commercial",Adobe Illustrator,Adobe Photoshop,Graphic Design,Video Production,Video Commercial,,,,,,,,,,,,,,,,,,,,,,,,,,,
Google Sheets,Google Sheets,,,,,,,,,,,,,,,,,,,,,,,,,,,,,,,
"Shopify Templates
Landing Page
Shopify
Data Entry
Web Design
Conversion Rate Optimization
Shopify Theme",Shopify Templates,Landing Page,Shopify,Data Entry,Web Design,Conversion Rate Optimization,Shopify Theme,,,,,,,,,,,,,,,,,,,,,,,,,
"Topic Research
Chinese
Market Analysis",Topic Research,Chinese,Market Analysis,,,,,,,,,,,,,,,,,,,,,,,,,,,,,
"Dutch
English
Translation
Voice Acting
Proofreading
Voice-Over
Communications
Researcher",Dutch,English,Translation,Voice Acting,Proofreading,Voice-Over,Communications,Researcher,,,,,,,,,,,,,,,,,,,,,,,,
"SQL
Laravel
API
NodeJS Framework
Database",SQL,Laravel,API,NodeJS Framework,Database,,,,,,,,,,,,,,,,,,,,,,,,,,,
"Voice Acting
German
Proofreading
Creative Writing
Writing",Voice Acting,German,Proofreading,Creative Writing,Writing,,,,,,,,,,,,,,,,,,,,,,,,,,,
"Videography
Video Production
Video Editing
Cinematography",Videography,Video Production,Video Editing,Cinematography,,,,,,,,,,,,,,,,,,,,,,,,,,,,
"Website
Laravel",Website,Laravel,,,,,,,,,,,,,,,,,,,,,,,,,,,,,,
"Technical Manual
Turkish
English to Turkish Translation
English",Technical Manual,Turkish,English to Turkish Translation,English,,,,,,,,,,,,,,,,,,,,,,,,,,,,
"Web Design
MySQL
PHP
CSS
HTML
CS-Cart",Web Design,MySQL,PHP,CSS,HTML,CS-Cart,,,,,,,,,,,,,,,,,,,,,,,,,,
General Transcription,General Transcription,,,,,,,,,,,,,,,,,,,,,,,,,,,,,,,
"Facebook
Social Media Imagery
Graphic Design
Social Media Marketing",Facebook,Social Media Imagery,Graphic Design,Social Media Marketing,,,,,,,,,,,,,,,,,,,,,,,,,,,,
"Thai
Voice-Over
Voice Acting",Thai,Voice-Over,Voice Acting,,,,,,,,,,,,,,,,,,,,,,,,,,,,,
"Technical Manual
English
Italian
English to Italian Translation",Technical Manual,English,Italian,English to Italian Translation,,,,,,,,,,,,,,,,,,,,,,,,,,,,
"Transcription Timestamping
Audio Transcription
Legal Transcription
Live Transcription
Business Transcription
Academic Transcription
Medical Transcription
General Transcription
Typing",Transcription Timestamping,Audio Transcription,Legal Transcription,Live Transcription,Business Transcription,Academic Transcription,Medical Transcription,General Transcription,Typing,,,,,,,,,,,,,,,,,,,,,,,
"Mobile App Testing
Jira
Appium
Automated Testing
Test Automation Framework",Mobile App Testing,Jira,Appium,Automated Testing,Test Automation Framework,,,,,,,,,,,,,,,,,,,,,,,,,,,
"Data Entry
Virtual Assistant",Data Entry,Virtual Assistant,,,,,,,,,,,,,,,,,,,,,,,,,,,,,,
"Microsoft Excel
Spreadsheet Software
Macro Programming
Visual Basic for Applications",Microsoft Excel,Spreadsheet Software,Macro Programming,Visual Basic for Applications,,,,,,,,,,,,,,,,,,,,,,,,,,,,
"Flutter
Android
Android App Development
iOS Development
Mobile App Development",Flutter,Android,Android App Development,iOS Development,Mobile App Development,,,,,,,,,,,,,,,,,,,,,,,,,,,
"Adobe Illustrator
Adobe Photoshop
Graphic Design
Video Production
Video Commercial",Adobe Illustrator,Adobe Photoshop,Graphic Design,Video Production,Video Commercial,,,,,,,,,,,,,,,,,,,,,,,,,,,
Google Sheets,Google Sheets,,,,,,,,,,,,,,,,,,,,,,,,,,,,,,,
"Shopify Templates
Landing Page
Shopify
Data Entry
Web Design
Conversion Rate Optimization
Shopify Theme",Shopify Templates,Landing Page,Shopify,Data Entry,Web Design,Conversion Rate Optimization,Shopify Theme,,,,,,,,,,,,,,,,,,,,,,,,,
"Topic Research
Chinese
Market Analysis",Topic Research,Chinese,Market Analysis,,,,,,,,,,,,,,,,,,,,,,,,,,,,,
"Dutch
English
Translation
Voice Acting
Proofreading
Voice-Over
Communications
Researcher",Dutch,English,Translation,Voice Acting,Proofreading,Voice-Over,Communications,Researcher,,,,,,,,,,,,,,,,,,,,,,,,
"SQL
Laravel
API
NodeJS Framework
Database",SQL,Laravel,API,NodeJS Framework,Database,,,,,,,,,,,,,,,,,,,,,,,,,,,
"Voice Acting
German
Proofreading
Creative Writing
Writing",Voice Acting,German,Proofreading,Creative Writing,Writing,,,,,,,,,,,,,,,,,,,,,,,,,,,
"Videography
Video Production
Video Editing
Cinematography",Videography,Video Production,Video Editing,Cinematography,,,,,,,,,,,,,,,,,,,,,,,,,,,,
"Website
Laravel",Website,Laravel,,,,,,,,,,,,,,,,,,,,,,,,,,,,,,
"Technical Manual
Turkish
English to Turkish Translation
English",Technical Manual,Turkish,English to Turkish Translation,English,,,,,,,,,,,,,,,,,,,,,,,,,,,,
"Web Design
MySQL
PHP
CSS
HTML
CS-Cart",Web Design,MySQL,PHP,CSS,HTML,CS-Cart,,,,,,,,,,,,,,,,,,,,,,,,,,
General Transcription,General Transcription,,,,,,,,,,,,,,,,,,,,,,,,,,,,,,,
"Facebook
Social Media Imagery
Graphic Design
Social Media Marketing",Facebook,Social Media Imagery,Graphic Design,Social Media Marketing,,,,,,,,,,,,,,,,,,,,,,,,,,,,
"Thai
Voice-Over
Voice Acting",Thai,Voice-Over,Voice Acting,,,,,,,,,,,,,,,,,,,,,,,,,,,,,
"Technical Manual
English
Italian
English to Italian Translation",Technical Manual,English,Italian,English to Italian Translation,,,,,,,,,,,,,,,,,,,,,,,,,,,,
"Transcription Timestamping
Audio Transcription
Legal Transcription
Live Transcription
Business Transcription
Academic Transcription
Medical Transcription
General Transcription
Typing",Transcription Timestamping,Audio Transcription,Legal Transcription,Live Transcription,Business Transcription,Academic Transcription,Medical Transcription,General Transcription,Typing,,,,,,,,,,,,,,,,,,,,,,,
"Mobile App Testing
Jira
Appium
Automated Testing
Test Automation Framework",Mobile App Testing,Jira,Appium,Automated Testing,Test Automation Framework,,,,,,,,,,,,,,,,,,,,,,,,,,,
"Data Entry
Virtual Assistant",Data Entry,Virtual Assistant,,,,,,,,,,,,,,,,,,,,,,,,,,,,,,
"Microsoft Excel
Spreadsheet Software
Macro Programming
Visual Basic for Applications",Microsoft Excel,Spreadsheet Software,Macro Programming,Visual Basic for Applications,,,,,,,,,,,,,,,,,,,,,,,,,,,,
"Flutter
Android
Android App Development
iOS Development
Mobile App Development",Flutter,Android,Android App Development,iOS Development,Mobile App Development,,,,,,,,,,,,,,,,,,,,,,,,,,,
"Flutter
Android
Android App Development
iOS Development
Mobile App Development",Flutter,Android,Android App Development,iOS Development,Mobile App Development,,,,,,,,,,,,,,,,,,,,,,,,,,,
"Documentation
Technical Manual
English
German
English to German Translation",Documentation,Technical Manual,English,German,English to German Translation,,,,,,,,,,,,,,,,,,,,,,,,,,,
"Engineering & Architecture
Customer Service
B2B Lead Generation
B2B Marketing
Autodesk AutoCAD
CAD
3D Printing",Engineering & Architecture,Customer Service,B2B Lead Generation,B2B Marketing,Autodesk AutoCAD,CAD,3D Printing,,,,,,,,,,,,,,,,,,,,,,,,,
"Cypress
End-to-End Testing
Web Testing
Automated Testing",Cypress,End-to-End Testing,Web Testing,Automated Testing,,,,,,,,,,,,,,,,,,,,,,,,,,,,
"Lead Generation
Data Entry
List Building
Lead Generation Analysis
Lead Generation Strategy
Data Cleansing
Social Media Lead Generation
Lead Nurturing
Email Marketing
Prospect List
Researcher
Data Scraping
B2B Marketing
Data Mining
Market Research
Communications",Lead Generation,Data Entry,List Building,Lead Generation Analysis,Lead Generation Strategy,Data Cleansing,Social Media Lead Generation,Lead Nurturing,Email Marketing,Prospect List,Researcher,Data Scraping,B2B Marketing,Data Mining,Market Research,Communications,,,,,,,,,,,,,,,,
"Inventory Management
Logistics Management
Supply Chain Modeling
Third-Party Logistics
Supply Chain & Logistics
Purchase Orders
Import Procedure
Task Coordination
Product Listings",Inventory Management,Logistics Management,Supply Chain Modeling,Third-Party Logistics,Supply Chain & Logistics,Purchase Orders,Import Procedure,Task Coordination,Product Listings,,,,,,,,,,,,,,,,,,,,,,,
"Mystery Shopping
Market Research
Customer Service
Researcher",Mystery Shopping,Market Research,Customer Service,Researcher,,,,,,,,,,,,,,,,,,,,,,,,,,,,
"Native
Translation
English",Native,Translation,English,,,,,,,,,,,,,,,,,,,,,,,,,,,,,
"Interior Design
3D Design
Residential Design
3D Rendering
Architectural Design",Interior Design,3D Design,Residential Design,3D Rendering,Architectural Design,,,,,,,,,,,,,,,,,,,,,,,,,,,
"Graphic Design
Adobe Illustrator
Canva
Adobe Photoshop
Instagram
Social Media Content Creation
Social Media Content
Social Media Management",Graphic Design,Adobe Illustrator,Canva,Adobe Photoshop,Instagram,Social Media Content Creation,Social Media Content,Social Media Management,,,,,,,,,,,,,,,,,,,,,,,,
"Computer Skills
Data Entry
Administrative Support
Accuracy Verification
Transaction Data Entry
Microsoft Excel
PDF Conversion
Typing
Spreadsheet Software
Google Docs",Computer Skills,Data Entry,Administrative Support,Accuracy Verification,Transaction Data Entry,Microsoft Excel,PDF Conversion,Typing,Spreadsheet Software,Google Docs,,,,,,,,,,,,,,,,,,,,,,
"Technical Manual
Product Documentation
English
French
Translation
English to French Translation",Technical Manual,Product Documentation,English,French,Translation,English to French Translation,,,,,,,,,,,,,,,,,,,,,,,,,,
"Accounts Receivable
Medical Billing & Coding
Accounts Receivable Management
Microsoft Excel",Accounts Receivable,Medical Billing & Coding,Accounts Receivable Management,Microsoft Excel,,,,,,,,,,,,,,,,,,,,,,,,,,,,
"Linux
Robotics
C++
Ubuntu",Linux,Robotics,C++,Ubuntu,,,,,,,,,,,,,,,,,,,,,,,,,,,,
"JavaScript
HTML
CSS
Ruby
Shopify
Shopify Templates
Web Development
TypeScript
Front-End Development",JavaScript,HTML,CSS,Ruby,Shopify,Shopify Templates,Web Development,TypeScript,Front-End Development,,,,,,,,,,,,,,,,,,,,,,,
"Landing Page
Ebook
Canva
Graphic Design
Social Media Imagery
Infographic
Brochure",Landing Page,Ebook,Canva,Graphic Design,Social Media Imagery,Infographic,Brochure,,,,,,,,,,,,,,,,,,,,,,,,,
"Technical Manual
English to Spanish Translation",Technical Manual,English to Spanish Translation,,,,,,,,,,,,,,,,,,,,,,,,,,,,,,
iOS,iOS,,,,,,,,,,,,,,,,,,,,,,,,,,,,,,,
Zoho CRM,Zoho CRM,,,,,,,,,,,,,,,,,,,,,,,,,,,,,,,
"WooCommerce
WordPress
CSS
HTML
JavaScript",WooCommerce,WordPress,CSS,HTML,JavaScript,,,,,,,,,,,,,,,,,,,,,,,,,,,
"WooCommerce
WordPress
CSS
HTML
JavaScript",WooCommerce,WordPress,CSS,HTML,JavaScript,,,,,,,,,,,,,,,,,,,,,,,,,,,
"Adobe Illustrator
Illustration
Adobe Photoshop
Graphic Design
Drawing
Cartoon Art
Sketch
Character Design
Freestyle Drawing
Concept Artistry",Adobe Illustrator,Illustration,Adobe Photoshop,Graphic Design,Drawing,Cartoon Art,Sketch,Character Design,Freestyle Drawing,Concept Artistry,,,,,,,,,,,,,,,,,,,,,,
"Data Analysis
Critical Thinking Skills",Data Analysis,Critical Thinking Skills,,,,,,,,,,,,,,,,,,,,,,,,,,,,,,
"General Transcription
Legal Transcription
Latin American Spanish Accent",General Transcription,Legal Transcription,Latin American Spanish Accent,,,,,,,,,,,,,,,,,,,,,,,,,,,,,
"3D Modeling
3D Design
Character Design
Autodesk Maya
Autodesk 3ds Max
3D Animation
Pixologic Zbrush
Blender
3D Rendering",3D Modeling,3D Design,Character Design,Autodesk Maya,Autodesk 3ds Max,3D Animation,Pixologic Zbrush,Blender,3D Rendering,,,,,,,,,,,,,,,,,,,,,,,
"Flutter Developer
Android
iOS
Mobile App Development",Flutter Developer,Android,iOS,Mobile App Development,,,,,,,,,,,,,,,,,,,,,,,,,,,,
"Market Analysis
Researcher
Market Research",Market Analysis,Researcher,Market Research,,,,,,,,,,,,,,,,,,,,,,,,,,,,,
"Accounting
Financial Accounting
Account Reconciliation
Bookkeeping
Balance Sheet",Accounting,Financial Accounting,Account Reconciliation,Bookkeeping,Balance Sheet,,,,,,,,,,,,,,,,,,,,,,,,,,,
"Male
US English Dialect
Voice-Over
Voice Acting
Audio Editing
Middle-Aged Adult
Young Adult
Audio Production
Narration",Male,US English Dialect,Voice-Over,Voice Acting,Audio Editing,Middle-Aged Adult,Young Adult,Audio Production,Narration,,,,,,,,,,,,,,,,,,,,,,,
"Model & Live Subject Photography
Indonesian
Data Entry
Virtual Assistance
Afrikaans
Customer Support
English
Bengali",Model & Live Subject Photography,Indonesian,Data Entry,Virtual Assistance,Afrikaans,Customer Support,English,Bengali,,,,,,,,,,,,,,,,,,,,,,,,
"Recruiting
Human Resource Management
Candidate Interviewing
Candidate Sourcing
Resume Screening
Staff Recruitment & Management
Communications",Recruiting,Human Resource Management,Candidate Interviewing,Candidate Sourcing,Resume Screening,Staff Recruitment & Management,Communications,,,,,,,,,,,,,,,,,,,,,,,,,
Usability Tester,Usability Tester,,,,,,,,,,,,,,,,,,,,,,,,,,,,,,,
"Mystery Shopping
Market Research
Customer Service
Researcher",Mystery Shopping,Market Research,Customer Service,Researcher,,,,,,,,,,,,,,,,,,,,,,,,,,,,
"Computer Science
Artificial Intelligence
Prolog",Computer Science,Artificial Intelligence,Prolog,,,,,,,,,,,,,,,,,,,,,,,,,,,,,
"Translation
English",Translation,English,,,,,,,,,,,,,,,,,,,,,,,,,,,,,,
"English
US English Dialect
British English Accent
Voice Acting",English,US English Dialect,British English Accent,Voice Acting,,,,,,,,,,,,,,,,,,,,,,,,,,,,
SMPP,SMPP,,,,,,,,,,,,,,,,,,,,,,,,,,,,,,,
"Creative Writing
Screenwriting
Copywriting
Researcher
Content Writing
Blog Writing
Article Writing
Article
Writing
English",Creative Writing,Screenwriting,Copywriting,Researcher,Content Writing,Blog Writing,Article Writing,Article,Writing,English,,,,,,,,,,,,,,,,,,,,,,
"Consecutive Interpreting
Live Interpretation
English
Chinese
Translation",Consecutive Interpreting,Live Interpretation,English,Chinese,Translation,,,,,,,,,,,,,,,,,,,,,,,,,,,
,,,,,,,,,,,,,,,,,,,,,,,,,,,,,,,,
"Microsoft Dynamics 365
ERP Software
Finance & Law
Cloud Implementation",Microsoft Dynamics 365,ERP Software,Finance & Law,Cloud Implementation,,,,,,,,,,,,,,,,,,,,,,,,,,,,
"English
French
Customer Service",English,French,Customer Service,,,,,,,,,,,,,,,,,,,,,,,,,,,,,
"3D Rendering
Photorealistic Rendering
3D Product Rendering
3D Design
3D Modeling",3D Rendering,Photorealistic Rendering,3D Product Rendering,3D Design,3D Modeling,,,,,,,,,,,,,,,,,,,,,,,,,,,
"Facebook
Social Media Marketing
Facebook Advertising
Retargeting
Social Media Advertising
Instagram",Facebook,Social Media Marketing,Facebook Advertising,Retargeting,Social Media Advertising,Instagram,,,,,,,,,,,,,,,,,,,,,,,,,,
Facebook,Facebook,,,,,,,,,,,,,,,,,,,,,,,,,,,,,,,
"Automation
Robotic Process Automation
Machine Learning
Video Camera
Mechanical Engineering
Artificial Intelligence",Automation,Robotic Process Automation,Machine Learning,Video Camera,Mechanical Engineering,Artificial Intelligence,,,,,,,,,,,,,,,,,,,,,,,,,,
"Welsh
General Transcription
Audio Transcription
Transcription Timestamping
English to Welsh Translation",Welsh,General Transcription,Audio Transcription,Transcription Timestamping,English to Welsh Translation,,,,,,,,,,,,,,,,,,,,,,,,,,,
"People
Wikipedia
Article
Article Writing
Content Writing
English
Fact-Checking",People,Wikipedia,Article,Article Writing,Content Writing,English,Fact-Checking,,,,,,,,,,,,,,,,,,,,,,,,,
"Google Ads
Google Analytics
PPC Campaign Setup & Management
Pay Per Click Advertising
Google Tag Manager
Campaign Optimization",Google Ads,Google Analytics,PPC Campaign Setup & Management,Pay Per Click Advertising,Google Tag Manager,Campaign Optimization,,,,,,,,,,,,,,,,,,,,,,,,,,
English,English,,,,,,,,,,,,,,,,,,,,,,,,,,,,,,,
"Automation
Robotic Process Automation
Machine Learning
Video Camera
Mechanical Engineering
Artificial Intelligence",Automation,Robotic Process Automation,Machine Learning,Video Camera,Mechanical Engineering,Artificial Intelligence,,,,,,,,,,,,,,,,,,,,,,,,,,
"Welsh
General Transcription
Audio Transcription
Transcription Timestamping
English to Welsh Translation",Welsh,General Transcription,Audio Transcription,Transcription Timestamping,English to Welsh Translation,,,,,,,,,,,,,,,,,,,,,,,,,,,
"People
Wikipedia
Article
Article Writing
Content Writing
English
Fact-Checking",People,Wikipedia,Article,Article Writing,Content Writing,English,Fact-Checking,,,,,,,,,,,,,,,,,,,,,,,,,
"Google Ads
Google Analytics
PPC Campaign Setup & Management
Pay Per Click Advertising
Google Tag Manager
Campaign Optimization",Google Ads,Google Analytics,PPC Campaign Setup & Management,Pay Per Click Advertising,Google Tag Manager,Campaign Optimization,,,,,,,,,,,,,,,,,,,,,,,,,,
English,English,,,,,,,,,,,,,,,,,,,,,,,,,,,,,,,
Marketing Strategy,Marketing Strategy,,,,,,,,,,,,,,,,,,,,,,,,,,,,,,,
"Blog Content
Content Writing
SEO Writing
Article Writing
Search Engine Optimization
English
Website Content
Retail & Consumer Goods",Blog Content,Content Writing,SEO Writing,Article Writing,Search Engine Optimization,English,Website Content,Retail & Consumer Goods,,,,,,,,,,,,,,,,,,,,,,,,
"Video Commercial
Video Editing
Video Production
Video Post-Editing
Explainer Video",Video Commercial,Video Editing,Video Production,Video Post-Editing,Explainer Video,,,,,,,,,,,,,,,,,,,,,,,,,,,
"Native
Translation
English
Swedish",Native,Translation,English,Swedish,,,,,,,,,,,,,,,,,,,,,,,,,,,,
Flutter,Flutter,,,,,,,,,,,,,,,,,,,,,,,,,,,,,,,
"Social Media Marketing
Instagram
Influencer Marketing",Social Media Marketing,Instagram,Influencer Marketing,,,,,,,,,,,,,,,,,,,,,,,,,,,,,
"Buying
Sourcing
Partnership Development
Market Research",Buying,Sourcing,Partnership Development,Market Research,,,,,,,,,,,,,,,,,,,,,,,,,,,,
"R
Statistics
Data Analysis
Quantitative Analysis
Data Science
Data Visualization",R,Statistics,Data Analysis,Quantitative Analysis,Data Science,Data Visualization,,,,,,,,,,,,,,,,,,,,,,,,,,
"Python
Back-End Development
SMS
SMS Gateway",Python,Back-End Development,SMS,SMS Gateway,,,,,,,,,,,,,,,,,,,,,,,,,,,,
"Flutter
Android
iOS",Flutter,Android,iOS,,,,,,,,,,,,,,,,,,,,,,,,,,,,,
"Product Photography
Photo Editing
Photography
Video Production
Videography
Video Editing",Product Photography,Photo Editing,Photography,Video Production,Videography,Video Editing,,,,,,,,,,,,,,,,,,,,,,,,,,
"Social Media Marketing Strategy
Marketing Strategy
Social Media Management
YouTube
YouTube Marketing
Influencer Marketing
Social Media Marketing
Internet Marketing
Facebook
Instagram",Social Media Marketing Strategy,Marketing Strategy,Social Media Management,YouTube,YouTube Marketing,Influencer Marketing,Social Media Marketing,Internet Marketing,Facebook,Instagram,,,,,,,,,,,,,,,,,,,,,,
"Java
SQLite
Android
Android App Development",Java,SQLite,Android,Android App Development,,,,,,,,,,,,,,,,,,,,,,,,,,,,
"Kubernetes
Git
Deployment Automation
DevOps
Private Cloud",Kubernetes,Git,Deployment Automation,DevOps,Private Cloud,,,,,,,,,,,,,,,,,,,,,,,,,,,
"SQLite
User Authentication
Location-Based Service
Camera
In-App Search
Offline Functionality
API Integration
QR & Barcode Scanner
Chat & Messaging Software
Flutter
Android
Mobile App Development",SQLite,User Authentication,Location-Based Service,Camera,In-App Search,Offline Functionality,API Integration,QR & Barcode Scanner,Chat & Messaging Software,Flutter,Android,Mobile App Development,,,,,,,,,,,,,,,,,,,,
"Kubernetes
Git
Deployment Automation
DevOps
Private Cloud",Kubernetes,Git,Deployment Automation,DevOps,Private Cloud,,,,,,,,,,,,,,,,,,,,,,,,,,,
"SQLite
User Authentication
Location-Based Service
Camera
In-App Search
Offline Functionality
API Integration
QR & Barcode Scanner
Chat & Messaging Software
Flutter
Android
Mobile App Development",SQLite,User Authentication,Location-Based Service,Camera,In-App Search,Offline Functionality,API Integration,QR & Barcode Scanner,Chat & Messaging Software,Flutter,Android,Mobile App Development,,,,,,,,,,,,,,,,,,,,
"Virtual Assistant
Data Entry",Virtual Assistant,Data Entry,,,,,,,,,,,,,,,,,,,,,,,,,,,,,,
"Video Editing
Adobe Premiere Pro
Adobe After Effects",Video Editing,Adobe Premiere Pro,Adobe After Effects,,,,,,,,,,,,,,,,,,,,,,,,,,,,,
"Translation
Italian
German
English
French
Castilian Spanish",Translation,Italian,German,English,French,Castilian Spanish,,,,,,,,,,,,,,,,,,,,,,,,,,
"Brand Research
Consumer Research
Online Research
Data Processing
Ethnographies
Market Research Interview
Market Analysis
Market Research
Company Research
English
Portuguese
Marketing Analytics
Business Services
Manufacturing & Construction
Sales & Marketing",Brand Research,Consumer Research,Online Research,Data Processing,Ethnographies,Market Research Interview,Market Analysis,Market Research,Company Research,English,Portuguese,Marketing Analytics,Business Services,Manufacturing & Construction,Sales & Marketing,,,,,,,,,,,,,,,,,
"B2B Marketing
Telemarketing
Sales
Scheduling
Outbound Sales",B2B Marketing,Telemarketing,Sales,Scheduling,Outbound Sales,,,,,,,,,,,,,,,,,,,,,,,,,,,
"Twitter
JavaScript
Web Development",Twitter,JavaScript,Web Development,,,,,,,,,,,,,,,,,,,,,,,,,,,,,
"English
English to Chinese Translation
Chinese to English Translation
Chinese
Translation
Mandarin Chinese",English,English to Chinese Translation,Chinese to English Translation,Chinese,Translation,Mandarin Chinese,,,,,,,,,,,,,,,,,,,,,,,,,,
"Microsoft Word
Typing
Data Entry",Microsoft Word,Typing,Data Entry,,,,,,,,,,,,,,,,,,,,,,,,,,,,,
"English
English to Chinese Translation
Chinese to English Translation
Chinese
Translation
Mandarin Chinese",English,English to Chinese Translation,Chinese to English Translation,Chinese,Translation,Mandarin Chinese,,,,,,,,,,,,,,,,,,,,,,,,,,
"Microsoft Word
Typing
Data Entry",Microsoft Word,Typing,Data Entry,,,,,,,,,,,,,,,,,,,,,,,,,,,,,
"Dutch
English
Translation
Voice Acting
Proofreading
Voice-Over
Communications
Researcher",Dutch,English,Translation,Voice Acting,Proofreading,Voice-Over,Communications,Researcher,,,,,,,,,,,,,,,,,,,,,,,,
"Buying
Logistics Management
Supply Chain Management
Microsoft Excel
Vendor Management",Buying,Logistics Management,Supply Chain Management,Microsoft Excel,Vendor Management,,,,,,,,,,,,,,,,,,,,,,,,,,,
"Video Editing
Adobe Premiere Pro
Final Cut Pro X
Video Production
Adobe After Effects
Video Post-Editing
Audio Editing
Videography",Video Editing,Adobe Premiere Pro,Final Cut Pro X,Video Production,Adobe After Effects,Video Post-Editing,Audio Editing,Videography,,,,,,,,,,,,,,,,,,,,,,,,
"MATLAB
Electrical Engineering
Simulink
Engineering Simulation
MATLAB Script
Digital Signal Processing
Electronics
Power Electronics",MATLAB,Electrical Engineering,Simulink,Engineering Simulation,MATLAB Script,Digital Signal Processing,Electronics,Power Electronics,,,,,,,,,,,,,,,,,,,,,,,,
"Print Design
Graphic Design",Print Design,Graphic Design,,,,,,,,,,,,,,,,,,,,,,,,,,,,,,
English,English,,,,,,,,,,,,,,,,,,,,,,,,,,,,,,,
"Chinese
Videography
Photography
Mobile App Testing",Chinese,Videography,Photography,Mobile App Testing,,,,,,,,,,,,,,,,,,,,,,,,,,,,
"Voice Acting
German
Proofreading
Creative Writing
Writing
Translation
English to German Translation
Content Writing",Voice Acting,German,Proofreading,Creative Writing,Writing,Translation,English to German Translation,Content Writing,,,,,,,,,,,,,,,,,,,,,,,,
"Voice Acting
German
Proofreading
Creative Writing
Writing
Translation
English to German Translation
Content Writing",Voice Acting,German,Proofreading,Creative Writing,Writing,Translation,English to German Translation,Content Writing,,,,,,,,,,,,,,,,,,,,,,,,
"Web Design
Adobe Photoshop
Web Development",Web Design,Adobe Photoshop,Web Development,,,,,,,,,,,,,,,,,,,,,,,,,,,,,
"Virtual Assistant
Interpersonal Skills
Customer Service
Communications",Virtual Assistant,Interpersonal Skills,Customer Service,Communications,,,,,,,,,,,,,,,,,,,,,,,,,,,,
Sales,Sales,,,,,,,,,,,,,,,,,,,,,,,,,,,,,,,
"Graphic Design
Illustration
Klaviyo",Graphic Design,Illustration,Klaviyo,,,,,,,,,,,,,,,,,,,,,,,,,,,,,
"Web Application
Google Analytics
SaaS
API
API Integration
API Development
JavaScript",Web Application,Google Analytics,SaaS,API,API Integration,API Development,JavaScript,,,,,,,,,,,,,,,,,,,,,,,,,
"PayPal
Payoneer
Magento
Web Design
Web Development
Payment Gateway Integration
JavaScript",PayPal,Payoneer,Magento,Web Design,Web Development,Payment Gateway Integration,JavaScript,,,,,,,,,,,,,,,,,,,,,,,,,
"Legal Research
Legal Writing
Draft Documentation
Paralegal
File Documentation
Legal Assistance",Legal Research,Legal Writing,Draft Documentation,Paralegal,File Documentation,Legal Assistance,,,,,,,,,,,,,,,,,,,,,,,,,,
"Qualitative Research
English
Article
Article Writing
Blog Content
Kubernetes",Qualitative Research,English,Article,Article Writing,Blog Content,Kubernetes,,,,,,,,,,,,,,,,,,,,,,,,,,
"Flutter Developer
Flutter
Android
iOS
Mobile App Development
Android App Development",Flutter Developer,Flutter,Android,iOS,Mobile App Development,Android App Development,,,,,,,,,,,,,,,,,,,,,,,,,,
"Vue.js
JavaScript
CSS
HTML",Vue.js,JavaScript,CSS,HTML,,,,,,,,,,,,,,,,,,,,,,,,,,,,
"Romanian
Czech
Translation
Documentation
Romanian to English Translation
English to Czech Translation
English to Romanian Translation
Czech to English Translation",Romanian,Czech,Translation,Documentation,Romanian to English Translation,English to Czech Translation,English to Romanian Translation,Czech to English Translation,,,,,,,,,,,,,,,,,,,,,,,,
"Sales & Marketing
Marketing Strategy
Lead Generation
Social Media Marketing",Sales & Marketing,Marketing Strategy,Lead Generation,Social Media Marketing,,,,,,,,,,,,,,,,,,,,,,,,,,,,
"Thai
Thai to English Translation
English to Thai Translation
Proofreading
Translation",Thai,Thai to English Translation,English to Thai Translation,Proofreading,Translation,,,,,,,,,,,,,,,,,,,,,,,,,,,
"Figma Expert
Figma
Web Design
User Interface Design
User Experience Design",Figma Expert,Figma,Web Design,User Interface Design,User Experience Design,,,,,,,,,,,,,,,,,,,,,,,,,,,
"Hybrid App Development
Ionic Framework
Angular
Node.js
AngularJS
Mobile App Development
Camera",Hybrid App Development,Ionic Framework,Angular,Node.js,AngularJS,Mobile App Development,Camera,,,,,,,,,,,,,,,,,,,,,,,,,
"Translation
English to Japanese Translation
Japanese
English
Documentation
Proofreading
Japanese to English Translation",Translation,English to Japanese Translation,Japanese,English,Documentation,Proofreading,Japanese to English Translation,,,,,,,,,,,,,,,,,,,,,,,,,
"Lead Generation Content Creation
Lead Generation
Researcher
Email Marketing
Sales
Market Research
Marketing Strategy
Data Entry
List Building
Prospect List",Lead Generation Content Creation,Lead Generation,Researcher,Email Marketing,Sales,Market Research,Marketing Strategy,Data Entry,List Building,Prospect List,,,,,,,,,,,,,,,,,,,,,,
"API Integration
API
PHP",API Integration,API,PHP,,,,,,,,,,,,,,,,,,,,,,,,,,,,,
"Stripe
JavaScript
API",Stripe,JavaScript,API,,,,,,,,,,,,,,,,,,,,,,,,,,,,,
"Stripe
JavaScript
API",Stripe,JavaScript,API,,,,,,,,,,,,,,,,,,,,,,,,,,,,,
"Business Writing
Entrepreneurship
Competitive Analysis
Document Format
Writing",Business Writing,Entrepreneurship,Competitive Analysis,Document Format,Writing,,,,,,,,,,,,,,,,,,,,,,,,,,,
"Mathematics
Algorithm Development
Microsoft Excel
Mathematical Modeling
Equations
Python
MATLAB
Statistics
Excel Formula",Mathematics,Algorithm Development,Microsoft Excel,Mathematical Modeling,Equations,Python,MATLAB,Statistics,Excel Formula,,,,,,,,,,,,,,,,,,,,,,,
"Kubernetes
Infrastructure Management",Kubernetes,Infrastructure Management,,,,,,,,,,,,,,,,,,,,,,,,,,,,,,
"Content Writing
Copywriting
US English Dialect
English
Researcher
Article Writing
Proofreading
Creative Writing
Article
Writing",Content Writing,Copywriting,US English Dialect,English,Researcher,Article Writing,Proofreading,Creative Writing,Article,Writing,,,,,,,,,,,,,,,,,,,,,,
"DevOps
Node.js
Amazon Web Services
AngularJS
Angular
CI/CD
Docker",DevOps,Node.js,Amazon Web Services,AngularJS,Angular,CI/CD,Docker,,,,,,,,,,,,,,,,,,,,,,,,,
"Logo Design
Graphic Design
Adobe Illustrator
Adobe Photoshop",Logo Design,Graphic Design,Adobe Illustrator,Adobe Photoshop,,,,,,,,,,,,,,,,,,,,,,,,,,,,
"Client Management
English
French
Communications
Project Management
Project Plans",Client Management,English,French,Communications,Project Management,Project Plans,,,,,,,,,,,,,,,,,,,,,,,,,,
"Graphic Design
Banner Ad Design
Adobe Photoshop
Adobe Illustrator
Infographic
Social Media Imagery
Contemporary Style
Brand Identity & Guidelines
Adobe InDesign
Minimalist",Graphic Design,Banner Ad Design,Adobe Photoshop,Adobe Illustrator,Infographic,Social Media Imagery,Contemporary Style,Brand Identity & Guidelines,Adobe InDesign,Minimalist,,,,,,,,,,,,,,,,,,,,,,
"Computer Skills
Problem Solving
Typing
CRM Software
Microsoft Word
Microsoft Office
Data Entry
Microsoft Excel
Product Listings",Computer Skills,Problem Solving,Typing,CRM Software,Microsoft Word,Microsoft Office,Data Entry,Microsoft Excel,Product Listings,,,,,,,,,,,,,,,,,,,,,,,
"Java
Game Development
Data Structure
Object-Oriented Programming
Game Design",Java,Game Development,Data Structure,Object-Oriented Programming,Game Design,,,,,,,,,,,,,,,,,,,,,,,,,,,
"PDF
Adobe Photoshop",PDF,Adobe Photoshop,,,,,,,,,,,,,,,,,,,,,,,,,,,,,,
"Male
US English Dialect
Audio Editing
Acting
Adobe Illustrator
Middle-Aged Adult
Female
English",Male,US English Dialect,Audio Editing,Acting,Adobe Illustrator,Middle-Aged Adult,Female,English,,,,,,,,,,,,,,,,,,,,,,,,
"JPG
PDF
Adobe Photoshop
Image Editing
Photo Editing
Graphic Design
Photo Retouching
Portrait Art",JPG,PDF,Adobe Photoshop,Image Editing,Photo Editing,Graphic Design,Photo Retouching,Portrait Art,,,,,,,,,,,,,,,,,,,,,,,,
"SEO Keyword Research
Organic Traffic Growth
On-Page SEO",SEO Keyword Research,Organic Traffic Growth,On-Page SEO,,,,,,,,,,,,,,,,,,,,,,,,,,,,,
"UX & UI
Graphic Design",UX & UI,Graphic Design,,,,,,,,,,,,,,,,,,,,,,,,,,,,,,
"Customer Service
Customer Support
PayPal
Order Tracking
Email Support
Online Chat Support",Customer Service,Customer Support,PayPal,Order Tracking,Email Support,Online Chat Support,,,,,,,,,,,,,,,,,,,,,,,,,,
"Google Display Network
Pay Per Click Advertising
Campaign Reporting
Campaign Optimization
Google Ads
Display Ad
Marketing Audit
Retargeting
Programmatic Campaign",Google Display Network,Pay Per Click Advertising,Campaign Reporting,Campaign Optimization,Google Ads,Display Ad,Marketing Audit,Retargeting,Programmatic Campaign,,,,,,,,,,,,,,,,,,,,,,,
"Computer Network
Network Administration
Network Security",Computer Network,Network Administration,Network Security,,,,,,,,,,,,,,,,,,,,,,,,,,,,,
"Web Application
Custom PHP
Web Development
WordPress
JavaScript
CSS
PHP
HTML5
CSS 3",Web Application,Custom PHP,Web Development,WordPress,JavaScript,CSS,PHP,HTML5,CSS 3,,,,,,,,,,,,,,,,,,,,,,,
"Fluent
Native
Conversational
English
English Tutoring
US English Dialect
Teaching English
ESL Teaching
Proofreading",Fluent,Native,Conversational,English,English Tutoring,US English Dialect,Teaching English,ESL Teaching,Proofreading,,,,,,,,,,,,,,,,,,,,,,,
"Editing & Proofreading
Technical Documentation
English
Software
Help System
IT
RoboHelp
Technical Writing
Content Creation
Content Creation Software",Editing & Proofreading,Technical Documentation,English,Software,Help System,IT,RoboHelp,Technical Writing,Content Creation,Content Creation Software,,,,,,,,,,,,,,,,,,,,,,
"Computer Network
Network Administration
Linux",Computer Network,Network Administration,Linux,,,,,,,,,,,,,,,,,,,,,,,,,,,,,
"Proofreading
Editor
Error Detection
English",Proofreading,Editor,Error Detection,English,,,,,,,,,,,,,,,,,,,,,,,,,,,,
"Voice Recording
Male
Female
German",Voice Recording,Male,Female,German,,,,,,,,,,,,,,,,,,,,,,,,,,,,
"Google Tag Manager
Google Analytics",Google Tag Manager,Google Analytics,,,,,,,,,,,,,,,,,,,,,,,,,,,,,,
"Facebook
Copywriting
Lead Generation
Content Writing
Instagram
Social Media Marketing
Internet Marketing
Social Media Content",Facebook,Copywriting,Lead Generation,Content Writing,Instagram,Social Media Marketing,Internet Marketing,Social Media Content,,,,,,,,,,,,,,,,,,,,,,,,
"Online Instruction
Tax Law Compliance
Compliance
Compliance Training",Online Instruction,Tax Law Compliance,Compliance,Compliance Training,,,,,,,,,,,,,,,,,,,,,,,,,,,,
"Lead Generation
Market Research",Lead Generation,Market Research,,,,,,,,,,,,,,,,,,,,,,,,,,,,,,
"Lead Generation
Market Research",Lead Generation,Market Research,,,,,,,,,,,,,,,,,,,,,,,,,,,,,,
"Lead Generation
Market Research",Lead Generation,Market Research,,,,,,,,,,,,,,,,,,,,,,,,,,,,,,
"Lead Generation
Market Research",Lead Generation,Market Research,,,,,,,,,,,,,,,,,,,,,,,,,,,,,,
"Microsoft Azure
Amazon EC2
Amazon Web Services
Linux System Administration",Microsoft Azure,Amazon EC2,Amazon Web Services,Linux System Administration,,,,,,,,,,,,,,,,,,,,,,,,,,,,
"Adobe Photoshop
Graphic Design
Adobe Illustrator
Social Media Imagery",Adobe Photoshop,Graphic Design,Adobe Illustrator,Social Media Imagery,,,,,,,,,,,,,,,,,,,,,,,,,,,,
"Email Campaign Setup
Email Marketing
Mailchimp
Email Template Development
Campaign Monitor
Audience Segmentation & Targeting
Campaign Management
Marketing Campaign Setup & Implementation",Email Campaign Setup,Email Marketing,Mailchimp,Email Template Development,Campaign Monitor,Audience Segmentation & Targeting,Campaign Management,Marketing Campaign Setup & Implementation,,,,,,,,,,,,,,,,,,,,,,,,
"Graphic Design
3D Design
Motion Graphics
Logo Design
Logo Animation",Graphic Design,3D Design,Motion Graphics,Logo Design,Logo Animation,,,,,,,,,,,,,,,,,,,,,,,,,,,
"Resume Writing
Cover Letter Writing
Resume",Resume Writing,Cover Letter Writing,Resume,,,,,,,,,,,,,,,,,,,,,,,,,,,,,
"2D Design
Landscape Design
Autodesk AutoCAD
Landscaping
Graphic Design",2D Design,Landscape Design,Autodesk AutoCAD,Landscaping,Graphic Design,,,,,,,,,,,,,,,,,,,,,,,,,,,
"Voice Acting
Voice-Over
Audio Production
Audio Recording
Audio Editing",Voice Acting,Voice-Over,Audio Production,Audio Recording,Audio Editing,,,,,,,,,,,,,,,,,,,,,,,,,,,
"Web Design
Landing Page",Web Design,Landing Page,,,,,,,,,,,,,,,,,,,,,,,,,,,,,,
"Facebook
Marketing Strategy
Social Media Marketing
Campaign Management
Campaign Optimization
Instagram
Retargeting
Lead Generation
Internet Marketing",Facebook,Marketing Strategy,Social Media Marketing,Campaign Management,Campaign Optimization,Instagram,Retargeting,Lead Generation,Internet Marketing,,,,,,,,,,,,,,,,,,,,,,,
"Affiliate Marketing
Internet Marketing
Marketing Strategy
Campaign Management
Lead Generation
Campaign Optimization
Sales
Social Media Marketing
Advertising Networks
Sales & Marketing",Affiliate Marketing,Internet Marketing,Marketing Strategy,Campaign Management,Lead Generation,Campaign Optimization,Sales,Social Media Marketing,Advertising Networks,Sales & Marketing,,,,,,,,,,,,,,,,,,,,,,
"Customer Experience Research
Report Writing
English
Data Entry
Researcher",Customer Experience Research,Report Writing,English,Data Entry,Researcher,,,,,,,,,,,,,,,,,,,,,,,,,,,
"Communications
Event Management
Social Media Marketing
Project Management
Critical Thinking Skills",Communications,Event Management,Social Media Marketing,Project Management,Critical Thinking Skills,,,,,,,,,,,,,,,,,,,,,,,,,,,
"API
Web Scraping",API,Web Scraping,,,,,,,,,,,,,,,,,,,,,,,,,,,,,,
"React
HTML
CSS
Redux
Web Development",React,HTML,CSS,Redux,Web Development,,,,,,,,,,,,,,,,,,,,,,,,,,,
"Internet Marketing
Social Media Content
Campaign Management",Internet Marketing,Social Media Content,Campaign Management,,,,,,,,,,,,,,,,,,,,,,,,,,,,,
"Social Media Marketing
Marketing Strategy
Content Writing
Internet Marketing
Search Engine Optimization
Social Media Content
Campaign Management",Social Media Marketing,Marketing Strategy,Content Writing,Internet Marketing,Search Engine Optimization,Social Media Content,Campaign Management,,,,,,,,,,,,,,,,,,,,,,,,,
"Instagram
Social Media Marketing
Social Media Management
Content Writing
Graphic Design
Marketing Strategy
Social Media Content
Social Media Advertising",Instagram,Social Media Marketing,Social Media Management,Content Writing,Graphic Design,Marketing Strategy,Social Media Content,Social Media Advertising,,,,,,,,,,,,,,,,,,,,,,,,
"Google Ads
Facebook
Search Engine Marketing
Campaign Management
Facebook Ad Campaign
Instagram Ad Campaign",Google Ads,Facebook,Search Engine Marketing,Campaign Management,Facebook Ad Campaign,Instagram Ad Campaign,,,,,,,,,,,,,,,,,,,,,,,,,,
"Social Media Marketing
Marketing Strategy
Content Writing
Internet Marketing
Search Engine Optimization
Social Media Content
Campaign Management",Social Media Marketing,Marketing Strategy,Content Writing,Internet Marketing,Search Engine Optimization,Social Media Content,Campaign Management,,,,,,,,,,,,,,,,,,,,,,,,,
"Instagram
Social Media Marketing
Social Media Management
Content Writing
Graphic Design
Marketing Strategy
Social Media Content
Social Media Advertising",Instagram,Social Media Marketing,Social Media Management,Content Writing,Graphic Design,Marketing Strategy,Social Media Content,Social Media Advertising,,,,,,,,,,,,,,,,,,,,,,,,
"Google Ads
Facebook
Search Engine Marketing
Campaign Management
Facebook Ad Campaign
Instagram Ad Campaign",Google Ads,Facebook,Search Engine Marketing,Campaign Management,Facebook Ad Campaign,Instagram Ad Campaign,,,,,,,,,,,,,,,,,,,,,,,,,,
"MySQL
MariaDB
SQL
PHP",MySQL,MariaDB,SQL,PHP,,,,,,,,,,,,,,,,,,,,,,,,,,,,
"Shopify
Shopify Apps
App Development",Shopify,Shopify Apps,App Development,,,,,,,,,,,,,,,,,,,,,,,,,,,,,
"Virtual Reality
C#
Unity
3D Modeling
VR Application
Microsoft HoloLens
Altspace",Virtual Reality,C#,Unity,3D Modeling,VR Application,Microsoft HoloLens,Altspace,,,,,,,,,,,,,,,,,,,,,,,,,
"Graphic Design
Adobe Illustrator
Adobe Photoshop
Social Media Imagery
Web Design
Adobe InDesign",Graphic Design,Adobe Illustrator,Adobe Photoshop,Social Media Imagery,Web Design,Adobe InDesign,,,,,,,,,,,,,,,,,,,,,,,,,,
"Blender
3D Animation
Animation
Unreal Engine
3D Modeling",Blender,3D Animation,Animation,Unreal Engine,3D Modeling,,,,,,,,,,,,,,,,,,,,,,,,,,,
"Clothing
Adobe Illustrator
Adobe After Effects
Adobe XD
Adobe Photoshop
Freestyle Drawing
Graphic Design
Illustration
Character Design
Concept Artistry",Clothing,Adobe Illustrator,Adobe After Effects,Adobe XD,Adobe Photoshop,Freestyle Drawing,Graphic Design,Illustration,Character Design,Concept Artistry,,,,,,,,,,,,,,,,,,,,,,
"React
CSS
HTML
JavaScript
Python
Flask
API
HTML5
Web Development
Web Application",React,CSS,HTML,JavaScript,Python,Flask,API,HTML5,Web Development,Web Application,,,,,,,,,,,,,,,,,,,,,,
"Technical SEO
Quality Assurance
HubSpot",Technical SEO,Quality Assurance,HubSpot,,,,,,,,,,,,,,,,,,,,,,,,,,,,,
"Content SEO
SEO Strategy
SEO Keyword Research
Google Analytics
Search Engine Optimization
Marketing Audit
SEO Backlinking
Google Ads
On-Page SEO",Content SEO,SEO Strategy,SEO Keyword Research,Google Analytics,Search Engine Optimization,Marketing Audit,SEO Backlinking,Google Ads,On-Page SEO,,,,,,,,,,,,,,,,,,,,,,,
"Flutter
Game Development
Game Design
Mobile Game
Android",Flutter,Game Development,Game Design,Mobile Game,Android,,,,,,,,,,,,,,,,,,,,,,,,,,,
ESP32,ESP32,,,,,,,,,,,,,,,,,,,,,,,,,,,,,,,
"WordPress
Web Design
PHP
Web Development
Facebook Pixel Setup & Optimization",WordPress,Web Design,PHP,Web Development,Facebook Pixel Setup & Optimization,,,,,,,,,,,,,,,,,,,,,,,,,,,
"OpenCV
Computer Vision
C++",OpenCV,Computer Vision,C++,,,,,,,,,,,,,,,,,,,,,,,,,,,,,
"In-App Purchases
TypeScript
Firebase Cloud Firestore
React Native
Firebase
Redux
Tablet",In-App Purchases,TypeScript,Firebase Cloud Firestore,React Native,Firebase,Redux,Tablet,,,,,,,,,,,,,,,,,,,,,,,,,
"Facebook
Facebook Advertising
Social Media Advertising",Facebook,Facebook Advertising,Social Media Advertising,,,,,,,,,,,,,,,,,,,,,,,,,,,,,
"Proofreading
WordPress
Slack
Trello
Basecamp
Marketing
Communications
Time Management
Project Timelines
Virtual Assistant
Task Coordination
Status Reports",Proofreading,WordPress,Slack,Trello,Basecamp,Marketing,Communications,Time Management,Project Timelines,Virtual Assistant,Task Coordination,Status Reports,,,,,,,,,,,,,,,,,,,,
"Whiteboard Animation
Animation
Video Production
Explainer Video
Flipbook Animation",Whiteboard Animation,Animation,Video Production,Explainer Video,Flipbook Animation,,,,,,,,,,,,,,,,,,,,,,,,,,,
"Sales Writing
Outreach Email Copywriting
Email Copywriting
Persuasive Writing
Copywriting
Content Writing
Email Communication",Sales Writing,Outreach Email Copywriting,Email Copywriting,Persuasive Writing,Copywriting,Content Writing,Email Communication,,,,,,,,,,,,,,,,,,,,,,,,,
"Android
JavaScript
Android App Development
Mobile App Development
iOS
Web Development
Data Entry
WordPress
Smartphone
Kotlin",Android,JavaScript,Android App Development,Mobile App Development,iOS,Web Development,Data Entry,WordPress,Smartphone,Kotlin,,,,,,,,,,,,,,,,,,,,,,
"API Integration
Scripting
Visual Basic for Applications
Microsoft Excel
Automation
API
Python
JavaScript",API Integration,Scripting,Visual Basic for Applications,Microsoft Excel,Automation,API,Python,JavaScript,,,,,,,,,,,,,,,,,,,,,,,,
"General Transcription
Hindi
Indian English Dialect",General Transcription,Hindi,Indian English Dialect,,,,,,,,,,,,,,,,,,,,,,,,,,,,,
"Social Media Marketing
Acting",Social Media Marketing,Acting,,,,,,,,,,,,,,,,,,,,,,,,,,,,,,
"Video Commercial
Documentary
Testimonial Video
Explainer Video
Content Writing
Creative Writing
Scriptwriting
Scripting
Copywriting
Script",Video Commercial,Documentary,Testimonial Video,Explainer Video,Content Writing,Creative Writing,Scriptwriting,Scripting,Copywriting,Script,,,,,,,,,,,,,,,,,,,,,,
"Pinterest
Facebook
Instagram
Social Media Marketing
Social Media Management
Social Media Advertising
Facebook Advertising",Pinterest,Facebook,Instagram,Social Media Marketing,Social Media Management,Social Media Advertising,Facebook Advertising,,,,,,,,,,,,,,,,,,,,,,,,,
"Initial Coin Offering
Blockchain
Blockchain Architecture
Cryptocurrency",Initial Coin Offering,Blockchain,Blockchain Architecture,Cryptocurrency,,,,,,,,,,,,,,,,,,,,,,,,,,,,
"CSS
HTML
Bootstrap",CSS,HTML,Bootstrap,,,,,,,,,,,,,,,,,,,,,,,,,,,,,
"Mobile App Development
Java
Smartphone
JavaScript
PHP
Firebase
React Native
iOS Development
React
Android",Mobile App Development,Java,Smartphone,JavaScript,PHP,Firebase,React Native,iOS Development,React,Android,,,,,,,,,,,,,,,,,,,,,,
"Search Engine Optimization
Content Writing
Blog Content
Article Writing
Financial Writing
English",Search Engine Optimization,Content Writing,Blog Content,Article Writing,Financial Writing,English,,,,,,,,,,,,,,,,,,,,,,,,,,
"Video Production
Video Post-Editing
Product Photography
Video Shoot",Video Production,Video Post-Editing,Product Photography,Video Shoot,,,,,,,,,,,,,,,,,,,,,,,,,,,,
"English to Italian Translation
Translation",English to Italian Translation,Translation,,,,,,,,,,,,,,,,,,,,,,,,,,,,,,
"English
Creative Writing
Scriptwriting
Explainer Video",English,Creative Writing,Scriptwriting,Explainer Video,,,,,,,,,,,,,,,,,,,,,,,,,,,,
"Yii
Custom PHP
API Integration
Web Application
Ecommerce Website
PHP
Full-Stack Development",Yii,Custom PHP,API Integration,Web Application,Ecommerce Website,PHP,Full-Stack Development,,,,,,,,,,,,,,,,,,,,,,,,,
"On-Page SEO
Content Writing
Search Engine Optimization
SEO Keyword Research
Article Writing
Blog Writing
SEO Writing
Copywriting
Writing",On-Page SEO,Content Writing,Search Engine Optimization,SEO Keyword Research,Article Writing,Blog Writing,SEO Writing,Copywriting,Writing,,,,,,,,,,,,,,,,,,,,,,,
"Lead Generation
Sales
Virtual Assistant
Data Entry",Lead Generation,Sales,Virtual Assistant,Data Entry,,,,,,,,,,,,,,,,,,,,,,,,,,,,
"Article Writing
Article
English
Researcher
Search Engine Optimization",Article Writing,Article,English,Researcher,Search Engine Optimization,,,,,,,,,,,,,,,,,,,,,,,,,,,
"React
HTML5
CSS 3
Web Development",React,HTML5,CSS 3,Web Development,,,,,,,,,,,,,,,,,,,,,,,,,,,,
"React
HTML5
CSS 3
Web Development",React,HTML5,CSS 3,Web Development,,,,,,,,,,,,,,,,,,,,,,,,,,,,
"Database Development
Python
PostgreSQL
Business with 1-9 Employees
API Integration
React
Node.js
Database Architecture",Database Development,Python,PostgreSQL,Business with 1-9 Employees,API Integration,React,Node.js,Database Architecture,,,,,,,,,,,,,,,,,,,,,,,,
"Automation
Data Extraction
Scripting
Selenium
Business with 1-9 Employees
Python
Telegram API
Data Scraping
Scraper
Scrapy",Automation,Data Extraction,Scripting,Selenium,Business with 1-9 Employees,Python,Telegram API,Data Scraping,Scraper,Scrapy,,,,,,,,,,,,,,,,,,,,,,
"WordPress
Web Development
CSS",WordPress,Web Development,CSS,,,,,,,,,,,,,,,,,,,,,,,,,,,,,
"Off-Page SEO
SEO Backlinking
Digital Marketing",Off-Page SEO,SEO Backlinking,Digital Marketing,,,,,,,,,,,,,,,,,,,,,,,,,,,,,
Researcher,Researcher,,,,,,,,,,,,,,,,,,,,,,,,,,,,,,,
"WordPress
PHP
JavaScript
Plugin Development",WordPress,PHP,JavaScript,Plugin Development,,,,,,,,,,,,,,,,,,,,,,,,,,,,
"Stata
Data Analysis
Statistics",Stata,Data Analysis,Statistics,,,,,,,,,,,,,,,,,,,,,,,,,,,,,
"Deep Learning
Data Science
Feature Extraction
Cluster Computing
Machine Learning Model
Machine Learning
Natural Language Processing
Python
Artificial Intelligence",Deep Learning,Data Science,Feature Extraction,Cluster Computing,Machine Learning Model,Machine Learning,Natural Language Processing,Python,Artificial Intelligence,,,,,,,,,,,,,,,,,,,,,,,
"Artificial Intelligence
Machine Learning
AI
Videography
Video Camera
Female
Male",Artificial Intelligence,Machine Learning,AI,Videography,Video Camera,Female,Male,,,,,,,,,,,,,,,,,,,,,,,,,
"2D Art
Print Design",2D Art,Print Design,,,,,,,,,,,,,,,,,,,,,,,,,,,,,,
"Microsoft SharePoint Administration
Microsoft SharePoint Development
Windows Server
Microsoft Office SharePoint Server",Microsoft SharePoint Administration,Microsoft SharePoint Development,Windows Server,Microsoft Office SharePoint Server,,,,,,,,,,,,,,,,,,,,,,,,,,,,
"Eagle
Electrical Engineering
PCB Design
Electronic Design
Electronics",Eagle,Electrical Engineering,PCB Design,Electronic Design,Electronics,,,,,,,,,,,,,,,,,,,,,,,,,,,
"Swift
Technical Writing
iOS Development",Swift,Technical Writing,iOS Development,,,,,,,,,,,,,,,,,,,,,,,,,,,,,
"Ghostwriting
Ebook Writing
Creative Writing
Researcher
English
Book Writing
Editor",Ghostwriting,Ebook Writing,Creative Writing,Researcher,English,Book Writing,Editor,,,,,,,,,,,,,,,,,,,,,,,,,
"Graphic Design
Logo Design
Adobe Photoshop",Graphic Design,Logo Design,Adobe Photoshop,,,,,,,,,,,,,,,,,,,,,,,,,,,,,
"WeChat
API Integration
API
PHP
Python",WeChat,API Integration,API,PHP,Python,,,,,,,,,,,,,,,,,,,,,,,,,,,
"Blog Content
Content Writing
Article Writing
English
Blog Writing
SEO Writing",Blog Content,Content Writing,Article Writing,English,Blog Writing,SEO Writing,,,,,,,,,,,,,,,,,,,,,,,,,,
"Content Writing
Copywriting
English
Creative Writing
Social Media Content
Writing",Content Writing,Copywriting,English,Creative Writing,Social Media Content,Writing,,,,,,,,,,,,,,,,,,,,,,,,,,
"Data Extraction
Beautiful Soup
Python-Goose
Scrapy
Python
Data Scraping",Data Extraction,Beautiful Soup,Python-Goose,Scrapy,Python,Data Scraping,,,,,,,,,,,,,,,,,,,,,,,,,,
"FPGA
Verilog
Embedded System
Embedded C
Microcontroller Programming
VHDL",FPGA,Verilog,Embedded System,Embedded C,Microcontroller Programming,VHDL,,,,,,,,,,,,,,,,,,,,,,,,,,
"Unity
Game Development",Unity,Game Development,,,,,,,,,,,,,,,,,,,,,,,,,,,,,,
"3D Design
CAD & CAM Software
Mastercam",3D Design,CAD & CAM Software,Mastercam,,,,,,,,,,,,,,,,,,,,,,,,,,,,,
"Digital Product Designer
Figma Expert
User Experience Design
User Interface Design
Web Design
Mobile App Design
Mockup
Prototyping
Wireframing
Interaction Design",Digital Product Designer,Figma Expert,User Experience Design,User Interface Design,Web Design,Mobile App Design,Mockup,Prototyping,Wireframing,Interaction Design,,,,,,,,,,,,,,,,,,,,,,
"Content Writing
Blog Content
Blog Writing",Content Writing,Blog Content,Blog Writing,,,,,,,,,,,,,,,,,,,,,,,,,,,,,
"Social Media Management
Social Media Marketing
Facebook
Social Media Content Creation
Social Media Content
Instagram",Social Media Management,Social Media Marketing,Facebook,Social Media Content Creation,Social Media Content,Instagram,,,,,,,,,,,,,,,,,,,,,,,,,,
"2D Animation
Motion Graphics
Animation
Video Production
Video Editing
Explainer Video",2D Animation,Motion Graphics,Animation,Video Production,Video Editing,Explainer Video,,,,,,,,,,,,,,,,,,,,,,,,,,
"Elementor
WordPress
CSS
WordPress Plugin
WordPress Development
WooCommerce",Elementor,WordPress,CSS,WordPress Plugin,WordPress Development,WooCommerce,,,,,,,,,,,,,,,,,,,,,,,,,,
"Email Marketing
Email Campaign Setup
Lead Generation",Email Marketing,Email Campaign Setup,Lead Generation,,,,,,,,,,,,,,,,,,,,,,,,,,,,,
"Desktop Application Testing
Test Execution
Bug Tracking & Reports
Test Management
Business with 10-99 Employees
Mobile App Testing
UX Research
Web Testing
Software QA",Desktop Application Testing,Test Execution,Bug Tracking & Reports,Test Management,Business with 10-99 Employees,Mobile App Testing,UX Research,Web Testing,Software QA,,,,,,,,,,,,,,,,,,,,,,,
"Product Photography
Commercial Photography
Digital Photography
Photography
Model Photography",Product Photography,Commercial Photography,Digital Photography,Photography,Model Photography,,,,,,,,,,,,,,,,,,,,,,,,,,,
"JavaScript
jQuery
Moodle
Articulate Storyline",JavaScript,jQuery,Moodle,Articulate Storyline,,,,,,,,,,,,,,,,,,,,,,,,,,,,
"Technical Writing
Mulesoft",Technical Writing,Mulesoft,,,,,,,,,,,,,,,,,,,,,,,,,,,,,,
"Food & Beverage
Business Change
Strategy
Company Policy
Organizational Plan
Business Development
Financial Analysis
Business Analysis
Investment Strategy",Food & Beverage,Business Change,Strategy,Company Policy,Organizational Plan,Business Development,Financial Analysis,Business Analysis,Investment Strategy,,,,,,,,,,,,,,,,,,,,,,,
"Performance Testing
Web Testing
Usability Testing
Software QA
Functional Testing",Performance Testing,Web Testing,Usability Testing,Software QA,Functional Testing,,,,,,,,,,,,,,,,,,,,,,,,,,,
Shopify,Shopify,,,,,,,,,,,,,,,,,,,,,,,,,,,,,,,
"Logo Design
Graphic Design
Illustration",Logo Design,Graphic Design,Illustration,,,,,,,,,,,,,,,,,,,,,,,,,,,,,
"DeepCrawl
Ahrefs
Google Search Console
Google Analytics",DeepCrawl,Ahrefs,Google Search Console,Google Analytics,,,,,,,,,,,,,,,,,,,,,,,,,,,,
"SAP
SAP HANA
ABAP
SAP BASIS",SAP,SAP HANA,ABAP,SAP BASIS,,,,,,,,,,,,,,,,,,,,,,,,,,,,
"WordPress
Web Development
Page Speed Optimization",WordPress,Web Development,Page Speed Optimization,,,,,,,,,,,,,,,,,,,,,,,,,,,,,
"Rust
Technical Writing",Rust,Technical Writing,,,,,,,,,,,,,,,,,,,,,,,,,,,,,,
"Facebook Ads Manager
Facebook Advertising
Facebook
Social Media Advertising
Pixel Setup & Optimization
Campaign Optimization",Facebook Ads Manager,Facebook Advertising,Facebook,Social Media Advertising,Pixel Setup & Optimization,Campaign Optimization,,,,,,,,,,,,,,,,,,,,,,,,,,
"Employee Relations
HR & Business Services
Business Development
Human Resources
H-2B Visa
Human Resources Consulting",Employee Relations,HR & Business Services,Business Development,Human Resources,H-2B Visa,Human Resources Consulting,,,,,,,,,,,,,,,,,,,,,,,,,,
"YouTube Marketing
Search Engine Optimization",YouTube Marketing,Search Engine Optimization,,,,,,,,,,,,,,,,,,,,,,,,,,,,,,
"Polish
Translation
English to Polish Translation",Polish,Translation,English to Polish Translation,,,,,,,,,,,,,,,,,,,,,,,,,,,,,
"Presentation Design
Presentations
Business Presentation
Microsoft PowerPoint",Presentation Design,Presentations,Business Presentation,Microsoft PowerPoint,,,,,,,,,,,,,,,,,,,,,,,,,,,,
Microsoft Word,Microsoft Word,,,,,,,,,,,,,,,,,,,,,,,,,,,,,,,
"Lead Generation Strategy
Lead Generation
Market Research
Communications
Researcher
Medical Billing & Coding
Medical Mastermind Medical Billing Services
Healthcare Common Procedure Coding System",Lead Generation Strategy,Lead Generation,Market Research,Communications,Researcher,Medical Billing & Coding,Medical Mastermind Medical Billing Services,Healthcare Common Procedure Coding System,,,,,,,,,,,,,,,,,,,,,,,,
"Android
Mobile App Development
Android App Development",Android,Mobile App Development,Android App Development,,,,,,,,,,,,,,,,,,,,,,,,,,,,,
"API
API Integration",API,API Integration,,,,,,,,,,,,,,,,,,,,,,,,,,,,,,
"PDF
Graphic Design",PDF,Graphic Design,,,,,,,,,,,,,,,,,,,,,,,,,,,,,,
"AliExpress
Dropshipping
Market Research
Ecommerce Platform
Niche Research
Ecommerce
Dropshipping Plugin
Amazon",AliExpress,Dropshipping,Market Research,Ecommerce Platform,Niche Research,Ecommerce,Dropshipping Plugin,Amazon,,,,,,,,,,,,,,,,,,,,,,,,
"WordPress
Web Design
CSS
HTML
Landing Page
PHP
HTML5
Web Development
Graphic Design
JavaScript",WordPress,Web Design,CSS,HTML,Landing Page,PHP,HTML5,Web Development,Graphic Design,JavaScript,,,,,,,,,,,,,,,,,,,,,,
"Chemical Engineering
Mechanical Engineering
Artificial Intelligence",Chemical Engineering,Mechanical Engineering,Artificial Intelligence,,,,,,,,,,,,,,,,,,,,,,,,,,,,,
"Brand Positioning
Brand Guidelines
Corporate Brand Identity
Logo Design
Brand Strategy
Branding
Brand Identity & Guidelines
Brand Identity",Brand Positioning,Brand Guidelines,Corporate Brand Identity,Logo Design,Brand Strategy,Branding,Brand Identity & Guidelines,Brand Identity,,,,,,,,,,,,,,,,,,,,,,,,
"Web Development
WordPress
Web Design
HTML",Web Development,WordPress,Web Design,HTML,,,,,,,,,,,,,,,,,,,,,,,,,,,,
"Project Management
Project Scheduling
Critical Thinking Skills
Communications
Process Infographics
Project Objectives",Project Management,Project Scheduling,Critical Thinking Skills,Communications,Process Infographics,Project Objectives,,,,,,,,,,,,,,,,,,,,,,,,,,
"Product Listings
Automation",Product Listings,Automation,,,,,,,,,,,,,,,,,,,,,,,,,,,,,,
"Video Editing
Explainer Video",Video Editing,Explainer Video,,,,,,,,,,,,,,,,,,,,,,,,,,,,,,
"Sales
Relationship Management
Business Development",Sales,Relationship Management,Business Development,,,,,,,,,,,,,,,,,,,,,,,,,,,,,
"Microsoft Windows
Docker
DevOps
Kubernetes
Containerization
Microsoft Azure
Docker Compose",Microsoft Windows,Docker,DevOps,Kubernetes,Containerization,Microsoft Azure,Docker Compose,,,,,,,,,,,,,,,,,,,,,,,,,
"Network Security
Firewall
Internet Security
Information Security
Security Analysis
Vulnerability Assessment",Network Security,Firewall,Internet Security,Information Security,Security Analysis,Vulnerability Assessment,,,,,,,,,,,,,,,,,,,,,,,,,,
"WordPress
PHP
WordPress Plugin
Web Development",WordPress,PHP,WordPress Plugin,Web Development,,,,,,,,,,,,,,,,,,,,,,,,,,,,
"WordPress
Web Development
HTML
Web Design
CSS
MySQL
WooCommerce
JavaScript
HTML5
PHP",WordPress,Web Development,HTML,Web Design,CSS,MySQL,WooCommerce,JavaScript,HTML5,PHP,,,,,,,,,,,,,,,,,,,,,,
"Java
JavaScript
Web Design
Search Engine Optimization
Affiliate Marketing
Web Development
Business with 1-9 Employees
Campaign Management
Social Media Marketing",Java,JavaScript,Web Design,Search Engine Optimization,Affiliate Marketing,Web Development,Business with 1-9 Employees,Campaign Management,Social Media Marketing,,,,,,,,,,,,,,,,,,,,,,,
"Social Media Management
Facebook Advertising
Social Media Content Creation
Social Media Marketing
Campaign Management
Marketing Strategy
Campaign Optimization
Lead Generation
Internet Marketing
Instagram",Social Media Management,Facebook Advertising,Social Media Content Creation,Social Media Marketing,Campaign Management,Marketing Strategy,Campaign Optimization,Lead Generation,Internet Marketing,Instagram,,,,,,,,,,,,,,,,,,,,,,
"YouTube Marketing
YouTube SEO",YouTube Marketing,YouTube SEO,,,,,,,,,,,,,,,,,,,,,,,,,,,,,,
"Wix
Web Design
Web Development
Graphic Design
Visual Communication
Wireframing
Adobe Photoshop",Wix,Web Design,Web Development,Graphic Design,Visual Communication,Wireframing,Adobe Photoshop,,,,,,,,,,,,,,,,,,,,,,,,,
"Facebook
Instagram
Social Media Marketing
Social Media Management
Social Media Content",Facebook,Instagram,Social Media Marketing,Social Media Management,Social Media Content,,,,,,,,,,,,,,,,,,,,,,,,,,,
"Docker
Jenkins
GitHub
Python
DevOps",Docker,Jenkins,GitHub,Python,DevOps,,,,,,,,,,,,,,,,,,,,,,,,,,,
"Resume Writing
CV
Resume Design
Resume
Graphic Design",Resume Writing,CV,Resume Design,Resume,Graphic Design,,,,,,,,,,,,,,,,,,,,,,,,,,,
"Adobe Premiere Pro
Video Editing
Video Post-Editing
Adobe After Effects",Adobe Premiere Pro,Video Editing,Video Post-Editing,Adobe After Effects,,,,,,,,,,,,,,,,,,,,,,,,,,,,
"Business Plan
English
Spanish
Virtual Assistance",Business Plan,English,Spanish,Virtual Assistance,,,,,,,,,,,,,,,,,,,,,,,,,,,,
"US English Dialect
Voice-Over
Male
American English Accent
Voice Acting",US English Dialect,Voice-Over,Male,American English Accent,Voice Acting,,,,,,,,,,,,,,,,,,,,,,,,,,,
"Travel Itinerary
Microsoft Office
File Management
Scheduler
Administrative Support
Communications
Scheduling
Virtual Assistant
Email Communication
Time Management",Travel Itinerary,Microsoft Office,File Management,Scheduler,Administrative Support,Communications,Scheduling,Virtual Assistant,Email Communication,Time Management,,,,,,,,,,,,,,,,,,,,,,
"Adobe After Effects
Adobe Premiere Pro
Motion Graphics
Video Editing
Video Production
Video Post-Editing",Adobe After Effects,Adobe Premiere Pro,Motion Graphics,Video Editing,Video Production,Video Post-Editing,,,,,,,,,,,,,,,,,,,,,,,,,,
"React
JavaScript
Redux
Node.js
API Integration
MongoDB
Web Application
CSS",React,JavaScript,Redux,Node.js,API Integration,MongoDB,Web Application,CSS,,,,,,,,,,,,,,,,,,,,,,,,
"Researcher
Copywriting
Content Writing
Creative Writing
English",Researcher,Copywriting,Content Writing,Creative Writing,English,,,,,,,,,,,,,,,,,,,,,,,,,,,
"Raspberry Pi
Arduino
Arduino Firmware
Raspberry Pi Firmware",Raspberry Pi,Arduino,Arduino Firmware,Raspberry Pi Firmware,,,,,,,,,,,,,,,,,,,,,,,,,,,,
"PHP
MySQL
Yii2",PHP,MySQL,Yii2,,,,,,,,,,,,,,,,,,,,,,,,,,,,,
"SQL
Microsoft Power BI
Data Modeling
Data Visualization
Data Analysis
Microsoft Power BI Data Visualization
Microsoft Power BI Development
Visualization
Business Intelligence",SQL,Microsoft Power BI,Data Modeling,Data Visualization,Data Analysis,Microsoft Power BI Data Visualization,Microsoft Power BI Development,Visualization,Business Intelligence,,,,,,,,,,,,,,,,,,,,,,,
"iOS
Android
Firebase",iOS,Android,Firebase,,,,,,,,,,,,,,,,,,,,,,,,,,,,,
"Amazon DynamoDB
Java
AWS Application",Amazon DynamoDB,Java,AWS Application,,,,,,,,,,,,,,,,,,,,,,,,,,,,,
"3D Design
Architectural Design
Autodesk AutoCAD
2D Design & Drawings
Interior Design
Floor Plan Design
Landscaping
SketchUp
Architectural Rendering
Engineering & Architecture",3D Design,Architectural Design,Autodesk AutoCAD,2D Design & Drawings,Interior Design,Floor Plan Design,Landscaping,SketchUp,Architectural Rendering,Engineering & Architecture,,,,,,,,,,,,,,,,,,,,,,
"Android
JavaScript
Android App Development
Mobile App Development
iOS
Web Development
Data Entry
WordPress
Smartphone
Kotlin",Android,JavaScript,Android App Development,Mobile App Development,iOS,Web Development,Data Entry,WordPress,Smartphone,Kotlin,,,,,,,,,,,,,,,,,,,,,,
"Quantitative Research
Qualitative Research
Market Segmentation Research
Market Research
Market Analysis
Competitive Analysis
Customer Analysis
SWOT Analysis
TAM Analysis
Market Trends",Quantitative Research,Qualitative Research,Market Segmentation Research,Market Research,Market Analysis,Competitive Analysis,Customer Analysis,SWOT Analysis,TAM Analysis,Market Trends,,,,,,,,,,,,,,,,,,,,,,
"Webflow
Web Development
CSS
HTML
Website
Responsive Design
Graphic Design
Landing Page",Webflow,Web Development,CSS,HTML,Website,Responsive Design,Graphic Design,Landing Page,,,,,,,,,,,,,,,,,,,,,,,,
"Mobile App Development
Android App Development",Mobile App Development,Android App Development,,,,,,,,,,,,,,,,,,,,,,,,,,,,,,
"AWS Amplify
Finance & Accounting
DevOps
Terraform
Amazon API Gateway
AWS Lambda
CI/CD",AWS Amplify,Finance & Accounting,DevOps,Terraform,Amazon API Gateway,AWS Lambda,CI/CD,,,,,,,,,,,,,,,,,,,,,,,,,
"Fact-Checking
Researcher
Wikipedia
Content Writing",Fact-Checking,Researcher,Wikipedia,Content Writing,,,,,,,,,,,,,,,,,,,,,,,,,,,,
"Closed Captioning
Caption
Video Transcription
Subtitling
US English Dialect
Subtitles
English
General Transcription",Closed Captioning,Caption,Video Transcription,Subtitling,US English Dialect,Subtitles,English,General Transcription,,,,,,,,,,,,,,,,,,,,,,,,
"Closed Captioning
Caption
Video Transcription
Subtitling
US English Dialect
Subtitles
English
General Transcription",Closed Captioning,Caption,Video Transcription,Subtitling,US English Dialect,Subtitles,English,General Transcription,,,,,,,,,,,,,,,,,,,,,,,,
"Fashion & Beauty
Landing Page
Copywriting
Sales Writing
Content Writing
Sales Funnel Copywriting",Fashion & Beauty,Landing Page,Copywriting,Sales Writing,Content Writing,Sales Funnel Copywriting,,,,,,,,,,,,,,,,,,,,,,,,,,
"Mobile App Development
iOS
Android",Mobile App Development,iOS,Android,,,,,,,,,,,,,,,,,,,,,,,,,,,,,
"Flutter
iOS
Android
Mobile App Development
TestFlight",Flutter,iOS,Android,Mobile App Development,TestFlight,,,,,,,,,,,,,,,,,,,,,,,,,,,
"SQL
Data Analysis
Prototyping
Amplitude
Product Design
Growth Hacking
Market Research
Product Strategy
Product Management
Product Roadmap",SQL,Data Analysis,Prototyping,Amplitude,Product Design,Growth Hacking,Market Research,Product Strategy,Product Management,Product Roadmap,,,,,,,,,,,,,,,,,,,,,,
"Arabic
Voice Acting
Voice-Over",Arabic,Voice Acting,Voice-Over,,,,,,,,,,,,,,,,,,,,,,,,,,,,,
"Web Design
Graphic Design
Web Development
Layout Design
HTML
PHP Developer
UI Graphics
CSS Framework
MySQL Programming",Web Design,Graphic Design,Web Development,Layout Design,HTML,PHP Developer,UI Graphics,CSS Framework,MySQL Programming,,,,,,,,,,,,,,,,,,,,,,,
Facebook,Facebook,,,,,,,,,,,,,,,,,,,,,,,,,,,,,,,
"Mobile App Development
Android App Development",Mobile App Development,Android App Development,,,,,,,,,,,,,,,,,,,,,,,,,,,,,,
"Python
Data Scraping
Web Scraping
Web Scraping Framework",Python,Data Scraping,Web Scraping,Web Scraping Framework,,,,,,,,,,,,,,,,,,,,,,,,,,,,
"Special Effects
Visual Effects
Animation
2D Animation",Special Effects,Visual Effects,Animation,2D Animation,,,,,,,,,,,,,,,,,,,,,,,,,,,,
Node.js,Node.js,,,,,,,,,,,,,,,,,,,,,,,,,,,,,,,
"Model & Live Subject Photography
Indonesian
Data Entry
Virtual Assistance
Voice-Over
Afrikaans
Customer Support
English",Model & Live Subject Photography,Indonesian,Data Entry,Virtual Assistance,Voice-Over,Afrikaans,Customer Support,English,,,,,,,,,,,,,,,,,,,,,,,,
"Graphic Design
Banner Ad Design
Display Ad",Graphic Design,Banner Ad Design,Display Ad,,,,,,,,,,,,,,,,,,,,,,,,,,,,,
"Microsoft Project
Project Scheduling
Project Plans
Milestones
Process Infographics",Microsoft Project,Project Scheduling,Project Plans,Milestones,Process Infographics,,,,,,,,,,,,,,,,,,,,,,,,,,,
"Explainer Video
Film
Movie
Adobe After Effects
Adobe Creative Cloud
Video Editing
Adobe Premiere Pro
Videography
Video Post-Editing
Video Production",Explainer Video,Film,Movie,Adobe After Effects,Adobe Creative Cloud,Video Editing,Adobe Premiere Pro,Videography,Video Post-Editing,Video Production,,,,,,,,,,,,,,,,,,,,,,
"Content Writing
SEO Writing
Ghostwriting
Article Writing",Content Writing,SEO Writing,Ghostwriting,Article Writing,,,,,,,,,,,,,,,,,,,,,,,,,,,,
"webpack
JavaScript
Redux
React
Flux",webpack,JavaScript,Redux,React,Flux,,,,,,,,,,,,,,,,,,,,,,,,,,,
"Content Writing
Creative Writing
Copywriting
English
Narrative",Content Writing,Creative Writing,Copywriting,English,Narrative,,,,,,,,,,,,,,,,,,,,,,,,,,,
"Web Application
Squarespace
Web Development
Graphic Design
Web Design
Search Engine Optimization",Web Application,Squarespace,Web Development,Graphic Design,Web Design,Search Engine Optimization,,,,,,,,,,,,,,,,,,,,,,,,,,
"Russian
English to Russian Translation
Translation",Russian,English to Russian Translation,Translation,,,,,,,,,,,,,,,,,,,,,,,,,,,,,
"Shopify
Sales
Facebook
Lead Generation",Shopify,Sales,Facebook,Lead Generation,,,,,,,,,,,,,,,,,,,,,,,,,,,,
"JavaScript
API
Web Development
WordPress
WordPress Plugin
PHP
DataTables",JavaScript,API,Web Development,WordPress,WordPress Plugin,PHP,DataTables,,,,,,,,,,,,,,,,,,,,,,,,,
"Business Development
Sales
Lead Generation
Partnership Development
Business Planning & Strategy
Business Plan
Sales Management
Sales & Marketing",Business Development,Sales,Lead Generation,Partnership Development,Business Planning & Strategy,Business Plan,Sales Management,Sales & Marketing,,,,,,,,,,,,,,,,,,,,,,,,
"Web Development
Software",Web Development,Software,,,,,,,,,,,,,,,,,,,,,,,,,,,,,,
"Java
MongoDB
Android
iOS
API Development
Microservice
Database
NoSQL Database",Java,MongoDB,Android,iOS,API Development,Microservice,Database,NoSQL Database,,,,,,,,,,,,,,,,,,,,,,,,
"Native
Vietnamese
Translation
Mobile App Localization
English to Vietnamese Translation",Native,Vietnamese,Translation,Mobile App Localization,English to Vietnamese Translation,,,,,,,,,,,,,,,,,,,,,,,,,,,
"Athletic Shoes & Sneakers
Footwear
Product Design
3D Design",Athletic Shoes & Sneakers,Footwear,Product Design,3D Design,,,,,,,,,,,,,,,,,,,,,,,,,,,,
"Native
Turkish
Translation
Mobile App Localization
Turkish to English Translation",Native,Turkish,Translation,Mobile App Localization,Turkish to English Translation,,,,,,,,,,,,,,,,,,,,,,,,,,,
"API Integration
MySQL
NGINX
JavaScript
Node.js
jQuery
ExpressJS
API
MongoDB",API Integration,MySQL,NGINX,JavaScript,Node.js,jQuery,ExpressJS,API,MongoDB,,,,,,,,,,,,,,,,,,,,,,,
"API Integration
MySQL
NGINX
JavaScript
Node.js
jQuery
ExpressJS
API
MongoDB",API Integration,MySQL,NGINX,JavaScript,Node.js,jQuery,ExpressJS,API,MongoDB,,,,,,,,,,,,,,,,,,,,,,,
"Native
Thai
Translation
Mobile App Localization
Thai to English Translation",Native,Thai,Translation,Mobile App Localization,Thai to English Translation,,,,,,,,,,,,,,,,,,,,,,,,,,,
"Swedish
Swedish to English Translation
English to Swedish Translation",Swedish,Swedish to English Translation,English to Swedish Translation,,,,,,,,,,,,,,,,,,,,,,,,,,,,,
"Native
Russian
Translation
Mobile App Localization
English to Russian Translation",Native,Russian,Translation,Mobile App Localization,English to Russian Translation,,,,,,,,,,,,,,,,,,,,,,,,,,,
"MySQL
Database Management
Database Administration",MySQL,Database Management,Database Administration,,,,,,,,,,,,,,,,,,,,,,,,,,,,,
"Website Content
SEO Writing
Landing Page",Website Content,SEO Writing,Landing Page,,,,,,,,,,,,,,,,,,,,,,,,,,,,,
"Tech & IT
Management Consulting
Business Plan
Consultant
Business Development
Organizational Design & Effectiveness
Business Analysis
JavaScript
Marketing Strategy
Strategy",Tech & IT,Management Consulting,Business Plan,Consultant,Business Development,Organizational Design & Effectiveness,Business Analysis,JavaScript,Marketing Strategy,Strategy,,,,,,,,,,,,,,,,,,,,,,
"Advertising Strategy
Customer Acquisition Strategy
Business with 1-9 Employees
Marketing Strategy
Market Analysis
Social Media Marketing
Lead Generation
Search Engine Optimization",Advertising Strategy,Customer Acquisition Strategy,Business with 1-9 Employees,Marketing Strategy,Market Analysis,Social Media Marketing,Lead Generation,Search Engine Optimization,,,,,,,,,,,,,,,,,,,,,,,,
"Adobe Photoshop
Graphic Design
Product Photography",Adobe Photoshop,Graphic Design,Product Photography,,,,,,,,,,,,,,,,,,,,,,,,,,,,,
"Native
Translation
Mobile App Localization
Portuguese
English to Portuguese Translation",Native,Translation,Mobile App Localization,Portuguese,English to Portuguese Translation,,,,,,,,,,,,,,,,,,,,,,,,,,,
"Native
Translation
Mobile App Localization
Portuguese
English to Portuguese Translation",Native,Translation,Mobile App Localization,Portuguese,English to Portuguese Translation,,,,,,,,,,,,,,,,,,,,,,,,,,,
"Native
Translation
Mobile App Localization
Polish
English to Polish Translation",Native,Translation,Mobile App Localization,Polish,English to Polish Translation,,,,,,,,,,,,,,,,,,,,,,,,,,,
"Website Content
SEO Writing
Landing Page",Website Content,SEO Writing,Landing Page,,,,,,,,,,,,,,,,,,,,,,,,,,,,,
"Native
Translation
Mobile App Localization
Malay
English to Malay Translation",Native,Translation,Mobile App Localization,Malay,English to Malay Translation,,,,,,,,,,,,,,,,,,,,,,,,,,,
Webflow,Webflow,,,,,,,,,,,,,,,,,,,,,,,,,,,,,,,
"Native
Korean
Translation
Mobile App Localization
English to Korean Translation",Native,Korean,Translation,Mobile App Localization,English to Korean Translation,,,,,,,,,,,,,,,,,,,,,,,,,,,
"Google Ads
SEO Keyword Research
Search Engine Marketing
PPC Campaign Setup & Management
Digital Marketing
Pay Per Click Advertising",Google Ads,SEO Keyword Research,Search Engine Marketing,PPC Campaign Setup & Management,Digital Marketing,Pay Per Click Advertising,,,,,,,,,,,,,,,,,,,,,,,,,,
"Graphic Design
Adobe Illustrator
Adobe InDesign
Content Writing
Illustration
Infographic
White Paper
Writing",Graphic Design,Adobe Illustrator,Adobe InDesign,Content Writing,Illustration,Infographic,White Paper,Writing,,,,,,,,,,,,,,,,,,,,,,,,
"ClickFunnels
Web Design
Web Development
Kartra",ClickFunnels,Web Design,Web Development,Kartra,,,,,,,,,,,,,,,,,,,,,,,,,,,,
"Native
Japanese
Translation
Mobile App Localization
English to Japanese Translation",Native,Japanese,Translation,Mobile App Localization,English to Japanese Translation,,,,,,,,,,,,,,,,,,,,,,,,,,,
"Sales Presentation
Google Slides
Microsoft PowerPoint
Presentations
Graphic Design
Presentation Design",Sales Presentation,Google Slides,Microsoft PowerPoint,Presentations,Graphic Design,Presentation Design,,,,,,,,,,,,,,,,,,,,,,,,,,
"Amazon Web Services
Amazon EC2
Amazon Relational Database Service
DevOps",Amazon Web Services,Amazon EC2,Amazon Relational Database Service,DevOps,,,,,,,,,,,,,,,,,,,,,,,,,,,,
"Native
Hindi
Translation
Mobile App Localization
English to Hindi Translation",Native,Hindi,Translation,Mobile App Localization,English to Hindi Translation,,,,,,,,,,,,,,,,,,,,,,,,,,,
"Education
Google Ads
Google Analytics
Google Search Console
WordPress SEO Plugins
SEO Strategy
SEO Keyword Research
Organic Traffic Growth
Search Engine Optimization
SEO Performance",Education,Google Ads,Google Analytics,Google Search Console,WordPress SEO Plugins,SEO Strategy,SEO Keyword Research,Organic Traffic Growth,Search Engine Optimization,SEO Performance,,,,,,,,,,,,,,,,,,,,,,
"Architectural Design
Animation
3D Animation
3D Modeling
3D Rendering
3D Design
Motion Graphics
Autodesk 3ds Max",Architectural Design,Animation,3D Animation,3D Modeling,3D Rendering,3D Design,Motion Graphics,Autodesk 3ds Max,,,,,,,,,,,,,,,,,,,,,,,,
"Legal Writing
Legal Consulting
Contract Law
Legal Assistance
Contract Drafting
Legal Research",Legal Writing,Legal Consulting,Contract Law,Legal Assistance,Contract Drafting,Legal Research,,,,,,,,,,,,,,,,,,,,,,,,,,
"Native
German
Translation
Mobile App Localization
English to German Translation",Native,German,Translation,Mobile App Localization,English to German Translation,,,,,,,,,,,,,,,,,,,,,,,,,,,
"React
React Native",React,React Native,,,,,,,,,,,,,,,,,,,,,,,,,,,,,,
"Hindi
Graphic Design
Layout Design",Hindi,Graphic Design,Layout Design,,,,,,,,,,,,,,,,,,,,,,,,,,,,,
"Translation
Mobile App Localization
Latin American Spanish Accent
English to Spanish Translation",Translation,Mobile App Localization,Latin American Spanish Accent,English to Spanish Translation,,,,,,,,,,,,,,,,,,,,,,,,,,,,
"Translation
Mobile App Localization
Latin American Spanish Accent
English to Spanish Translation",Translation,Mobile App Localization,Latin American Spanish Accent,English to Spanish Translation,,,,,,,,,,,,,,,,,,,,,,,,,,,,
"B2B Marketing
Lead Generation
Sales
Market Research
Cold Calling
Prospect List",B2B Marketing,Lead Generation,Sales,Market Research,Cold Calling,Prospect List,,,,,,,,,,,,,,,,,,,,,,,,,,
"Smartphone
Android",Smartphone,Android,,,,,,,,,,,,,,,,,,,,,,,,,,,,,,
"Fashion & Beauty
Sales & Marketing
Marketing Strategy
Marketing Automation
Internet Marketing
Market Analysis
Social Media Management
Instagram
Social Media Marketing
Facebook",Fashion & Beauty,Sales & Marketing,Marketing Strategy,Marketing Automation,Internet Marketing,Market Analysis,Social Media Management,Instagram,Social Media Marketing,Facebook,,,,,,,,,,,,,,,,,,,,,,
"Grails
jQuery
JavaScript",Grails,jQuery,JavaScript,,,,,,,,,,,,,,,,,,,,,,,,,,,,,
"Typing
Virtual Assistant
WordPress
Microsoft Word
Data Entry
Microsoft Excel
Email Communication
Researcher
HTML
Accuracy Verification",Typing,Virtual Assistant,WordPress,Microsoft Word,Data Entry,Microsoft Excel,Email Communication,Researcher,HTML,Accuracy Verification,,,,,,,,,,,,,,,,,,,,,,
"Content Writing
Search Engine Optimization
SEO Writing
Website Content
Blog Content",Content Writing,Search Engine Optimization,SEO Writing,Website Content,Blog Content,,,,,,,,,,,,,,,,,,,,,,,,,,,
"Residential Design
Interior Design
Autodesk AutoCAD
3D Design
3D Rendering
CAD
Commercial Design
SketchUp
Adobe Photoshop
3D Modeling",Residential Design,Interior Design,Autodesk AutoCAD,3D Design,3D Rendering,CAD,Commercial Design,SketchUp,Adobe Photoshop,3D Modeling,,,,,,,,,,,,,,,,,,,,,,
Amazon,Amazon,,,,,,,,,,,,,,,,,,,,,,,,,,,,,,,
"Assembly Language
Assembler
X86 Assembly Language
SolidWorks
Firmware
ARM",Assembly Language,Assembler,X86 Assembly Language,SolidWorks,Firmware,ARM,,,,,,,,,,,,,,,,,,,,,,,,,,
"Social Media Account Setup
Ecommerce
Virtual Assistant
Data Entry
Administrative Support
Social Media Marketing",Social Media Account Setup,Ecommerce,Virtual Assistant,Data Entry,Administrative Support,Social Media Marketing,,,,,,,,,,,,,,,,,,,,,,,,,,
"Legal
Mexican Spanish Dialect
Amazon FBA",Legal,Mexican Spanish Dialect,Amazon FBA,,,,,,,,,,,,,,,,,,,,,,,,,,,,,
"Google Docs
Virtual Assistant
Database
Administrative Support
Data Entry
Microsoft Excel
Accuracy Verification
Researcher
Product Listings
Microsoft Word",Google Docs,Virtual Assistant,Database,Administrative Support,Data Entry,Microsoft Excel,Accuracy Verification,Researcher,Product Listings,Microsoft Word,,,,,,,,,,,,,,,,,,,,,,
Android,Android,,,,,,,,,,,,,,,,,,,,,,,,,,,,,,,
"Web Application
Responsive Design
Graphic Design
Web Design
HTML
JavaScript
Web Development",Web Application,Responsive Design,Graphic Design,Web Design,HTML,JavaScript,Web Development,,,,,,,,,,,,,,,,,,,,,,,,,
"Social Media Advertising
Pay Per Click Advertising
Paid Media
Marketing Strategy",Social Media Advertising,Pay Per Click Advertising,Paid Media,Marketing Strategy,,,,,,,,,,,,,,,,,,,,,,,,,,,,
"Social Media Advertising
Social Media Management
Social Media Marketing
Facebook Advertising
Instagram
Facebook
Facebook Ads Manager
Lead Generation",Social Media Advertising,Social Media Management,Social Media Marketing,Facebook Advertising,Instagram,Facebook,Facebook Ads Manager,Lead Generation,,,,,,,,,,,,,,,,,,,,,,,,
"Software
Content Writing
Website Content
Copywriting
Blog Writing
Search Engine Optimization
Blog Content
Article Writing",Software,Content Writing,Website Content,Copywriting,Blog Writing,Search Engine Optimization,Blog Content,Article Writing,,,,,,,,,,,,,,,,,,,,,,,,
Sales Funnel Copywriting,Sales Funnel Copywriting,,,,,,,,,,,,,,,,,,,,,,,,,,,,,,,
"Game Art
Animation
Game Asset
Card Game
2D Game Art
Game Design
Graphic Design
Adobe Illustrator
Illustration",Game Art,Animation,Game Asset,Card Game,2D Game Art,Game Design,Graphic Design,Adobe Illustrator,Illustration,,,,,,,,,,,,,,,,,,,,,,,
"Solar Energy
Energy Simulation
PVSyst
Energy Optimization
Battery Sizing
Graphic Design
Solar Design
Presentation Design",Solar Energy,Energy Simulation,PVSyst,Energy Optimization,Battery Sizing,Graphic Design,Solar Design,Presentation Design,,,,,,,,,,,,,,,,,,,,,,,,
"Robotic Process Automation
Blue Prism",Robotic Process Automation,Blue Prism,,,,,,,,,,,,,,,,,,,,,,,,,,,,,,
"Cartoon Art
Vector Graphic
Children's Book Illustration",Cartoon Art,Vector Graphic,Children's Book Illustration,,,,,,,,,,,,,,,,,,,,,,,,,,,,,
"Contract Law
Legal Writing
Corporate Law
Non-Disclosure Agreement",Contract Law,Legal Writing,Corporate Law,Non-Disclosure Agreement,,,,,,,,,,,,,,,,,,,,,,,,,,,,
"Strategic Plan
Communications
Business Services
Public Relations Consultation
Public Relations Strategy",Strategic Plan,Communications,Business Services,Public Relations Consultation,Public Relations Strategy,,,,,,,,,,,,,,,,,,,,,,,,,,,
"WordPress
Web Development",WordPress,Web Development,,,,,,,,,,,,,,,,,,,,,,,,,,,,,,
"JavaScript
TypeScript",JavaScript,TypeScript,,,,,,,,,,,,,,,,,,,,,,,,,,,,,,
"Influencer Marketing
Affiliate Marketing
Shopify
Search Engine Optimization",Influencer Marketing,Affiliate Marketing,Shopify,Search Engine Optimization,,,,,,,,,,,,,,,,,,,,,,,,,,,,
"Academic Writing
Writing
Editing & Proofreading
Creative Writing
English",Academic Writing,Writing,Editing & Proofreading,Creative Writing,English,,,,,,,,,,,,,,,,,,,,,,,,,,,
"SEO Keyword Research
Search Engine Optimization
SEO Backlinking
SEO Audit
On-Page SEO
Off-Page SEO
Google Analytics
Organic Traffic Growth",SEO Keyword Research,Search Engine Optimization,SEO Backlinking,SEO Audit,On-Page SEO,Off-Page SEO,Google Analytics,Organic Traffic Growth,,,,,,,,,,,,,,,,,,,,,,,,
"Graphic Design
Product Design
3D Modeling",Graphic Design,Product Design,3D Modeling,,,,,,,,,,,,,,,,,,,,,,,,,,,,,
Node.js,Node.js,,,,,,,,,,,,,,,,,,,,,,,,,,,,,,,
"Brand Research
Data Analysis
Data Processing
Market Research",Brand Research,Data Analysis,Data Processing,Market Research,,,,,,,,,,,,,,,,,,,,,,,,,,,,
"Cryptocurrency
Blockchain
Bitcoin
API
Ethereum
JavaScript
RESTful API
Blockchain Architecture",Cryptocurrency,Blockchain,Bitcoin,API,Ethereum,JavaScript,RESTful API,Blockchain Architecture,,,,,,,,,,,,,,,,,,,,,,,,
Mobile App Design,Mobile App Design,,,,,,,,,,,,,,,,,,,,,,,,,,,,,,,
"MATLAB
Mathematics
Statistics",MATLAB,Mathematics,Statistics,,,,,,,,,,,,,,,,,,,,,,,,,,,,,
"Motion Graphics
2D Animation
Animation
Video Production
Character Animation
Video Editing",Motion Graphics,2D Animation,Animation,Video Production,Character Animation,Video Editing,,,,,,,,,,,,,,,,,,,,,,,,,,
"Figma
Adobe XD
Graphic Design
Adobe Photoshop
Mockup
Website Asset",Figma,Adobe XD,Graphic Design,Adobe Photoshop,Mockup,Website Asset,,,,,,,,,,,,,,,,,,,,,,,,,,
"Ecommerce
Communications
Virtual Assistant
Customer Service",Ecommerce,Communications,Virtual Assistant,Customer Service,,,,,,,,,,,,,,,,,,,,,,,,,,,,
"Content Writing
Researcher
Fact-Checking
Ghostwriting
Business Writing
Travel & Hospitality
Real Estate",Content Writing,Researcher,Fact-Checking,Ghostwriting,Business Writing,Travel & Hospitality,Real Estate,,,,,,,,,,,,,,,,,,,,,,,,,
"Tekla Structures
Autodesk AutoCAD
3D Modeling
Structural Detailing
Steel Structure",Tekla Structures,Autodesk AutoCAD,3D Modeling,Structural Detailing,Steel Structure,,,,,,,,,,,,,,,,,,,,,,,,,,,
"Lisp
JavaScript",Lisp,JavaScript,,,,,,,,,,,,,,,,,,,,,,,,,,,,,,
"Tax Preparation
Bookkeeping
Accounting Basics
Certified Tax Preparer
Tax Return
Accounting",Tax Preparation,Bookkeeping,Accounting Basics,Certified Tax Preparer,Tax Return,Accounting,,,,,,,,,,,,,,,,,,,,,,,,,,
"3D Sculpting
3D Animation
3D Modeling
Medical Animation",3D Sculpting,3D Animation,3D Modeling,Medical Animation,,,,,,,,,,,,,,,,,,,,,,,,,,,,
"API
Facebook
Facebook Development
API Integration
WhatsApp",API,Facebook,Facebook Development,API Integration,WhatsApp,,,,,,,,,,,,,,,,,,,,,,,,,,,
"Adobe Illustrator
Adobe Photoshop
Graphic Design
Sketch
Freestyle Drawing
Illustration
Line Drawing
Drawing",Adobe Illustrator,Adobe Photoshop,Graphic Design,Sketch,Freestyle Drawing,Illustration,Line Drawing,Drawing,,,,,,,,,,,,,,,,,,,,,,,,
"Wix
API",Wix,API,,,,,,,,,,,,,,,,,,,,,,,,,,,,,,
"Adobe After Effects
Motion Graphics
Adobe Premiere Pro
Video Editing
Animation
Video Production",Adobe After Effects,Motion Graphics,Adobe Premiere Pro,Video Editing,Animation,Video Production,,,,,,,,,,,,,,,,,,,,,,,,,,
"Ebook
Ghostwriting
Ebook Writing
Researcher",Ebook,Ghostwriting,Ebook Writing,Researcher,,,,,,,,,,,,,,,,,,,,,,,,,,,,
"Responsive Design
React
Redux
HTML5
JavaScript
User Experience Design
CSS
Jest
Flux
Plotly",Responsive Design,React,Redux,HTML5,JavaScript,User Experience Design,CSS,Jest,Flux,Plotly,,,,,,,,,,,,,,,,,,,,,,
"Responsive Design
React
Redux
HTML5
JavaScript
User Experience Design
CSS
Jest
Flux
Plotly",Responsive Design,React,Redux,HTML5,JavaScript,User Experience Design,CSS,Jest,Flux,Plotly,,,,,,,,,,,,,,,,,,,,,,
"Customer Service
Customer Support
Zendesk
Online Chat Support
Customer Satisfaction
Email Communication
Email Support
Phone Support
Communication Etiquette
Product Knowledge",Customer Service,Customer Support,Zendesk,Online Chat Support,Customer Satisfaction,Email Communication,Email Support,Phone Support,Communication Etiquette,Product Knowledge,,,,,,,,,,,,,,,,,,,,,,
"Content Moderation
English
Content Writing
Gaming
Customer Support
Content Editing
Community Guidelines
Email Support",Content Moderation,English,Content Writing,Gaming,Customer Support,Content Editing,Community Guidelines,Email Support,,,,,,,,,,,,,,,,,,,,,,,,
"Animation
Video Editing
Traditional Animation
Explainer Video",Animation,Video Editing,Traditional Animation,Explainer Video,,,,,,,,,,,,,,,,,,,,,,,,,,,,
"People
Business
Videography",People,Business,Videography,,,,,,,,,,,,,,,,,,,,,,,,,,,,,
"Website
WordPress
Web Design",Website,WordPress,Web Design,,,,,,,,,,,,,,,,,,,,,,,,,,,,,
"Graphic Design
Brand Identity & Guidelines
Adobe Illustrator
Infographic
Adobe Photoshop",Graphic Design,Brand Identity & Guidelines,Adobe Illustrator,Infographic,Adobe Photoshop,,,,,,,,,,,,,,,,,,,,,,,,,,,
"React Native
Android
JavaScript
Mobile App Development
Android App Development
Firebase",React Native,Android,JavaScript,Mobile App Development,Android App Development,Firebase,,,,,,,,,,,,,,,,,,,,,,,,,,
"Data Visualization
Dashboard
Microsoft Power BI
SQL",Data Visualization,Dashboard,Microsoft Power BI,SQL,,,,,,,,,,,,,,,,,,,,,,,,,,,,
"Autodesk Inventor
Autodesk AutoCAD
3D Modeling
Drafting
Tekla Structures",Autodesk Inventor,Autodesk AutoCAD,3D Modeling,Drafting,Tekla Structures,,,,,,,,,,,,,,,,,,,,,,,,,,,
"Stripe
JavaScript
WooCommerce
WordPress
Web Development
PHP",Stripe,JavaScript,WooCommerce,WordPress,Web Development,PHP,,,,,,,,,,,,,,,,,,,,,,,,,,
"Social Media Marketing
Video Editing
Video Production",Social Media Marketing,Video Editing,Video Production,,,,,,,,,,,,,,,,,,,,,,,,,,,,,
"Flask
Python
API",Flask,Python,API,,,,,,,,,,,,,,,,,,,,,,,,,,,,,
"HTML5
CSS 3
webpack
Business with 1000+ Employees
TypeScript
React",HTML5,CSS 3,webpack,Business with 1000+ Employees,TypeScript,React,,,,,,,,,,,,,,,,,,,,,,,,,,
"Business with 1-9 Employees
Business with 10-99 Employees
Business with 100-999 Employees
Blockchain
Cryptocurrency
Bitcoin
Ethereum
Blockchain Architecture
Web Development",Business with 1-9 Employees,Business with 10-99 Employees,Business with 100-999 Employees,Blockchain,Cryptocurrency,Bitcoin,Ethereum,Blockchain Architecture,Web Development,,,,,,,,,,,,,,,,,,,,,,,
"Lead Generation
Telemarketing
Outbound Sales",Lead Generation,Telemarketing,Outbound Sales,,,,,,,,,,,,,,,,,,,,,,,,,,,,,
"Microsoft SQL Server
Java
API
Spring Boot
Spring Framework
RESTful API
J2EE",Microsoft SQL Server,Java,API,Spring Boot,Spring Framework,RESTful API,J2EE,,,,,,,,,,,,,,,,,,,,,,,,,
Affiliate Marketing,Affiliate Marketing,,,,,,,,,,,,,,,,,,,,,,,,,,,,,,,
"Adobe Illustrator
Logo Design
Illustration
Drawing",Adobe Illustrator,Logo Design,Illustration,Drawing,,,,,,,,,,,,,,,,,,,,,,,,,,,,
Flutter,Flutter,,,,,,,,,,,,,,,,,,,,,,,,,,,,,,,
"Responsive Design
MongoDB
Node.js
React
ExpressJS
API Development
Amazon Web Services
JavaScript
API Integration
API",Responsive Design,MongoDB,Node.js,React,ExpressJS,API Development,Amazon Web Services,JavaScript,API Integration,API,,,,,,,,,,,,,,,,,,,,,,
"Thai
Thai to English Translation
Male",Thai,Thai to English Translation,Male,,,,,,,,,,,,,,,,,,,,,,,,,,,,,
"Google Optimize
Google Tag Manager
A/B Testing
Google Analytics
WordPress
Gravity Forms
JavaScript
Analytics & Tracking Setup
Web Analytics
Analytics",Google Optimize,Google Tag Manager,A/B Testing,Google Analytics,WordPress,Gravity Forms,JavaScript,Analytics & Tracking Setup,Web Analytics,Analytics,,,,,,,,,,,,,,,,,,,,,,
"Graphic Design
Presentation Design
Video Production
Video Commercial
Videography",Graphic Design,Presentation Design,Video Production,Video Commercial,Videography,,,,,,,,,,,,,,,,,,,,,,,,,,,
"WooCommerce
WordPress
PHP
Web Development
Ecommerce Website
CSS
WordPress Plugin
JavaScript
HTML
Web Design",WooCommerce,WordPress,PHP,Web Development,Ecommerce Website,CSS,WordPress Plugin,JavaScript,HTML,Web Design,,,,,,,,,,,,,,,,,,,,,,
"Adobe Photoshop
Photo Editing
Graphic Design
Cover Art Design
YouTube
Poster",Adobe Photoshop,Photo Editing,Graphic Design,Cover Art Design,YouTube,Poster,,,,,,,,,,,,,,,,,,,,,,,,,,
"Ages 12+
Game Development
Mobile Game
Game Design",Ages 12+,Game Development,Mobile Game,Game Design,,,,,,,,,,,,,,,,,,,,,,,,,,,,
"Microservice
TypeScript
Docker
Kubernetes
Database Design
Business with 1000+ Employees
Amazon Web Services
Node.js
RESTful API
NoSQL Database",Microservice,TypeScript,Docker,Kubernetes,Database Design,Business with 1000+ Employees,Amazon Web Services,Node.js,RESTful API,NoSQL Database,,,,,,,,,,,,,,,,,,,,,,
Tetum,Tetum,,,,,,,,,,,,,,,,,,,,,,,,,,,,,,,
"Content SEO
Competitive Analysis
Tech & IT
Ahrefs
SEO Writing
Search Engine Optimization
Content Writing
SEO Keyword Research
Researcher",Content SEO,Competitive Analysis,Tech & IT,Ahrefs,SEO Writing,Search Engine Optimization,Content Writing,SEO Keyword Research,Researcher,,,,,,,,,,,,,,,,,,,,,,,
"Lead Generation
Data Entry
Virtual Assistant
List Building
Data Scraping",Lead Generation,Data Entry,Virtual Assistant,List Building,Data Scraping,,,,,,,,,,,,,,,,,,,,,,,,,,,
"Chemistry
Chemical Engineering
Polymer Engineering",Chemistry,Chemical Engineering,Polymer Engineering,,,,,,,,,,,,,,,,,,,,,,,,,,,,,
"Java
Web Service
Database Architecture
API Development",Java,Web Service,Database Architecture,API Development,,,,,,,,,,,,,,,,,,,,,,,,,,,,
"Adobe Photoshop
YouTube
Social Media Imagery
Illustration",Adobe Photoshop,YouTube,Social Media Imagery,Illustration,,,,,,,,,,,,,,,,,,,,,,,,,,,,
"Facebook
Google Ads
Google Analytics
Pay Per Click Advertising
PPC Campaign Setup & Management
Campaign Optimization
Marketing Strategy
Digital Marketing",Facebook,Google Ads,Google Analytics,Pay Per Click Advertising,PPC Campaign Setup & Management,Campaign Optimization,Marketing Strategy,Digital Marketing,,,,,,,,,,,,,,,,,,,,,,,,
"SEO Backlinking
Search Engine Optimization
SEO Keyword Research
SEO Audit
SEO Performance
On-Page SEO
Off-Page SEO
SEO Writing",SEO Backlinking,Search Engine Optimization,SEO Keyword Research,SEO Audit,SEO Performance,On-Page SEO,Off-Page SEO,SEO Writing,,,,,,,,,,,,,,,,,,,,,,,,
"Business Writing
Pitch Deck
About Us Page",Business Writing,Pitch Deck,About Us Page,,,,,,,,,,,,,,,,,,,,,,,,,,,,,
"German
Voice Acting
English to German Translation
Voice-Over",German,Voice Acting,English to German Translation,Voice-Over,,,,,,,,,,,,,,,,,,,,,,,,,,,,
Japanese to English Translation,Japanese to English Translation,,,,,,,,,,,,,,,,,,,,,,,,,,,,,,,
"Legal
Legal Consulting",Legal,Legal Consulting,,,,,,,,,,,,,,,,,,,,,,,,,,,,,,
Japanese to English Translation,Japanese to English Translation,,,,,,,,,,,,,,,,,,,,,,,,,,,,,,,
"Legal
Legal Consulting",Legal,Legal Consulting,,,,,,,,,,,,,,,,,,,,,,,,,,,,,,
"Android
Mobile App Development
Android App Development",Android,Mobile App Development,Android App Development,,,,,,,,,,,,,,,,,,,,,,,,,,,,,
ERPNext,ERPNext,,,,,,,,,,,,,,,,,,,,,,,,,,,,,,,
"Administrative Assistant
Correspondence Clerk
Virtual Assistant
Virtual Assistance
Communications
Customer Service
Administrative Support",Administrative Assistant,Correspondence Clerk,Virtual Assistant,Virtual Assistance,Communications,Customer Service,Administrative Support,,,,,,,,,,,,,,,,,,,,,,,,,
"Office 365
Microsoft Active Directory
Antivirus & Security Software",Office 365,Microsoft Active Directory,Antivirus & Security Software,,,,,,,,,,,,,,,,,,,,,,,,,,,,,
"Kotlin
Websockets
Room",Kotlin,Websockets,Room,,,,,,,,,,,,,,,,,,,,,,,,,,,,,
"Computer Vision
Image Processing
Python",Computer Vision,Image Processing,Python,,,,,,,,,,,,,,,,,,,,,,,,,,,,,
Researcher,Researcher,,,,,,,,,,,,,,,,,,,,,,,,,,,,,,,
Data Entry,Data Entry,,,,,,,,,,,,,,,,,,,,,,,,,,,,,,,
"CSS
HTML5
Bootstrap",CSS,HTML5,Bootstrap,,,,,,,,,,,,,,,,,,,,,,,,,,,,,
"Canva
Graphic Design",Canva,Graphic Design,,,,,,,,,,,,,,,,,,,,,,,,,,,,,,
WordPress,WordPress,,,,,,,,,,,,,,,,,,,,,,,,,,,,,,,
"Python
GitHub
CI/CD
PySpark
Ansible
Jenkins
Scala",Python,GitHub,CI/CD,PySpark,Ansible,Jenkins,Scala,,,,,,,,,,,,,,,,,,,,,,,,,
"Accounting
Tax Preparation
Financial Accounting
Bookkeeping
Goods & Services Tax",Accounting,Tax Preparation,Financial Accounting,Bookkeeping,Goods & Services Tax,,,,,,,,,,,,,,,,,,,,,,,,,,,
"Google Ads
PPC Campaign Setup & Management
Search Engine Marketing
App Store Optimization
Display Ad
SEO Performance",Google Ads,PPC Campaign Setup & Management,Search Engine Marketing,App Store Optimization,Display Ad,SEO Performance,,,,,,,,,,,,,,,,,,,,,,,,,,
"Web Design
Game Design
Wireframing",Web Design,Game Design,Wireframing,,,,,,,,,,,,,,,,,,,,,,,,,,,,,
"JavaScript
Web Application
MySQL
Node.js",JavaScript,Web Application,MySQL,Node.js,,,,,,,,,,,,,,,,,,,,,,,,,,,,
"PNG
Background Removal
Image Editing
Accuracy Verification
Data Entry
Photo Editing",PNG,Background Removal,Image Editing,Accuracy Verification,Data Entry,Photo Editing,,,,,,,,,,,,,,,,,,,,,,,,,,
"Video Editing
Adobe Premiere Pro
Video Post-Editing
YouTube Marketing
Video Intro & Outro",Video Editing,Adobe Premiere Pro,Video Post-Editing,YouTube Marketing,Video Intro & Outro,,,,,,,,,,,,,,,,,,,,,,,,,,,
"Joomla
PHP
MySQL
CSS
Web Development
JavaScript
HTML5
HTML",Joomla,PHP,MySQL,CSS,Web Development,JavaScript,HTML5,HTML,,,,,,,,,,,,,,,,,,,,,,,,
Virtual Assistant,Virtual Assistant,,,,,,,,,,,,,,,,,,,,,,,,,,,,,,,
"CSS 3
Responsive Design
React
TypeScript
Business with 1-9 Employees
Vector Graphic
Web Design
CSS
HTML5
Web Development",CSS 3,Responsive Design,React,TypeScript,Business with 1-9 Employees,Vector Graphic,Web Design,CSS,HTML5,Web Development,,,,,,,,,,,,,,,,,,,,,,
"Adobe Premiere Pro
Adobe After Effects
Video Editing
Motion Graphics
Video Production",Adobe Premiere Pro,Adobe After Effects,Video Editing,Motion Graphics,Video Production,,,,,,,,,,,,,,,,,,,,,,,,,,,
"Web Design
Web Development",Web Design,Web Development,,,,,,,,,,,,,,,,,,,,,,,,,,,,,,
"Bug Tracking & Reports
Test Execution
Web Testing
Software QA
Manual Testing
Functional Testing
Software Testing
Test Case Design
Quality Assurance
Mobile App Testing",Bug Tracking & Reports,Test Execution,Web Testing,Software QA,Manual Testing,Functional Testing,Software Testing,Test Case Design,Quality Assurance,Mobile App Testing,,,,,,,,,,,,,,,,,,,,,,
"Design Simulation
Driver Development
Hardware Design
PCB Design
Telecommunications Engineering
Electronics
Consumer Electronics
Digital Electronics
Android
Mobile App Design",Design Simulation,Driver Development,Hardware Design,PCB Design,Telecommunications Engineering,Electronics,Consumer Electronics,Digital Electronics,Android,Mobile App Design,,,,,,,,,,,,,,,,,,,,,,
"Elearning Video
Photo Slideshow
Video Editing
Video Editing & Production
Elearning Multimedia",Elearning Video,Photo Slideshow,Video Editing,Video Editing & Production,Elearning Multimedia,,,,,,,,,,,,,,,,,,,,,,,,,,,
"Microsoft Power BI Data Visualization
Angular 10",Microsoft Power BI Data Visualization,Angular 10,,,,,,,,,,,,,,,,,,,,,,,,,,,,,,
"Python
Data Science
Data Mining
Data Analysis
Machine Learning
Algorithm Development
R
Microsoft Excel
SQL
Career Coaching",Python,Data Science,Data Mining,Data Analysis,Machine Learning,Algorithm Development,R,Microsoft Excel,SQL,Career Coaching,,,,,,,,,,,,,,,,,,,,,,
"Microsoft Power BI Data Visualization
Angular 10",Microsoft Power BI Data Visualization,Angular 10,,,,,,,,,,,,,,,,,,,,,,,,,,,,,,
"Python
Data Science
Data Mining
Data Analysis
Machine Learning
Algorithm Development
R
Microsoft Excel
SQL
Career Coaching",Python,Data Science,Data Mining,Data Analysis,Machine Learning,Algorithm Development,R,Microsoft Excel,SQL,Career Coaching,,,,,,,,,,,,,,,,,,,,,,
"Content Writing
Creative Writing
Article Writing",Content Writing,Creative Writing,Article Writing,,,,,,,,,,,,,,,,,,,,,,,,,,,,,
"Website Content
Content Writing
SEO Writing
Blog Content
Copywriting",Website Content,Content Writing,SEO Writing,Blog Content,Copywriting,,,,,,,,,,,,,,,,,,,,,,,,,,,
"Instagram
Social Media Marketing
Social Media Management
Social Media Content",Instagram,Social Media Marketing,Social Media Management,Social Media Content,,,,,,,,,,,,,,,,,,,,,,,,,,,,
"Chemistry
Researcher
Product Formulation
Chemical Analysis
Cosmetic Raw Materials
Cosmetic Regulation",Chemistry,Researcher,Product Formulation,Chemical Analysis,Cosmetic Raw Materials,Cosmetic Regulation,,,,,,,,,,,,,,,,,,,,,,,,,,
"XAML
Syncfusion
Xamarin",XAML,Syncfusion,Xamarin,,,,,,,,,,,,,,,,,,,,,,,,,,,,,
"Translation
Singing
Voice Recording
Voice Acting
English to Bulgarian Translation
Bulgarian",Translation,Singing,Voice Recording,Voice Acting,English to Bulgarian Translation,Bulgarian,,,,,,,,,,,,,,,,,,,,,,,,,,
"HTML
CSS
React
Web Development",HTML,CSS,React,Web Development,,,,,,,,,,,,,,,,,,,,,,,,,,,,
"Web Development
NodeJS Framework
React",Web Development,NodeJS Framework,React,,,,,,,,,,,,,,,,,,,,,,,,,,,,,
Medical Writing,Medical Writing,,,,,,,,,,,,,,,,,,,,,,,,,,,,,,,
"LinkedIn Campaign Manager
Mobile Advertising
Display Ad
Google Analytics
Facebook
Social Media Management
Facebook Advertising
Social Media Marketing
Social Media Content
LinkedIn Marketing",LinkedIn Campaign Manager,Mobile Advertising,Display Ad,Google Analytics,Facebook,Social Media Management,Facebook Advertising,Social Media Marketing,Social Media Content,LinkedIn Marketing,,,,,,,,,,,,,,,,,,,,,,
".NET Framework
MySQL
Microsoft VBScript
.NET Core
C#
HTML
Java
Team Building",.NET Framework,MySQL,Microsoft VBScript,.NET Core,C#,HTML,Java,Team Building,,,,,,,,,,,,,,,,,,,,,,,,
"Contract Law
Legal Consulting",Contract Law,Legal Consulting,,,,,,,,,,,,,,,,,,,,,,,,,,,,,,
"Web Application
Web Design
Web Development
PHP
HTML
CSS
HTML5
API
JavaScript
CSS 3",Web Application,Web Design,Web Development,PHP,HTML,CSS,HTML5,API,JavaScript,CSS 3,,,,,,,,,,,,,,,,,,,,,,
"Virtual Assistant
Virtual Assistance
Communications
Email Communication",Virtual Assistant,Virtual Assistance,Communications,Email Communication,,,,,,,,,,,,,,,,,,,,,,,,,,,,
"Android
Smartphone
Android App Development
Mobile App Development",Android,Smartphone,Android App Development,Mobile App Development,,,,,,,,,,,,,,,,,,,,,,,,,,,,
"Hybrid App Development
Android
iOS
In-App Purchases
User Authentication
User Profile Creation
Review or Feedback Collection
Social Media Account Integration
In-App Search
Mobile App Development",Hybrid App Development,Android,iOS,In-App Purchases,User Authentication,User Profile Creation,Review or Feedback Collection,Social Media Account Integration,In-App Search,Mobile App Development,,,,,,,,,,,,,,,,,,,,,,
"Office Design
Industrial Design
Hotel Design
Electrical Engineering
Architectural Design
Interior Design
Product Design
Autodesk AutoCAD
3D Modeling
3D Design",Office Design,Industrial Design,Hotel Design,Electrical Engineering,Architectural Design,Interior Design,Product Design,Autodesk AutoCAD,3D Modeling,3D Design,,,,,,,,,,,,,,,,,,,,,,
"Photography
Photo Editing
Photo Manipulation",Photography,Photo Editing,Photo Manipulation,,,,,,,,,,,,,,,,,,,,,,,,,,,,,
"PLC Programming
PLC",PLC Programming,PLC,,,,,,,,,,,,,,,,,,,,,,,,,,,,,,
"Blockchain
Smart Contract
DApps
Binance Coin",Blockchain,Smart Contract,DApps,Binance Coin,,,,,,,,,,,,,,,,,,,,,,,,,,,,
"Google Chrome Extension
JavaScript
HTML
CSS
API
HTML5
API Integration
React
CSS 3
Browser Extension",Google Chrome Extension,JavaScript,HTML,CSS,API,HTML5,API Integration,React,CSS 3,Browser Extension,,,,,,,,,,,,,,,,,,,,,,
"Android App Development
Android
Mobile App Development
Android Studio",Android App Development,Android,Mobile App Development,Android Studio,,,,,,,,,,,,,,,,,,,,,,,,,,,,
"Workday
SAP ERP HCM
Workday Adaptive Planning",Workday,SAP ERP HCM,Workday Adaptive Planning,,,,,,,,,,,,,,,,,,,,,,,,,,,,,
"Android
Android App Development
Mobile App Development",Android,Android App Development,Mobile App Development,,,,,,,,,,,,,,,,,,,,,,,,,,,,,
"Website
Theme Installation
All in One SEO Pack
Contact Form 7
Yoast SEO
WordPress",Website,Theme Installation,All in One SEO Pack,Contact Form 7,Yoast SEO,WordPress,,,,,,,,,,,,,,,,,,,,,,,,,,
"Spring MVC
HTML5
Azure DevOps
Sass
ASP.NET Web API
.NET Framework
DevOps
Jira",Spring MVC,HTML5,Azure DevOps,Sass,ASP.NET Web API,.NET Framework,DevOps,Jira,,,,,,,,,,,,,,,,,,,,,,,,
"Android
Android App Development
Smartphone
Mobile App Development",Android,Android App Development,Smartphone,Mobile App Development,,,,,,,,,,,,,,,,,,,,,,,,,,,,
"React Native
Android
iOS
JavaScript",React Native,Android,iOS,JavaScript,,,,,,,,,,,,,,,,,,,,,,,,,,,,
"React Native
Android
iOS
JavaScript",React Native,Android,iOS,JavaScript,,,,,,,,,,,,,,,,,,,,,,,,,,,,
"Logo Design
Graphic Design
Social Media Imagery
Brand Identity & Guidelines",Logo Design,Graphic Design,Social Media Imagery,Brand Identity & Guidelines,,,,,,,,,,,,,,,,,,,,,,,,,,,,
"Android
Android App Development
Smartphone
Mobile App Development",Android,Android App Development,Smartphone,Mobile App Development,,,,,,,,,,,,,,,,,,,,,,,,,,,,
"Social Media Management
Social Media Marketing",Social Media Management,Social Media Marketing,,,,,,,,,,,,,,,,,,,,,,,,,,,,,,
"Shopify
Shopify Apps
JavaScript
Web Development
Node.js
CSS
HTML5
API
React
HTML",Shopify,Shopify Apps,JavaScript,Web Development,Node.js,CSS,HTML5,API,React,HTML,,,,,,,,,,,,,,,,,,,,,,
"Spark AR Studio
Microsoft Windows
AR Application
AR Filters & Lenses",Spark AR Studio,Microsoft Windows,AR Application,AR Filters & Lenses,,,,,,,,,,,,,,,,,,,,,,,,,,,,
"Information Security Consultation
PHP
Website Security
Network Security
FTP",Information Security Consultation,PHP,Website Security,Network Security,FTP,,,,,,,,,,,,,,,,,,,,,,,,,,,
"Angular
TypeScript
Node.js
Google Cloud Platform
CSS
HTML
JavaScript
Web Development
Web Service",Angular,TypeScript,Node.js,Google Cloud Platform,CSS,HTML,JavaScript,Web Development,Web Service,,,,,,,,,,,,,,,,,,,,,,,
"SEO Backlinking
Article Writing
Content Writing
Researcher
Search Engine Optimization
Copywriting
SEO Writing",SEO Backlinking,Article Writing,Content Writing,Researcher,Search Engine Optimization,Copywriting,SEO Writing,,,,,,,,,,,,,,,,,,,,,,,,,
"Content Writing
SaaS",Content Writing,SaaS,,,,,,,,,,,,,,,,,,,,,,,,,,,,,,
Google Ads,Google Ads,,,,,,,,,,,,,,,,,,,,,,,,,,,,,,,
"Web Development
WordPress
JavaScript
HTML
CSS
PHP
Web Design
HTML5
API
Web Application",Web Development,WordPress,JavaScript,HTML,CSS,PHP,Web Design,HTML5,API,Web Application,,,,,,,,,,,,,,,,,,,,,,
"Data Scraping
Data Mining
Scrapy
Python
Web Crawling
Data Extraction",Data Scraping,Data Mining,Scrapy,Python,Web Crawling,Data Extraction,,,,,,,,,,,,,,,,,,,,,,,,,,
"Website
Landing Page
React",Website,Landing Page,React,,,,,,,,,,,,,,,,,,,,,,,,,,,,,
"Process Infographics
Adobe Photoshop
Adobe InDesign
Microsoft PowerPoint
Typesetting
Book
Statistical Infographic
Graphic Design
Adobe Illustrator
Data Visualization
Isometric Style
Desktop Publishing
Chart Presentation",Process Infographics,Adobe Photoshop,Adobe InDesign,Microsoft PowerPoint,Typesetting,Book,Statistical Infographic,Graphic Design,Adobe Illustrator,Data Visualization,Isometric Style,Desktop Publishing,Chart Presentation,,,,,,,,,,,,,,,,,,,
"Academic Researcher
Critical Thinking Skills
Microsoft Excel
Researcher",Academic Researcher,Critical Thinking Skills,Microsoft Excel,Researcher,,,,,,,,,,,,,,,,,,,,,,,,,,,,
"Polish
Male",Polish,Male,,,,,,,,,,,,,,,,,,,,,,,,,,,,,,
"SEO Backlinking
Search Engine Optimization
Competitor Backlink Analysis
Guest Post
Backlink Analysis",SEO Backlinking,Search Engine Optimization,Competitor Backlink Analysis,Guest Post,Backlink Analysis,,,,,,,,,,,,,,,,,,,,,,,,,,,
"Marketing Strategy
Social Media Marketing
Facebook
Instagram
Social Media Management
Social Media Content
Content Writing
Social Media Content Creation",Marketing Strategy,Social Media Marketing,Facebook,Instagram,Social Media Management,Social Media Content,Content Writing,Social Media Content Creation,,,,,,,,,,,,,,,,,,,,,,,,
"Web Application
Database Development
BootstrapVue
Vue.js
API Integration
Responsive Design
Git
SQL
Custom PHP
SQLite
JavaScript
HTML
CSS
Redux
Web Design
Web Development
Graphic Design
HTML5
PHP",Web Application,Database Development,BootstrapVue,Vue.js,API Integration,Responsive Design,Git,SQL,Custom PHP,SQLite,JavaScript,HTML,CSS,Redux,Web Design,Web Development,Graphic Design,HTML5,PHP,,,,,,,,,,,,,
"Web Application
Database Development
BootstrapVue
Vue.js
API Integration
Responsive Design
Git
SQL
Custom PHP
SQLite
JavaScript
HTML
CSS
Redux
Web Design
Web Development
Graphic Design
HTML5
PHP",Web Application,Database Development,BootstrapVue,Vue.js,API Integration,Responsive Design,Git,SQL,Custom PHP,SQLite,JavaScript,HTML,CSS,Redux,Web Design,Web Development,Graphic Design,HTML5,PHP,,,,,,,,,,,,,
"Business Planning & Strategy
Microsoft PowerPoint
Microsoft Project
Business with 1-9 Employees
Virtual Assistant
Communications
Email Communication
Data Entry
Microsoft Excel
Administrative Support",Business Planning & Strategy,Microsoft PowerPoint,Microsoft Project,Business with 1-9 Employees,Virtual Assistant,Communications,Email Communication,Data Entry,Microsoft Excel,Administrative Support,,,,,,,,,,,,,,,,,,,,,,
"Mobile App
Web Design
App Design
App Development
App Feature Development",Mobile App,Web Design,App Design,App Development,App Feature Development,,,,,,,,,,,,,,,,,,,,,,,,,,,
"Tech & IT
LinkedIn
Pinterest
Twitter
Snapchat
Reddit
Quora
WeChat
Facebook
Instagram",Tech & IT,LinkedIn,Pinterest,Twitter,Snapchat,Reddit,Quora,WeChat,Facebook,Instagram,,,,,,,,,,,,,,,,,,,,,,
"Content Writing
Creative Writing
Landing Page
Website Content
Product Page",Content Writing,Creative Writing,Landing Page,Website Content,Product Page,,,,,,,,,,,,,,,,,,,,,,,,,,,
"Apache Spark
Python
PySpark",Apache Spark,Python,PySpark,,,,,,,,,,,,,,,,,,,,,,,,,,,,,
"Android
JavaScript
Android App Development
Mobile App Development
iOS
Web Development
Data Entry
WordPress
Smartphone
Kotlin",Android,JavaScript,Android App Development,Mobile App Development,iOS,Web Development,Data Entry,WordPress,Smartphone,Kotlin,,,,,,,,,,,,,,,,,,,,,,
"Magento 2
PHP
Ecommerce Website",Magento 2,PHP,Ecommerce Website,,,,,,,,,,,,,,,,,,,,,,,,,,,,,
"Figma
Webflow
Website
Web Design
HTML
Web Development
JavaScript
CSS
Graphic Design",Figma,Webflow,Website,Web Design,HTML,Web Development,JavaScript,CSS,Graphic Design,,,,,,,,,,,,,,,,,,,,,,,
"CorelDRAW
Graphic Design",CorelDRAW,Graphic Design,,,,,,,,,,,,,,,,,,,,,,,,,,,,,,
"Autodesk Revit
Building Information Modeling
C++
API
JavaScript
C#
.NET Framework",Autodesk Revit,Building Information Modeling,C++,API,JavaScript,C#,.NET Framework,,,,,,,,,,,,,,,,,,,,,,,,,
"Java
Android App Development
Android
Mobile App Development
Android Studio",Java,Android App Development,Android,Mobile App Development,Android Studio,,,,,,,,,,,,,,,,,,,,,,,,,,,
"Translation
Portuguese
English to Portuguese Translation
English
WordPress
Website Localization",Translation,Portuguese,English to Portuguese Translation,English,WordPress,Website Localization,,,,,,,,,,,,,,,,,,,,,,,,,,
"Business Planning & Strategy
Media & Entertainment
Business with 10-99 Employees
Business Development
Sales
Brand Licensing",Business Planning & Strategy,Media & Entertainment,Business with 10-99 Employees,Business Development,Sales,Brand Licensing,,,,,,,,,,,,,,,,,,,,,,,,,,
"Landing Page
User Flow
Web Design
WordPress
Web Development",Landing Page,User Flow,Web Design,WordPress,Web Development,,,,,,,,,,,,,,,,,,,,,,,,,,,
"MERN Stack
API Integration
Amazon Web Services
Crypto Exchange Platform",MERN Stack,API Integration,Amazon Web Services,Crypto Exchange Platform,,,,,,,,,,,,,,,,,,,,,,,,,,,,
"Video Editing
Adobe Premiere Pro
Adobe After Effects
Video Intro & Outro",Video Editing,Adobe Premiere Pro,Adobe After Effects,Video Intro & Outro,,,,,,,,,,,,,,,,,,,,,,,,,,,,
"Blog Content
Website Content
Guest Post
Article Submission
SEO Writing
Content Writing
Article Writing",Blog Content,Website Content,Guest Post,Article Submission,SEO Writing,Content Writing,Article Writing,,,,,,,,,,,,,,,,,,,,,,,,,
"Ecommerce Website
Web Application
Shopify
Shopify Apps
Web Development
Shopify Templates
JavaScript
App Development
Web Design",Ecommerce Website,Web Application,Shopify,Shopify Apps,Web Development,Shopify Templates,JavaScript,App Development,Web Design,,,,,,,,,,,,,,,,,,,,,,,
"Pinterest Ads Manager
Pinterest
Social Media Management
Social Media Content Creation
Canva
Research Post Ideas
Content Creation
Image Editing",Pinterest Ads Manager,Pinterest,Social Media Management,Social Media Content Creation,Canva,Research Post Ideas,Content Creation,Image Editing,,,,,,,,,,,,,,,,,,,,,,,,
"Writing
Content Writing
Pages
Creative Writing",Writing,Content Writing,Pages,Creative Writing,,,,,,,,,,,,,,,,,,,,,,,,,,,,
"Etsy Listing
Search Engine Optimization
Manage Etsy Site",Etsy Listing,Search Engine Optimization,Manage Etsy Site,,,,,,,,,,,,,,,,,,,,,,,,,,,,,
"WordPress
Web Development
Web Design",WordPress,Web Development,Web Design,,,,,,,,,,,,,,,,,,,,,,,,,,,,,
"Animated Cartoon
Character Design
Adobe Illustrator
Graphic Design
Animation
Cartoon Art
2D Animation
Illustration",Animated Cartoon,Character Design,Adobe Illustrator,Graphic Design,Animation,Cartoon Art,2D Animation,Illustration,,,,,,,,,,,,,,,,,,,,,,,,
"Business Plan
Business Analysis
Financial Modeling
Business Modeling
Business Valuation
Marketing Strategy
Executive Summary
Financial Planning
Market Research",Business Plan,Business Analysis,Financial Modeling,Business Modeling,Business Valuation,Marketing Strategy,Executive Summary,Financial Planning,Market Research,,,,,,,,,,,,,,,,,,,,,,,
"Android
Smartphone
Android App Development
Mobile App Development",Android,Smartphone,Android App Development,Mobile App Development,,,,,,,,,,,,,,,,,,,,,,,,,,,,
"SaaS
Lead Generation",SaaS,Lead Generation,,,,,,,,,,,,,,,,,,,,,,,,,,,,,,
"PHP
Laravel
Custom PHP
API
MySQL
JavaScript
Web Development
PHP Script
MySQL Programming",PHP,Laravel,Custom PHP,API,MySQL,JavaScript,Web Development,PHP Script,MySQL Programming,,,,,,,,,,,,,,,,,,,,,,,
"Voice Acting
German
Proofreading
Creative Writing
Writing",Voice Acting,German,Proofreading,Creative Writing,Writing,,,,,,,,,,,,,,,,,,,,,,,,,,,
,,,,,,,,,,,,,,,,,,,,,,,,,,,,,,,,
"Voice Acting
German
Proofreading
Creative Writing
Writing",Voice Acting,German,Proofreading,Creative Writing,Writing,,,,,,,,,,,,,,,,,,,,,,,,,,,
"Python
Data Analysis
ETL Pipeline
SQL
Data Mining",Python,Data Analysis,ETL Pipeline,SQL,Data Mining,,,,,,,,,,,,,,,,,,,,,,,,,,,
"Screen Scraping
Web Scraping
Data Scraping
Data Mining
Data Extraction
Scrapy
Python
Data Entry",Screen Scraping,Web Scraping,Data Scraping,Data Mining,Data Extraction,Scrapy,Python,Data Entry,,,,,,,,,,,,,,,,,,,,,,,,
"Blockchain
Cryptocurrency
Bitcoin
Blockchain Architecture
Ethereum
Blockchain Security
Data Analysis
Digital Forensics
Forensic Accounting
Blockchain, NFT & Cryptocurrency",Blockchain,Cryptocurrency,Bitcoin,Blockchain Architecture,Ethereum,Blockchain Security,Data Analysis,Digital Forensics,Forensic Accounting,"Blockchain, NFT & Cryptocurrency",,,,,,,,,,,,,,,,,,,,,,
"Academic Editing
Editing & Proofreading
Proofreading
Male
Female
French
Creative Writing
Translation
Content Writing
Writing",Academic Editing,Editing & Proofreading,Proofreading,Male,Female,French,Creative Writing,Translation,Content Writing,Writing,,,,,,,,,,,,,,,,,,,,,,
"Video Editing
Motion Graphics
Graphic Design",Video Editing,Motion Graphics,Graphic Design,,,,,,,,,,,,,,,,,,,,,,,,,,,,,
"Legal
Legal Consulting
Contract Law
Contract Drafting
Trademark",Legal,Legal Consulting,Contract Law,Contract Drafting,Trademark,,,,,,,,,,,,,,,,,,,,,,,,,,,
"Webflow
Website
CSS
Web Design
Web Development
Responsive Design
HTML",Webflow,Website,CSS,Web Design,Web Development,Responsive Design,HTML,,,,,,,,,,,,,,,,,,,,,,,,,
"Content Writing
LinkedIn Marketing
LinkedIn Lead Generation
Copywriting",Content Writing,LinkedIn Marketing,LinkedIn Lead Generation,Copywriting,,,,,,,,,,,,,,,,,,,,,,,,,,,,
"3D Rendering
CAD Drafting
Illustration
RhinoGold
Gemvision Matrix
Autodesk 3ds Max
Jewelry Design
3D Modeling
Rhinoceros 3D
Adobe Illustrator",3D Rendering,CAD Drafting,Illustration,RhinoGold,Gemvision Matrix,Autodesk 3ds Max,Jewelry Design,3D Modeling,Rhinoceros 3D,Adobe Illustrator,,,,,,,,,,,,,,,,,,,,,,
"Python
SQL
Scala
Architecture
Cloud Architecture
Database Design
API Development
Data Warehousing",Python,SQL,Scala,Architecture,Cloud Architecture,Database Design,API Development,Data Warehousing,,,,,,,,,,,,,,,,,,,,,,,,
"OCR Algorithm
Tesseract OCR
Data Entry
Computer Vision
Data Scraping
Image Processing
Data Collection
Accuracy Verification
Data Mining
Image Processing Framework",OCR Algorithm,Tesseract OCR,Data Entry,Computer Vision,Data Scraping,Image Processing,Data Collection,Accuracy Verification,Data Mining,Image Processing Framework,,,,,,,,,,,,,,,,,,,,,,
Norwegian,Norwegian,,,,,,,,,,,,,,,,,,,,,,,,,,,,,,,
"Zendesk
Zendesk API
Customer Support
Customer Service
Ticketing System
API",Zendesk,Zendesk API,Customer Support,Customer Service,Ticketing System,API,,,,,,,,,,,,,,,,,,,,,,,,,,
Norwegian,Norwegian,,,,,,,,,,,,,,,,,,,,,,,,,,,,,,,
"Thai
Thai to English Translation",Thai,Thai to English Translation,,,,,,,,,,,,,,,,,,,,,,,,,,,,,,
"Photography
Photo Editing
Business
Image Editing
People",Photography,Photo Editing,Business,Image Editing,People,,,,,,,,,,,,,,,,,,,,,,,,,,,
"Native
Translation
English
Czech",Native,Translation,English,Czech,,,,,,,,,,,,,,,,,,,,,,,,,,,,
"Native
Translation
English
Danish",Native,Translation,English,Danish,,,,,,,,,,,,,,,,,,,,,,,,,,,,
"Native
Translation
English
Norwegian",Native,Translation,English,Norwegian,,,,,,,,,,,,,,,,,,,,,,,,,,,,
"Native
Translation
English
Norwegian",Native,Translation,English,Norwegian,,,,,,,,,,,,,,,,,,,,,,,,,,,,
Thai to English Translation,Thai to English Translation,,,,,,,,,,,,,,,,,,,,,,,,,,,,,,,
"Website
User Interface Design
Web Design
Responsive Design
User Experience Design
Mobile App Design
Mockup
User Flow",Website,User Interface Design,Web Design,Responsive Design,User Experience Design,Mobile App Design,Mockup,User Flow,,,,,,,,,,,,,,,,,,,,,,,,
"Electronics
Embedded System
Electronic Design
Electrical Engineering
Circuit Design
Digital Electronics
Analog Circuit
Altium Designer",Electronics,Embedded System,Electronic Design,Electrical Engineering,Circuit Design,Digital Electronics,Analog Circuit,Altium Designer,,,,,,,,,,,,,,,,,,,,,,,,
"Marketing Strategy
Search Engine Optimization
Social Media Marketing",Marketing Strategy,Search Engine Optimization,Social Media Marketing,,,,,,,,,,,,,,,,,,,,,,,,,,,,,
"Landing Page
Shopify
WordPress
Web Design",Landing Page,Shopify,WordPress,Web Design,,,,,,,,,,,,,,,,,,,,,,,,,,,,
"Urdu
Data Annotation
Data Entry",Urdu,Data Annotation,Data Entry,,,,,,,,,,,,,,,,,,,,,,,,,,,,,
"VoIP
Vtiger Development
API
VoIP Administration",VoIP,Vtiger Development,API,VoIP Administration,,,,,,,,,,,,,,,,,,,,,,,,,,,,
"English to Spanish Translation
Spanish to English Translation",English to Spanish Translation,Spanish to English Translation,,,,,,,,,,,,,,,,,,,,,,,,,,,,,,
"Native
Russian
English to Russian Translation
Translation
English",Native,Russian,English to Russian Translation,Translation,English,,,,,,,,,,,,,,,,,,,,,,,,,,,
"Drupal
Web Development
JavaScript
PHP",Drupal,Web Development,JavaScript,PHP,,,,,,,,,,,,,,,,,,,,,,,,,,,,
"Web Application
Python
API Integration
React
LevelDB
MongoDB
Data Analysis
Data Visualization
R
Google Analytics",Web Application,Python,API Integration,React,LevelDB,MongoDB,Data Analysis,Data Visualization,R,Google Analytics,,,,,,,,,,,,,,,,,,,,,,
"WordPress Development
WordPress
Web Development",WordPress Development,WordPress,Web Development,,,,,,,,,,,,,,,,,,,,,,,,,,,,,
"Mobile App Testing
Manual Testing
Software Testing
iOS",Mobile App Testing,Manual Testing,Software Testing,iOS,,,,,,,,,,,,,,,,,,,,,,,,,,,,
"Shopify
Shopify Apps",Shopify,Shopify Apps,,,,,,,,,,,,,,,,,,,,,,,,,,,,,,
"STM32
Embedded System
PCB Design
Electronics
Electrical Engineering
Microcontroller Programming
Digital Electronics
Electronic Design
ARM Cortex-M
Schematic",STM32,Embedded System,PCB Design,Electronics,Electrical Engineering,Microcontroller Programming,Digital Electronics,Electronic Design,ARM Cortex-M,Schematic,,,,,,,,,,,,,,,,,,,,,,
"Web Development
Web Design
WordPress
HTML",Web Development,Web Design,WordPress,HTML,,,,,,,,,,,,,,,,,,,,,,,,,,,,
"Adobe XD
Web Design
Prototyping
Mockup
Wireframing
Sketching
Sketch
Mobile App Design
Figma
User Flow",Adobe XD,Web Design,Prototyping,Mockup,Wireframing,Sketching,Sketch,Mobile App Design,Figma,User Flow,,,,,,,,,,,,,,,,,,,,,,
"Video Intro & Outro
Dialogue Editing
Audio Editing
Color Grading
360-Degree Video Editing
Prezi
Adobe Premiere Pro
Footage-Based Video
Video Editing
Final Cut Pro X",Video Intro & Outro,Dialogue Editing,Audio Editing,Color Grading,360-Degree Video Editing,Prezi,Adobe Premiere Pro,Footage-Based Video,Video Editing,Final Cut Pro X,,,,,,,,,,,,,,,,,,,,,,
"Testimonial Video
Concept Video
Video Editing
Video Production
Videography",Testimonial Video,Concept Video,Video Editing,Video Production,Videography,,,,,,,,,,,,,,,,,,,,,,,,,,,
"Accounting Principles & Practices
C-Corporation
Tax Preparation
Tax Law
IRS Income Tax Audits",Accounting Principles & Practices,C-Corporation,Tax Preparation,Tax Law,IRS Income Tax Audits,,,,,,,,,,,,,,,,,,,,,,,,,,,
"Official Documents Translation
Official Correspondence Translation
Near-Native
Native
Translation
English to Chinese Translation
English
Chinese
Documentation",Official Documents Translation,Official Correspondence Translation,Near-Native,Native,Translation,English to Chinese Translation,English,Chinese,Documentation,,,,,,,,,,,,,,,,,,,,,,,
"CSS
JavaScript
Web Design
Web Development
Graphic Design
HTML5",CSS,JavaScript,Web Design,Web Development,Graphic Design,HTML5,,,,,,,,,,,,,,,,,,,,,,,,,,
"Tailwind CSS
React
Next.js
Landing Page
CSS
JavaScript",Tailwind CSS,React,Next.js,Landing Page,CSS,JavaScript,,,,,,,,,,,,,,,,,,,,,,,,,,
"WooCommerce
WordPress
Elementor
PHP",WooCommerce,WordPress,Elementor,PHP,,,,,,,,,,,,,,,,,,,,,,,,,,,,
"HTML5
LeSS Framework
Angular 10
Angular Material
CSS",HTML5,LeSS Framework,Angular 10,Angular Material,CSS,,,,,,,,,,,,,,,,,,,,,,,,,,,
"Prezi
Business Presentation
Presentations
Presentation Design",Prezi,Business Presentation,Presentations,Presentation Design,,,,,,,,,,,,,,,,,,,,,,,,,,,,
"Data Cleansing
Lead Generation
Prospect List
Data Entry
List Building
Data Scraping
Data Mining",Data Cleansing,Lead Generation,Prospect List,Data Entry,List Building,Data Scraping,Data Mining,,,,,,,,,,,,,,,,,,,,,,,,,
Sports & Fitness,Sports & Fitness,,,,,,,,,,,,,,,,,,,,,,,,,,,,,,,
"Call of Duty
Game Design",Call of Duty,Game Design,,,,,,,,,,,,,,,,,,,,,,,,,,,,,,
"Contract Manufacturing
Supply Chain & Logistics
Retail & Consumer Goods
Business with 100-999 Employees
Supply Chain Management",Contract Manufacturing,Supply Chain & Logistics,Retail & Consumer Goods,Business with 100-999 Employees,Supply Chain Management,,,,,,,,,,,,,,,,,,,,,,,,,,,
"Business with 1-9 Employees
Web Development
WordPress
Web Design
HTML",Business with 1-9 Employees,Web Development,WordPress,Web Design,HTML,,,,,,,,,,,,,,,,,,,,,,,,,,,
"Digital Forensics
Blockchain
Data Analysis",Digital Forensics,Blockchain,Data Analysis,,,,,,,,,,,,,,,,,,,,,,,,,,,,,
"Web Design
UI/UX Prototyping
Wireframing",Web Design,UI/UX Prototyping,Wireframing,,,,,,,,,,,,,,,,,,,,,,,,,,,,,
"Google Ads
Facebook Ads Manager
Snapchat Ads Manager
Social Media Marketing
TikTok Ad
Campaign Optimization
Lead Generation
Facebook Advertising
Instagram",Google Ads,Facebook Ads Manager,Snapchat Ads Manager,Social Media Marketing,TikTok Ad,Campaign Optimization,Lead Generation,Facebook Advertising,Instagram,,,,,,,,,,,,,,,,,,,,,,,
"Custom PHP
Website Redesign
Web Application
Apache Tomcat
WordPress
Web Development
CSS
Web Design
PHP
HTML5",Custom PHP,Website Redesign,Web Application,Apache Tomcat,WordPress,Web Development,CSS,Web Design,PHP,HTML5,,,,,,,,,,,,,,,,,,,,,,
"Video Editing
Video Post-Editing",Video Editing,Video Post-Editing,,,,,,,,,,,,,,,,,,,,,,,,,,,,,,
"Brand Guidelines
Logo Design
Brand Positioning
Corporate Brand Identity
Digital Marketing Materials",Brand Guidelines,Logo Design,Brand Positioning,Corporate Brand Identity,Digital Marketing Materials,,,,,,,,,,,,,,,,,,,,,,,,,,,
"Adobe Photoshop
Graphic Design
Social Media Imagery
YouTube
Illustration
Logo Design
Adobe Illustrator",Adobe Photoshop,Graphic Design,Social Media Imagery,YouTube,Illustration,Logo Design,Adobe Illustrator,,,,,,,,,,,,,,,,,,,,,,,,,
"Ahrefs
Off-Page SEO
SEO Backlinking
SEO Keyword Research
Search Engine Optimization
HTML
Media & Entertainment
Business with 1-9 Employees",Ahrefs,Off-Page SEO,SEO Backlinking,SEO Keyword Research,Search Engine Optimization,HTML,Media & Entertainment,Business with 1-9 Employees,,,,,,,,,,,,,,,,,,,,,,,,
"MetaTrader 4
MQL 4
Forex Trading",MetaTrader 4,MQL 4,Forex Trading,,,,,,,,,,,,,,,,,,,,,,,,,,,,,
"SEO Audit
SEC Reporting",SEO Audit,SEC Reporting,,,,,,,,,,,,,,,,,,,,,,,,,,,,,,
"Influencer Marketing
Tech & IT
Twitter
YouTube
Facebook Advertising
Social Media Management
Social Media Advertising
Social Media Marketing
Social Media Marketing Strategy
Twitter Ads Manager
NFT Marketing
Social Media Strategy
Twitter Marketing
Blockchain
Initial Coin Offering
ICO Marketing
Blockchain, NFT & Cryptocurrency
NFT
Influencer Shoutout
Influencer Research",Influencer Marketing,Tech & IT,Twitter,YouTube,Facebook Advertising,Social Media Management,Social Media Advertising,Social Media Marketing,Social Media Marketing Strategy,Twitter Ads Manager,NFT Marketing,Social Media Strategy,Twitter Marketing,Blockchain,Initial Coin Offering,ICO Marketing,"Blockchain, NFT & Cryptocurrency",NFT,Influencer Shoutout,Influencer Research,,,,,,,,,,,,
"Data Scraping
Data Entry",Data Scraping,Data Entry,,,,,,,,,,,,,,,,,,,,,,,,,,,,,,
"Voice-Over
Male
British English Accent",Voice-Over,Male,British English Accent,,,,,,,,,,,,,,,,,,,,,,,,,,,,,
"Content Marketing Strategy
Business Writing
Blog Writing
Content Writing
Website Content
Landing Page",Content Marketing Strategy,Business Writing,Blog Writing,Content Writing,Website Content,Landing Page,,,,,,,,,,,,,,,,,,,,,,,,,,
"Ethical Hacking
Penetration Testing
HackerRank
Information Security
Kali Linux
Metasploit
Cybersecurity Management
Network Security",Ethical Hacking,Penetration Testing,HackerRank,Information Security,Kali Linux,Metasploit,Cybersecurity Management,Network Security,,,,,,,,,,,,,,,,,,,,,,,,
"TikTok
LinkedIn
Canva
YouTube
Social Media Marketing
Copywriting
Instagram
Email & Newsletter
Email
Webinar",TikTok,LinkedIn,Canva,YouTube,Social Media Marketing,Copywriting,Instagram,Email & Newsletter,Email,Webinar,,,,,,,,,,,,,,,,,,,,,,
"Video Intro & Outro
English
Creative Writing
Content Writing
Scriptwriting
Writing
Scripting
Copywriting
Script",Video Intro & Outro,English,Creative Writing,Content Writing,Scriptwriting,Writing,Scripting,Copywriting,Script,,,,,,,,,,,,,,,,,,,,,,,
"Mobile App Testing
Web Testing
API Testing
Usability Testing
Manual Testing
Bug Tracking & Reports",Mobile App Testing,Web Testing,API Testing,Usability Testing,Manual Testing,Bug Tracking & Reports,,,,,,,,,,,,,,,,,,,,,,,,,,
"ASP.NET
.NET Compact Framework
ASP.NET Core
C#",ASP.NET,.NET Compact Framework,ASP.NET Core,C#,,,,,,,,,,,,,,,,,,,,,,,,,,,,
"iOS
Unity
C#
Game Development
Mobile App Development
Game Design",iOS,Unity,C#,Game Development,Mobile App Development,Game Design,,,,,,,,,,,,,,,,,,,,,,,,,,
"Statistics
Python
Data Analysis",Statistics,Python,Data Analysis,,,,,,,,,,,,,,,,,,,,,,,,,,,,,
"Google Analytics
Google Ads
Google Analytics API
Search Engine Optimization
SEO Keyword Research
Search Engine Marketing
Marketing Analytics
Analytics
Google Tag Manager",Google Analytics,Google Ads,Google Analytics API,Search Engine Optimization,SEO Keyword Research,Search Engine Marketing,Marketing Analytics,Analytics,Google Tag Manager,,,,,,,,,,,,,,,,,,,,,,,
"Web Design
Landing Page
HTML
JADE
Modern Style",Web Design,Landing Page,HTML,JADE,Modern Style,,,,,,,,,,,,,,,,,,,,,,,,,,,
"Wix
Web Design
WordPress
Web Development
Website Builder
Graphic Design
Hebrew",Wix,Web Design,WordPress,Web Development,Website Builder,Graphic Design,Hebrew,,,,,,,,,,,,,,,,,,,,,,,,,
"Unity
iOS
Game Design
Graphic Design
UI Graphics
Game Development",Unity,iOS,Game Design,Graphic Design,UI Graphics,Game Development,,,,,,,,,,,,,,,,,,,,,,,,,,
"Google Shopping
WooCommerce",Google Shopping,WooCommerce,,,,,,,,,,,,,,,,,,,,,,,,,,,,,,
"Resume Writing
English
LinkedIn Development
Career Coaching",Resume Writing,English,LinkedIn Development,Career Coaching,,,,,,,,,,,,,,,,,,,,,,,,,,,,
"British English Accent
Canadian English Dialect
Voice-Over
Voice Acting
Male
Audio Editing
US English Dialect",British English Accent,Canadian English Dialect,Voice-Over,Voice Acting,Male,Audio Editing,US English Dialect,,,,,,,,,,,,,,,,,,,,,,,,,
"Graphic Design
Brand Guidelines
Adobe Illustrator
Adobe Photoshop
Branding
Corporate Brand Identity
Brand Identity
Brand Marketing
Brand Identity & Guidelines",Graphic Design,Brand Guidelines,Adobe Illustrator,Adobe Photoshop,Branding,Corporate Brand Identity,Brand Identity,Brand Marketing,Brand Identity & Guidelines,,,,,,,,,,,,,,,,,,,,,,,
"Search Engine Optimization
Website Content
Content Writing",Search Engine Optimization,Website Content,Content Writing,,,,,,,,,,,,,,,,,,,,,,,,,,,,,
"Database
Business with 1-9 Employees
Python
Django",Database,Business with 1-9 Employees,Python,Django,,,,,,,,,,,,,,,,,,,,,,,,,,,,
"Communications
Communication Etiquette
Live Interpretation
Virtual Assistant
Zoom Video Conferencing
Communication Skills",Communications,Communication Etiquette,Live Interpretation,Virtual Assistant,Zoom Video Conferencing,Communication Skills,,,,,,,,,,,,,,,,,,,,,,,,,,
"Videography
Video Production
Video Commercial",Videography,Video Production,Video Commercial,,,,,,,,,,,,,,,,,,,,,,,,,,,,,
"Moodle
MySQL
JavaScript
Web Development",Moodle,MySQL,JavaScript,Web Development,,,,,,,,,,,,,,,,,,,,,,,,,,,,
Legal Writing,Legal Writing,,,,,,,,,,,,,,,,,,,,,,,,,,,,,,,
"Wix
Web Design
Web Development
Graphic Design",Wix,Web Design,Web Development,Graphic Design,,,,,,,,,,,,,,,,,,,,,,,,,,,,
"Golang
API
RESTful API
Kubernetes
Microservice",Golang,API,RESTful API,Kubernetes,Microservice,,,,,,,,,,,,,,,,,,,,,,,,,,,
"Videography
Video Production
Video Commercial",Videography,Video Production,Video Commercial,,,,,,,,,,,,,,,,,,,,,,,,,,,,,
"Videography
Video Production
Video Commercial",Videography,Video Production,Video Commercial,,,,,,,,,,,,,,,,,,,,,,,,,,,,,
"SQL
Vue.js
Laravel
MariaDB
Git
PHP
JavaScript
HTML",SQL,Vue.js,Laravel,MariaDB,Git,PHP,JavaScript,HTML,,,,,,,,,,,,,,,,,,,,,,,,
ERPNext,ERPNext,,,,,,,,,,,,,,,,,,,,,,,,,,,,,,,
"Facebook Ads Manager
Ad Creative
Google Analytics
LinkedIn Campaign Manager
Google Ads
Pay Per Click Advertising
PPC Campaign Setup & Management",Facebook Ads Manager,Ad Creative,Google Analytics,LinkedIn Campaign Manager,Google Ads,Pay Per Click Advertising,PPC Campaign Setup & Management,,,,,,,,,,,,,,,,,,,,,,,,,
"Qualitative Research
Researcher
Writing
Content Writing
English
Article Writing
Human Resource Management
Construction Management
Civil Engineering",Qualitative Research,Researcher,Writing,Content Writing,English,Article Writing,Human Resource Management,Construction Management,Civil Engineering,,,,,,,,,,,,,,,,,,,,,,,
"Data Scraping
Symfony
PHP",Data Scraping,Symfony,PHP,,,,,,,,,,,,,,,,,,,,,,,,,,,,,
"Contract Law
Contract Drafting
Legal Writing
Legal Consulting
Legal",Contract Law,Contract Drafting,Legal Writing,Legal Consulting,Legal,,,,,,,,,,,,,,,,,,,,,,,,,,,
"Spring Boot
Java
JavaScript",Spring Boot,Java,JavaScript,,,,,,,,,,,,,,,,,,,,,,,,,,,,,
"Animated Environment
3D Sculpting
Autodesk 3ds Max
Blender
Character Design
Animation
3D Animation
Motion Graphics",Animated Environment,3D Sculpting,Autodesk 3ds Max,Blender,Character Design,Animation,3D Animation,Motion Graphics,,,,,,,,,,,,,,,,,,,,,,,,
"Video Editing
Adobe Premiere Pro
Video Post-Editing
Video Intro & Outro
YouTube Development
Video Production
Adobe After Effects",Video Editing,Adobe Premiere Pro,Video Post-Editing,Video Intro & Outro,YouTube Development,Video Production,Adobe After Effects,,,,,,,,,,,,,,,,,,,,,,,,,
"Network Security
Malware",Network Security,Malware,,,,,,,,,,,,,,,,,,,,,,,,,,,,,,
"Microsoft Windows
System Administration
Windows Server
Microsoft Active Directory",Microsoft Windows,System Administration,Windows Server,Microsoft Active Directory,,,,,,,,,,,,,,,,,,,,,,,,,,,,
"SAP
Project Management
Research & Strategy
SAP FICO",SAP,Project Management,Research & Strategy,SAP FICO,,,,,,,,,,,,,,,,,,,,,,,,,,,,
"Market Analysis
Market Research
Business Analysis
Business Plan",Market Analysis,Market Research,Business Analysis,Business Plan,,,,,,,,,,,,,,,,,,,,,,,,,,,,
"Mockup
Website",Mockup,Website,,,,,,,,,,,,,,,,,,,,,,,,,,,,,,
"LinkedIn
LinkedIn Profile Creation",LinkedIn,LinkedIn Profile Creation,,,,,,,,,,,,,,,,,,,,,,,,,,,,,,
2D Animation,2D Animation,,,,,,,,,,,,,,,,,,,,,,,,,,,,,,,
"SAP BusinessOne
SQL
SAP HANA",SAP BusinessOne,SQL,SAP HANA,,,,,,,,,,,,,,,,,,,,,,,,,,,,,
"Terraform
AWS CloudFormation
Infrastructure Management",Terraform,AWS CloudFormation,Infrastructure Management,,,,,,,,,,,,,,,,,,,,,,,,,,,,,
"Microsoft Azure
Microsoft Windows Powershell",Microsoft Azure,Microsoft Windows Powershell,,,,,,,,,,,,,,,,,,,,,,,,,,,,,,
"Russian
General Transcription",Russian,General Transcription,,,,,,,,,,,,,,,,,,,,,,,,,,,,,,
"Dart
HTML5
Flutter",Dart,HTML5,Flutter,,,,,,,,,,,,,,,,,,,,,,,,,,,,,
"Android
Android App Development
Smartphone
Mobile App Development",Android,Android App Development,Smartphone,Mobile App Development,,,,,,,,,,,,,,,,,,,,,,,,,,,,
"Android
Android App Development
Smartphone
Mobile App Development",Android,Android App Development,Smartphone,Mobile App Development,,,,,,,,,,,,,,,,,,,,,,,,,,,,
"Social Media Marketing
Social Media Management
Marketing Strategy
Instagram
Social Media Content Creation",Social Media Marketing,Social Media Management,Marketing Strategy,Instagram,Social Media Content Creation,,,,,,,,,,,,,,,,,,,,,,,,,,,
"Graphic Design
Adobe Photoshop
Video Advertising
TikTok
TikTok Marketing
Creative Direction
Creative Strategy
Advertisement
Adobe Illustrator",Graphic Design,Adobe Photoshop,Video Advertising,TikTok,TikTok Marketing,Creative Direction,Creative Strategy,Advertisement,Adobe Illustrator,,,,,,,,,,,,,,,,,,,,,,,
"Graphic Design
Adobe Photoshop
Video Advertising
TikTok
TikTok Marketing
Creative Direction
Creative Strategy
Advertisement
Adobe Illustrator",Graphic Design,Adobe Photoshop,Video Advertising,TikTok,TikTok Marketing,Creative Direction,Creative Strategy,Advertisement,Adobe Illustrator,,,,,,,,,,,,,,,,,,,,,,,
"Graphic Design
Adobe Photoshop
YouTube
Photo Editing
Photo Manipulation",Graphic Design,Adobe Photoshop,YouTube,Photo Editing,Photo Manipulation,,,,,,,,,,,,,,,,,,,,,,,,,,,
"Article Writing
Landing Page
English
Copywriting
Content Writing
Researcher",Article Writing,Landing Page,English,Copywriting,Content Writing,Researcher,,,,,,,,,,,,,,,,,,,,,,,,,,
"Assembly Language
Assembler",Assembly Language,Assembler,,,,,,,,,,,,,,,,,,,,,,,,,,,,,,
"Assembly Language
Assembler",Assembly Language,Assembler,,,,,,,,,,,,,,,,,,,,,,,,,,,,,,
"Graphic Design
Adobe Photoshop
Video Advertising
TikTok
TikTok Marketing
Creative Direction
Creative Strategy
Advertisement
Adobe Illustrator",Graphic Design,Adobe Photoshop,Video Advertising,TikTok,TikTok Marketing,Creative Direction,Creative Strategy,Advertisement,Adobe Illustrator,,,,,,,,,,,,,,,,,,,,,,,
"Call Center Management
Phone Support
Customer Satisfaction
Customer Service
Email Support",Call Center Management,Phone Support,Customer Satisfaction,Customer Service,Email Support,,,,,,,,,,,,,,,,,,,,,,,,,,,
"Android
Data Scraping
Microsoft Excel
Python
C#
MySQL
Android App Development",Android,Data Scraping,Microsoft Excel,Python,C#,MySQL,Android App Development,,,,,,,,,,,,,,,,,,,,,,,,,
"Graphic Design
Business Card",Graphic Design,Business Card,,,,,,,,,,,,,,,,,,,,,,,,,,,,,,
Graphic Design,Graphic Design,,,,,,,,,,,,,,,,,,,,,,,,,,,,,,,
Business Writing,Business Writing,,,,,,,,,,,,,,,,,,,,,,,,,,,,,,,
"HTML
JavaScript
CSS
PHP
Web Design
React
Web Application
Node.js",HTML,JavaScript,CSS,PHP,Web Design,React,Web Application,Node.js,,,,,,,,,,,,,,,,,,,,,,,,
"iOS
Android
Mobile App Development
iOS Development
Android App Development",iOS,Android,Mobile App Development,iOS Development,Android App Development,,,,,,,,,,,,,,,,,,,,,,,,,,,
"Product Photography
Graphic Design
Photo Editing
Image Editing
Photo Retouching
Adobe Illustrator
Adobe Photoshop
Photography",Product Photography,Graphic Design,Photo Editing,Image Editing,Photo Retouching,Adobe Illustrator,Adobe Photoshop,Photography,,,,,,,,,,,,,,,,,,,,,,,,
"Drawing
Illustration
Cartoon Art
Adobe Photoshop
Sketching",Drawing,Illustration,Cartoon Art,Adobe Photoshop,Sketching,,,,,,,,,,,,,,,,,,,,,,,,,,,
"UiPath
.NET Framework
Build Automation",UiPath,.NET Framework,Build Automation,,,,,,,,,,,,,,,,,,,,,,,,,,,,,
"Android App Development
Java
App Store
App Store Upload
App Store Optimization
Google Play
iOS
Android
Mobile App Development",Android App Development,Java,App Store,App Store Upload,App Store Optimization,Google Play,iOS,Android,Mobile App Development,,,,,,,,,,,,,,,,,,,,,,,
"English to French Translation
Electrical Engineering",English to French Translation,Electrical Engineering,,,,,,,,,,,,,,,,,,,,,,,,,,,,,,
"Video Production
Videography",Video Production,Videography,,,,,,,,,,,,,,,,,,,,,,,,,,,,,,
Ilocano,Ilocano,,,,,,,,,,,,,,,,,,,,,,,,,,,,,,,
"Phone Communication
English
Translation
Phone Support
Customer Service",Phone Communication,English,Translation,Phone Support,Customer Service,,,,,,,,,,,,,,,,,,,,,,,,,,,
"AmiBroker Formula Language
Algorithm Development",AmiBroker Formula Language,Algorithm Development,,,,,,,,,,,,,,,,,,,,,,,,,,,,,,
"Server
Linux System Administration",Server,Linux System Administration,,,,,,,,,,,,,,,,,,,,,,,,,,,,,,
"Windows Server
Linux
Storage Area Network
Disaster Recovery",Windows Server,Linux,Storage Area Network,Disaster Recovery,,,,,,,,,,,,,,,,,,,,,,,,,,,,
"Travel & Hospitality
Health & Wellness
Adobe After Effects
Adobe XD
Adobe Illustrator",Travel & Hospitality,Health & Wellness,Adobe After Effects,Adobe XD,Adobe Illustrator,,,,,,,,,,,,,,,,,,,,,,,,,,,
"Near-Native
Native",Near-Native,Native,,,,,,,,,,,,,,,,,,,,,,,,,,,,,,
"Bug Fix
App Development
Landing Page
PayPal
Web Design
Web Development
Graphic Design
Wix",Bug Fix,App Development,Landing Page,PayPal,Web Design,Web Development,Graphic Design,Wix,,,,,,,,,,,,,,,,,,,,,,,,
"Hardware Design
Internet of Things Solutions Design
C++
WiFi
Bluetooth
Embedded C
Microcontroller Programming
Electronic Design
Core Bluetooth",Hardware Design,Internet of Things Solutions Design,C++,WiFi,Bluetooth,Embedded C,Microcontroller Programming,Electronic Design,Core Bluetooth,,,,,,,,,,,,,,,,,,,,,,,
"Shopify
Inventory Management
Shipping Labels
Purchase Orders
Sales & Inventory Entries
Packing Slips
Invoicing
Oberlo
Vendor Management
Online Sales Management
Dropshipping
Sourcing
Alibaba Sourcing
Market Research
Clothing",Shopify,Inventory Management,Shipping Labels,Purchase Orders,Sales & Inventory Entries,Packing Slips,Invoicing,Oberlo,Vendor Management,Online Sales Management,Dropshipping,Sourcing,Alibaba Sourcing,Market Research,Clothing,,,,,,,,,,,,,,,,,
"Email Communication
Lead Generation
Scheduling
Communications
Virtual Assistant
Sales
Outbound Sales",Email Communication,Lead Generation,Scheduling,Communications,Virtual Assistant,Sales,Outbound Sales,,,,,,,,,,,,,,,,,,,,,,,,,
"Email Communication
Lead Generation
Scheduling
Communications
Virtual Assistant
Sales
Outbound Sales",Email Communication,Lead Generation,Scheduling,Communications,Virtual Assistant,Sales,Outbound Sales,,,,,,,,,,,,,,,,,,,,,,,,,
"Internet Marketing
Social Media Marketing
Marketing Strategy
Google Ads
Instagram
Facebook",Internet Marketing,Social Media Marketing,Marketing Strategy,Google Ads,Instagram,Facebook,,,,,,,,,,,,,,,,,,,,,,,,,,
"Apache Spark
Talend Data Integration
PySpark",Apache Spark,Talend Data Integration,PySpark,,,,,,,,,,,,,,,,,,,,,,,,,,,,,
"Social Media Marketing Strategy
Marketing Strategy
Social Media Management
YouTube
YouTube Marketing
Influencer Marketing
Social Media Marketing
Internet Marketing
Facebook
Instagram",Social Media Marketing Strategy,Marketing Strategy,Social Media Management,YouTube,YouTube Marketing,Influencer Marketing,Social Media Marketing,Internet Marketing,Facebook,Instagram,,,,,,,,,,,,,,,,,,,,,,
"Residential Design
Interior Design",Residential Design,Interior Design,,,,,,,,,,,,,,,,,,,,,,,,,,,,,,
"Flutter
Native App Development
User Profile Creation
Chat & Messaging Software
In-App Advertising
Review or Feedback Collection
iOS
User Authentication
Mobile App Development
Smartphone",Flutter,Native App Development,User Profile Creation,Chat & Messaging Software,In-App Advertising,Review or Feedback Collection,iOS,User Authentication,Mobile App Development,Smartphone,,,,,,,,,,,,,,,,,,,,,,
"Dutch
English
Translation
Voice Acting
Proofreading
Voice-Over
Communications
Researcher",Dutch,English,Translation,Voice Acting,Proofreading,Voice-Over,Communications,Researcher,,,,,,,,,,,,,,,,,,,,,,,,
"Content Writing
Creative Writing
Podcast Writing
Hindi
Writing",Content Writing,Creative Writing,Podcast Writing,Hindi,Writing,,,,,,,,,,,,,,,,,,,,,,,,,,,
"SEO Backlinking
Off-Page SEO
SEO Keyword Research
Search Engine Optimization
Guest Post",SEO Backlinking,Off-Page SEO,SEO Keyword Research,Search Engine Optimization,Guest Post,,,,,,,,,,,,,,,,,,,,,,,,,,,
"Social Media Marketing
Sexy Tone
Content Creation",Social Media Marketing,Sexy Tone,Content Creation,,,,,,,,,,,,,,,,,,,,,,,,,,,,,
"Content Marketing Strategy
Content Writing
Article Writing
Blog Writing
Writing
Press Release
Researcher
Copywriting
Article
Blog Content",Content Marketing Strategy,Content Writing,Article Writing,Blog Writing,Writing,Press Release,Researcher,Copywriting,Article,Blog Content,,,,,,,,,,,,,,,,,,,,,,
"Social Media Management
Virtual Assistant",Social Media Management,Virtual Assistant,,,,,,,,,,,,,,,,,,,,,,,,,,,,,,
"WordPress
Web Development",WordPress,Web Development,,,,,,,,,,,,,,,,,,,,,,,,,,,,,,
"Academic Researcher
Researcher
Research Methods",Academic Researcher,Researcher,Research Methods,,,,,,,,,,,,,,,,,,,,,,,,,,,,,
"Drone Videography
Business
Videography
Video Production
Video Camera",Drone Videography,Business,Videography,Video Production,Video Camera,,,,,,,,,,,,,,,,,,,,,,,,,,,
"Social Media Content
Social Media Content Creation
Social Media Marketing
Social Media Management
Facebook
Instagram",Social Media Content,Social Media Content Creation,Social Media Marketing,Social Media Management,Facebook,Instagram,,,,,,,,,,,,,,,,,,,,,,,,,,
"Affiliate Marketing
Campaign Management
Marketing Strategy
CPA
ICO Marketing
Crowdfunding Marketing
Bitcoin
Internet Marketing",Affiliate Marketing,Campaign Management,Marketing Strategy,CPA,ICO Marketing,Crowdfunding Marketing,Bitcoin,Internet Marketing,,,,,,,,,,,,,,,,,,,,,,,,
"Blog Content
Blog Writing",Blog Content,Blog Writing,,,,,,,,,,,,,,,,,,,,,,,,,,,,,,
"MongoDB
Database
Stripe",MongoDB,Database,Stripe,,,,,,,,,,,,,,,,,,,,,,,,,,,,,
"Marketing Strategy
Search Engine Optimization
Content Writing",Marketing Strategy,Search Engine Optimization,Content Writing,,,,,,,,,,,,,,,,,,,,,,,,,,,,,
"Researcher
Content Writing
Academic Research",Researcher,Content Writing,Academic Research,,,,,,,,,,,,,,,,,,,,,,,,,,,,,
"Quantity Surveying
Civil Engineering
Construction
Site Planning
Autodesk AutoCAD",Quantity Surveying,Civil Engineering,Construction,Site Planning,Autodesk AutoCAD,,,,,,,,,,,,,,,,,,,,,,,,,,,
"Chat & Messaging Software
Hybrid App Development
Flutter
Dart
iOS
Android",Chat & Messaging Software,Hybrid App Development,Flutter,Dart,iOS,Android,,,,,,,,,,,,,,,,,,,,,,,,,,
"Flutter
iOS",Flutter,iOS,,,,,,,,,,,,,,,,,,,,,,,,,,,,,,
"Chat & Messaging Software
Hybrid App Development
Flutter
Dart
iOS
Android",Chat & Messaging Software,Hybrid App Development,Flutter,Dart,iOS,Android,,,,,,,,,,,,,,,,,,,,,,,,,,
"Flutter
iOS",Flutter,iOS,,,,,,,,,,,,,,,,,,,,,,,,,,,,,,
Python,Python,,,,,,,,,,,,,,,,,,,,,,,,,,,,,,,
"Learning Management System
WordPress
Training Online LMS
Web Development
Web Design",Learning Management System,WordPress,Training Online LMS,Web Development,Web Design,,,,,,,,,,,,,,,,,,,,,,,,,,,
"Python
API
Python Script
Web Development",Python,API,Python Script,Web Development,,,,,,,,,,,,,,,,,,,,,,,,,,,,
"Ethical Hacking
Network Administration
Network Security",Ethical Hacking,Network Administration,Network Security,,,,,,,,,,,,,,,,,,,,,,,,,,,,,
"Book Cover
Illustration
Book
Graphic Design
Ebook
Layout Design
Cover Art Design
Ebook Design
Adobe Photoshop",Book Cover,Illustration,Book,Graphic Design,Ebook,Layout Design,Cover Art Design,Ebook Design,Adobe Photoshop,,,,,,,,,,,,,,,,,,,,,,,
"Advertising Design
Graphic Design
Adobe Illustrator",Advertising Design,Graphic Design,Adobe Illustrator,,,,,,,,,,,,,,,,,,,,,,,,,,,,,
"Company Registration
Partnership Agreement
Limited Partnership
Legal
Legal Consulting
Corporate Law
Contract Law",Company Registration,Partnership Agreement,Limited Partnership,Legal,Legal Consulting,Corporate Law,Contract Law,,,,,,,,,,,,,,,,,,,,,,,,,
"Popular Music
Pop Rock
Music
Singing
Vocal Performance",Popular Music,Pop Rock,Music,Singing,Vocal Performance,,,,,,,,,,,,,,,,,,,,,,,,,,,
"Company Registration
Partnership Agreement
Limited Partnership
Legal
Legal Consulting
Corporate Law
Contract Law",Company Registration,Partnership Agreement,Limited Partnership,Legal,Legal Consulting,Corporate Law,Contract Law,,,,,,,,,,,,,,,,,,,,,,,,,
"Popular Music
Pop Rock
Music
Singing
Vocal Performance",Popular Music,Pop Rock,Music,Singing,Vocal Performance,,,,,,,,,,,,,,,,,,,,,,,,,,,
"Sales & Marketing
Customer Acquisition Strategy
Go-to-Market Strategy
Marketing Management
Brand Positioning
Business with 1000+ Employees
Marketing Strategy
Microsoft PowerPoint
Creative Writing",Sales & Marketing,Customer Acquisition Strategy,Go-to-Market Strategy,Marketing Management,Brand Positioning,Business with 1000+ Employees,Marketing Strategy,Microsoft PowerPoint,Creative Writing,,,,,,,,,,,,,,,,,,,,,,,
"Social Media Imagery
Travel & Hospitality
Social Media Graphic Designer
Android
Mobile App Design
Mobile UI Design
iOS",Social Media Imagery,Travel & Hospitality,Social Media Graphic Designer,Android,Mobile App Design,Mobile UI Design,iOS,,,,,,,,,,,,,,,,,,,,,,,,,
"Logo Design
Brand Identity & Guidelines",Logo Design,Brand Identity & Guidelines,,,,,,,,,,,,,,,,,,,,,,,,,,,,,,
"Science & Medicine
Communication Etiquette
Customer Satisfaction
Content Moderation
Medical Informatics",Science & Medicine,Communication Etiquette,Customer Satisfaction,Content Moderation,Medical Informatics,,,,,,,,,,,,,,,,,,,,,,,,,,,
"Growth Analytics
Marketing Analytics
Data Analysis
Data Visualization
A/B Testing
Business Intelligence
Google Analytics
Google Tag Manager
WordPress
Google Analytics API",Growth Analytics,Marketing Analytics,Data Analysis,Data Visualization,A/B Testing,Business Intelligence,Google Analytics,Google Tag Manager,WordPress,Google Analytics API,,,,,,,,,,,,,,,,,,,,,,
"Content Writing
Blog Writing
Article Writing
SEO Writing
Creative Writing
Researcher",Content Writing,Blog Writing,Article Writing,SEO Writing,Creative Writing,Researcher,,,,,,,,,,,,,,,,,,,,,,,,,,
"Social Media Marketing
Social Media Management
Marketing Strategy",Social Media Marketing,Social Media Management,Marketing Strategy,,,,,,,,,,,,,,,,,,,,,,,,,,,,,
"API Testing
Mobile App Testing
Annotated Screenshot
Bug Tracking & Reports
Bug Reports
Web Testing
Functional Testing
Test Case Design
Quality Assurance
Manual Testing",API Testing,Mobile App Testing,Annotated Screenshot,Bug Tracking & Reports,Bug Reports,Web Testing,Functional Testing,Test Case Design,Quality Assurance,Manual Testing,,,,,,,,,,,,,,,,,,,,,,
"API Testing
Mobile App Testing
Annotated Screenshot
Bug Tracking & Reports
Bug Reports
Web Testing
Functional Testing
Test Case Design
Quality Assurance
Manual Testing",API Testing,Mobile App Testing,Annotated Screenshot,Bug Tracking & Reports,Bug Reports,Web Testing,Functional Testing,Test Case Design,Quality Assurance,Manual Testing,,,,,,,,,,,,,,,,,,,,,,
"Office Design
Furniture Design
Interior Design Consultation
Interior Design
Architectural Design
Commercial Design",Office Design,Furniture Design,Interior Design Consultation,Interior Design,Architectural Design,Commercial Design,,,,,,,,,,,,,,,,,,,,,,,,,,
"Data Science
Machine Learning",Data Science,Machine Learning,,,,,,,,,,,,,,,,,,,,,,,,,,,,,,
"AJAX
PHP
CodeIgniter
JavaScript
jQuery
API
HTML
API Integration
MySQL
CSS",AJAX,PHP,CodeIgniter,JavaScript,jQuery,API,HTML,API Integration,MySQL,CSS,,,,,,,,,,,,,,,,,,,,,,
WordPress,WordPress,,,,,,,,,,,,,,,,,,,,,,,,,,,,,,,
"Cryptocurrency
Blockchain
Bitcoin
Marketing Strategy",Cryptocurrency,Blockchain,Bitcoin,Marketing Strategy,,,,,,,,,,,,,,,,,,,,,,,,,,,,
"Data Extraction
Data Mining
Scripting
Web Crawling
Business with 1-9 Employees
JavaScript
Google Chrome Extension
Data Scraping",Data Extraction,Data Mining,Scripting,Web Crawling,Business with 1-9 Employees,JavaScript,Google Chrome Extension,Data Scraping,,,,,,,,,,,,,,,,,,,,,,,,
"Search Engine Optimization
SEO Keyword Research
Google Analytics
Social Media Marketing
SEO Audit
SEO Backlinking
SEO Writing
SEO Performance",Search Engine Optimization,SEO Keyword Research,Google Analytics,Social Media Marketing,SEO Audit,SEO Backlinking,SEO Writing,SEO Performance,,,,,,,,,,,,,,,,,,,,,,,,
"Accounting
Bank Reconciliation
Balance Sheet
Bookkeeping
Intuit QuickBooks
Quickbooks
Accounting Basics
Accounts Receivable
Accounts Payable
Account Reconciliation",Accounting,Bank Reconciliation,Balance Sheet,Bookkeeping,Intuit QuickBooks,Quickbooks,Accounting Basics,Accounts Receivable,Accounts Payable,Account Reconciliation,,,,,,,,,,,,,,,,,,,,,,
"Facebook
Facebook Advertising
Social Media Marketing
Google Ads
Lead Generation
Instagram
Pay Per Click Advertising",Facebook,Facebook Advertising,Social Media Marketing,Google Ads,Lead Generation,Instagram,Pay Per Click Advertising,,,,,,,,,,,,,,,,,,,,,,,,,
"Facebook
Facebook Advertising
Social Media Marketing
Google Ads
Lead Generation
Instagram
Pay Per Click Advertising",Facebook,Facebook Advertising,Social Media Marketing,Google Ads,Lead Generation,Instagram,Pay Per Click Advertising,,,,,,,,,,,,,,,,,,,,,,,,,
Russian,Russian,,,,,,,,,,,,,,,,,,,,,,,,,,,,,,,
"Python
Microsoft PowerPoint",Python,Microsoft PowerPoint,,,,,,,,,,,,,,,,,,,,,,,,,,,,,,
"Amazon Web Services
Amazon Webstore
Amazon
Amazon API Gateway
Amazon Appstore
Amazon Seller Central",Amazon Web Services,Amazon Webstore,Amazon,Amazon API Gateway,Amazon Appstore,Amazon Seller Central,,,,,,,,,,,,,,,,,,,,,,,,,,
"Content Writing
Editor
English
Creative Writing
Copywriting
Media & Entertainment
YouTube Marketing
Article
YouTube Development
Tech & IT",Content Writing,Editor,English,Creative Writing,Copywriting,Media & Entertainment,YouTube Marketing,Article,YouTube Development,Tech & IT,,,,,,,,,,,,,,,,,,,,,,
"Website
WordPress
Web Development
Web Design
PHP
JavaScript",Website,WordPress,Web Development,Web Design,PHP,JavaScript,,,,,,,,,,,,,,,,,,,,,,,,,,
"Shopify
Shopify Templates
Web Development
Ecommerce Platform Development
Web Design
Shopify Theme",Shopify,Shopify Templates,Web Development,Ecommerce Platform Development,Web Design,Shopify Theme,,,,,,,,,,,,,,,,,,,,,,,,,,
"Social Media Management
Google Ads
Search Engine Optimization
Instagram
Campaign Management
Social Media Marketing",Social Media Management,Google Ads,Search Engine Optimization,Instagram,Campaign Management,Social Media Marketing,,,,,,,,,,,,,,,,,,,,,,,,,,
"Food Photography
Product Photography
Photo Editing",Food Photography,Product Photography,Photo Editing,,,,,,,,,,,,,,,,,,,,,,,,,,,,,
"3D Modeling
3D Design
Game Design
3D Game Art
Unity
Prototyping
Game Development
3D Rendering
Graphic Design
Adobe Photoshop",3D Modeling,3D Design,Game Design,3D Game Art,Unity,Prototyping,Game Development,3D Rendering,Graphic Design,Adobe Photoshop,,,,,,,,,,,,,,,,,,,,,,
"Food Photography
Product Photography
Photo Editing",Food Photography,Product Photography,Photo Editing,,,,,,,,,,,,,,,,,,,,,,,,,,,,,
"3D Modeling
3D Design
Game Design
3D Game Art
Unity
Prototyping
Game Development
3D Rendering
Graphic Design
Adobe Photoshop",3D Modeling,3D Design,Game Design,3D Game Art,Unity,Prototyping,Game Development,3D Rendering,Graphic Design,Adobe Photoshop,,,,,,,,,,,,,,,,,,,,,,
"Hybrid App Development
Smartphone
Review or Feedback Collection
Social Media Account Integration
Location-Based Service
In-App Support
iOS Developer
Android Developer
Graphic Design",Hybrid App Development,Smartphone,Review or Feedback Collection,Social Media Account Integration,Location-Based Service,In-App Support,iOS Developer,Android Developer,Graphic Design,,,,,,,,,,,,,,,,,,,,,,,
"Web Development
PHP
CSS
JavaScript
API Integration
HTML
Node.js
MySQL",Web Development,PHP,CSS,JavaScript,API Integration,HTML,Node.js,MySQL,,,,,,,,,,,,,,,,,,,,,,,,
"Virtual Assistant
Communications
Email Communication
Researcher
Customer Service",Virtual Assistant,Communications,Email Communication,Researcher,Customer Service,,,,,,,,,,,,,,,,,,,,,,,,,,,
"PHP
JavaScript
WordPress Plugin",PHP,JavaScript,WordPress Plugin,,,,,,,,,,,,,,,,,,,,,,,,,,,,,
"Social Media Management
Facebook
Social Media Marketing
Social Media Content
Instagram
Social Media Content Creation
Instagram Story
Social Media Advertising
Marketing Strategy
Facebook Advertising",Social Media Management,Facebook,Social Media Marketing,Social Media Content,Instagram,Social Media Content Creation,Instagram Story,Social Media Advertising,Marketing Strategy,Facebook Advertising,,,,,,,,,,,,,,,,,,,,,,
"Vue.js
Bulma",Vue.js,Bulma,,,,,,,,,,,,,,,,,,,,,,,,,,,,,,
"Video Editing
Adobe Premiere Pro
Adobe After Effects
Final Cut Pro X",Video Editing,Adobe Premiere Pro,Adobe After Effects,Final Cut Pro X,,,,,,,,,,,,,,,,,,,,,,,,,,,,
Web Development,Web Development,,,,,,,,,,,,,,,,,,,,,,,,,,,,,,,
"Cold Calling
Outbound Sales
Telemarketing
Customer Service
Sales
Email Communication
Virtual Assistant
Prospect List
Administrative Support
Lead Generation",Cold Calling,Outbound Sales,Telemarketing,Customer Service,Sales,Email Communication,Virtual Assistant,Prospect List,Administrative Support,Lead Generation,,,,,,,,,,,,,,,,,,,,,,
"On-Page SEO
Off-Page SEO
Technical SEO
Content SEO
Competitive Analysis
SEO Audit
SEO Keyword Research
SEO Performance
Search Engine Optimization
WordPress",On-Page SEO,Off-Page SEO,Technical SEO,Content SEO,Competitive Analysis,SEO Audit,SEO Keyword Research,SEO Performance,Search Engine Optimization,WordPress,,,,,,,,,,,,,,,,,,,,,,
WordPress,WordPress,,,,,,,,,,,,,,,,,,,,,,,,,,,,,,,
"Social Media Marketing Strategy
Instagram
Pinterest
Social Media Marketing
Social Media Management
Facebook
Social Media Content
Social Media Content Creation",Social Media Marketing Strategy,Instagram,Pinterest,Social Media Marketing,Social Media Management,Facebook,Social Media Content,Social Media Content Creation,,,,,,,,,,,,,,,,,,,,,,,,
"Motion Graphics
Animation
Video Editing
Video Production
Video Intro & Outro",Motion Graphics,Animation,Video Editing,Video Production,Video Intro & Outro,,,,,,,,,,,,,,,,,,,,,,,,,,,
"Graphic Design
Adobe Photoshop",Graphic Design,Adobe Photoshop,,,,,,,,,,,,,,,,,,,,,,,,,,,,,,
"Instagram
YouTube
TikTok
Influencer Marketing
Influencer Shoutout
Social Media Marketing
Instagram Marketing",Instagram,YouTube,TikTok,Influencer Marketing,Influencer Shoutout,Social Media Marketing,Instagram Marketing,,,,,,,,,,,,,,,,,,,,,,,,,
Illustration,Illustration,,,,,,,,,,,,,,,,,,,,,,,,,,,,,,,
Logo Design,Logo Design,,,,,,,,,,,,,,,,,,,,,,,,,,,,,,,
"Probability Theory
MATLAB
Mathematics",Probability Theory,MATLAB,Mathematics,,,,,,,,,,,,,,,,,,,,,,,,,,,,,
Logo Design,Logo Design,,,,,,,,,,,,,,,,,,,,,,,,,,,,,,,
"Probability Theory
MATLAB
Mathematics",Probability Theory,MATLAB,Mathematics,,,,,,,,,,,,,,,,,,,,,,,,,,,,,
"Artificial Neural Network
Algorithm Development
Machine Learning",Artificial Neural Network,Algorithm Development,Machine Learning,,,,,,,,,,,,,,,,,,,,,,,,,,,,,
"Article Writing
Content Writing
Researcher
Tech & IT",Article Writing,Content Writing,Researcher,Tech & IT,,,,,,,,,,,,,,,,,,,,,,,,,,,,
"Statistics
IBM SPSS
English
Academic Writing
Statistical Analysis",Statistics,IBM SPSS,English,Academic Writing,Statistical Analysis,,,,,,,,,,,,,,,,,,,,,,,,,,,
"Chinese to English Translation
English to Chinese Translation
Chinese
English",Chinese to English Translation,English to Chinese Translation,Chinese,English,,,,,,,,,,,,,,,,,,,,,,,,,,,,
"Google Ads
Internet Marketing
Pay Per Click Advertising
Search Engine Marketing",Google Ads,Internet Marketing,Pay Per Click Advertising,Search Engine Marketing,,,,,,,,,,,,,,,,,,,,,,,,,,,,
"WordPress
Elementor
HTML
Landing Page
CSS
WordPress Theme
Travel",WordPress,Elementor,HTML,Landing Page,CSS,WordPress Theme,Travel,,,,,,,,,,,,,,,,,,,,,,,,,
"Python
Django
Data Scraping
API
Python Script
Scrapy
Web Crawling",Python,Django,Data Scraping,API,Python Script,Scrapy,Web Crawling,,,,,,,,,,,,,,,,,,,,,,,,,
"Social Media Marketing
Social Media Management
Marketing Strategy
Content Strategy
Social Media Strategy
Social Media Marketing Plan
Facebook
Instagram",Social Media Marketing,Social Media Management,Marketing Strategy,Content Strategy,Social Media Strategy,Social Media Marketing Plan,Facebook,Instagram,,,,,,,,,,,,,,,,,,,,,,,,
"Virtual Assistant
Communications
Researcher
Accuracy Verification
Photography
Customer Service",Virtual Assistant,Communications,Researcher,Accuracy Verification,Photography,Customer Service,,,,,,,,,,,,,,,,,,,,,,,,,,
"Android
Flutter
iOS
Smartphone
Mobile App Development",Android,Flutter,iOS,Smartphone,Mobile App Development,,,,,,,,,,,,,,,,,,,,,,,,,,,
"Video Editing
Adobe Premiere Pro
Adobe After Effects
Explainer Video",Video Editing,Adobe Premiere Pro,Adobe After Effects,Explainer Video,,,,,,,,,,,,,,,,,,,,,,,,,,,,
"Bioinformatics
Biology
Research Writer",Bioinformatics,Biology,Research Writer,,,,,,,,,,,,,,,,,,,,,,,,,,,,,
"R
Data Analysis
Business Analysis",R,Data Analysis,Business Analysis,,,,,,,,,,,,,,,,,,,,,,,,,,,,,
Image Editing,Image Editing,,,,,,,,,,,,,,,,,,,,,,,,,,,,,,,
"Tech & IT
IT Support
Microsoft Windows
Facebook
Facebook Advertising
Social Media Marketing
Facebook Development
Social Media Management
API
PHP",Tech & IT,IT Support,Microsoft Windows,Facebook,Facebook Advertising,Social Media Marketing,Facebook Development,Social Media Management,API,PHP,,,,,,,,,,,,,,,,,,,,,,
"Construction
Architectural Design
Construction Estimating
Autodesk AutoCAD
Material Take-Off
Microsoft Office
Adobe Acrobat
3D Design",Construction,Architectural Design,Construction Estimating,Autodesk AutoCAD,Material Take-Off,Microsoft Office,Adobe Acrobat,3D Design,,,,,,,,,,,,,,,,,,,,,,,,
"German
English
German to English Translation
SEO Keyword Research",German,English,German to English Translation,SEO Keyword Research,,,,,,,,,,,,,,,,,,,,,,,,,,,,
"Male
Female
Dutch
Translation
Voice Acting",Male,Female,Dutch,Translation,Voice Acting,,,,,,,,,,,,,,,,,,,,,,,,,,,
"Male
Female
Dutch
Translation
Voice Acting",Male,Female,Dutch,Translation,Voice Acting,,,,,,,,,,,,,,,,,,,,,,,,,,,
"Story Development
Letter Writing
Article
Story Concept
Topic Research
Explainer Video
Scriptwriting",Story Development,Letter Writing,Article,Story Concept,Topic Research,Explainer Video,Scriptwriting,,,,,,,,,,,,,,,,,,,,,,,,,
"3D Modeling
Autodesk AutoCAD
3D Rendering
CAD",3D Modeling,Autodesk AutoCAD,3D Rendering,CAD,,,,,,,,,,,,,,,,,,,,,,,,,,,,
"Electrical Design
Wiring Design
Electrical Engineering",Electrical Design,Wiring Design,Electrical Engineering,,,,,,,,,,,,,,,,,,,,,,,,,,,,,
"Purchase Orders
Communications",Purchase Orders,Communications,,,,,,,,,,,,,,,,,,,,,,,,,,,,,,
"Android
Android App Development
Tablet
Mobile App Development
Kotlin",Android,Android App Development,Tablet,Mobile App Development,Kotlin,,,,,,,,,,,,,,,,,,,,,,,,,,,
Python,Python,,,,,,,,,,,,,,,,,,,,,,,,,,,,,,,
MATLAB,MATLAB,,,,,,,,,,,,,,,,,,,,,,,,,,,,,,,
"Web Development
API
Node.js
Server Side Includes",Web Development,API,Node.js,Server Side Includes,,,,,,,,,,,,,,,,,,,,,,,,,,,,
"WordPress
Web Development
CSS
WooCommerce
Web Design
JavaScript
CSS 3
Wix
Magento
HTML",WordPress,Web Development,CSS,WooCommerce,Web Design,JavaScript,CSS 3,Wix,Magento,HTML,,,,,,,,,,,,,,,,,,,,,,
"C#
Web Testing",C#,Web Testing,,,,,,,,,,,,,,,,,,,,,,,,,,,,,,
"DaVinci Resolve
Adobe Premiere Pro
Video Editing
Final Cut Pro X",DaVinci Resolve,Adobe Premiere Pro,Video Editing,Final Cut Pro X,,,,,,,,,,,,,,,,,,,,,,,,,,,,
"Video Editing
Adobe Premiere Pro
Cryptocurrency
YouTube Marketing
Video Commercial",Video Editing,Adobe Premiere Pro,Cryptocurrency,YouTube Marketing,Video Commercial,,,,,,,,,,,,,,,,,,,,,,,,,,,
"Researcher
Content Writing
Technical Writing
Blog Content
English
Blog Writing
Writing
Article Writing",Researcher,Content Writing,Technical Writing,Blog Content,English,Blog Writing,Writing,Article Writing,,,,,,,,,,,,,,,,,,,,,,,,
"Animation
Advertisement
Graphic Design
Social Media Imagery
Infographic
Banner Ad Design
Logo Design",Animation,Advertisement,Graphic Design,Social Media Imagery,Infographic,Banner Ad Design,Logo Design,,,,,,,,,,,,,,,,,,,,,,,,,
"Blender
Autodesk Maya
Pixologic Zbrush
Adobe Photoshop
3D Animation
Character Design",Blender,Autodesk Maya,Pixologic Zbrush,Adobe Photoshop,3D Animation,Character Design,,,,,,,,,,,,,,,,,,,,,,,,,,
PostgreSQL,PostgreSQL,,,,,,,,,,,,,,,,,,,,,,,,,,,,,,,
"Amazon FBA
Product Research
Dropshipping
Product Analytics
Product Concept",Amazon FBA,Product Research,Dropshipping,Product Analytics,Product Concept,,,,,,,,,,,,,,,,,,,,,,,,,,,
"ERPNext
Web Development
Web Design",ERPNext,Web Development,Web Design,,,,,,,,,,,,,,,,,,,,,,,,,,,,,
"MOV
Video Editing
Adobe Premiere Pro
Video Production
Video Post-Editing
Adobe After Effects
YouTube Development
Videography
Explainer Video
Motion Graphics",MOV,Video Editing,Adobe Premiere Pro,Video Production,Video Post-Editing,Adobe After Effects,YouTube Development,Videography,Explainer Video,Motion Graphics,,,,,,,,,,,,,,,,,,,,,,
"Advertising Management
Marketing Analytics
Content Management
Content Marketing Strategy
YouTube Marketing
Social Media Marketing
Social Media Management
YouTube Development
Social Media Content",Advertising Management,Marketing Analytics,Content Management,Content Marketing Strategy,YouTube Marketing,Social Media Marketing,Social Media Management,YouTube Development,Social Media Content,,,,,,,,,,,,,,,,,,,,,,,
"YouTube Marketing
Video Editing
Content Writing
Search Engine Optimization
YouTube
English
Content Creation
SEO Keyword Research
Audio Editing",YouTube Marketing,Video Editing,Content Writing,Search Engine Optimization,YouTube,English,Content Creation,SEO Keyword Research,Audio Editing,,,,,,,,,,,,,,,,,,,,,,,
"Web Development
HTML
CSS
Web Design
JavaScript
Graphic Design",Web Development,HTML,CSS,Web Design,JavaScript,Graphic Design,,,,,,,,,,,,,,,,,,,,,,,,,,
"Graphic Design
Character Design
Illustration
Adobe Illustrator
Adobe Photoshop
2D Animation
3D Animation",Graphic Design,Character Design,Illustration,Adobe Illustrator,Adobe Photoshop,2D Animation,3D Animation,,,,,,,,,,,,,,,,,,,,,,,,,
"English
Article
Instruction Manual
IT
Technical Writing
Tutorial
Blog Content
Markdown",English,Article,Instruction Manual,IT,Technical Writing,Tutorial,Blog Content,Markdown,,,,,,,,,,,,,,,,,,,,,,,,
"Communications
Computer Skills
CRM Software
Microsoft Word
Microsoft Office
Data Cleansing
Product Listings
List Building
Error Detection
Quality Control
Word Processing
Google Docs
Data Entry
Data Scraping
Data Mining
Microsoft Excel
Researcher
Python
Accuracy Verification
Data Extraction
Microsoft Excel PowerPivot
Email Marketing
Lead Generation Strategy
Data Analysis
Data Collection
LinkedIn
Scraper
Data Processing
Data Sourcing
Online Research
Company Research
Administrative Support",Communications,Computer Skills,CRM Software,Microsoft Word,Microsoft Office,Data Cleansing,Product Listings,List Building,Error Detection,Quality Control,Word Processing,Google Docs,Data Entry,Data Scraping,Data Mining,Microsoft Excel,Researcher,Python,Accuracy Verification,Data Extraction,Microsoft Excel PowerPivot,Email Marketing,Lead Generation Strategy,Data Analysis,Data Collection,LinkedIn,Scraper,Data Processing,Data Sourcing,Online Research,Company Research,Administrative Support
"English
Article
Instruction Manual
IT
Technical Writing
Tutorial
Blog Content
Microsoft Windows Powershell",English,Article,Instruction Manual,IT,Technical Writing,Tutorial,Blog Content,Microsoft Windows Powershell,,,,,,,,,,,,,,,,,,,,,,,,
"Male
Energetic Tone
Voice-Over
Young Adult
Voice Acting
Audio Editing
British English Accent
Voice Recording
Explainer Video
US English Dialect",Male,Energetic Tone,Voice-Over,Young Adult,Voice Acting,Audio Editing,British English Accent,Voice Recording,Explainer Video,US English Dialect,,,,,,,,,,,,,,,,,,,,,,
"Lead Generation
List Building
Prospect List
Data Entry
Market Research
Data Scraping
Communications
Researcher",Lead Generation,List Building,Prospect List,Data Entry,Market Research,Data Scraping,Communications,Researcher,,,,,,,,,,,,,,,,,,,,,,,,
"Microsoft Excel
Excel Macros",Microsoft Excel,Excel Macros,,,,,,,,,,,,,,,,,,,,,,,,,,,,,,
"Native
English
Russian
English to Russian Translation
Russian to English Translation
Proofreading
Translation",Native,English,Russian,English to Russian Translation,Russian to English Translation,Proofreading,Translation,,,,,,,,,,,,,,,,,,,,,,,,,
"Japanese
Translation
English to Japanese Translation
Proofreading
General Transcription
Japanese to English Translation
English",Japanese,Translation,English to Japanese Translation,Proofreading,General Transcription,Japanese to English Translation,English,,,,,,,,,,,,,,,,,,,,,,,,,
"ASP.NET
Entity Framework
Microsoft SQL Server
Angular
HTML
JavaScript
API
Web Development
CSS",ASP.NET,Entity Framework,Microsoft SQL Server,Angular,HTML,JavaScript,API,Web Development,CSS,,,,,,,,,,,,,,,,,,,,,,,
"Python
API Integration
JavaScript
WordPress",Python,API Integration,JavaScript,WordPress,,,,,,,,,,,,,,,,,,,,,,,,,,,,
"2D Art
Art Deco
2D Illustration
Adobe Illustrator
Graphic Design
Illustration
Adobe Photoshop
Sketch",2D Art,Art Deco,2D Illustration,Adobe Illustrator,Graphic Design,Illustration,Adobe Photoshop,Sketch,,,,,,,,,,,,,,,,,,,,,,,,
"Corporate Video
Adobe After Effects
Video Commercial
Adobe Premiere Pro
Video Production
Video Post-Editing
Explainer Video
Audio Editing
Video Editing
Education",Corporate Video,Adobe After Effects,Video Commercial,Adobe Premiere Pro,Video Production,Video Post-Editing,Explainer Video,Audio Editing,Video Editing,Education,,,,,,,,,,,,,,,,,,,,,,
"Product Management
Project Management
Product Roadmap
Technical Project Management
Requirement Analysis
Requirements Specification
Requirement Management
Product Requirements Document
Project Requirements",Product Management,Project Management,Product Roadmap,Technical Project Management,Requirement Analysis,Requirements Specification,Requirement Management,Product Requirements Document,Project Requirements,,,,,,,,,,,,,,,,,,,,,,,
"3D Animation
3D Modeling
3D Design
3D Rendering
Autodesk Maya
Blender
3D Vehicle Modeling
Animation",3D Animation,3D Modeling,3D Design,3D Rendering,Autodesk Maya,Blender,3D Vehicle Modeling,Animation,,,,,,,,,,,,,,,,,,,,,,,,
"Facebook
Internet Marketing
Campaign Management
Campaign Optimization
Social Media Marketing
Social Media Content Creation",Facebook,Internet Marketing,Campaign Management,Campaign Optimization,Social Media Marketing,Social Media Content Creation,,,,,,,,,,,,,,,,,,,,,,,,,,
"Catalog Design
Creative Writing
Content Writing
Search Engine Optimization",Catalog Design,Creative Writing,Content Writing,Search Engine Optimization,,,,,,,,,,,,,,,,,,,,,,,,,,,,
"Content SEO
Content Writing
SEO Writing
Proofreading
English",Content SEO,Content Writing,SEO Writing,Proofreading,English,,,,,,,,,,,,,,,,,,,,,,,,,,,
"Android
Android App Development",Android,Android App Development,,,,,,,,,,,,,,,,,,,,,,,,,,,,,,
"Audio Transcription
English
General Transcription
Indian English Accent
Transcriber
Typing",Audio Transcription,English,General Transcription,Indian English Accent,Transcriber,Typing,,,,,,,,,,,,,,,,,,,,,,,,,,
"Golang
Linux
DevOps
Linux System Administration
Kubernetes
Containerization
Docker
Docker Compose",Golang,Linux,DevOps,Linux System Administration,Kubernetes,Containerization,Docker,Docker Compose,,,,,,,,,,,,,,,,,,,,,,,,
Medicine,Medicine,,,,,,,,,,,,,,,,,,,,,,,,,,,,,,,
"Furniture Design
Interior Design
Residential Design",Furniture Design,Interior Design,Residential Design,,,,,,,,,,,,,,,,,,,,,,,,,,,,,
"Figma
User Flow
UX Research
Sketch
Mobile App Design
Web Design",Figma,User Flow,UX Research,Sketch,Mobile App Design,Web Design,,,,,,,,,,,,,,,,,,,,,,,,,,
"SQL
Python
ETL Pipeline
Data Engineering
PySpark
Big Data
ETL
Microsoft Azure
Hive",SQL,Python,ETL Pipeline,Data Engineering,PySpark,Big Data,ETL,Microsoft Azure,Hive,,,,,,,,,,,,,,,,,,,,,,,
"Spanish
Translation
Arabic
Proofreading",Spanish,Translation,Arabic,Proofreading,,,,,,,,,,,,,,,,,,,,,,,,,,,,
"Instagram
Social Media Marketing
Social Media Management
Campaign Optimization
Social Media Advertising
Facebook Advertising
Digital Marketing
Influencer Marketing
Google Ads",Instagram,Social Media Marketing,Social Media Management,Campaign Optimization,Social Media Advertising,Facebook Advertising,Digital Marketing,Influencer Marketing,Google Ads,,,,,,,,,,,,,,,,,,,,,,,
"SQL
Python
ETL Pipeline
Data Engineering
PySpark
Big Data
ETL
Microsoft Azure
Hive",SQL,Python,ETL Pipeline,Data Engineering,PySpark,Big Data,ETL,Microsoft Azure,Hive,,,,,,,,,,,,,,,,,,,,,,,
"Spanish
Translation
Arabic
Proofreading",Spanish,Translation,Arabic,Proofreading,,,,,,,,,,,,,,,,,,,,,,,,,,,,
"Instagram
Social Media Marketing
Social Media Management
Campaign Optimization
Social Media Advertising
Facebook Advertising
Digital Marketing
Influencer Marketing
Google Ads",Instagram,Social Media Marketing,Social Media Management,Campaign Optimization,Social Media Advertising,Facebook Advertising,Digital Marketing,Influencer Marketing,Google Ads,,,,,,,,,,,,,,,,,,,,,,,
"Graphic Design
Elearning
Instructional Design",Graphic Design,Elearning,Instructional Design,,,,,,,,,,,,,,,,,,,,,,,,,,,,,
"Mobile App Design
Mobile UI Design
User Experience Design
User Interface Design",Mobile App Design,Mobile UI Design,User Experience Design,User Interface Design,,,,,,,,,,,,,,,,,,,,,,,,,,,,
"Social Media Management
Social Media Marketing
Facebook
Social Media Content Creation
Social Media Content
Instagram",Social Media Management,Social Media Marketing,Facebook,Social Media Content Creation,Social Media Content,Instagram,,,,,,,,,,,,,,,,,,,,,,,,,,
"English
Communications
Event Planning
Live Interpretation",English,Communications,Event Planning,Live Interpretation,,,,,,,,,,,,,,,,,,,,,,,,,,,,
"Furniture Design
Material Selection
CAD Drafting
Residential Design
Interior Design
3D Design
3D Modeling
Architectural Design",Furniture Design,Material Selection,CAD Drafting,Residential Design,Interior Design,3D Design,3D Modeling,Architectural Design,,,,,,,,,,,,,,,,,,,,,,,,
"English
Data Entry",English,Data Entry,,,,,,,,,,,,,,,,,,,,,,,,,,,,,,
"Jira
Product Management
Agile Project Management
Product Roadmap
Product Backlog
Scrum",Jira,Product Management,Agile Project Management,Product Roadmap,Product Backlog,Scrum,,,,,,,,,,,,,,,,,,,,,,,,,,
"Video Editing
Adobe Premiere Pro
Graphic Design
Video Post-Editing
Explainer Video",Video Editing,Adobe Premiere Pro,Graphic Design,Video Post-Editing,Explainer Video,,,,,,,,,,,,,,,,,,,,,,,,,,,
"Microsoft Dynamics 365
Microsoft Dynamics Development
Microsoft Dynamics ERP",Microsoft Dynamics 365,Microsoft Dynamics Development,Microsoft Dynamics ERP,,,,,,,,,,,,,,,,,,,,,,,,,,,,,
"Web Application
Database Development
Business with 1-9 Employees
Ruby
Ruby on Rails
JavaScript",Web Application,Database Development,Business with 1-9 Employees,Ruby,Ruby on Rails,JavaScript,,,,,,,,,,,,,,,,,,,,,,,,,,
"Android
JavaScript
Android App Development
Mobile App Development
iOS
Web Development
Data Entry
WordPress
Smartphone
Kotlin",Android,JavaScript,Android App Development,Mobile App Development,iOS,Web Development,Data Entry,WordPress,Smartphone,Kotlin,,,,,,,,,,,,,,,,,,,,,,
"Content Writing
Copywriting
Content Marketing Strategy
Researcher
English
Blog Writing
Article Writing",Content Writing,Copywriting,Content Marketing Strategy,Researcher,English,Blog Writing,Article Writing,,,,,,,,,,,,,,,,,,,,,,,,,
"Web Application
AngularJS
.NET Framework
WordPress
Web Development
Web Design
CSS
HTML
HTML5
PHP",Web Application,AngularJS,.NET Framework,WordPress,Web Development,Web Design,CSS,HTML,HTML5,PHP,,,,,,,,,,,,,,,,,,,,,,
"Node.js
React
MongoDB
ExpressJS
Web Development",Node.js,React,MongoDB,ExpressJS,Web Development,,,,,,,,,,,,,,,,,,,,,,,,,,,
"PHP
JavaScript
Node.js
CSS
API
API Development
MySQL
React
HTML5
HTML
MySQL Programming",PHP,JavaScript,Node.js,CSS,API,API Development,MySQL,React,HTML5,HTML,MySQL Programming,,,,,,,,,,,,,,,,,,,,,
Academic Writing,Academic Writing,,,,,,,,,,,,,,,,,,,,,,,,,,,,,,,
"Copywriting
Website Content
Search Engine Optimization",Copywriting,Website Content,Search Engine Optimization,,,,,,,,,,,,,,,,,,,,,,,,,,,,,
"Facebook
Ethical Hacking
Social Media Management
Security Analysis",Facebook,Ethical Hacking,Social Media Management,Security Analysis,,,,,,,,,,,,,,,,,,,,,,,,,,,,
"Database Development
Web Development
phpMyAdmin
PHP
CSS
HTML",Database Development,Web Development,phpMyAdmin,PHP,CSS,HTML,,,,,,,,,,,,,,,,,,,,,,,,,,
"JavaScript
HTML
HTML5
CSS
Web Development",JavaScript,HTML,HTML5,CSS,Web Development,,,,,,,,,,,,,,,,,,,,,,,,,,,
"Web Development
WordPress
HTML
JavaScript
CSS
HTML5
SEO Plugin",Web Development,WordPress,HTML,JavaScript,CSS,HTML5,SEO Plugin,,,,,,,,,,,,,,,,,,,,,,,,,
"Smartphone
Tablet
Smartwatch
Personal Computer
Hybrid App Development
In-App Purchases
Android
iOS
Mobile App Development
Android App Development",Smartphone,Tablet,Smartwatch,Personal Computer,Hybrid App Development,In-App Purchases,Android,iOS,Mobile App Development,Android App Development,,,,,,,,,,,,,,,,,,,,,,
"Android
Java
Unity
Android App Development",Android,Java,Unity,Android App Development,,,,,,,,,,,,,,,,,,,,,,,,,,,,
"Microsoft Excel
Microsoft Project
Bill of Quantity
Autodesk AutoCAD
Data Entry",Microsoft Excel,Microsoft Project,Bill of Quantity,Autodesk AutoCAD,Data Entry,,,,,,,,,,,,,,,,,,,,,,,,,,,
"PHP
CSS
Web Design",PHP,CSS,Web Design,,,,,,,,,,,,,,,,,,,,,,,,,,,,,
"Worldbuilding
Story Development
Creative Writing
Mathematics
Physics",Worldbuilding,Story Development,Creative Writing,Mathematics,Physics,,,,,,,,,,,,,,,,,,,,,,,,,,,
"JavaScript
Robotic Process Automation
Automation
Python",JavaScript,Robotic Process Automation,Automation,Python,,,,,,,,,,,,,,,,,,,,,,,,,,,,
"C#
.NET Core
PDF Conversion",C#,.NET Core,PDF Conversion,,,,,,,,,,,,,,,,,,,,,,,,,,,,,
"Content Writing
English
Copywriting
Writing",Content Writing,English,Copywriting,Writing,,,,,,,,,,,,,,,,,,,,,,,,,,,,
"Explainer Video
Scriptwriting",Explainer Video,Scriptwriting,,,,,,,,,,,,,,,,,,,,,,,,,,,,,,
"Customer Service
Email Communication
Virtual Assistant
Administrative Support
Phone Support",Customer Service,Email Communication,Virtual Assistant,Administrative Support,Phone Support,,,,,,,,,,,,,,,,,,,,,,,,,,,
"Photography
Videography",Photography,Videography,,,,,,,,,,,,,,,,,,,,,,,,,,,,,,
Web Development,Web Development,,,,,,,,,,,,,,,,,,,,,,,,,,,,,,,
"Content Writing
English
Copywriting
Writing",Content Writing,English,Copywriting,Writing,,,,,,,,,,,,,,,,,,,,,,,,,,,,
"Firebase
Flutter
Mobile App Development
Android
Web Application
Android App Development",Firebase,Flutter,Mobile App Development,Android,Web Application,Android App Development,,,,,,,,,,,,,,,,,,,,,,,,,,
"English to Urdu Translation
Urdu to English Translation
Urdu
English",English to Urdu Translation,Urdu to English Translation,Urdu,English,,,,,,,,,,,,,,,,,,,,,,,,,,,,
"Blog Writing
Blog Content
SEO Writing
Content Writing",Blog Writing,Blog Content,SEO Writing,Content Writing,,,,,,,,,,,,,,,,,,,,,,,,,,,,
"Shopify
Web Design
Shopify Templates",Shopify,Web Design,Shopify Templates,,,,,,,,,,,,,,,,,,,,,,,,,,,,,
"JavaScript
HTML
Web Development
CSS",JavaScript,HTML,Web Development,CSS,,,,,,,,,,,,,,,,,,,,,,,,,,,,
"Social Media Account Setup
Virtual Assistant
Data Entry",Social Media Account Setup,Virtual Assistant,Data Entry,,,,,,,,,,,,,,,,,,,,,,,,,,,,,
"Elementor
Web Design
WordPress
WooCommerce
Web Development
Website Builder",Elementor,Web Design,WordPress,WooCommerce,Web Development,Website Builder,,,,,,,,,,,,,,,,,,,,,,,,,,
"Adobe Photoshop
Adobe Illustrator
Web Design
Web Development",Adobe Photoshop,Adobe Illustrator,Web Design,Web Development,,,,,,,,,,,,,,,,,,,,,,,,,,,,
"Amazon Web Services
Amazon Relational Database Service
Amazon EC2
MySQL",Amazon Web Services,Amazon Relational Database Service,Amazon EC2,MySQL,,,,,,,,,,,,,,,,,,,,,,,,,,,,
"Statistics
Data Analysis
Statistical Analysis
Quantitative Analysis
Academic Writing",Statistics,Data Analysis,Statistical Analysis,Quantitative Analysis,Academic Writing,,,,,,,,,,,,,,,,,,,,,,,,,,,
"Sales Development
HubSpot
LinkedIn Sales Navigator
Sales
Lead Generation
Outbound Sales",Sales Development,HubSpot,LinkedIn Sales Navigator,Sales,Lead Generation,Outbound Sales,,,,,,,,,,,,,,,,,,,,,,,,,,
"Docker
Kubernetes
Ansible
Jenkins
Linux
Apache Maven
Prometheus",Docker,Kubernetes,Ansible,Jenkins,Linux,Apache Maven,Prometheus,,,,,,,,,,,,,,,,,,,,,,,,,
"Proofreading
English
Editor",Proofreading,English,Editor,,,,,,,,,,,,,,,,,,,,,,,,,,,,,
"Proofreading
English
Editor",Proofreading,English,Editor,,,,,,,,,,,,,,,,,,,,,,,,,,,,,
"Relationship Management
Sales
Business Development
Price & Quote Negotiation
Partnership Development
Lead Generation",Relationship Management,Sales,Business Development,Price & Quote Negotiation,Partnership Development,Lead Generation,,,,,,,,,,,,,,,,,,,,,,,,,,
"Accessories
Interior Design
Product Design",Accessories,Interior Design,Product Design,,,,,,,,,,,,,,,,,,,,,,,,,,,,,
"Multimedia Design
MATLAB",Multimedia Design,MATLAB,,,,,,,,,,,,,,,,,,,,,,,,,,,,,,
"JavaScript
CSS
PHP
Web Development
HTML",JavaScript,CSS,PHP,Web Development,HTML,,,,,,,,,,,,,,,,,,,,,,,,,,,
"JavaScript
API Integration
API
CSS",JavaScript,API Integration,API,CSS,,,,,,,,,,,,,,,,,,,,,,,,,,,,
"Back-End Development
Database Architecture
JavaScript
Web Development
API
Web Application",Back-End Development,Database Architecture,JavaScript,Web Development,API,Web Application,,,,,,,,,,,,,,,,,,,,,,,,,,
"Food & Beverage
Swedish
Swedish to English Translation
Search Engine Optimization",Food & Beverage,Swedish,Swedish to English Translation,Search Engine Optimization,,,,,,,,,,,,,,,,,,,,,,,,,,,,
"Google Analytics
Google Ads
Pay Per Click Advertising
Search Engine Marketing
PPC Campaign Setup & Management",Google Analytics,Google Ads,Pay Per Click Advertising,Search Engine Marketing,PPC Campaign Setup & Management,,,,,,,,,,,,,,,,,,,,,,,,,,,
"WordPress
CSS",WordPress,CSS,,,,,,,,,,,,,,,,,,,,,,,,,,,,,,
"HTML
CSS 3
JavaScript
Website
Web Design",HTML,CSS 3,JavaScript,Website,Web Design,,,,,,,,,,,,,,,,,,,,,,,,,,,
"Microsoft Windows
Office 365
Microsoft Azure
System Administration
Windows Server
Network Administration
Microsoft Active Directory
Microsoft Exchange Server",Microsoft Windows,Office 365,Microsoft Azure,System Administration,Windows Server,Network Administration,Microsoft Active Directory,Microsoft Exchange Server,,,,,,,,,,,,,,,,,,,,,,,,
"Lead Generation
Outbound Sales
Sales
Prospect List
Twitter
Twitter API
Twitter Marketing
Social Media Marketing
Social Media Content Creation",Lead Generation,Outbound Sales,Sales,Prospect List,Twitter,Twitter API,Twitter Marketing,Social Media Marketing,Social Media Content Creation,,,,,,,,,,,,,,,,,,,,,,,
Adobe Photoshop,Adobe Photoshop,,,,,,,,,,,,,,,,,,,,,,,,,,,,,,,
"Digital Marketing
Healthcare Management
File Maintenance
File Management
Administrative Assistant
Virtual Assistant
Virtual Assistance
Data Entry
Email Communication
Communications",Digital Marketing,Healthcare Management,File Maintenance,File Management,Administrative Assistant,Virtual Assistant,Virtual Assistance,Data Entry,Email Communication,Communications,,,,,,,,,,,,,,,,,,,,,,
Italian,Italian,,,,,,,,,,,,,,,,,,,,,,,,,,,,,,,
"Data Science
Machine Learning Model
Natural Language Processing
Artificial Intelligence
AI",Data Science,Machine Learning Model,Natural Language Processing,Artificial Intelligence,AI,,,,,,,,,,,,,,,,,,,,,,,,,,,
"Brand Identity Design
Graphic Design
Logo Design
Adobe Illustrator",Brand Identity Design,Graphic Design,Logo Design,Adobe Illustrator,,,,,,,,,,,,,,,,,,,,,,,,,,,,
"Native
English
Translation
Thai
English to Thai Translation",Native,English,Translation,Thai,English to Thai Translation,,,,,,,,,,,,,,,,,,,,,,,,,,,
"SEMrush
Moz
Ahrefs
Search Engine Optimization
SEO Backlinking",SEMrush,Moz,Ahrefs,Search Engine Optimization,SEO Backlinking,,,,,,,,,,,,,,,,,,,,,,,,,,,
"SEMrush
Moz
Ahrefs
Search Engine Optimization
SEO Backlinking",SEMrush,Moz,Ahrefs,Search Engine Optimization,SEO Backlinking,,,,,,,,,,,,,,,,,,,,,,,,,,,
"Human Resource Management
HR & Business Services
Job Posting
Interpersonal Skills
Human Resource Information System
Employee Relations
Benefits
Compensation
Compensation & Benefits
Employee Communications",Human Resource Management,HR & Business Services,Job Posting,Interpersonal Skills,Human Resource Information System,Employee Relations,Benefits,Compensation,Compensation & Benefits,Employee Communications,,,,,,,,,,,,,,,,,,,,,,
"Closed Captioning
Caption
English",Closed Captioning,Caption,English,,,,,,,,,,,,,,,,,,,,,,,,,,,,,
"WooCommerce
PHP
WordPress
Shopify Apps",WooCommerce,PHP,WordPress,Shopify Apps,,,,,,,,,,,,,,,,,,,,,,,,,,,,
"Dart
Flutter
Firebase
Mobile App Development",Dart,Flutter,Firebase,Mobile App Development,,,,,,,,,,,,,,,,,,,,,,,,,,,,
"Business with 1-9 Employees
WordPress
Web Development",Business with 1-9 Employees,WordPress,Web Development,,,,,,,,,,,,,,,,,,,,,,,,,,,,,
"Test Execution
Test Requirements
Test Management
Test Strategy
Functional Testing
Integration Testing
Regression Testing
Investment Banking
Wealth Management
Capital Markets",Test Execution,Test Requirements,Test Management,Test Strategy,Functional Testing,Integration Testing,Regression Testing,Investment Banking,Wealth Management,Capital Markets,,,,,,,,,,,,,,,,,,,,,,
"Data Entry
Communications
Android
English
Researcher
Virtual Assistance
Smartphone",Data Entry,Communications,Android,English,Researcher,Virtual Assistance,Smartphone,,,,,,,,,,,,,,,,,,,,,,,,,
"WordPress
Web Development
Web Design",WordPress,Web Development,Web Design,,,,,,,,,,,,,,,,,,,,,,,,,,,,,
,,,,,,,,,,,,,,,,,,,,,,,,,,,,,,,,
"Figma
Adobe XD
Web Design
Prototyping
User Interface Design
Mockup
UX & UI
Wireframing",Figma,Adobe XD,Web Design,Prototyping,User Interface Design,Mockup,UX & UI,Wireframing,,,,,,,,,,,,,,,,,,,,,,,,
"React Native
Android
iOS
Mobile App Development
Android App Development
iOS Development
Firebase
Apple Xcode
React
JavaScript",React Native,Android,iOS,Mobile App Development,Android App Development,iOS Development,Firebase,Apple Xcode,React,JavaScript,,,,,,,,,,,,,,,,,,,,,,
"Microsoft Windows
Microsoft Azure
Office 365
Windows Server
System Administration
Microsoft Active Directory
Network Administration
Windows Administration",Microsoft Windows,Microsoft Azure,Office 365,Windows Server,System Administration,Microsoft Active Directory,Network Administration,Windows Administration,,,,,,,,,,,,,,,,,,,,,,,,
"Influencer Marketing
Email Marketing
Shopify
Social Media Marketing
Marketing Strategy
Conversion Rate Optimization
Content Development
Supply Chain Management
Ecommerce
Strategy",Influencer Marketing,Email Marketing,Shopify,Social Media Marketing,Marketing Strategy,Conversion Rate Optimization,Content Development,Supply Chain Management,Ecommerce,Strategy,,,,,,,,,,,,,,,,,,,,,,
"Female
Male
Corporate Tone
Energetic Tone
US English Dialect
British English Accent
Australian English Dialect",Female,Male,Corporate Tone,Energetic Tone,US English Dialect,British English Accent,Australian English Dialect,,,,,,,,,,,,,,,,,,,,,,,,,
"JavaScript
React
Node.js
Redux
TypeScript
HTML5",JavaScript,React,Node.js,Redux,TypeScript,HTML5,,,,,,,,,,,,,,,,,,,,,,,,,,
"Python
Java
C++",Python,Java,C++,,,,,,,,,,,,,,,,,,,,,,,,,,,,,
"General Transcription
Danish to English Translation
English to Danish Translation",General Transcription,Danish to English Translation,English to Danish Translation,,,,,,,,,,,,,,,,,,,,,,,,,,,,,
"Danish
General Transcription
Danish to English Translation
English to Danish Translation",Danish,General Transcription,Danish to English Translation,English to Danish Translation,,,,,,,,,,,,,,,,,,,,,,,,,,,,
"Web Application
Android
Moodle
iOS",Web Application,Android,Moodle,iOS,,,,,,,,,,,,,,,,,,,,,,,,,,,,
"Unity
C#
Game Development
Smartphone",Unity,C#,Game Development,Smartphone,,,,,,,,,,,,,,,,,,,,,,,,,,,,
Lead Generation,Lead Generation,,,,,,,,,,,,,,,,,,,,,,,,,,,,,,,
"Microsoft SQL Server
ASP.NET Core
ASP.NET Web API
React
API Integration
C#",Microsoft SQL Server,ASP.NET Core,ASP.NET Web API,React,API Integration,C#,,,,,,,,,,,,,,,,,,,,,,,,,,
Video Editing,Video Editing,,,,,,,,,,,,,,,,,,,,,,,,,,,,,,,
"Academic Writing
English
Writing
English Tutoring
Teaching",Academic Writing,English,Writing,English Tutoring,Teaching,,,,,,,,,,,,,,,,,,,,,,,,,,,
Social Media Management,Social Media Management,,,,,,,,,,,,,,,,,,,,,,,,,,,,,,,
"Logo Design
Adobe Illustrator
Graphic Design
Adobe Photoshop
Illustration
Adobe InDesign
Social Media Imagery",Logo Design,Adobe Illustrator,Graphic Design,Adobe Photoshop,Illustration,Adobe InDesign,Social Media Imagery,,,,,,,,,,,,,,,,,,,,,,,,,
"Email Marketing Strategy
Email Campaign Setup
Email Marketing
Shopify
Marketing Strategy",Email Marketing Strategy,Email Campaign Setup,Email Marketing,Shopify,Marketing Strategy,,,,,,,,,,,,,,,,,,,,,,,,,,,
"Graphic Design
Adobe Photoshop
Layout Design",Graphic Design,Adobe Photoshop,Layout Design,,,,,,,,,,,,,,,,,,,,,,,,,,,,,
"Amazon Web Services
Deployment Automation
Amazon ECS
Heroku
DevOps
Amazon EC2",Amazon Web Services,Deployment Automation,Amazon ECS,Heroku,DevOps,Amazon EC2,,,,,,,,,,,,,,,,,,,,,,,,,,
"Amazon Web Services
Deployment Automation
Amazon ECS
Heroku
DevOps
Amazon EC2",Amazon Web Services,Deployment Automation,Amazon ECS,Heroku,DevOps,Amazon EC2,,,,,,,,,,,,,,,,,,,,,,,,,,
"Amazon Web Services
WordPress",Amazon Web Services,WordPress,,,,,,,,,,,,,,,,,,,,,,,,,,,,,,
"AmiBroker Formula Language
C++
MetaTrader 4",AmiBroker Formula Language,C++,MetaTrader 4,,,,,,,,,,,,,,,,,,,,,,,,,,,,,
Node.js,Node.js,,,,,,,,,,,,,,,,,,,,,,,,,,,,,,,
"Contract Law
Legal Consulting
Intellectual Property Law
Non-Disclosure Agreement
Intellectual Property Protection",Contract Law,Legal Consulting,Intellectual Property Law,Non-Disclosure Agreement,Intellectual Property Protection,,,,,,,,,,,,,,,,,,,,,,,,,,,
"Social Media Manager
Personal Administration
Executive Support
Time Management
Management Assistant
Virtual Assistant
Entrepreneurship
Business Development
Startup Consulting
Business Coaching",Social Media Manager,Personal Administration,Executive Support,Time Management,Management Assistant,Virtual Assistant,Entrepreneurship,Business Development,Startup Consulting,Business Coaching,,,,,,,,,,,,,,,,,,,,,,
"three.js
Animation
Web Development
JavaScript
3D Rendering
3D Design",three.js,Animation,Web Development,JavaScript,3D Rendering,3D Design,,,,,,,,,,,,,,,,,,,,,,,,,,
"Education
Business with 1-9 Employees
Sales
Lead Generation
Cold Calling
Relationship Management
Telemarketing
Outbound Sales",Education,Business with 1-9 Employees,Sales,Lead Generation,Cold Calling,Relationship Management,Telemarketing,Outbound Sales,,,,,,,,,,,,,,,,,,,,,,,,
"Dropshipping
Inventory Management
Online Sales Management
Packing Slips
Purchase Orders
Etsy Listing
Virtual Assistant
Customer Service
Data Entry
Product Listings",Dropshipping,Inventory Management,Online Sales Management,Packing Slips,Purchase Orders,Etsy Listing,Virtual Assistant,Customer Service,Data Entry,Product Listings,,,,,,,,,,,,,,,,,,,,,,
"Shopify
Web Development
Shopify Templates",Shopify,Web Development,Shopify Templates,,,,,,,,,,,,,,,,,,,,,,,,,,,,,
"Education
Business with 1-9 Employees
Sales
Lead Generation
Cold Calling
Relationship Management
Telemarketing
Outbound Sales",Education,Business with 1-9 Employees,Sales,Lead Generation,Cold Calling,Relationship Management,Telemarketing,Outbound Sales,,,,,,,,,,,,,,,,,,,,,,,,
"Dropshipping
Inventory Management
Online Sales Management
Packing Slips
Purchase Orders
Etsy Listing
Virtual Assistant
Customer Service
Data Entry
Product Listings",Dropshipping,Inventory Management,Online Sales Management,Packing Slips,Purchase Orders,Etsy Listing,Virtual Assistant,Customer Service,Data Entry,Product Listings,,,,,,,,,,,,,,,,,,,,,,
"Shopify
Web Development
Shopify Templates",Shopify,Web Development,Shopify Templates,,,,,,,,,,,,,,,,,,,,,,,,,,,,,
"Google Analytics
LinkedIn
Social Media Marketing
Social Media Management
Social Media Content Creation
Market Research
Email Marketing
Program Management
Executive Assistant",Google Analytics,LinkedIn,Social Media Marketing,Social Media Management,Social Media Content Creation,Market Research,Email Marketing,Program Management,Executive Assistant,,,,,,,,,,,,,,,,,,,,,,,
"Web Application
Game Development
Game Design
Smartphone
Android
Game Design Document
Web Development",Web Application,Game Development,Game Design,Smartphone,Android,Game Design Document,Web Development,,,,,,,,,,,,,,,,,,,,,,,,,
"CSS
WordPress
HTML
JavaScript",CSS,WordPress,HTML,JavaScript,,,,,,,,,,,,,,,,,,,,,,,,,,,,
"Graphic Design
Adobe Photoshop
Photo Manipulation
Brand Identity & Guidelines
Print Design",Graphic Design,Adobe Photoshop,Photo Manipulation,Brand Identity & Guidelines,Print Design,,,,,,,,,,,,,,,,,,,,,,,,,,,
"Microsoft Excel
Visual Basic for Applications",Microsoft Excel,Visual Basic for Applications,,,,,,,,,,,,,,,,,,,,,,,,,,,,,,
"Business Analysis
ERPNext
ERP Software
Manufacturing
Procure-to-Pay",Business Analysis,ERPNext,ERP Software,Manufacturing,Procure-to-Pay,,,,,,,,,,,,,,,,,,,,,,,,,,,
"Computer Skills
Microsoft Excel
Copy & Paste
Data Entry
Thai to English Translation
Content Editing
Content Creation
English",Computer Skills,Microsoft Excel,Copy & Paste,Data Entry,Thai to English Translation,Content Editing,Content Creation,English,,,,,,,,,,,,,,,,,,,,,,,,
"Web Application
React Native
Android
iOS
Smartphone
Mobile App Development
Android App Development
iOS Development
User Profile Creation
User Authentication",Web Application,React Native,Android,iOS,Smartphone,Mobile App Development,Android App Development,iOS Development,User Profile Creation,User Authentication,,,,,,,,,,,,,,,,,,,,,,
"ASP.NET
Visual Basic
C#
.NET Framework",ASP.NET,Visual Basic,C#,.NET Framework,,,,,,,,,,,,,,,,,,,,,,,,,,,,
"Social Media Marketing
Social Media Content",Social Media Marketing,Social Media Content,,,,,,,,,,,,,,,,,,,,,,,,,,,,,,
"Architectural Design
Residential Design
Interior Design
Landscaping",Architectural Design,Residential Design,Interior Design,Landscaping,,,,,,,,,,,,,,,,,,,,,,,,,,,,
"Microsoft Excel
Visual Basic for Applications
Automation",Microsoft Excel,Visual Basic for Applications,Automation,,,,,,,,,,,,,,,,,,,,,,,,,,,,,
"Education
Lead Generation",Education,Lead Generation,,,,,,,,,,,,,,,,,,,,,,,,,,,,,,
"Company LinkedIn Profile
Company Profile
Request for Proposal
Letter of Intent
Presentations
Content Writing
Graphic Design
Creative Writing
English
Business Services",Company LinkedIn Profile,Company Profile,Request for Proposal,Letter of Intent,Presentations,Content Writing,Graphic Design,Creative Writing,English,Business Services,,,,,,,,,,,,,,,,,,,,,,
"PHP
API
MySQL",PHP,API,MySQL,,,,,,,,,,,,,,,,,,,,,,,,,,,,,
"Social Media Marketing
Search Engine Optimization
Content Writing
Social Media Management
Marketing Strategy
Internet Marketing",Social Media Marketing,Search Engine Optimization,Content Writing,Social Media Management,Marketing Strategy,Internet Marketing,,,,,,,,,,,,,,,,,,,,,,,,,,
"Punjabi
Urdu
Gujarati",Punjabi,Urdu,Gujarati,,,,,,,,,,,,,,,,,,,,,,,,,,,,,
"Social Media Marketing
Search Engine Optimization
Content Writing
Social Media Management
Marketing Strategy
Internet Marketing",Social Media Marketing,Search Engine Optimization,Content Writing,Social Media Management,Marketing Strategy,Internet Marketing,,,,,,,,,,,,,,,,,,,,,,,,,,
"Punjabi
Urdu
Gujarati",Punjabi,Urdu,Gujarati,,,,,,,,,,,,,,,,,,,,,,,,,,,,,
"Background Removal
Photo Editing
Image Editing
Clipping Path",Background Removal,Photo Editing,Image Editing,Clipping Path,,,,,,,,,,,,,,,,,,,,,,,,,,,,
"iOS
Swift
iOS Development
Smartphone
Mobile App Development
Objective-C",iOS,Swift,iOS Development,Smartphone,Mobile App Development,Objective-C,,,,,,,,,,,,,,,,,,,,,,,,,,
SEO Backlinking,SEO Backlinking,,,,,,,,,,,,,,,,,,,,,,,,,,,,,,,
"Graphic Design
Presentation Design
Presentations
Microsoft PowerPoint
Infographic
Layout Design
Prezi
Keynote
Logo Design",Graphic Design,Presentation Design,Presentations,Microsoft PowerPoint,Infographic,Layout Design,Prezi,Keynote,Logo Design,,,,,,,,,,,,,,,,,,,,,,,
"Web Design
Bug Fix
Ecommerce Website
Responsive Design
Shopify
Ecommerce Platform Development
Web Development
Shopify Templates
Shopify Theme
Design Enhancement",Web Design,Bug Fix,Ecommerce Website,Responsive Design,Shopify,Ecommerce Platform Development,Web Development,Shopify Templates,Shopify Theme,Design Enhancement,,,,,,,,,,,,,,,,,,,,,,
"iOS
iOS Development
Swift
Apple Xcode",iOS,iOS Development,Swift,Apple Xcode,,,,,,,,,,,,,,,,,,,,,,,,,,,,
Somali,Somali,,,,,,,,,,,,,,,,,,,,,,,,,,,,,,,
"Android
Mobile App Development
Android App Development
Android App
React
Java
Kotlin
Godot",Android,Mobile App Development,Android App Development,Android App,React,Java,Kotlin,Godot,,,,,,,,,,,,,,,,,,,,,,,,
"Architectural Design
Interior Design
Landscape Design",Architectural Design,Interior Design,Landscape Design,,,,,,,,,,,,,,,,,,,,,,,,,,,,,
"Search Engine Optimization
SEO Writing
Blog Writing
Article Writing
Blog Content
Content Writing",Search Engine Optimization,SEO Writing,Blog Writing,Article Writing,Blog Content,Content Writing,,,,,,,,,,,,,,,,,,,,,,,,,,
"Kotlin
Android",Kotlin,Android,,,,,,,,,,,,,,,,,,,,,,,,,,,,,,
"Angular
CSS
HTML5
SQL
AngularJS
Git
JavaScript
GitHub",Angular,CSS,HTML5,SQL,AngularJS,Git,JavaScript,GitHub,,,,,,,,,,,,,,,,,,,,,,,,
"Prototyping
Animation
AR & VR
Virtual Reality
VR Application",Prototyping,Animation,AR & VR,Virtual Reality,VR Application,,,,,,,,,,,,,,,,,,,,,,,,,,,
Logo Design,Logo Design,,,,,,,,,,,,,,,,,,,,,,,,,,,,,,,
"Facebook
Social Media Management
Social Media Marketing
Content Writing",Facebook,Social Media Management,Social Media Marketing,Content Writing,,,,,,,,,,,,,,,,,,,,,,,,,,,,
"Malayalam
Telugu
Tamil
Kannada",Malayalam,Telugu,Tamil,Kannada,,,,,,,,,,,,,,,,,,,,,,,,,,,,
"Angular
Jasmine
JUnit
Karma",Angular,Jasmine,JUnit,Karma,,,,,,,,,,,,,,,,,,,,,,,,,,,,
"Adobe Illustrator
Adobe Photoshop",Adobe Illustrator,Adobe Photoshop,,,,,,,,,,,,,,,,,,,,,,,,,,,,,,
"Adobe Illustrator
Adobe Photoshop",Adobe Illustrator,Adobe Photoshop,,,,,,,,,,,,,,,,,,,,,,,,,,,,,,
"Intuit QuickBooks
Bookkeeping
Quickbooks
Accounting",Intuit QuickBooks,Bookkeeping,Quickbooks,Accounting,,,,,,,,,,,,,,,,,,,,,,,,,,,,
Virtual Assistant,Virtual Assistant,,,,,,,,,,,,,,,,,,,,,,,,,,,,,,,
"Social Media Marketing
Virtual Assistant
Virtual Assistance
Email Communication
Data Entry
Customer Service
Researcher
Scheduling
Task Coordination
Microsoft Excel
Social Media Content
File Maintenance
Phone Communication",Social Media Marketing,Virtual Assistant,Virtual Assistance,Email Communication,Data Entry,Customer Service,Researcher,Scheduling,Task Coordination,Microsoft Excel,Social Media Content,File Maintenance,Phone Communication,,,,,,,,,,,,,,,,,,,
"Article
Content Writing
Blog Content
Article Writing
Blog Writing
Writing
English
SEO Writing
Creative Writing",Article,Content Writing,Blog Content,Article Writing,Blog Writing,Writing,English,SEO Writing,Creative Writing,,,,,,,,,,,,,,,,,,,,,,,
"C#
Docker
Web Testing
Selenium",C#,Docker,Web Testing,Selenium,,,,,,,,,,,,,,,,,,,,,,,,,,,,
"Russian
Translation",Russian,Translation,,,,,,,,,,,,,,,,,,,,,,,,,,,,,,
"TikTok
TikTok Ad",TikTok,TikTok Ad,,,,,,,,,,,,,,,,,,,,,,,,,,,,,,
"Amazon Web Services
Amazon S3
Amazon",Amazon Web Services,Amazon S3,Amazon,,,,,,,,,,,,,,,,,,,,,,,,,,,,,
"C#
ASP.NET Web API
CSS 3
Vue.js
HTML5
RESTful API",C#,ASP.NET Web API,CSS 3,Vue.js,HTML5,RESTful API,,,,,,,,,,,,,,,,,,,,,,,,,,
"Creative Writing
Ghostwriting
Writing
Short Story Writing",Creative Writing,Ghostwriting,Writing,Short Story Writing,,,,,,,,,,,,,,,,,,,,,,,,,,,,
React Native,React Native,,,,,,,,,,,,,,,,,,,,,,,,,,,,,,,
"Android
Smartphone
Android App Development
iOS Development",Android,Smartphone,Android App Development,iOS Development,,,,,,,,,,,,,,,,,,,,,,,,,,,,
"Kotlin
Android",Kotlin,Android,,,,,,,,,,,,,,,,,,,,,,,,,,,,,,
"Adobe Photoshop
Graphic Design",Adobe Photoshop,Graphic Design,,,,,,,,,,,,,,,,,,,,,,,,,,,,,,
"Adobe Photoshop
Graphic Design",Adobe Photoshop,Graphic Design,,,,,,,,,,,,,,,,,,,,,,,,,,,,,,
"Ghostwriting
Editing & Proofreading
Ebook Writing
DIY
How To
English",Ghostwriting,Editing & Proofreading,Ebook Writing,DIY,How To,English,,,,,,,,,,,,,,,,,,,,,,,,,,
"Virtual Assistant
Administrative Support
Communications
Personal Administration",Virtual Assistant,Administrative Support,Communications,Personal Administration,,,,,,,,,,,,,,,,,,,,,,,,,,,,
"Artificial Intelligence
Bot Development
Node.js
Machine Learning
Cryptocurrency",Artificial Intelligence,Bot Development,Node.js,Machine Learning,Cryptocurrency,,,,,,,,,,,,,,,,,,,,,,,,,,,
"Social Media Marketing
Facebook
Social Media Content
Content Writing
Social Media Advertising
Copywriting
Marketing Strategy
Instagram",Social Media Marketing,Facebook,Social Media Content,Content Writing,Social Media Advertising,Copywriting,Marketing Strategy,Instagram,,,,,,,,,,,,,,,,,,,,,,,,
Spanish,Spanish,,,,,,,,,,,,,,,,,,,,,,,,,,,,,,,
"API Integration
Svelte
JavaScript
CSS
HTML
Web Development
Web Application",API Integration,Svelte,JavaScript,CSS,HTML,Web Development,Web Application,,,,,,,,,,,,,,,,,,,,,,,,,
"Linux
NGINX
Network Administration",Linux,NGINX,Network Administration,,,,,,,,,,,,,,,,,,,,,,,,,,,,,
"Regulatory Compliance
Anti-Money Laundering",Regulatory Compliance,Anti-Money Laundering,,,,,,,,,,,,,,,,,,,,,,,,,,,,,,
"Customer Service
Customer Support
Forex Trading
Cryptocurrency",Customer Service,Customer Support,Forex Trading,Cryptocurrency,,,,,,,,,,,,,,,,,,,,,,,,,,,,
"Java
JavaScript
Spring Framework",Java,JavaScript,Spring Framework,,,,,,,,,,,,,,,,,,,,,,,,,,,,,
"Content Writing
Article Writing
Blog Content
Blog Writing
Researcher
SEO Writing
Writing
English",Content Writing,Article Writing,Blog Content,Blog Writing,Researcher,SEO Writing,Writing,English,,,,,,,,,,,,,,,,,,,,,,,,
"Website
JavaScript
PHP
SQL
MySQL
Business with 1-9 Employees",Website,JavaScript,PHP,SQL,MySQL,Business with 1-9 Employees,,,,,,,,,,,,,,,,,,,,,,,,,,
"iOS Development
Android App Development
Mobile App Development
iOS
Smartphone",iOS Development,Android App Development,Mobile App Development,iOS,Smartphone,,,,,,,,,,,,,,,,,,,,,,,,,,,
"Java
C++
Grafana",Java,C++,Grafana,,,,,,,,,,,,,,,,,,,,,,,,,,,,,
"Microsoft Windows
Microsoft Azure
System Administration
Microsoft Active Directory
Azure App Service",Microsoft Windows,Microsoft Azure,System Administration,Microsoft Active Directory,Azure App Service,,,,,,,,,,,,,,,,,,,,,,,,,,,
"WordPress
PHP
JavaScript
WordPress Plugin
Custom PHP
Plugin Development",WordPress,PHP,JavaScript,WordPress Plugin,Custom PHP,Plugin Development,,,,,,,,,,,,,,,,,,,,,,,,,,
"Final Cut Pro X
Video Editing
Adobe Premiere Pro
Adobe After Effects
Motion Graphics",Final Cut Pro X,Video Editing,Adobe Premiere Pro,Adobe After Effects,Motion Graphics,,,,,,,,,,,,,,,,,,,,,,,,,,,
"Senior Adult
English
Male
Voice-Over
Voice Acting
US English Dialect",Senior Adult,English,Male,Voice-Over,Voice Acting,US English Dialect,,,,,,,,,,,,,,,,,,,,,,,,,,
"Stata
Data Visualization
Big Data
Data Analytics
Excel Macros
Visual Basic
Economics",Stata,Data Visualization,Big Data,Data Analytics,Excel Macros,Visual Basic,Economics,,,,,,,,,,,,,,,,,,,,,,,,,
"Norwegian
Voice Acting",Norwegian,Voice Acting,,,,,,,,,,,,,,,,,,,,,,,,,,,,,,
"Android
iOS
Mobile App Development
Android App Development
iOS Development
Smartphone",Android,iOS,Mobile App Development,Android App Development,iOS Development,Smartphone,,,,,,,,,,,,,,,,,,,,,,,,,,
"Data Visualization
Data Analysis
Microsoft PowerPoint",Data Visualization,Data Analysis,Microsoft PowerPoint,,,,,,,,,,,,,,,,,,,,,,,,,,,,,
"Android App Development
Mobile App Development",Android App Development,Mobile App Development,,,,,,,,,,,,,,,,,,,,,,,,,,,,,,
"Smartphone
Android
Android App Development
Mobile App Development",Smartphone,Android,Android App Development,Mobile App Development,,,,,,,,,,,,,,,,,,,,,,,,,,,,
"Explainer Video
Creative Writing
Content Writing
Scriptwriting
Writing
Copywriting
Script
English
Video Intro & Outro
Screenwriting
Article Writing
Storytelling",Explainer Video,Creative Writing,Content Writing,Scriptwriting,Writing,Copywriting,Script,English,Video Intro & Outro,Screenwriting,Article Writing,Storytelling,,,,,,,,,,,,,,,,,,,,
"Wix
User Flow
Landing Page
Website
Website Redesign
Journey Mapping
Search Engine Optimization
Web Design
Mockup
Wireframing",Wix,User Flow,Landing Page,Website,Website Redesign,Journey Mapping,Search Engine Optimization,Web Design,Mockup,Wireframing,,,,,,,,,,,,,,,,,,,,,,
"Adobe Photoshop
3D Rendering
3D Design
3D Modeling
Graphic Design
Autodesk 3ds Max
Illustration
3D Animation
Product Design
Animation",Adobe Photoshop,3D Rendering,3D Design,3D Modeling,Graphic Design,Autodesk 3ds Max,Illustration,3D Animation,Product Design,Animation,,,,,,,,,,,,,,,,,,,,,,
"Microsoft Word
Data Entry
Typing
English",Microsoft Word,Data Entry,Typing,English,,,,,,,,,,,,,,,,,,,,,,,,,,,,
"Data Analytics
Big Data
Google Analytics
BigQuery
Data Analysis
Python
SQL
Statistics
SQL Programming",Data Analytics,Big Data,Google Analytics,BigQuery,Data Analysis,Python,SQL,Statistics,SQL Programming,,,,,,,,,,,,,,,,,,,,,,,
"Linux
Docker",Linux,Docker,,,,,,,,,,,,,,,,,,,,,,,,,,,,,,
"Chinese
Alibaba Sourcing
Purchase Orders
Virtual Assistant
Order Processing",Chinese,Alibaba Sourcing,Purchase Orders,Virtual Assistant,Order Processing,,,,,,,,,,,,,,,,,,,,,,,,,,,
"C#
ASP.NET
Microsoft Visual Studio",C#,ASP.NET,Microsoft Visual Studio,,,,,,,,,,,,,,,,,,,,,,,,,,,,,
"Google Ads
Search Engine Optimization
SEO Keyword Research
Internet Marketing
On-Page SEO
Off-Page SEO
Display Ad
Content Writing",Google Ads,Search Engine Optimization,SEO Keyword Research,Internet Marketing,On-Page SEO,Off-Page SEO,Display Ad,Content Writing,,,,,,,,,,,,,,,,,,,,,,,,
"JavaScript
Java
Web Development",JavaScript,Java,Web Development,,,,,,,,,,,,,,,,,,,,,,,,,,,,,
"C#
ASP.NET
Microsoft Visual Studio",C#,ASP.NET,Microsoft Visual Studio,,,,,,,,,,,,,,,,,,,,,,,,,,,,,
"Google Ads
Search Engine Optimization
SEO Keyword Research
Internet Marketing
On-Page SEO
Off-Page SEO
Display Ad
Content Writing",Google Ads,Search Engine Optimization,SEO Keyword Research,Internet Marketing,On-Page SEO,Off-Page SEO,Display Ad,Content Writing,,,,,,,,,,,,,,,,,,,,,,,,
"JavaScript
Java
Web Development",JavaScript,Java,Web Development,,,,,,,,,,,,,,,,,,,,,,,,,,,,,
"MySQL
Git
Java
Spring Boot
Microservice
RESTful API
JUnit
Hibernate",MySQL,Git,Java,Spring Boot,Microservice,RESTful API,JUnit,Hibernate,,,,,,,,,,,,,,,,,,,,,,,,
"Android App Development
Android
Mobile App Development
Android Studio",Android App Development,Android,Mobile App Development,Android Studio,,,,,,,,,,,,,,,,,,,,,,,,,,,,
"Business Writing
College & University
English
English Tutoring
Writing",Business Writing,College & University,English,English Tutoring,Writing,,,,,,,,,,,,,,,,,,,,,,,,,,,
Dell Boomi,Dell Boomi,,,,,,,,,,,,,,,,,,,,,,,,,,,,,,,
"Adobe Photoshop
Sports & Recreation
Clothing & Merchandise Design
Graphic Design
3D Design",Adobe Photoshop,Sports & Recreation,Clothing & Merchandise Design,Graphic Design,3D Design,,,,,,,,,,,,,,,,,,,,,,,,,,,
"Email Marketing
Google Analytics
Sendinblue
Email Marketing Consultation
Email Marketing Platform Support
Email Marketing Report
Marketing Analytics",Email Marketing,Google Analytics,Sendinblue,Email Marketing Consultation,Email Marketing Platform Support,Email Marketing Report,Marketing Analytics,,,,,,,,,,,,,,,,,,,,,,,,,
"Business Operations
Communications
Interpersonal Skills
Business Analysis
Administrative Support",Business Operations,Communications,Interpersonal Skills,Business Analysis,Administrative Support,,,,,,,,,,,,,,,,,,,,,,,,,,,
Voice-Over,Voice-Over,,,,,,,,,,,,,,,,,,,,,,,,,,,,,,,
"Phone Communication
Communications
Administrative Support
Email Communication
Virtual Assistance
Virtual Assistant
Data Entry
Researcher
Customer Service
Personal Administration",Phone Communication,Communications,Administrative Support,Email Communication,Virtual Assistance,Virtual Assistant,Data Entry,Researcher,Customer Service,Personal Administration,,,,,,,,,,,,,,,,,,,,,,
"Web Design
WordPress
Graphic Design",Web Design,WordPress,Graphic Design,,,,,,,,,,,,,,,,,,,,,,,,,,,,,
"Review
Google Ads",Review,Google Ads,,,,,,,,,,,,,,,,,,,,,,,,,,,,,,
"Food & Beverage
Travel & Hospitality
Google My Business
Search Engine Optimization",Food & Beverage,Travel & Hospitality,Google My Business,Search Engine Optimization,,,,,,,,,,,,,,,,,,,,,,,,,,,,
"Lead Generation
B2B Marketing",Lead Generation,B2B Marketing,,,,,,,,,,,,,,,,,,,,,,,,,,,,,,
"WordPress
Web Development
Website Customization
Web Design",WordPress,Web Development,Website Customization,Web Design,,,,,,,,,,,,,,,,,,,,,,,,,,,,
"Business Analysis
Accounting
Business Services",Business Analysis,Accounting,Business Services,,,,,,,,,,,,,,,,,,,,,,,,,,,,,
"React
JavaScript
Redux
TypeScript
HTML5",React,JavaScript,Redux,TypeScript,HTML5,,,,,,,,,,,,,,,,,,,,,,,,,,,
"Artificial Intelligence
Python
Researcher
Machine Learning
Cyber Threat Intelligence",Artificial Intelligence,Python,Researcher,Machine Learning,Cyber Threat Intelligence,,,,,,,,,,,,,,,,,,,,,,,,,,,
"Video Editing
Video Production
Caption",Video Editing,Video Production,Caption,,,,,,,,,,,,,,,,,,,,,,,,,,,,,
"Microsoft Dynamics CRM
Microsoft Dynamics 365",Microsoft Dynamics CRM,Microsoft Dynamics 365,,,,,,,,,,,,,,,,,,,,,,,,,,,,,,
"Animal Illustration
Colorful Style
Cartoon Style
Character Design
Illustration
Cartoon Art
Graphic Design
Book Cover
Drawing",Animal Illustration,Colorful Style,Cartoon Style,Character Design,Illustration,Cartoon Art,Graphic Design,Book Cover,Drawing,,,,,,,,,,,,,,,,,,,,,,,
"Flutter
iOS
Android
Mobile App Development",Flutter,iOS,Android,Mobile App Development,,,,,,,,,,,,,,,,,,,,,,,,,,,,
"Video Editing
Adobe Premiere Pro
Video Post-Editing
Adobe After Effects
Video Production",Video Editing,Adobe Premiere Pro,Video Post-Editing,Adobe After Effects,Video Production,,,,,,,,,,,,,,,,,,,,,,,,,,,
"2D Animation
Motion Graphics
Animation
Adobe After Effects",2D Animation,Motion Graphics,Animation,Adobe After Effects,,,,,,,,,,,,,,,,,,,,,,,,,,,,
"Android
JavaScript
Android App Development
Mobile App Development
iOS
Web Development
Data Entry
WordPress
Smartphone
Kotlin",Android,JavaScript,Android App Development,Mobile App Development,iOS,Web Development,Data Entry,WordPress,Smartphone,Kotlin,,,,,,,,,,,,,,,,,,,,,,
"3D Animation
3D Clothing Design
WordPress
Lead Generation
Relationship Management
Sales",3D Animation,3D Clothing Design,WordPress,Lead Generation,Relationship Management,Sales,,,,,,,,,,,,,,,,,,,,,,,,,,
Environmental Engineering,Environmental Engineering,,,,,,,,,,,,,,,,,,,,,,,,,,,,,,,
"Blockchain
Blockchain Development
Blockchain Architecture",Blockchain,Blockchain Development,Blockchain Architecture,,,,,,,,,,,,,,,,,,,,,,,,,,,,,
"Blockchain
Blockchain Development
Blockchain Architecture",Blockchain,Blockchain Development,Blockchain Architecture,,,,,,,,,,,,,,,,,,,,,,,,,,,,,
"Male
Malay
Voice-Over
Voice Acting
Female",Male,Malay,Voice-Over,Voice Acting,Female,,,,,,,,,,,,,,,,,,,,,,,,,,,
"Career Coaching
Face-to-Face Coaching",Career Coaching,Face-to-Face Coaching,,,,,,,,,,,,,,,,,,,,,,,,,,,,,,
"Magento
Magento 2
Web Development
Ecommerce Platform Development
JavaScript
HTML5
Web Design",Magento,Magento 2,Web Development,Ecommerce Platform Development,JavaScript,HTML5,Web Design,,,,,,,,,,,,,,,,,,,,,,,,,
"Data Scraping
Data Extraction
Python
Web Crawling",Data Scraping,Data Extraction,Python,Web Crawling,,,,,,,,,,,,,,,,,,,,,,,,,,,,
"Autodesk 3ds Max
Unity
3D Modeling
3D Game Art",Autodesk 3ds Max,Unity,3D Modeling,3D Game Art,,,,,,,,,,,,,,,,,,,,,,,,,,,,
"Adobe Photoshop
Graphic Design
Photo Editing
Logo Design",Adobe Photoshop,Graphic Design,Photo Editing,Logo Design,,,,,,,,,,,,,,,,,,,,,,,,,,,,
"Logo Design
Graphic Design",Logo Design,Graphic Design,,,,,,,,,,,,,,,,,,,,,,,,,,,,,,
Video Editing,Video Editing,,,,,,,,,,,,,,,,,,,,,,,,,,,,,,,
"3D Rendering
3D Design",3D Rendering,3D Design,,,,,,,,,,,,,,,,,,,,,,,,,,,,,,
"Solidity
Python
Cryptocurrency",Solidity,Python,Cryptocurrency,,,,,,,,,,,,,,,,,,,,,,,,,,,,,
Creative Writing,Creative Writing,,,,,,,,,,,,,,,,,,,,,,,,,,,,,,,
"Search Engine Optimization
Web Development",Search Engine Optimization,Web Development,,,,,,,,,,,,,,,,,,,,,,,,,,,,,,
"Python
JavaScript
HTML
Java
AWS Application
Agile Project Management
Agile Software Development
API",Python,JavaScript,HTML,Java,AWS Application,Agile Project Management,Agile Software Development,API,,,,,,,,,,,,,,,,,,,,,,,,
"Virtual Assistance
Search Engine Optimization
WordPress
Data Entry
Virtual Assistant",Virtual Assistance,Search Engine Optimization,WordPress,Data Entry,Virtual Assistant,,,,,,,,,,,,,,,,,,,,,,,,,,,
"Customer Service Analytics
Growth Analytics
Google Analytics
Google Tag Manager
Google Ads
Search Engine Optimization
Google Analytics API
Analytics",Customer Service Analytics,Growth Analytics,Google Analytics,Google Tag Manager,Google Ads,Search Engine Optimization,Google Analytics API,Analytics,,,,,,,,,,,,,,,,,,,,,,,,
"Commercial Design
Industrial Architecture
Architecture Consultation
Detailed Design
2D Design
Architectural Design
3D Modeling
3D Rendering
Architectural Graphics
Autodesk AutoCAD",Commercial Design,Industrial Architecture,Architecture Consultation,Detailed Design,2D Design,Architectural Design,3D Modeling,3D Rendering,Architectural Graphics,Autodesk AutoCAD,,,,,,,,,,,,,,,,,,,,,,
"Android
Android App Development
Java
Mobile App Development
iOS
Smartphone
Tablet",Android,Android App Development,Java,Mobile App Development,iOS,Smartphone,Tablet,,,,,,,,,,,,,,,,,,,,,,,,,
"3D Design
3D Modeling
3D Rendering",3D Design,3D Modeling,3D Rendering,,,,,,,,,,,,,,,,,,,,,,,,,,,,,
"Symfony
Laravel
Python
React
PHP
API
CSS
HTML5
JavaScript
Cloud Computing",Symfony,Laravel,Python,React,PHP,API,CSS,HTML5,JavaScript,Cloud Computing,,,,,,,,,,,,,,,,,,,,,,
"Google Ads
Facebook
Lead Generation
Social Media Marketing
Pay Per Click Advertising",Google Ads,Facebook,Lead Generation,Social Media Marketing,Pay Per Click Advertising,,,,,,,,,,,,,,,,,,,,,,,,,,,
"Python
Deep Learning
TensorFlow
Artificial Intelligence",Python,Deep Learning,TensorFlow,Artificial Intelligence,,,,,,,,,,,,,,,,,,,,,,,,,,,,
"TikTok
TikTok Ad
TikTok Marketing",TikTok,TikTok Ad,TikTok Marketing,,,,,,,,,,,,,,,,,,,,,,,,,,,,,
"Facebook
Lead Generation
Facebook Advertising
Retargeting
Campaign Management
Facebook Ads Manager
Pay Per Click Advertising
Campaign Optimization",Facebook,Lead Generation,Facebook Advertising,Retargeting,Campaign Management,Facebook Ads Manager,Pay Per Click Advertising,Campaign Optimization,,,,,,,,,,,,,,,,,,,,,,,,
"Product Sourcing
Food & Beverage
Art & Design
Retail & Consumer Goods
Price & Quote Negotiation
Supplier Search
Sourcing
Purchasing Management
Vendor Management",Product Sourcing,Food & Beverage,Art & Design,Retail & Consumer Goods,Price & Quote Negotiation,Supplier Search,Sourcing,Purchasing Management,Vendor Management,,,,,,,,,,,,,,,,,,,,,,,
WordPress,WordPress,,,,,,,,,,,,,,,,,,,,,,,,,,,,,,,
"Video Editing
Video Production
Videography
Education
Explainer Video
Voice-Over",Video Editing,Video Production,Videography,Education,Explainer Video,Voice-Over,,,,,,,,,,,,,,,,,,,,,,,,,,
"Data Entry
WordPress
Administrative Support
Accuracy Verification
Virtual Assistant
Researcher
Microsoft Excel
Writing
Shopify
Typing",Data Entry,WordPress,Administrative Support,Accuracy Verification,Virtual Assistant,Researcher,Microsoft Excel,Writing,Shopify,Typing,,,,,,,,,,,,,,,,,,,,,,
"Food & Beverage
Instagram
TikTok
Social Media Management",Food & Beverage,Instagram,TikTok,Social Media Management,,,,,,,,,,,,,,,,,,,,,,,,,,,,
"Print Design
Realistic
Collage
Abstract Style
Tattoo Design
Drawing
Sketch
Concept Artistry
Adobe Photoshop
Graphic Design",Print Design,Realistic,Collage,Abstract Style,Tattoo Design,Drawing,Sketch,Concept Artistry,Adobe Photoshop,Graphic Design,,,,,,,,,,,,,,,,,,,,,,
"Data Entry
WordPress
Administrative Support
Accuracy Verification
Virtual Assistant
Researcher
Microsoft Excel
Writing
Shopify
Typing",Data Entry,WordPress,Administrative Support,Accuracy Verification,Virtual Assistant,Researcher,Microsoft Excel,Writing,Shopify,Typing,,,,,,,,,,,,,,,,,,,,,,
"Food & Beverage
Instagram
TikTok
Social Media Management",Food & Beverage,Instagram,TikTok,Social Media Management,,,,,,,,,,,,,,,,,,,,,,,,,,,,
"Print Design
Realistic
Collage
Abstract Style
Tattoo Design
Drawing
Sketch
Concept Artistry
Adobe Photoshop
Graphic Design",Print Design,Realistic,Collage,Abstract Style,Tattoo Design,Drawing,Sketch,Concept Artistry,Adobe Photoshop,Graphic Design,,,,,,,,,,,,,,,,,,,,,,
"Flutter
API
RESTful API
API Integration
Net
.NET Core",Flutter,API,RESTful API,API Integration,Net,.NET Core,,,,,,,,,,,,,,,,,,,,,,,,,,
"Residential Design
Interior Design",Residential Design,Interior Design,,,,,,,,,,,,,,,,,,,,,,,,,,,,,,
Proofreading,Proofreading,,,,,,,,,,,,,,,,,,,,,,,,,,,,,,,
"2D Animation
Motion Graphics
Animation
Video Production",2D Animation,Motion Graphics,Animation,Video Production,,,,,,,,,,,,,,,,,,,,,,,,,,,,
"SAP
ABAP
SAP HANA
SAP SD
SAP BusinessOne
SAP FI
SAP ERP
SAP BASIS
French",SAP,ABAP,SAP HANA,SAP SD,SAP BusinessOne,SAP FI,SAP ERP,SAP BASIS,French,,,,,,,,,,,,,,,,,,,,,,,
"Video Editing
Audio Editing
Video Production",Video Editing,Audio Editing,Video Production,,,,,,,,,,,,,,,,,,,,,,,,,,,,,
"React Native
JavaScript
Android
iOS
Mobile App Development",React Native,JavaScript,Android,iOS,Mobile App Development,,,,,,,,,,,,,,,,,,,,,,,,,,,
"React Native
JavaScript
Android
iOS
Mobile App Development",React Native,JavaScript,Android,iOS,Mobile App Development,,,,,,,,,,,,,,,,,,,,,,,,,,,
"PPC Campaign Setup & Management
SEM Optimization
Campaign Management
Google Ads
Copywriting
LinkedIn
Lead Generation
B2B Marketing",PPC Campaign Setup & Management,SEM Optimization,Campaign Management,Google Ads,Copywriting,LinkedIn,Lead Generation,B2B Marketing,,,,,,,,,,,,,,,,,,,,,,,,
"Web Design
Responsive Design
Mockup
Graphic Design
Wireframing
Prototyping
Adobe Photoshop",Web Design,Responsive Design,Mockup,Graphic Design,Wireframing,Prototyping,Adobe Photoshop,,,,,,,,,,,,,,,,,,,,,,,,,
"Content Writing
Website Content
About Us Page
Researcher
SEO Writing
Content Marketing Strategy",Content Writing,Website Content,About Us Page,Researcher,SEO Writing,Content Marketing Strategy,,,,,,,,,,,,,,,,,,,,,,,,,,
Laravel Developer,Laravel Developer,,,,,,,,,,,,,,,,,,,,,,,,,,,,,,,
"API Integration
Google Apps Script
PHP
Business with 1-9 Employees
Automation
Google Docs
JavaScript
Python
JSON
XML",API Integration,Google Apps Script,PHP,Business with 1-9 Employees,Automation,Google Docs,JavaScript,Python,JSON,XML,,,,,,,,,,,,,,,,,,,,,,
"Financial Analysis
Business Plan
Financial Planning",Financial Analysis,Business Plan,Financial Planning,,,,,,,,,,,,,,,,,,,,,,,,,,,,,
"Linux
API
Amazon Web Services
AWS Lambda
Node.js
JavaScript
Microsoft Azure",Linux,API,Amazon Web Services,AWS Lambda,Node.js,JavaScript,Microsoft Azure,,,,,,,,,,,,,,,,,,,,,,,,,
"Android Studio
Android
Android App Development
Mobile App Development
Java",Android Studio,Android,Android App Development,Mobile App Development,Java,,,,,,,,,,,,,,,,,,,,,,,,,,,
,,,,,,,,,,,,,,,,,,,,,,,,,,,,,,,,
"Communications
Lead Generation
LinkedIn
Content Writing",Communications,Lead Generation,LinkedIn,Content Writing,,,,,,,,,,,,,,,,,,,,,,,,,,,,
Market Research,Market Research,,,,,,,,,,,,,,,,,,,,,,,,,,,,,,,
"SEO Keyword Research
Search Engine Optimization
Organic Traffic Growth",SEO Keyword Research,Search Engine Optimization,Organic Traffic Growth,,,,,,,,,,,,,,,,,,,,,,,,,,,,,
"Selenium
Automated Testing",Selenium,Automated Testing,,,,,,,,,,,,,,,,,,,,,,,,,,,,,,
"Mobile UI Designer
Zoho Creator
Zoho Platform
Web Design
Prototyping
Graphic Design",Mobile UI Designer,Zoho Creator,Zoho Platform,Web Design,Prototyping,Graphic Design,,,,,,,,,,,,,,,,,,,,,,,,,,
"English
Tagalog
Tagalog to English Translation
Caption",English,Tagalog,Tagalog to English Translation,Caption,,,,,,,,,,,,,,,,,,,,,,,,,,,,
"API
API Integration
JavaScript
Database Architecture
Python
Amazon Web Services
PostgreSQL",API,API Integration,JavaScript,Database Architecture,Python,Amazon Web Services,PostgreSQL,,,,,,,,,,,,,,,,,,,,,,,,,
"Java
Algorithm Development
Data Structure
C++
Python
JavaScript
API
Core Java",Java,Algorithm Development,Data Structure,C++,Python,JavaScript,API,Core Java,,,,,,,,,,,,,,,,,,,,,,,,
"Residential Design
Concept Design
Autodesk AutoCAD
3D Design
Architectural Design
3D Rendering
Exterior Rendering
SketchUp
Architectural Rendering",Residential Design,Concept Design,Autodesk AutoCAD,3D Design,Architectural Design,3D Rendering,Exterior Rendering,SketchUp,Architectural Rendering,,,,,,,,,,,,,,,,,,,,,,,
"Thai
Thai to English Translation",Thai,Thai to English Translation,,,,,,,,,,,,,,,,,,,,,,,,,,,,,,
"Java
Algorithm Development
Data Structure
C++
Python
JavaScript
API
Core Java",Java,Algorithm Development,Data Structure,C++,Python,JavaScript,API,Core Java,,,,,,,,,,,,,,,,,,,,,,,,
"Residential Design
Concept Design
Autodesk AutoCAD
3D Design
Architectural Design
3D Rendering
Exterior Rendering
SketchUp
Architectural Rendering",Residential Design,Concept Design,Autodesk AutoCAD,3D Design,Architectural Design,3D Rendering,Exterior Rendering,SketchUp,Architectural Rendering,,,,,,,,,,,,,,,,,,,,,,,
"Thai
Thai to English Translation",Thai,Thai to English Translation,,,,,,,,,,,,,,,,,,,,,,,,,,,,,,
Norwegian,Norwegian,,,,,,,,,,,,,,,,,,,,,,,,,,,,,,,
"General Transcription
Hindi
Indian English Dialect",General Transcription,Hindi,Indian English Dialect,,,,,,,,,,,,,,,,,,,,,,,,,,,,,
"Amazon Web Services
Security Framework
DevOps",Amazon Web Services,Security Framework,DevOps,,,,,,,,,,,,,,,,,,,,,,,,,,,,,
"Shopify
Sales
Facebook
Lead Generation",Shopify,Sales,Facebook,Lead Generation,,,,,,,,,,,,,,,,,,,,,,,,,,,,
"Website Redesign
Graphic Design
Web Design
Content Writing
English",Website Redesign,Graphic Design,Web Design,Content Writing,English,,,,,,,,,,,,,,,,,,,,,,,,,,,
"Banner Ad Design
Layout Design
Information Design
Brochure Design",Banner Ad Design,Layout Design,Information Design,Brochure Design,,,,,,,,,,,,,,,,,,,,,,,,,,,,
"Audiobook
Music Production
Music Composition
Audio Production",Audiobook,Music Production,Music Composition,Audio Production,,,,,,,,,,,,,,,,,,,,,,,,,,,,
"Python
Java
Amazon Web Services
C#
NodeJS Framework
JavaScript
Golang",Python,Java,Amazon Web Services,C#,NodeJS Framework,JavaScript,Golang,,,,,,,,,,,,,,,,,,,,,,,,,
"Android
Android App Development
Mobile App Development
Mobile Game Development
Java
Smartphone",Android,Android App Development,Mobile App Development,Mobile Game Development,Java,Smartphone,,,,,,,,,,,,,,,,,,,,,,,,,,
"Android
Android App Development
Mobile App Development
Mobile Game Development
Java
Smartphone",Android,Android App Development,Mobile App Development,Mobile Game Development,Java,Smartphone,,,,,,,,,,,,,,,,,,,,,,,,,,
"Brochure Designer
Brochure
Graphic Design
Catalog
Corporate Style",Brochure Designer,Brochure,Graphic Design,Catalog,Corporate Style,,,,,,,,,,,,,,,,,,,,,,,,,,,
"Amazon Web Services
Java",Amazon Web Services,Java,,,,,,,,,,,,,,,,,,,,,,,,,,,,,,
"Web Design
Shopify
Web Development
Graphic Design",Web Design,Shopify,Web Development,Graphic Design,,,,,,,,,,,,,,,,,,,,,,,,,,,,
Shopify,Shopify,,,,,,,,,,,,,,,,,,,,,,,,,,,,,,,
"Cover Letter Writing
Microsoft Word
Resume Screening
Career Coaching
Candidate Interviewing
US English Dialect",Cover Letter Writing,Microsoft Word,Resume Screening,Career Coaching,Candidate Interviewing,US English Dialect,,,,,,,,,,,,,,,,,,,,,,,,,,
"Kotlin
Android
Android App Development
Mobile App Development
Mobile Game Development
Java
Smartphone",Kotlin,Android,Android App Development,Mobile App Development,Mobile Game Development,Java,Smartphone,,,,,,,,,,,,,,,,,,,,,,,,,
"Java
Angular",Java,Angular,,,,,,,,,,,,,,,,,,,,,,,,,,,,,,
"Competitive Analysis
Search Engine Optimization",Competitive Analysis,Search Engine Optimization,,,,,,,,,,,,,,,,,,,,,,,,,,,,,,
"Facebook
Facebook Advertising
Social Media Marketing
Retargeting
Social Media Advertising
Marketing Strategy",Facebook,Facebook Advertising,Social Media Marketing,Retargeting,Social Media Advertising,Marketing Strategy,,,,,,,,,,,,,,,,,,,,,,,,,,
"Java
React",Java,React,,,,,,,,,,,,,,,,,,,,,,,,,,,,,,
"Kotlin
Android
Android App Development
Mobile App Development
Mobile Game Development
Java
Smartphone",Kotlin,Android,Android App Development,Mobile App Development,Mobile Game Development,Java,Smartphone,,,,,,,,,,,,,,,,,,,,,,,,,
"MP4
Documentary
Narrated Presentation
2D Animation
Video Editing
Animation
Video Production",MP4,Documentary,Narrated Presentation,2D Animation,Video Editing,Animation,Video Production,,,,,,,,,,,,,,,,,,,,,,,,,
"Scheduling
Lead Generation",Scheduling,Lead Generation,,,,,,,,,,,,,,,,,,,,,,,,,,,,,,
"TikTok
Social Media Carousel
Native Advertising
Video Advertising
Mobile Advertising
TikTok Marketing",TikTok,Social Media Carousel,Native Advertising,Video Advertising,Mobile Advertising,TikTok Marketing,,,,,,,,,,,,,,,,,,,,,,,,,,
Norwegian,Norwegian,,,,,,,,,,,,,,,,,,,,,,,,,,,,,,,
"WordPress
Graphic Design
Adobe Photoshop
CSS",WordPress,Graphic Design,Adobe Photoshop,CSS,,,,,,,,,,,,,,,,,,,,,,,,,,,,
"iOS
iOS Development",iOS,iOS Development,,,,,,,,,,,,,,,,,,,,,,,,,,,,,,
"German
Voice Acting
English to German Translation
Voice-Over",German,Voice Acting,English to German Translation,Voice-Over,,,,,,,,,,,,,,,,,,,,,,,,,,,,
"Django
HTML
JavaScript
API
Ecommerce",Django,HTML,JavaScript,API,Ecommerce,,,,,,,,,,,,,,,,,,,,,,,,,,,
"Architecture & Interior Design
Engineering & Architecture
English
Content Writing",Architecture & Interior Design,Engineering & Architecture,English,Content Writing,,,,,,,,,,,,,,,,,,,,,,,,,,,,
"Quickbooks
Data Entry
Microsoft Excel
Accounting Software
Virtual Assistant
Bookkeeping
Finance & Accounting
Financial Reporting
Hospitality
Finance",Quickbooks,Data Entry,Microsoft Excel,Accounting Software,Virtual Assistant,Bookkeeping,Finance & Accounting,Financial Reporting,Hospitality,Finance,,,,,,,,,,,,,,,,,,,,,,
"On-Page SEO
Off-Page SEO
Technical SEO
Content SEO
Competitive Analysis
SEO Audit
SEO Keyword Research
SEO Performance
Search Engine Optimization
WordPress",On-Page SEO,Off-Page SEO,Technical SEO,Content SEO,Competitive Analysis,SEO Audit,SEO Keyword Research,SEO Performance,Search Engine Optimization,WordPress,,,,,,,,,,,,,,,,,,,,,,
"API Integration
Database Development
Web Development
Git
GraphQL
Node.js
Web Application
API
NestJS
React
JavaScript
Startup Company",API Integration,Database Development,Web Development,Git,GraphQL,Node.js,Web Application,API,NestJS,React,JavaScript,Startup Company,,,,,,,,,,,,,,,,,,,,
"Functional Testing
Web Testing
Manual Testing
Bug Reports
Software QA
Test Case Design
Automated Testing
Requirement Analysis",Functional Testing,Web Testing,Manual Testing,Bug Reports,Software QA,Test Case Design,Automated Testing,Requirement Analysis,,,,,,,,,,,,,,,,,,,,,,,,
"Videography
Video Production
Lighting
Camera",Videography,Video Production,Lighting,Camera,,,,,,,,,,,,,,,,,,,,,,,,,,,,
"Search Engine Optimization
Blog Writing
Blog Content
SEO Writing
Copywriting",Search Engine Optimization,Blog Writing,Blog Content,SEO Writing,Copywriting,,,,,,,,,,,,,,,,,,,,,,,,,,,
"Email Campaign Setup
Email Marketing
Mailchimp
Email Marketing Strategy
Marketing Strategy
Email Communication",Email Campaign Setup,Email Marketing,Mailchimp,Email Marketing Strategy,Marketing Strategy,Email Communication,,,,,,,,,,,,,,,,,,,,,,,,,,
"Documentary
Scriptwriting
Content Writing
Creative Writing",Documentary,Scriptwriting,Content Writing,Creative Writing,,,,,,,,,,,,,,,,,,,,,,,,,,,,
"Facebook
Facebook Advertising",Facebook,Facebook Advertising,,,,,,,,,,,,,,,,,,,,,,,,,,,,,,
"Guitar Performance
Guitar Composition",Guitar Performance,Guitar Composition,,,,,,,,,,,,,,,,,,,,,,,,,,,,,,
Photography,Photography,,,,,,,,,,,,,,,,,,,,,,,,,,,,,,,
"Social Media Imagery
Informational Infographic
Comparison Infographic
Infographic
Adobe Illustrator
Graphic Design
Layout Design",Social Media Imagery,Informational Infographic,Comparison Infographic,Infographic,Adobe Illustrator,Graphic Design,Layout Design,,,,,,,,,,,,,,,,,,,,,,,,,
PrestaShop,PrestaShop,,,,,,,,,,,,,,,,,,,,,,,,,,,,,,,
"Phone Communication
Communications
Administrative Support
Email Communication
Virtual Assistance
Virtual Assistant
Data Entry
Researcher
Customer Service
Personal Administration",Phone Communication,Communications,Administrative Support,Email Communication,Virtual Assistance,Virtual Assistant,Data Entry,Researcher,Customer Service,Personal Administration,,,,,,,,,,,,,,,,,,,,,,
"Hybrid App Development
User Profile Creation
User Authentication
In-App Purchases
In-App Advertising
Android
iOS
Mobile App Development
iOS Development
Android App Development",Hybrid App Development,User Profile Creation,User Authentication,In-App Purchases,In-App Advertising,Android,iOS,Mobile App Development,iOS Development,Android App Development,,,,,,,,,,,,,,,,,,,,,,
PCB Design,PCB Design,,,,,,,,,,,,,,,,,,,,,,,,,,,,,,,
"TikTok
Instagram
Social Media Marketing
Influencer Marketing",TikTok,Instagram,Social Media Marketing,Influencer Marketing,,,,,,,,,,,,,,,,,,,,,,,,,,,,
PCB Design,PCB Design,,,,,,,,,,,,,,,,,,,,,,,,,,,,,,,
"TikTok
Instagram
Social Media Marketing
Influencer Marketing",TikTok,Instagram,Social Media Marketing,Influencer Marketing,,,,,,,,,,,,,,,,,,,,,,,,,,,,
"Style Guide
Landing Page Design
WordPress",Style Guide,Landing Page Design,WordPress,,,,,,,,,,,,,,,,,,,,,,,,,,,,,
"Retail & Consumer Goods
Partnership Agreement
Contract Law
Proofreading
Content Writing",Retail & Consumer Goods,Partnership Agreement,Contract Law,Proofreading,Content Writing,,,,,,,,,,,,,,,,,,,,,,,,,,,
"Image Editing
Photo Editing
Adobe Photoshop
Image Processing",Image Editing,Photo Editing,Adobe Photoshop,Image Processing,,,,,,,,,,,,,,,,,,,,,,,,,,,,
"TikTok
Social Media Management
Social Media Content Creation
Instagram
Adobe Photoshop
Adobe Premiere Pro",TikTok,Social Media Management,Social Media Content Creation,Instagram,Adobe Photoshop,Adobe Premiere Pro,,,,,,,,,,,,,,,,,,,,,,,,,,
"iOS
Swift
Apple Xcode",iOS,Swift,Apple Xcode,,,,,,,,,,,,,,,,,,,,,,,,,,,,,
"Communication Skills
Customer Service",Communication Skills,Customer Service,,,,,,,,,,,,,,,,,,,,,,,,,,,,,,
"Social Media Manager
Microsoft Office
Virtual Assistance
Email Communication
Administrative Support
Graphic Design
Data Entry
Adobe Photoshop
Adobe Premiere Pro",Social Media Manager,Microsoft Office,Virtual Assistance,Email Communication,Administrative Support,Graphic Design,Data Entry,Adobe Photoshop,Adobe Premiere Pro,,,,,,,,,,,,,,,,,,,,,,,
"Flutter
Android App Development",Flutter,Android App Development,,,,,,,,,,,,,,,,,,,,,,,,,,,,,,
"Smartphone
Android
iOS",Smartphone,Android,iOS,,,,,,,,,,,,,,,,,,,,,,,,,,,,,
"German
Translation
English to German Translation
Mobile App Localization
App Store Optimization
App Store Description",German,Translation,English to German Translation,Mobile App Localization,App Store Optimization,App Store Description,,,,,,,,,,,,,,,,,,,,,,,,,,
"Facebook Advertising
Facebook
Instagram
Social Media Content",Facebook Advertising,Facebook,Instagram,Social Media Content,,,,,,,,,,,,,,,,,,,,,,,,,,,,
"Data Scraping
Data Mining
Market Research
List Building
Prospect List
Sales Lead Lists",Data Scraping,Data Mining,Market Research,List Building,Prospect List,Sales Lead Lists,,,,,,,,,,,,,,,,,,,,,,,,,,
"Agile Project Management
Implementation
Business with 100-999 Employees
Business Analysis
Software Development
Software Documentation
System Monitoring
Report Writing
Asana
Kanban Methodology",Agile Project Management,Implementation,Business with 100-999 Employees,Business Analysis,Software Development,Software Documentation,System Monitoring,Report Writing,Asana,Kanban Methodology,,,,,,,,,,,,,,,,,,,,,,
"Academic Writing
Writing
Researcher
Content Writing
Article Writing",Academic Writing,Writing,Researcher,Content Writing,Article Writing,,,,,,,,,,,,,,,,,,,,,,,,,,,
"Django
Flask
Git
Bitbucket
SQL
Python
RESTful API
GitHub",Django,Flask,Git,Bitbucket,SQL,Python,RESTful API,GitHub,,,,,,,,,,,,,,,,,,,,,,,,
"Apache Spark
Apache Hadoop
Apache Kafka
Data Engineering
Scala
PySpark",Apache Spark,Apache Hadoop,Apache Kafka,Data Engineering,Scala,PySpark,,,,,,,,,,,,,,,,,,,,,,,,,,
"Appointment Setting
Telemarketing
Data Entry
Military & Defense
Government & Public Sector
Lead Generation
List Building
Sales
Prospect List
Cold Calling",Appointment Setting,Telemarketing,Data Entry,Military & Defense,Government & Public Sector,Lead Generation,List Building,Sales,Prospect List,Cold Calling,,,,,,,,,,,,,,,,,,,,,,
"Explainer Video
Writing
Scriptwriting
Script
Scripting",Explainer Video,Writing,Scriptwriting,Script,Scripting,,,,,,,,,,,,,,,,,,,,,,,,,,,
"Explainer Video
Writing
Scriptwriting
Script
Scripting",Explainer Video,Writing,Scriptwriting,Script,Scripting,,,,,,,,,,,,,,,,,,,,,,,,,,,
"Marketing Strategy
Internet Marketing
Digital Marketing
Market Analysis
Campaign Optimization
Google Ads
Social Media Marketing
Content Strategy
Digital Marketing Strategy
Ecommerce",Marketing Strategy,Internet Marketing,Digital Marketing,Market Analysis,Campaign Optimization,Google Ads,Social Media Marketing,Content Strategy,Digital Marketing Strategy,Ecommerce,,,,,,,,,,,,,,,,,,,,,,
"Videography
Video Production",Videography,Video Production,,,,,,,,,,,,,,,,,,,,,,,,,,,,,,
"Video Editing
Explainer Video
Video Commercial
Video Post-Editing
Motion Graphics
Graphic Design
Adobe Premiere Pro
Adobe After Effects
Video Production
Final Cut Pro X",Video Editing,Explainer Video,Video Commercial,Video Post-Editing,Motion Graphics,Graphic Design,Adobe Premiere Pro,Adobe After Effects,Video Production,Final Cut Pro X,,,,,,,,,,,,,,,,,,,,,,
"Logo Design
Infographic
Graphic Design",Logo Design,Infographic,Graphic Design,,,,,,,,,,,,,,,,,,,,,,,,,,,,,
"SEO Backlinking
Off-Page SEO
Moz
Search Engine Optimization",SEO Backlinking,Off-Page SEO,Moz,Search Engine Optimization,,,,,,,,,,,,,,,,,,,,,,,,,,,,
"Agile Project Management
Scrum
Project Management
Test Automation
Software Development
CI/CD
Project Scheduling",Agile Project Management,Scrum,Project Management,Test Automation,Software Development,CI/CD,Project Scheduling,,,,,,,,,,,,,,,,,,,,,,,,,
Conversion Rate Optimization,Conversion Rate Optimization,,,,,,,,,,,,,,,,,,,,,,,,,,,,,,,
"Smartphone
Android
Mobile App Development",Smartphone,Android,Mobile App Development,,,,,,,,,,,,,,,,,,,,,,,,,,,,,
"Advertising Automation
CRM Automation
Lead Management Automation
Email Automation
Mobile Marketing Automation
Social Media Marketing Automation
Omnichannel Automation
Lead Generation
Customer Relationship Management
Email Marketing",Advertising Automation,CRM Automation,Lead Management Automation,Email Automation,Mobile Marketing Automation,Social Media Marketing Automation,Omnichannel Automation,Lead Generation,Customer Relationship Management,Email Marketing,,,,,,,,,,,,,,,,,,,,,,
Danish,Danish,,,,,,,,,,,,,,,,,,,,,,,,,,,,,,,
"PPC Campaign Setup & Management
Pay Per Click Advertising
Google Ads
Search Engine Marketing
SEO Keyword Research
Display Ad
Marketing Strategy",PPC Campaign Setup & Management,Pay Per Click Advertising,Google Ads,Search Engine Marketing,SEO Keyword Research,Display Ad,Marketing Strategy,,,,,,,,,,,,,,,,,,,,,,,,,
"MySQL
JavaScript
HTML
CSS 3",MySQL,JavaScript,HTML,CSS 3,,,,,,,,,,,,,,,,,,,,,,,,,,,,
"Drone Videography
Travel & Hospitality
Real Estate
Aerial Photography
People
Videography",Drone Videography,Travel & Hospitality,Real Estate,Aerial Photography,People,Videography,,,,,,,,,,,,,,,,,,,,,,,,,,
US English Dialect,US English Dialect,,,,,,,,,,,,,,,,,,,,,,,,,,,,,,,
Swedish,Swedish,,,,,,,,,,,,,,,,,,,,,,,,,,,,,,,
"Thumbnail
YouTube Thumbnail
Graphic Design
Adobe Photoshop",Thumbnail,YouTube Thumbnail,Graphic Design,Adobe Photoshop,,,,,,,,,,,,,,,,,,,,,,,,,,,,
"API
Git
PHP
CodeIgniter
MySQL
Web Development",API,Git,PHP,CodeIgniter,MySQL,Web Development,,,,,,,,,,,,,,,,,,,,,,,,,,
"Android
Mobile App Development
Android App Development
Smartphone
Tablet
iOS Development
iOS
Java
In-App Purchases",Android,Mobile App Development,Android App Development,Smartphone,Tablet,iOS Development,iOS,Java,In-App Purchases,,,,,,,,,,,,,,,,,,,,,,,
"API
Node.js",API,Node.js,,,,,,,,,,,,,,,,,,,,,,,,,,,,,,
"Android
Mobile App Development
Android App Development
Smartphone
Tablet
iOS Development
iOS
Java
In-App Purchases",Android,Mobile App Development,Android App Development,Smartphone,Tablet,iOS Development,iOS,Java,In-App Purchases,,,,,,,,,,,,,,,,,,,,,,,
"Creative Writing
Writing
Content Writing
Scriptwriting",Creative Writing,Writing,Content Writing,Scriptwriting,,,,,,,,,,,,,,,,,,,,,,,,,,,,
"Voice-Over
Male
Female
Voice Acting
British English Accent
American English Accent
US English Dialect",Voice-Over,Male,Female,Voice Acting,British English Accent,American English Accent,US English Dialect,,,,,,,,,,,,,,,,,,,,,,,,,
"Arabic
Arabic to English Translation
Translation",Arabic,Arabic to English Translation,Translation,,,,,,,,,,,,,,,,,,,,,,,,,,,,,
"Business Development
Sales
Supply Chain Management
Russian
English
Presentation Design
Presentations
Asana",Business Development,Sales,Supply Chain Management,Russian,English,Presentation Design,Presentations,Asana,,,,,,,,,,,,,,,,,,,,,,,,
"Landing Page
Shopify
Virtual Assistant
Social Media Marketing",Landing Page,Shopify,Virtual Assistant,Social Media Marketing,,,,,,,,,,,,,,,,,,,,,,,,,,,,
"Data Science
Data Science Consultation
Machine Learning Model
Deep Learning
Python
Natural Language Processing
Machine Learning
Hindi",Data Science,Data Science Consultation,Machine Learning Model,Deep Learning,Python,Natural Language Processing,Machine Learning,Hindi,,,,,,,,,,,,,,,,,,,,,,,,
"Amazon
Amazon Webstore
Amazon Seller Central
Amazon FBA
Amazon PPC",Amazon,Amazon Webstore,Amazon Seller Central,Amazon FBA,Amazon PPC,,,,,,,,,,,,,,,,,,,,,,,,,,,
"Religious, Charitable & Nonprofit
Retail & Consumer Goods
English
Content Writing
Blog Content
Copywriting
Article Writing
Creative Writing","Religious, Charitable & Nonprofit",Retail & Consumer Goods,English,Content Writing,Blog Content,Copywriting,Article Writing,Creative Writing,,,,,,,,,,,,,,,,,,,,,,,,
"Powtoon
Supply Chain Management
Demand Planning
Video Editing
2D Animation
Explainer Video",Powtoon,Supply Chain Management,Demand Planning,Video Editing,2D Animation,Explainer Video,,,,,,,,,,,,,,,,,,,,,,,,,,
"Amazon FBA
Virtual Assistant
Sourcing
Market Research
Alibaba Sourcing
Rankings Research",Amazon FBA,Virtual Assistant,Sourcing,Market Research,Alibaba Sourcing,Rankings Research,,,,,,,,,,,,,,,,,,,,,,,,,,
"Academic Writing
Research Papers
Editing & Proofreading
Biostatistics",Academic Writing,Research Papers,Editing & Proofreading,Biostatistics,,,,,,,,,,,,,,,,,,,,,,,,,,,,
"WordPress
Web Design
Graphic Design
Web Development
Corporate Style
Website",WordPress,Web Design,Graphic Design,Web Development,Corporate Style,Website,,,,,,,,,,,,,,,,,,,,,,,,,,
"CodeIgniter
PHP
JavaScript
HTML
jQuery
Custom PHP",CodeIgniter,PHP,JavaScript,HTML,jQuery,Custom PHP,,,,,,,,,,,,,,,,,,,,,,,,,,
"Marketing Analytics
Data Analysis
Google Analytics",Marketing Analytics,Data Analysis,Google Analytics,,,,,,,,,,,,,,,,,,,,,,,,,,,,,
"Google Sheets
Google Apps Script
JavaScript",Google Sheets,Google Apps Script,JavaScript,,,,,,,,,,,,,,,,,,,,,,,,,,,,,
"Model Optimization
Machine Learning Model
Classification
Machine Learning
Data Science
MATLAB",Model Optimization,Machine Learning Model,Classification,Machine Learning,Data Science,MATLAB,,,,,,,,,,,,,,,,,,,,,,,,,,
"Developmental Editing
Academic Editing
Editor
Medicine",Developmental Editing,Academic Editing,Editor,Medicine,,,,,,,,,,,,,,,,,,,,,,,,,,,,
"Facebook
Google Ads
Instagram
Google Analytics
Social Media Content Creation",Facebook,Google Ads,Instagram,Google Analytics,Social Media Content Creation,,,,,,,,,,,,,,,,,,,,,,,,,,,
"Laravel
Bootstrap
CodeIgniter
PHP",Laravel,Bootstrap,CodeIgniter,PHP,,,,,,,,,,,,,,,,,,,,,,,,,,,,
"WordPress Plugin
WordPress Theme
Elementor
PHP
MySQL
Web Design
WordPress",WordPress Plugin,WordPress Theme,Elementor,PHP,MySQL,Web Design,WordPress,,,,,,,,,,,,,,,,,,,,,,,,,
"Android App Development
Java
App Store
App Store Upload
App Store Optimization
Google Play
iOS
Android
Mobile App Development",Android App Development,Java,App Store,App Store Upload,App Store Optimization,Google Play,iOS,Android,Mobile App Development,,,,,,,,,,,,,,,,,,,,,,,
"Content Marketing Strategy
Content Writing
Blog Content
Article Writing
Blog Writing
Article
Creative Writing",Content Marketing Strategy,Content Writing,Blog Content,Article Writing,Blog Writing,Article,Creative Writing,,,,,,,,,,,,,,,,,,,,,,,,,
"WordPress
PHP
Web Development
JavaScript
Web Design
HTML
CSS
WordPress Plugin",WordPress,PHP,Web Development,JavaScript,Web Design,HTML,CSS,WordPress Plugin,,,,,,,,,,,,,,,,,,,,,,,,
"Translation
English
Indonesian
English to Indonesian Translation
Bhasa",Translation,English,Indonesian,English to Indonesian Translation,Bhasa,,,,,,,,,,,,,,,,,,,,,,,,,,,
"Fabric Color Matching
Color Palette",Fabric Color Matching,Color Palette,,,,,,,,,,,,,,,,,,,,,,,,,,,,,,
"Product Management
Product Design
Product Roadmap
Agile Project Management
Implementation Plan",Product Management,Product Design,Product Roadmap,Agile Project Management,Implementation Plan,,,,,,,,,,,,,,,,,,,,,,,,,,,
"Python
Web Crawling
Data Extraction
Data Scraping
Scrapy
Python Script
API
Automation",Python,Web Crawling,Data Extraction,Data Scraping,Scrapy,Python Script,API,Automation,,,,,,,,,,,,,,,,,,,,,,,,
"Google Chrome Extension
JavaScript
Web Application",Google Chrome Extension,JavaScript,Web Application,,,,,,,,,,,,,,,,,,,,,,,,,,,,,
"API
API Integration",API,API Integration,,,,,,,,,,,,,,,,,,,,,,,,,,,,,,
"API
API Integration",API,API Integration,,,,,,,,,,,,,,,,,,,,,,,,,,,,,,
"Event Photography
Photography
Business
People
Photo Editing",Event Photography,Photography,Business,People,Photo Editing,,,,,,,,,,,,,,,,,,,,,,,,,,,
"Twitter Marketing
Social Media Management
Social Media Marketing
Marketing Strategy
Twitter
Creative Writing
Internet Marketing",Twitter Marketing,Social Media Management,Social Media Marketing,Marketing Strategy,Twitter,Creative Writing,Internet Marketing,,,,,,,,,,,,,,,,,,,,,,,,,
"Structural Calculation Sheet
Finite Element Analysis
ANSYS",Structural Calculation Sheet,Finite Element Analysis,ANSYS,,,,,,,,,,,,,,,,,,,,,,,,,,,,,
"Android
Mobile App Development
Android App Development
Java",Android,Mobile App Development,Android App Development,Java,,,,,,,,,,,,,,,,,,,,,,,,,,,,
"French
German
German to French Translation
Translation
French to German Translation
English",French,German,German to French Translation,Translation,French to German Translation,English,,,,,,,,,,,,,,,,,,,,,,,,,,
"Travel Planning
Hospitality & Tourism
Travel Itinerary",Travel Planning,Hospitality & Tourism,Travel Itinerary,,,,,,,,,,,,,,,,,,,,,,,,,,,,,
"Chinese
End User Technical Support
Incident Management
Customer Support
Online Chat Support
Communication Etiquette",Chinese,End User Technical Support,Incident Management,Customer Support,Online Chat Support,Communication Etiquette,,,,,,,,,,,,,,,,,,,,,,,,,,
"Male
Female
German
YouTube",Male,Female,German,YouTube,,,,,,,,,,,,,,,,,,,,,,,,,,,,
"Docker
Docker Compose
DevOps",Docker,Docker Compose,DevOps,,,,,,,,,,,,,,,,,,,,,,,,,,,,,
"On-Page SEO
Off-Page SEO
Content SEO
HR & Business Services
Search Engine Optimization
SEO Backlinking",On-Page SEO,Off-Page SEO,Content SEO,HR & Business Services,Search Engine Optimization,SEO Backlinking,,,,,,,,,,,,,,,,,,,,,,,,,,
"Unboxing Video
MP4
Video Production
Video Editing",Unboxing Video,MP4,Video Production,Video Editing,,,,,,,,,,,,,,,,,,,,,,,,,,,,
"Video Editing
Video Post-Editing
Adobe Premiere Pro
Video Production
Final Cut Pro X
Adobe After Effects
Video Intro & Outro
Explainer Video",Video Editing,Video Post-Editing,Adobe Premiere Pro,Video Production,Final Cut Pro X,Adobe After Effects,Video Intro & Outro,Explainer Video,,,,,,,,,,,,,,,,,,,,,,,,
"Android
JavaScript
Android App Development
Mobile App Development
iOS
Web Development
Data Entry
WordPress
Smartphone
Kotlin",Android,JavaScript,Android App Development,Mobile App Development,iOS,Web Development,Data Entry,WordPress,Smartphone,Kotlin,,,,,,,,,,,,,,,,,,,,,,
"LearnDash
CSS
Website Customization
JavaScript",LearnDash,CSS,Website Customization,JavaScript,,,,,,,,,,,,,,,,,,,,,,,,,,,,
"Animated Explainer
Adobe Animate
2D Animation
Motion Graphics
Explainer Video
Animation
Adobe After Effects
Video Editing",Animated Explainer,Adobe Animate,2D Animation,Motion Graphics,Explainer Video,Animation,Adobe After Effects,Video Editing,,,,,,,,,,,,,,,,,,,,,,,,
"RF Design
Antenna Design
Embedded System
Electrical Engineering
Electronics
MATLAB
Antenna Testing",RF Design,Antenna Design,Embedded System,Electrical Engineering,Electronics,MATLAB,Antenna Testing,,,,,,,,,,,,,,,,,,,,,,,,,
"Article Writing
Content Writing
Blog Writing
Blog Content
Economics
Chartered Financial Analyst",Article Writing,Content Writing,Blog Writing,Blog Content,Economics,Chartered Financial Analyst,,,,,,,,,,,,,,,,,,,,,,,,,,
"German
French
Translation
German to French Translation",German,French,Translation,German to French Translation,,,,,,,,,,,,,,,,,,,,,,,,,,,,
"iOS
iOS Development
Swift",iOS,iOS Development,Swift,,,,,,,,,,,,,,,,,,,,,,,,,,,,,
"Proofreading
Editor
Publishing
Error Detection
Citation Style
Formatting",Proofreading,Editor,Publishing,Error Detection,Citation Style,Formatting,,,,,,,,,,,,,,,,,,,,,,,,,,
"Conversion Rate Optimization
Facebook
Google Ads
Pay Per Click Advertising
Social Media Marketing
Retargeting
Internet Marketing
Facebook Advertising
Campaign Management
Google Analytics",Conversion Rate Optimization,Facebook,Google Ads,Pay Per Click Advertising,Social Media Marketing,Retargeting,Internet Marketing,Facebook Advertising,Campaign Management,Google Analytics,,,,,,,,,,,,,,,,,,,,,,
"SAP Materials Management
SAP Logistics Execution
SAP Warehouse Management",SAP Materials Management,SAP Logistics Execution,SAP Warehouse Management,,,,,,,,,,,,,,,,,,,,,,,,,,,,,
"Transportation
Lead Generation
Facebook Advertising
Social Media Advertising
Social Media Marketing
Campaign Management",Transportation,Lead Generation,Facebook Advertising,Social Media Advertising,Social Media Marketing,Campaign Management,,,,,,,,,,,,,,,,,,,,,,,,,,
"Communications
Virtual Assistance
Administrative Support",Communications,Virtual Assistance,Administrative Support,,,,,,,,,,,,,,,,,,,,,,,,,,,,,
"Ruby on Rails
Next.js
MySQL
JavaScript
React
Node.js",Ruby on Rails,Next.js,MySQL,JavaScript,React,Node.js,,,,,,,,,,,,,,,,,,,,,,,,,,
Ionic Framework,Ionic Framework,,,,,,,,,,,,,,,,,,,,,,,,,,,,,,,
"English to Norwegian Translation
Norwegian
Translation
English",English to Norwegian Translation,Norwegian,Translation,English,,,,,,,,,,,,,,,,,,,,,,,,,,,,
"WooCommerce
WordPress
Web Development
Ecommerce Platform Development",WooCommerce,WordPress,Web Development,Ecommerce Platform Development,,,,,,,,,,,,,,,,,,,,,,,,,,,,
"Content Writing
SEO Backlinking
Organic Traffic Growth",Content Writing,SEO Backlinking,Organic Traffic Growth,,,,,,,,,,,,,,,,,,,,,,,,,,,,,
"Tech & IT
Zoho CRM
Market Research
Lead Generation
B2B Marketing
Cold Calling
List Building",Tech & IT,Zoho CRM,Market Research,Lead Generation,B2B Marketing,Cold Calling,List Building,,,,,,,,,,,,,,,,,,,,,,,,,
"Travel & Hospitality
Graphic Design",Travel & Hospitality,Graphic Design,,,,,,,,,,,,,,,,,,,,,,,,,,,,,,
"SEO Backlinking
Search Engine Optimization
SEO Keyword Research
Organic Traffic Growth
Off-Page SEO
Blog Writing
Content Writing
SEO Writing",SEO Backlinking,Search Engine Optimization,SEO Keyword Research,Organic Traffic Growth,Off-Page SEO,Blog Writing,Content Writing,SEO Writing,,,,,,,,,,,,,,,,,,,,,,,,
"Voice Acting
Voice-Over",Voice Acting,Voice-Over,,,,,,,,,,,,,,,,,,,,,,,,,,,,,,
"Data Entry
Microsoft Excel
Virtual Assistant
Researcher
Data Mining
Data Scraping
Administrative Support
Lead Generation
Communications",Data Entry,Microsoft Excel,Virtual Assistant,Researcher,Data Mining,Data Scraping,Administrative Support,Lead Generation,Communications,,,,,,,,,,,,,,,,,,,,,,,
"Adobe After Effects
Animation
Video Production
Video Commercial",Adobe After Effects,Animation,Video Production,Video Commercial,,,,,,,,,,,,,,,,,,,,,,,,,,,,
"Audience Research
Facebook Advertising
Campaign Setup
Instagram
Facebook
Social Media Management
Social Media Marketing
Social Media Advertising
Social Media Content Creation
Social Media Content",Audience Research,Facebook Advertising,Campaign Setup,Instagram,Facebook,Social Media Management,Social Media Marketing,Social Media Advertising,Social Media Content Creation,Social Media Content,,,,,,,,,,,,,,,,,,,,,,
"Fashion & Beauty
App Store Optimization
Organic Traffic Growth",Fashion & Beauty,App Store Optimization,Organic Traffic Growth,,,,,,,,,,,,,,,,,,,,,,,,,,,,,
"Electrical Engineering
Electrical Design
Electrical Layout Design
Power Distribution
Wiring Design
Aerospace Engineering
Electronic Design
Electronics
Electrical Drawing
Technical Writing",Electrical Engineering,Electrical Design,Electrical Layout Design,Power Distribution,Wiring Design,Aerospace Engineering,Electronic Design,Electronics,Electrical Drawing,Technical Writing,,,,,,,,,,,,,,,,,,,,,,
"Android App Development
TV
Mobile App Development
Android",Android App Development,TV,Mobile App Development,Android,,,,,,,,,,,,,,,,,,,,,,,,,,,,
"Vector Art
Adobe Photoshop
YouTube
Social Media Imagery
Illustration",Vector Art,Adobe Photoshop,YouTube,Social Media Imagery,Illustration,,,,,,,,,,,,,,,,,,,,,,,,,,,
"HTML5
jQuery
JavaScript
CSS
DevOps
WebAPITesting",HTML5,jQuery,JavaScript,CSS,DevOps,WebAPITesting,,,,,,,,,,,,,,,,,,,,,,,,,,
"Jewelry
3D Design
3D Printing
3D Modeling",Jewelry,3D Design,3D Printing,3D Modeling,,,,,,,,,,,,,,,,,,,,,,,,,,,,
"Mobile App Testing
Functional Testing
Test Case Design
Bug Reports
Product Stability",Mobile App Testing,Functional Testing,Test Case Design,Bug Reports,Product Stability,,,,,,,,,,,,,,,,,,,,,,,,,,,
"Android
Mobile App Development
Kotlin
Review or Feedback Collection
Social Media Account Integration
User Profile Creation
In-App Purchases
Android App Development
Java
Tablet
iOS Development
Native App Development
In-App Advertising
In-App Search
JavaScript
Smartphone",Android,Mobile App Development,Kotlin,Review or Feedback Collection,Social Media Account Integration,User Profile Creation,In-App Purchases,Android App Development,Java,Tablet,iOS Development,Native App Development,In-App Advertising,In-App Search,JavaScript,Smartphone,,,,,,,,,,,,,,,,
"Driver Development
PCB Design
Altium Designer
Embedded C
Embedded Linux
OrCAD
C",Driver Development,PCB Design,Altium Designer,Embedded C,Embedded Linux,OrCAD,C,,,,,,,,,,,,,,,,,,,,,,,,,
"Social Media Content Creation
Instagram
Social Media Management
Social Media Marketing
Marketing Strategy
Internet Marketing",Social Media Content Creation,Instagram,Social Media Management,Social Media Marketing,Marketing Strategy,Internet Marketing,,,,,,,,,,,,,,,,,,,,,,,,,,
"Flexbox
jQuery
webpack
CSS
HTML
Canvas
DevOps
API
React",Flexbox,jQuery,webpack,CSS,HTML,Canvas,DevOps,API,React,,,,,,,,,,,,,,,,,,,,,,,
"Short Story Writing
Children's Literature
Voice-Over
Meditation
Voice Acting",Short Story Writing,Children's Literature,Voice-Over,Meditation,Voice Acting,,,,,,,,,,,,,,,,,,,,,,,,,,,
"Fact-Checking
Researcher
Technical Report
Health & Wellness
Arabic
English to Arabic Translation
Content Writing
Grammar
Proofreading",Fact-Checking,Researcher,Technical Report,Health & Wellness,Arabic,English to Arabic Translation,Content Writing,Grammar,Proofreading,,,,,,,,,,,,,,,,,,,,,,,
"Tutoring
English
Language Tutor",Tutoring,English,Language Tutor,,,,,,,,,,,,,,,,,,,,,,,,,,,,,
"Content Localization
Fluent
Native
Financial Translation
Website Translation
Translation
Proofreading",Content Localization,Fluent,Native,Financial Translation,Website Translation,Translation,Proofreading,,,,,,,,,,,,,,,,,,,,,,,,,
"WebRTC
Linux",WebRTC,Linux,,,,,,,,,,,,,,,,,,,,,,,,,,,,,,
"Off-Page SEO
SEO Backlinking
Search Engine Optimization",Off-Page SEO,SEO Backlinking,Search Engine Optimization,,,,,,,,,,,,,,,,,,,,,,,,,,,,,
"WebRTC
Kotlin
Android
Java
Mobile App Development",WebRTC,Kotlin,Android,Java,Mobile App Development,,,,,,,,,,,,,,,,,,,,,,,,,,,
"Smart Contract
Solidity
ERC-721
Ethereum",Smart Contract,Solidity,ERC-721,Ethereum,,,,,,,,,,,,,,,,,,,,,,,,,,,,
"Smart Contract
NFT
Blockchain",Smart Contract,NFT,Blockchain,,,,,,,,,,,,,,,,,,,,,,,,,,,,,
"Docker
Docker Compose
Security Testing
Automated Testing",Docker,Docker Compose,Security Testing,Automated Testing,,,,,,,,,,,,,,,,,,,,,,,,,,,,
"Citrix Virtual Apps & Desktops
Citrix
Citrix ADC",Citrix Virtual Apps & Desktops,Citrix,Citrix ADC,,,,,,,,,,,,,,,,,,,,,,,,,,,,,
"Content Localization
Native
Dutch
Recruiting
English
Audio Recording
Data Entry",Content Localization,Native,Dutch,Recruiting,English,Audio Recording,Data Entry,,,,,,,,,,,,,,,,,,,,,,,,,
"Campaign Management
Pay Per Click Advertising
Campaign Optimization
Facebook
Google Ads
Internet Marketing
Retargeting
PPC Campaign Setup & Management",Campaign Management,Pay Per Click Advertising,Campaign Optimization,Facebook,Google Ads,Internet Marketing,Retargeting,PPC Campaign Setup & Management,,,,,,,,,,,,,,,,,,,,,,,,
"M4V
AVI
MOV
MPG
Testimonial Video
Video Intro & Outro
Videography
Lighting
Video Editing
Video Post-Editing",M4V,AVI,MOV,MPG,Testimonial Video,Video Intro & Outro,Videography,Lighting,Video Editing,Video Post-Editing,,,,,,,,,,,,,,,,,,,,,,
"Spring Boot
Microservice
SQL
Docker
Java",Spring Boot,Microservice,SQL,Docker,Java,,,,,,,,,,,,,,,,,,,,,,,,,,,
"Graphic Design
Illustration
Character Design
Concept Artistry
Adobe Illustrator
Anime
Digital Illustration
Drawing
Adobe After Effects",Graphic Design,Illustration,Character Design,Concept Artistry,Adobe Illustrator,Anime,Digital Illustration,Drawing,Adobe After Effects,,,,,,,,,,,,,,,,,,,,,,,
"Android
Android App Development
Mobile App Development",Android,Android App Development,Mobile App Development,,,,,,,,,,,,,,,,,,,,,,,,,,,,,
"JavaScript
Google AdSense
Google Ads",JavaScript,Google AdSense,Google Ads,,,,,,,,,,,,,,,,,,,,,,,,,,,,,
"Content Localization
Native
English
German
German to English Translation
Male
Female Voice",Content Localization,Native,English,German,German to English Translation,Male,Female Voice,,,,,,,,,,,,,,,,,,,,,,,,,
"Quantitative Analysis
Statistics
Data Analysis
Mathematics
Statistical Analysis",Quantitative Analysis,Statistics,Data Analysis,Mathematics,Statistical Analysis,,,,,,,,,,,,,,,,,,,,,,,,,,,
"WebRTC
Linux System Administration
Linux",WebRTC,Linux System Administration,Linux,,,,,,,,,,,,,,,,,,,,,,,,,,,,,
"Story Development
Romance
Novel
Ghostwriting
Writing
Creative Writing
Fiction Writing
Ebook Writing
English",Story Development,Romance,Novel,Ghostwriting,Writing,Creative Writing,Fiction Writing,Ebook Writing,English,,,,,,,,,,,,,,,,,,,,,,,
"JavaScript
Google AdSense
Google Ads",JavaScript,Google AdSense,Google Ads,,,,,,,,,,,,,,,,,,,,,,,,,,,,,
"Content Localization
Native
English
German
German to English Translation
Male
Female Voice",Content Localization,Native,English,German,German to English Translation,Male,Female Voice,,,,,,,,,,,,,,,,,,,,,,,,,
"Quantitative Analysis
Statistics
Data Analysis
Mathematics
Statistical Analysis",Quantitative Analysis,Statistics,Data Analysis,Mathematics,Statistical Analysis,,,,,,,,,,,,,,,,,,,,,,,,,,,
"WebRTC
Linux System Administration
Linux",WebRTC,Linux System Administration,Linux,,,,,,,,,,,,,,,,,,,,,,,,,,,,,
"Story Development
Romance
Novel
Ghostwriting
Writing
Creative Writing
Fiction Writing
Ebook Writing
English",Story Development,Romance,Novel,Ghostwriting,Writing,Creative Writing,Fiction Writing,Ebook Writing,English,,,,,,,,,,,,,,,,,,,,,,,
"Virtual Assistant
Communications
Customer Service
Researcher
Photography",Virtual Assistant,Communications,Customer Service,Researcher,Photography,,,,,,,,,,,,,,,,,,,,,,,,,,,
"Requirement Analysis
Business Analysis",Requirement Analysis,Business Analysis,,,,,,,,,,,,,,,,,,,,,,,,,,,,,,
"Business Analysis
Requirement Analysis
Business Process Modeling",Business Analysis,Requirement Analysis,Business Process Modeling,,,,,,,,,,,,,,,,,,,,,,,,,,,,,
"Music Production
Logic Pro
Music Composition
Music
Singing",Music Production,Logic Pro,Music Composition,Music,Singing,,,,,,,,,,,,,,,,,,,,,,,,,,,
Facebook Advertising,Facebook Advertising,,,,,,,,,,,,,,,,,,,,,,,,,,,,,,,
"Blog Content
English
Content Writing
Search Engine Optimization
SEO Writing",Blog Content,English,Content Writing,Search Engine Optimization,SEO Writing,,,,,,,,,,,,,,,,,,,,,,,,,,,
"Web Application
Database Development
Responsive Design
Business with 10-99 Employees
Inventory Management
Mobile App
Desktop Application
Data Entry
Order Management",Web Application,Database Development,Responsive Design,Business with 10-99 Employees,Inventory Management,Mobile App,Desktop Application,Data Entry,Order Management,,,,,,,,,,,,,,,,,,,,,,,
"Email Marketing
Email Campaign Setup",Email Marketing,Email Campaign Setup,,,,,,,,,,,,,,,,,,,,,,,,,,,,,,
"Content Writing
Copywriting
Investor Overview
Finance & Accounting
Investment Research
Editing & Proofreading",Content Writing,Copywriting,Investor Overview,Finance & Accounting,Investment Research,Editing & Proofreading,,,,,,,,,,,,,,,,,,,,,,,,,,
"Thai
Thai to English Translation
Male",Thai,Thai to English Translation,Male,,,,,,,,,,,,,,,,,,,,,,,,,,,,,
"German
English to German Translation
Translation
English",German,English to German Translation,Translation,English,,,,,,,,,,,,,,,,,,,,,,,,,,,,
"Norwegian
Voice Acting",Norwegian,Voice Acting,,,,,,,,,,,,,,,,,,,,,,,,,,,,,,
"Video Production
Videography",Video Production,Videography,,,,,,,,,,,,,,,,,,,,,,,,,,,,,,
"Blog Writing
Search Engine Optimization
Creative Writing",Blog Writing,Search Engine Optimization,Creative Writing,,,,,,,,,,,,,,,,,,,,,,,,,,,,,
"Web Testing
End-to-End Testing
Performance Testing
Mobile App Testing
Functional Testing
Manual Testing",Web Testing,End-to-End Testing,Performance Testing,Mobile App Testing,Functional Testing,Manual Testing,,,,,,,,,,,,,,,,,,,,,,,,,,
"Videography
Camera",Videography,Camera,,,,,,,,,,,,,,,,,,,,,,,,,,,,,,
"Mobile App Testing
Manual Testing
Software QA
Appian BPM Suite",Mobile App Testing,Manual Testing,Software QA,Appian BPM Suite,,,,,,,,,,,,,,,,,,,,,,,,,,,,
"Adobe InDesign
Magazine Layout
Layout Design
Magazine
Publication Design
Print Design
Graphic Design",Adobe InDesign,Magazine Layout,Layout Design,Magazine,Publication Design,Print Design,Graphic Design,,,,,,,,,,,,,,,,,,,,,,,,,
"Videography
Camera",Videography,Camera,,,,,,,,,,,,,,,,,,,,,,,,,,,,,,
"WordPress
Web Design
Web Development",WordPress,Web Design,Web Development,,,,,,,,,,,,,,,,,,,,,,,,,,,,,
"Business with 1-9 Employees
PHP
Web Development
JavaScript
HTML
CSS
CodeIgniter
Web Design",Business with 1-9 Employees,PHP,Web Development,JavaScript,HTML,CSS,CodeIgniter,Web Design,,,,,,,,,,,,,,,,,,,,,,,,
"Videography
Photography
Lighting",Videography,Photography,Lighting,,,,,,,,,,,,,,,,,,,,,,,,,,,,,
"Bug Fix
Shopify
Shopify Apps
Page Speed Optimization
Ecommerce Platform Development
Ecommerce Website
Shopify Theme
HTML
CSS",Bug Fix,Shopify,Shopify Apps,Page Speed Optimization,Ecommerce Platform Development,Ecommerce Website,Shopify Theme,HTML,CSS,,,,,,,,,,,,,,,,,,,,,,,
"YouTube Marketing
Social Media Marketing
YouTube
Social Media Management
Marketing Strategy
YouTube Development",YouTube Marketing,Social Media Marketing,YouTube,Social Media Management,Marketing Strategy,YouTube Development,,,,,,,,,,,,,,,,,,,,,,,,,,
"Blender
3D Modeling
3D Rigging
Character Animation",Blender,3D Modeling,3D Rigging,Character Animation,,,,,,,,,,,,,,,,,,,,,,,,,,,,
"Augmented Reality
3D Modeling",Augmented Reality,3D Modeling,,,,,,,,,,,,,,,,,,,,,,,,,,,,,,
"Sales & Marketing
Writing",Sales & Marketing,Writing,,,,,,,,,,,,,,,,,,,,,,,,,,,,,,
"Unboxing Video
MP4
Demo Video
Video Shoot",Unboxing Video,MP4,Demo Video,Video Shoot,,,,,,,,,,,,,,,,,,,,,,,,,,,,
"Proofreading
German
Translation
English to German Translation
English",Proofreading,German,Translation,English to German Translation,English,,,,,,,,,,,,,,,,,,,,,,,,,,,
"Template Markup
HTML
Bootstrap
CSS",Template Markup,HTML,Bootstrap,CSS,,,,,,,,,,,,,,,,,,,,,,,,,,,,
"Mystery Shopping
Market Research
Customer Service
Researcher",Mystery Shopping,Market Research,Customer Service,Researcher,,,,,,,,,,,,,,,,,,,,,,,,,,,,
"Game
Unity
Android
iOS
Admin Panel Setup",Game,Unity,Android,iOS,Admin Panel Setup,,,,,,,,,,,,,,,,,,,,,,,,,,,
"Urban Planning
Architecture Consultation
Concept Design
Master Planning
Retail & Consumer Goods
Architectural Design
Interior Design
Commercial Design",Urban Planning,Architecture Consultation,Concept Design,Master Planning,Retail & Consumer Goods,Architectural Design,Interior Design,Commercial Design,,,,,,,,,,,,,,,,,,,,,,,,
"Virtual Assistant
Social Media Marketing
WordPress
Content Management System
Social Media Management",Virtual Assistant,Social Media Marketing,WordPress,Content Management System,Social Media Management,,,,,,,,,,,,,,,,,,,,,,,,,,,
"iOS
Swift
iOS Development
Objective-C
Smartphone
Apple Xcode
Mobile App Development",iOS,Swift,iOS Development,Objective-C,Smartphone,Apple Xcode,Mobile App Development,,,,,,,,,,,,,,,,,,,,,,,,,
"iOS
Swift
iOS Development
Objective-C
Smartphone
Apple Xcode
Mobile App Development",iOS,Swift,iOS Development,Objective-C,Smartphone,Apple Xcode,Mobile App Development,,,,,,,,,,,,,,,,,,,,,,,,,
"Content Localization
Native
Business Translation
English
Translation
Copywriting
Proofreading
Dutch
English to Dutch Translation",Content Localization,Native,Business Translation,English,Translation,Copywriting,Proofreading,Dutch,English to Dutch Translation,,,,,,,,,,,,,,,,,,,,,,,
"2D Design
Autodesk AutoCAD
Architectural Design
CAD
Landscape Design",2D Design,Autodesk AutoCAD,Architectural Design,CAD,Landscape Design,,,,,,,,,,,,,,,,,,,,,,,,,,,
"Android
Mobile App Development
Android App Development",Android,Mobile App Development,Android App Development,,,,,,,,,,,,,,,,,,,,,,,,,,,,,
"Content Localization
Native
Business Translation
English
Translation
Copywriting
Proofreading
Polish
English to Polish Translation",Content Localization,Native,Business Translation,English,Translation,Copywriting,Proofreading,Polish,English to Polish Translation,,,,,,,,,,,,,,,,,,,,,,,
"HTML
CSS
Web Design
HTML5
JavaScript
Web Development
PHP
CSS 3",HTML,CSS,Web Design,HTML5,JavaScript,Web Development,PHP,CSS 3,,,,,,,,,,,,,,,,,,,,,,,,
"Node.js
JavaScript
web3.js",Node.js,JavaScript,web3.js,,,,,,,,,,,,,,,,,,,,,,,,,,,,,
"Content Writing
Business Writing
Business Services",Content Writing,Business Writing,Business Services,,,,,,,,,,,,,,,,,,,,,,,,,,,,,
"Content Localization
Native
Business Translation
Swedish
English
English to Swedish Translation
Translation
Copywriting
Proofreading",Content Localization,Native,Business Translation,Swedish,English,English to Swedish Translation,Translation,Copywriting,Proofreading,,,,,,,,,,,,,,,,,,,,,,,
"Article
Blog Content
Article Writing
Content Writing
Creative Writing
Writing
Business Services
Editor
US English Dialect
Editing & Proofreading",Article,Blog Content,Article Writing,Content Writing,Creative Writing,Writing,Business Services,Editor,US English Dialect,Editing & Proofreading,,,,,,,,,,,,,,,,,,,,,,
"Translation
Cebuano",Translation,Cebuano,,,,,,,,,,,,,,,,,,,,,,,,,,,,,,
"React
Node.js
jQuery",React,Node.js,jQuery,,,,,,,,,,,,,,,,,,,,,,,,,,,,,
"Social Media Content Creation
Tech & IT
Health & Wellness
Internet Marketing
Brand Marketing
Graphic Design
Content Development
Copywriting",Social Media Content Creation,Tech & IT,Health & Wellness,Internet Marketing,Brand Marketing,Graphic Design,Content Development,Copywriting,,,,,,,,,,,,,,,,,,,,,,,,
"Display Ad Campaign
Facebook Ads Manager
A/B Testing
Facebook Advertising
Instagram Ad Campaign
Marketing
Retargeting",Display Ad Campaign,Facebook Ads Manager,A/B Testing,Facebook Advertising,Instagram Ad Campaign,Marketing,Retargeting,,,,,,,,,,,,,,,,,,,,,,,,,
"Japanese
English to Japanese Translation",Japanese,English to Japanese Translation,,,,,,,,,,,,,,,,,,,,,,,,,,,,,,
"Golang
Docker",Golang,Docker,,,,,,,,,,,,,,,,,,,,,,,,,,,,,,
Visual Basic .NET,Visual Basic .NET,,,,,,,,,,,,,,,,,,,,,,,,,,,,,,,
"Graphic Design
Adobe Photoshop
Video Advertising
TikTok
TikTok Marketing
Creative Direction
Creative Strategy
Advertisement
Adobe Illustrator",Graphic Design,Adobe Photoshop,Video Advertising,TikTok,TikTok Marketing,Creative Direction,Creative Strategy,Advertisement,Adobe Illustrator,,,,,,,,,,,,,,,,,,,,,,,
"Customer Service Training
Food & Beverage
English
Hindi
Business with 1-9 Employees
Administrative Support
Customer Service
Email Communication
Customer Support
Communications",Customer Service Training,Food & Beverage,English,Hindi,Business with 1-9 Employees,Administrative Support,Customer Service,Email Communication,Customer Support,Communications,,,,,,,,,,,,,,,,,,,,,,
,,,,,,,,,,,,,,,,,,,,,,,,,,,,,,,,
"HR & Business Services
Lead Generation
Prospect List
Data Scraping",HR & Business Services,Lead Generation,Prospect List,Data Scraping,,,,,,,,,,,,,,,,,,,,,,,,,,,,
Magento 2,Magento 2,,,,,,,,,,,,,,,,,,,,,,,,,,,,,,,
"Android
iOS
Game Development
In-App Purchases
Mobile Game",Android,iOS,Game Development,In-App Purchases,Mobile Game,,,,,,,,,,,,,,,,,,,,,,,,,,,
"Android
JavaScript
Android App Development
Mobile App Development
iOS
Web Development
Data Entry
WordPress
Smartphone
Kotlin",Android,JavaScript,Android App Development,Mobile App Development,iOS,Web Development,Data Entry,WordPress,Smartphone,Kotlin,,,,,,,,,,,,,,,,,,,,,,
"Form Completion
Phone Communication
Personal Administration
Virtual Assistant
Email Communication
Communications
Local Operations
Photography
Virtual Assistance",Form Completion,Phone Communication,Personal Administration,Virtual Assistant,Email Communication,Communications,Local Operations,Photography,Virtual Assistance,,,,,,,,,,,,,,,,,,,,,,,
"Technical SEO
SEO Setup & Configuration
On-Page SEO
Search Engine Optimization
SEO Backlinking
Google Analytics
Off-Page SEO
Organic Traffic Growth
SEO Keyword Research
SEO Audit",Technical SEO,SEO Setup & Configuration,On-Page SEO,Search Engine Optimization,SEO Backlinking,Google Analytics,Off-Page SEO,Organic Traffic Growth,SEO Keyword Research,SEO Audit,,,,,,,,,,,,,,,,,,,,,,
"Smartphone
Hybrid App Development
Location-Based Service
User Profile Creation
Augmented Reality
Camera
Payment Functionality
Push Notifications
Android
iOS",Smartphone,Hybrid App Development,Location-Based Service,User Profile Creation,Augmented Reality,Camera,Payment Functionality,Push Notifications,Android,iOS,,,,,,,,,,,,,,,,,,,,,,
"Android
Android App Development
Smartphone
Mobile App Development
Tablet
Java
iOS
Kotlin
In-App Purchases
User Authentication",Android,Android App Development,Smartphone,Mobile App Development,Tablet,Java,iOS,Kotlin,In-App Purchases,User Authentication,,,,,,,,,,,,,,,,,,,,,,
"MySQL
Database Programming
MySQL Programming
Server
Database
SQL
Performance Optimization
Database Administration",MySQL,Database Programming,MySQL Programming,Server,Database,SQL,Performance Optimization,Database Administration,,,,,,,,,,,,,,,,,,,,,,,,
"Python
JavaScript
Apache Superset",Python,JavaScript,Apache Superset,,,,,,,,,,,,,,,,,,,,,,,,,,,,,
"Adobe Illustrator
Vector Tracing
Illustration
Graphic Design",Adobe Illustrator,Vector Tracing,Illustration,Graphic Design,,,,,,,,,,,,,,,,,,,,,,,,,,,,
"Vector Art
Adobe Photoshop
YouTube
Social Media Imagery
Illustration",Vector Art,Adobe Photoshop,YouTube,Social Media Imagery,Illustration,,,,,,,,,,,,,,,,,,,,,,,,,,,
"Voice Acting
Voice-Over
Audio Production
Audio Recording
Audio Editing",Voice Acting,Voice-Over,Audio Production,Audio Recording,Audio Editing,,,,,,,,,,,,,,,,,,,,,,,,,,,
"Gaming Console
Smartphone
Tablet
Android
Java
Kotlin
JavaScript
Flutter
Business with 10-99 Employees
Java
Android
Mobile App Development
Android App Development
Social Media Account Integration
Android Studio
Node.js
C++
C#",Gaming Console,Smartphone,Tablet,Android,Java,Kotlin,JavaScript,Flutter,Business with 10-99 Employees,Java,Android,Mobile App Development,Android App Development,Social Media Account Integration,Android Studio,Node.js,C++,C#,,,,,,,,,,,,,,
"Phone Communication
Communications
Administrative Support
Email Communication
Virtual Assistance
Virtual Assistant
Data Entry
Researcher
Customer Service
Personal Administration",Phone Communication,Communications,Administrative Support,Email Communication,Virtual Assistance,Virtual Assistant,Data Entry,Researcher,Customer Service,Personal Administration,,,,,,,,,,,,,,,,,,,,,,
"Translation
Game
Chinese to Japanese Translation",Translation,Game,Chinese to Japanese Translation,,,,,,,,,,,,,,,,,,,,,,,,,,,,,
"Ebook Writing
Rhyme Scheme
Biography
People
English
Young Adult
Fiction
Romance",Ebook Writing,Rhyme Scheme,Biography,People,English,Young Adult,Fiction,Romance,,,,,,,,,,,,,,,,,,,,,,,,
"JavaScript
Android
Ionic Framework
AngularJS
Firebase
Angular
Mobile App Development
API
Node.js",JavaScript,Android,Ionic Framework,AngularJS,Firebase,Angular,Mobile App Development,API,Node.js,,,,,,,,,,,,,,,,,,,,,,,
"Electrical Engineering
Circuit Design
PCB Design",Electrical Engineering,Circuit Design,PCB Design,,,,,,,,,,,,,,,,,,,,,,,,,,,,,
"Stripe
JavaScript
WooCommerce
WordPress
Web Development
PHP",Stripe,JavaScript,WooCommerce,WordPress,Web Development,PHP,,,,,,,,,,,,,,,,,,,,,,,,,,
"Android
Smartphone
iOS
Android App Development
Mobile App Development
Tablet",Android,Smartphone,iOS,Android App Development,Mobile App Development,Tablet,,,,,,,,,,,,,,,,,,,,,,,,,,
"Video Editing
Video Post-Editing
Animation
Traditional Animation
Explainer Video",Video Editing,Video Post-Editing,Animation,Traditional Animation,Explainer Video,,,,,,,,,,,,,,,,,,,,,,,,,,,
Wiring,Wiring,,,,,,,,,,,,,,,,,,,,,,,,,,,,,,,
"Shopify
Shopify Templates
Web Design
HTML
Graphic Design
User Interface Design",Shopify,Shopify Templates,Web Design,HTML,Graphic Design,User Interface Design,,,,,,,,,,,,,,,,,,,,,,,,,,
"English
Content Writing
Researcher
Creative Writing
Editor
Blog Content",English,Content Writing,Researcher,Creative Writing,Editor,Blog Content,,,,,,,,,,,,,,,,,,,,,,,,,,
"Android
JavaScript
Mobile App Development
Android App Development
Firebase",Android,JavaScript,Mobile App Development,Android App Development,Firebase,,,,,,,,,,,,,,,,,,,,,,,,,,,
"Android
PHP
MySQL
Web Development
Microsoft SQL Server
phpMyAdmin
Java",Android,PHP,MySQL,Web Development,Microsoft SQL Server,phpMyAdmin,Java,,,,,,,,,,,,,,,,,,,,,,,,,
"Search Engine Optimization
Facebook
Social Media Marketing
Content Writing
Instagram
Google Ads
Social Media Content Creation
Facebook Advertising
SEO Backlinking",Search Engine Optimization,Facebook,Social Media Marketing,Content Writing,Instagram,Google Ads,Social Media Content Creation,Facebook Advertising,SEO Backlinking,,,,,,,,,,,,,,,,,,,,,,,
"Magento
Magento 2
PHP
HTML
CSS
HTML5",Magento,Magento 2,PHP,HTML,CSS,HTML5,,,,,,,,,,,,,,,,,,,,,,,,,,
"Content Writing
English
Business Writing
Researcher",Content Writing,English,Business Writing,Researcher,,,,,,,,,,,,,,,,,,,,,,,,,,,,
"Content Writing
English
Business Writing
Researcher",Content Writing,English,Business Writing,Researcher,,,,,,,,,,,,,,,,,,,,,,,,,,,,
"Firebase Cloud Firestore
Firebase Realtime Database
Firebase
iOS Development
Android App Development
Mobile App Development
Flutter
Admin Panel Setup
Dart
User Authentication",Firebase Cloud Firestore,Firebase Realtime Database,Firebase,iOS Development,Android App Development,Mobile App Development,Flutter,Admin Panel Setup,Dart,User Authentication,,,,,,,,,,,,,,,,,,,,,,
"Android
Smartphone
Android App Development
Mobile App Development
Tablet
iOS
In-App Purchases
Java
iOS Development",Android,Smartphone,Android App Development,Mobile App Development,Tablet,iOS,In-App Purchases,Java,iOS Development,,,,,,,,,,,,,,,,,,,,,,,
"Print Design
Vector Art
Motion Design
Adobe Photoshop
Adobe Illustrator
Graphic Design
Infographic
Logo Design
Branding
2D Illustration",Print Design,Vector Art,Motion Design,Adobe Photoshop,Adobe Illustrator,Graphic Design,Infographic,Logo Design,Branding,2D Illustration,,,,,,,,,,,,,,,,,,,,,,
Facebook Advertising,Facebook Advertising,,,,,,,,,,,,,,,,,,,,,,,,,,,,,,,
"Social Media Imagery
Graphic Design
Adobe Photoshop",Social Media Imagery,Graphic Design,Adobe Photoshop,,,,,,,,,,,,,,,,,,,,,,,,,,,,,
"Video Editing
2D Animation
Video Production
Animation
Motion Graphics",Video Editing,2D Animation,Video Production,Animation,Motion Graphics,,,,,,,,,,,,,,,,,,,,,,,,,,,
"Video Commercial
Corporate Video
Social Media Video",Video Commercial,Corporate Video,Social Media Video,,,,,,,,,,,,,,,,,,,,,,,,,,,,,
"Mechanical Engineering
Mechanical Design
3D Printing
SolidWorks
3D Modeling
3D Design
Product Development
Engineering Design
Product Design
CAD",Mechanical Engineering,Mechanical Design,3D Printing,SolidWorks,3D Modeling,3D Design,Product Development,Engineering Design,Product Design,CAD,,,,,,,,,,,,,,,,,,,,,,
"2D Animation
Motion Graphics
Animation
Video Production
Video Editing
Explainer Video",2D Animation,Motion Graphics,Animation,Video Production,Video Editing,Explainer Video,,,,,,,,,,,,,,,,,,,,,,,,,,
Data Entry,Data Entry,,,,,,,,,,,,,,,,,,,,,,,,,,,,,,,
"Android
Smartphone
Android App Development
Mobile App Development",Android,Smartphone,Android App Development,Mobile App Development,,,,,,,,,,,,,,,,,,,,,,,,,,,,
"Intuit QuickBooks
Quickbooks
Accounting
Accounting Software
Data Entry
Bookkeeping",Intuit QuickBooks,Quickbooks,Accounting,Accounting Software,Data Entry,Bookkeeping,,,,,,,,,,,,,,,,,,,,,,,,,,
"Video Editing
Adobe Premiere Pro
Video Post-Editing
Video Intro & Outro
YouTube Development
Video Production
Adobe After Effects",Video Editing,Adobe Premiere Pro,Video Post-Editing,Video Intro & Outro,YouTube Development,Video Production,Adobe After Effects,,,,,,,,,,,,,,,,,,,,,,,,,
"British English Accent
Canadian English Dialect
Voice-Over
Voice Acting
Male
Audio Editing
US English Dialect",British English Accent,Canadian English Dialect,Voice-Over,Voice Acting,Male,Audio Editing,US English Dialect,,,,,,,,,,,,,,,,,,,,,,,,,
"Video Intro & Outro
English
Creative Writing
Content Writing
Scriptwriting
Writing
Scripting
Copywriting
Script",Video Intro & Outro,English,Creative Writing,Content Writing,Scriptwriting,Writing,Scripting,Copywriting,Script,,,,,,,,,,,,,,,,,,,,,,,
"Adobe Photoshop
Graphic Design
Social Media Imagery
YouTube
Illustration
Logo Design
Adobe Illustrator",Adobe Photoshop,Graphic Design,Social Media Imagery,YouTube,Illustration,Logo Design,Adobe Illustrator,,,,,,,,,,,,,,,,,,,,,,,,,
"Client Management
Project Management
Decision Making
Team Alignment
Critical Thinking Skills
Project Scheduling
Communications
Project Objectives
Time Management",Client Management,Project Management,Decision Making,Team Alignment,Critical Thinking Skills,Project Scheduling,Communications,Project Objectives,Time Management,,,,,,,,,,,,,,,,,,,,,,,
"YouTube
Social Media Marketing
YouTube Subscribers
YouTube Marketing
YouTube Views",YouTube,Social Media Marketing,YouTube Subscribers,YouTube Marketing,YouTube Views,,,,,,,,,,,,,,,,,,,,,,,,,,,
"Android
Smartphone
Android App Development
iOS Development",Android,Smartphone,Android App Development,iOS Development,,,,,,,,,,,,,,,,,,,,,,,,,,,,
"Android
Mobile App Development
Android App Development
Java",Android,Mobile App Development,Android App Development,Java,,,,,,,,,,,,,,,,,,,,,,,,,,,,
"Smartphone
Tablet
Hybrid App Development
Android",Smartphone,Tablet,Hybrid App Development,Android,,,,,,,,,,,,,,,,,,,,,,,,,,,,
"Android
iOS
HTML5
Android App Development
Apple Xcode
Web Development
Web Design
Smartphone",Android,iOS,HTML5,Android App Development,Apple Xcode,Web Development,Web Design,Smartphone,,,,,,,,,,,,,,,,,,,,,,,,
"MongoDB
Node.js
Next.js
Vue.js
React",MongoDB,Node.js,Next.js,Vue.js,React,,,,,,,,,,,,,,,,,,,,,,,,,,,
"Adobe Illustrator
Adobe Photoshop",Adobe Illustrator,Adobe Photoshop,,,,,,,,,,,,,,,,,,,,,,,,,,,,,,
"React Native
Android
iOS
JavaScript
Native App Development
Mobile App Development",React Native,Android,iOS,JavaScript,Native App Development,Mobile App Development,,,,,,,,,,,,,,,,,,,,,,,,,,
"Hybrid App Development
Microsoft Windows
User Authentication
User Profile Creation
Bluetooth
Flutter
Android
iOS",Hybrid App Development,Microsoft Windows,User Authentication,User Profile Creation,Bluetooth,Flutter,Android,iOS,,,,,,,,,,,,,,,,,,,,,,,,
"Web Development
React
Node.js
JSON
PHP",Web Development,React,Node.js,JSON,PHP,,,,,,,,,,,,,,,,,,,,,,,,,,,
"Lead Generation Analysis
Data Entry
List Building
Lead Generation",Lead Generation Analysis,Data Entry,List Building,Lead Generation,,,,,,,,,,,,,,,,,,,,,,,,,,,,
"Corporate Brand Identity
Print Design
Logo Design
Brand Identity & Guidelines
Graphic Design",Corporate Brand Identity,Print Design,Logo Design,Brand Identity & Guidelines,Graphic Design,,,,,,,,,,,,,,,,,,,,,,,,,,,
"Sales
Cold Calling
Lead Generation
Scheduling
Outbound Sales
Telemarketing
List Building",Sales,Cold Calling,Lead Generation,Scheduling,Outbound Sales,Telemarketing,List Building,,,,,,,,,,,,,,,,,,,,,,,,,
"Android
Java
Android App Development
Smartphone
Mobile App Development
Kotlin
JavaScript
Tablet
User Authentication
Firebase",Android,Java,Android App Development,Smartphone,Mobile App Development,Kotlin,JavaScript,Tablet,User Authentication,Firebase,,,,,,,,,,,,,,,,,,,,,,
"Office Design
Retail Design
Concept Design
Branding & Marketing
Interior Design
Architectural Design
Commercial Design",Office Design,Retail Design,Concept Design,Branding & Marketing,Interior Design,Architectural Design,Commercial Design,,,,,,,,,,,,,,,,,,,,,,,,,
"Android App Development
Android
Mobile App Development",Android App Development,Android,Mobile App Development,,,,,,,,,,,,,,,,,,,,,,,,,,,,,
"Microsoft PowerPoint
Layout Design
Contemporary Style
Graphic Design
Mood Board
Architecture & Interior Design",Microsoft PowerPoint,Layout Design,Contemporary Style,Graphic Design,Mood Board,Architecture & Interior Design,,,,,,,,,,,,,,,,,,,,,,,,,,
"PostgreSQL
PostgreSQL Programming
SQL
Node.js",PostgreSQL,PostgreSQL Programming,SQL,Node.js,,,,,,,,,,,,,,,,,,,,,,,,,,,,
Cantonese,Cantonese,,,,,,,,,,,,,,,,,,,,,,,,,,,,,,,
"Android
Smartphone
Android App Development
iOS
Mobile App Development
Java
Native App Development
Tablet
iOS Development",Android,Smartphone,Android App Development,iOS,Mobile App Development,Java,Native App Development,Tablet,iOS Development,,,,,,,,,,,,,,,,,,,,,,,
"Translation
Marathi
English to Marathi Translation",Translation,Marathi,English to Marathi Translation,,,,,,,,,,,,,,,,,,,,,,,,,,,,,
"Google Ads
Google Shopping
PPC Campaign Setup & Management
Google Analytics
Google Tag Manager",Google Ads,Google Shopping,PPC Campaign Setup & Management,Google Analytics,Google Tag Manager,,,,,,,,,,,,,,,,,,,,,,,,,,,
"Google Ads
Google Shopping
PPC Campaign Setup & Management
Google Analytics
Google Tag Manager",Google Ads,Google Shopping,PPC Campaign Setup & Management,Google Analytics,Google Tag Manager,,,,,,,,,,,,,,,,,,,,,,,,,,,
"Android
Java
Android App Development
Smartphone
Mobile App Development
Kotlin
JavaScript
Tablet
User Authentication
Firebase",Android,Java,Android App Development,Smartphone,Mobile App Development,Kotlin,JavaScript,Tablet,User Authentication,Firebase,,,,,,,,,,,,,,,,,,,,,,
".NET Framework
ASP.NET
Git
Odoo
C#
SQL",.NET Framework,ASP.NET,Git,Odoo,C#,SQL,,,,,,,,,,,,,,,,,,,,,,,,,,
"Shopify
Shopify Theme
Shopify Templates
CSS
Web Development
Web Design
HTML
Ecommerce Website
Ecommerce Platform Development
JavaScript",Shopify,Shopify Theme,Shopify Templates,CSS,Web Development,Web Design,HTML,Ecommerce Website,Ecommerce Platform Development,JavaScript,,,,,,,,,,,,,,,,,,,,,,
"Android
JavaScript
Android App Development
Mobile App Development
iOS
Web Development
Data Entry
WordPress
Smartphone
Kotlin",Android,JavaScript,Android App Development,Mobile App Development,iOS,Web Development,Data Entry,WordPress,Smartphone,Kotlin,,,,,,,,,,,,,,,,,,,,,,
"English
British English Accent
American English Accent",English,British English Accent,American English Accent,,,,,,,,,,,,,,,,,,,,,,,,,,,,,
"Business Analysis
Strategy
Business Modeling
Administrative Support",Business Analysis,Strategy,Business Modeling,Administrative Support,,,,,,,,,,,,,,,,,,,,,,,,,,,,
"Ghostwriting
Ebook Writing
Editing & Proofreading
DIY
How To
English
Content Writing
Copywriting
Creative Writing",Ghostwriting,Ebook Writing,Editing & Proofreading,DIY,How To,English,Content Writing,Copywriting,Creative Writing,,,,,,,,,,,,,,,,,,,,,,,
"Android
Android App Development
Smartphone
Mobile App Development",Android,Android App Development,Smartphone,Mobile App Development,,,,,,,,,,,,,,,,,,,,,,,,,,,,
"Android
Android App Development
Smartphone
Mobile App Development",Android,Android App Development,Smartphone,Mobile App Development,,,,,,,,,,,,,,,,,,,,,,,,,,,,
"Android
Android App Development
Smartphone
Mobile App Development",Android,Android App Development,Smartphone,Mobile App Development,,,,,,,,,,,,,,,,,,,,,,,,,,,,
"Thai
Thai to English Translation
Male",Thai,Thai to English Translation,Male,,,,,,,,,,,,,,,,,,,,,,,,,,,,,
"Lead Generation Analysis
Lead Generation Strategy
Market Research
Social Media Lead Generation
List Building
Appointment Setting
Lead Generation
Communications
Data Entry
Customer Relationship Management
Administrative Support
Researcher
Real Estate
B2C Marketing
Sales Development
Data Scraping
Interpersonal Skills
Customer Service
Real Estate Cold Calling
Real Estate Listing
Real Estate Acquisition",Lead Generation Analysis,Lead Generation Strategy,Market Research,Social Media Lead Generation,List Building,Appointment Setting,Lead Generation,Communications,Data Entry,Customer Relationship Management,Administrative Support,Researcher,Real Estate,B2C Marketing,Sales Development,Data Scraping,Interpersonal Skills,Customer Service,Real Estate Cold Calling,Real Estate Listing,Real Estate Acquisition,,,,,,,,,,,
"Male
Voice Acting",Male,Voice Acting,,,,,,,,,,,,,,,,,,,,,,,,,,,,,,
"Android
Java
Android App Development
Mobile App Development
Smartphone
JavaScript
Kotlin
Firebase
Tablet
Android Studio",Android,Java,Android App Development,Mobile App Development,Smartphone,JavaScript,Kotlin,Firebase,Tablet,Android Studio,,,,,,,,,,,,,,,,,,,,,,
JavaScript,JavaScript,,,,,,,,,,,,,,,,,,,,,,,,,,,,,,,
"Scripting
Automation
Mobile App
Facebook",Scripting,Automation,Mobile App,Facebook,,,,,,,,,,,,,,,,,,,,,,,,,,,,
Java,Java,,,,,,,,,,,,,,,,,,,,,,,,,,,,,,,
"Advertising Design
Catalog Design
Graphic Design
Banner Ad Design
Adobe Illustrator
Adobe Photoshop",Advertising Design,Catalog Design,Graphic Design,Banner Ad Design,Adobe Illustrator,Adobe Photoshop,,,,,,,,,,,,,,,,,,,,,,,,,,
"Sports & Fitness
Content Strategy
English
Blog Content
Blog Writing
SEO Writing
Creative Writing
Researcher
Search Engine Optimization",Sports & Fitness,Content Strategy,English,Blog Content,Blog Writing,SEO Writing,Creative Writing,Researcher,Search Engine Optimization,,,,,,,,,,,,,,,,,,,,,,,
"Thai
Thai to English Translation",Thai,Thai to English Translation,,,,,,,,,,,,,,,,,,,,,,,,,,,,,,
"Influencer Marketing
Social Media Marketing Strategy
Fashion & Beauty
Facebook Ads Manager
Instagram
Facebook
Social Media Advertising
Social Media Marketing
Social Media Management
Facebook Advertising",Influencer Marketing,Social Media Marketing Strategy,Fashion & Beauty,Facebook Ads Manager,Instagram,Facebook,Social Media Advertising,Social Media Marketing,Social Media Management,Facebook Advertising,,,,,,,,,,,,,,,,,,,,,,
"Spring Boot
Microservice
Java
Apache Kafka",Spring Boot,Microservice,Java,Apache Kafka,,,,,,,,,,,,,,,,,,,,,,,,,,,,
"Website Content
Technical Writing
IT
Content Writing
SEO Content
Search Engine Optimization",Website Content,Technical Writing,IT,Content Writing,SEO Content,Search Engine Optimization,,,,,,,,,,,,,,,,,,,,,,,,,,
Ecommerce Platform Development,Ecommerce Platform Development,,,,,,,,,,,,,,,,,,,,,,,,,,,,,,,
"Video Editing
Adobe Premiere Pro
Motion Graphics",Video Editing,Adobe Premiere Pro,Motion Graphics,,,,,,,,,,,,,,,,,,,,,,,,,,,,,
"Node.js
DigitalOcean
MySQL
Docker",Node.js,DigitalOcean,MySQL,Docker,,,,,,,,,,,,,,,,,,,,,,,,,,,,
"SEO Backlinking
Search Engine Optimization
Off-Page SEO
Organic Traffic Growth",SEO Backlinking,Search Engine Optimization,Off-Page SEO,Organic Traffic Growth,,,,,,,,,,,,,,,,,,,,,,,,,,,,
Qlik Sense,Qlik Sense,,,,,,,,,,,,,,,,,,,,,,,,,,,,,,,
"Prototyping
Style Guide
Website Asset
Website Redesign",Prototyping,Style Guide,Website Asset,Website Redesign,,,,,,,,,,,,,,,,,,,,,,,,,,,,
Qlik Sense,Qlik Sense,,,,,,,,,,,,,,,,,,,,,,,,,,,,,,,
"Prototyping
Style Guide
Website Asset
Website Redesign",Prototyping,Style Guide,Website Asset,Website Redesign,,,,,,,,,,,,,,,,,,,,,,,,,,,,
"Logo Transparency
Source File
Vector File Format
Minimalist
Logo Design
Adobe Illustrator
Brand Identity & Guidelines",Logo Transparency,Source File,Vector File Format,Minimalist,Logo Design,Adobe Illustrator,Brand Identity & Guidelines,,,,,,,,,,,,,,,,,,,,,,,,,
Server,Server,,,,,,,,,,,,,,,,,,,,,,,,,,,,,,,
"React
TypeScript
JavaScript
Web Development
API Integration
API Testing",React,TypeScript,JavaScript,Web Development,API Integration,API Testing,,,,,,,,,,,,,,,,,,,,,,,,,,
"Marketing
English",Marketing,English,,,,,,,,,,,,,,,,,,,,,,,,,,,,,,
"JavaScript
Adobe Analytics
HTML
CSS Framework",JavaScript,Adobe Analytics,HTML,CSS Framework,,,,,,,,,,,,,,,,,,,,,,,,,,,,
Mobile App Development,Mobile App Development,,,,,,,,,,,,,,,,,,,,,,,,,,,,,,,
"Music Production
Music Composition
Audio Production",Music Production,Music Composition,Audio Production,,,,,,,,,,,,,,,,,,,,,,,,,,,,,
"Email Automation
Email Deliverability
Email Campaign Optimization
Email Campaign Setup",Email Automation,Email Deliverability,Email Campaign Optimization,Email Campaign Setup,,,,,,,,,,,,,,,,,,,,,,,,,,,,
"Accessories
Female
Color Forecasting
Consumer Profiling
Fabric Color Matching
Fashion Design
Ready-To-Wear
Layout Design
Graphic Design
Adobe Illustrator",Accessories,Female,Color Forecasting,Consumer Profiling,Fabric Color Matching,Fashion Design,Ready-To-Wear,Layout Design,Graphic Design,Adobe Illustrator,,,,,,,,,,,,,,,,,,,,,,
"Illustration
Animation
2D Animation",Illustration,Animation,2D Animation,,,,,,,,,,,,,,,,,,,,,,,,,,,,,
"Java
JavaScript",Java,JavaScript,,,,,,,,,,,,,,,,,,,,,,,,,,,,,,
"Hybrid App Development
Firebase Cloud Firestore
Firebase Realtime Database
Flutter
Mobile App Development
Firebase
Admin Panel Setup",Hybrid App Development,Firebase Cloud Firestore,Firebase Realtime Database,Flutter,Mobile App Development,Firebase,Admin Panel Setup,,,,,,,,,,,,,,,,,,,,,,,,,
"Industrial Design
Concept Design
Sports & Recreation
Fashion & Beauty
Retail & Consumer Goods
CAD Conversion
Graphic Design
3D Modeling
3D Design",Industrial Design,Concept Design,Sports & Recreation,Fashion & Beauty,Retail & Consumer Goods,CAD Conversion,Graphic Design,3D Modeling,3D Design,,,,,,,,,,,,,,,,,,,,,,,
"Male
Gritty Tone
Energetic Tone
Casual Tone
Voice Acting
Voice-Over
Middle-Aged Adult
Narration
US English Dialect
American English Accent",Male,Gritty Tone,Energetic Tone,Casual Tone,Voice Acting,Voice-Over,Middle-Aged Adult,Narration,US English Dialect,American English Accent,,,,,,,,,,,,,,,,,,,,,,
"Android
Android App Development",Android,Android App Development,,,,,,,,,,,,,,,,,,,,,,,,,,,,,,
"Australian English Dialect
Female
Voice-Over",Australian English Dialect,Female,Voice-Over,,,,,,,,,,,,,,,,,,,,,,,,,,,,,
"PostgreSQL
Golang
API Development
API Integration",PostgreSQL,Golang,API Development,API Integration,,,,,,,,,,,,,,,,,,,,,,,,,,,,
"General Transcription
Finnish
Typing",General Transcription,Finnish,Typing,,,,,,,,,,,,,,,,,,,,,,,,,,,,,
German,German,,,,,,,,,,,,,,,,,,,,,,,,,,,,,,,
"Influencer Marketing
Social Media Content Creation
TikTok
Canva
Social Media Marketing Strategy
Facebook
Social Media Marketing
Instagram
Social Media Management",Influencer Marketing,Social Media Content Creation,TikTok,Canva,Social Media Marketing Strategy,Facebook,Social Media Marketing,Instagram,Social Media Management,,,,,,,,,,,,,,,,,,,,,,,
"Motion Graphics
Animation
Video Intro & Outro
Video Production",Motion Graphics,Animation,Video Intro & Outro,Video Production,,,,,,,,,,,,,,,,,,,,,,,,,,,,
"Off-Page SEO
Google Analytics
Ahrefs
Google Trends
Google Search Console
Yoast SEO
SEO Backlinking
Internet Marketing
SEO Keyword Research",Off-Page SEO,Google Analytics,Ahrefs,Google Trends,Google Search Console,Yoast SEO,SEO Backlinking,Internet Marketing,SEO Keyword Research,,,,,,,,,,,,,,,,,,,,,,,
"Security Policies & Procedures Documentation
Application Security
Network Security
Business with 10-99 Employees
Information Security
Security Infrastructure
Information Security Audit
Security Engineering",Security Policies & Procedures Documentation,Application Security,Network Security,Business with 10-99 Employees,Information Security,Security Infrastructure,Information Security Audit,Security Engineering,,,,,,,,,,,,,,,,,,,,,,,,
"Android
Android App Development",Android,Android App Development,,,,,,,,,,,,,,,,,,,,,,,,,,,,,,
"Spring Boot
Java",Spring Boot,Java,,,,,,,,,,,,,,,,,,,,,,,,,,,,,,
"API
PostgreSQL
NodeJS Framework",API,PostgreSQL,NodeJS Framework,,,,,,,,,,,,,,,,,,,,,,,,,,,,,
"Adobe Illustrator
Graphic Design
Geographic Infographic
Print Design
Illustration
Infographic",Adobe Illustrator,Graphic Design,Geographic Infographic,Print Design,Illustration,Infographic,,,,,,,,,,,,,,,,,,,,,,,,,,
"Documentary
Film
Audio Editing
Color Grading
Video Editing
Adobe Premiere Pro
Video Post-Editing
Final Cut Pro X
Video Production
Adobe After Effects",Documentary,Film,Audio Editing,Color Grading,Video Editing,Adobe Premiere Pro,Video Post-Editing,Final Cut Pro X,Video Production,Adobe After Effects,,,,,,,,,,,,,,,,,,,,,,
"Documentary
Film
Audio Editing
Color Grading
Video Editing
Adobe Premiere Pro
Video Post-Editing
Final Cut Pro X
Video Production
Adobe After Effects",Documentary,Film,Audio Editing,Color Grading,Video Editing,Adobe Premiere Pro,Video Post-Editing,Final Cut Pro X,Video Production,Adobe After Effects,,,,,,,,,,,,,,,,,,,,,,
"Mobile Game
Game Development
Game Design
Android
Unity
Arcade Game",Mobile Game,Game Development,Game Design,Android,Unity,Arcade Game,,,,,,,,,,,,,,,,,,,,,,,,,,
"Golang
PostgreSQL
Kubernetes
Docker
Microservice
CI/CD Platform
Google Cloud Platform",Golang,PostgreSQL,Kubernetes,Docker,Microservice,CI/CD Platform,Google Cloud Platform,,,,,,,,,,,,,,,,,,,,,,,,,
"Norwegian
Male
Female",Norwegian,Male,Female,,,,,,,,,,,,,,,,,,,,,,,,,,,,,
"Web Development
Shopify
Google Analytics",Web Development,Shopify,Google Analytics,,,,,,,,,,,,,,,,,,,,,,,,,,,,,
"Machine Learning Model
Artificial Intelligence
Machine Learning
Python",Machine Learning Model,Artificial Intelligence,Machine Learning,Python,,,,,,,,,,,,,,,,,,,,,,,,,,,,
"Japanese
Ecommerce Development Consultation
Jewelry",Japanese,Ecommerce Development Consultation,Jewelry,,,,,,,,,,,,,,,,,,,,,,,,,,,,,
"iOS
iOS Development",iOS,iOS Development,,,,,,,,,,,,,,,,,,,,,,,,,,,,,,
"Spring Boot
Java",Spring Boot,Java,,,,,,,,,,,,,,,,,,,,,,,,,,,,,,
"Native
Translation
English
Turkish
English to Turkish Translation",Native,Translation,English,Turkish,English to Turkish Translation,,,,,,,,,,,,,,,,,,,,,,,,,,,
"Laravel
Web Development
React
API
Team Management",Laravel,Web Development,React,API,Team Management,,,,,,,,,,,,,,,,,,,,,,,,,,,
"Golang
QA Testing
QA Engineering
Quality Assurance",Golang,QA Testing,QA Engineering,Quality Assurance,,,,,,,,,,,,,,,,,,,,,,,,,,,,
Game Design,Game Design,,,,,,,,,,,,,,,,,,,,,,,,,,,,,,,
"Social Media Engagement
Health & Wellness
Social Media Marketing
Instagram
Social Media Management
Search Engine Optimization
Creative Writing",Social Media Engagement,Health & Wellness,Social Media Marketing,Instagram,Social Media Management,Search Engine Optimization,Creative Writing,,,,,,,,,,,,,,,,,,,,,,,,,
"Adobe Illustrator
Adobe Photoshop
Graphic Design
Video Production
Video Commercial",Adobe Illustrator,Adobe Photoshop,Graphic Design,Video Production,Video Commercial,,,,,,,,,,,,,,,,,,,,,,,,,,,
Google Sheets,Google Sheets,,,,,,,,,,,,,,,,,,,,,,,,,,,,,,,
"Shopify Templates
Landing Page
Shopify
Data Entry
Web Design
Conversion Rate Optimization
Shopify Theme",Shopify Templates,Landing Page,Shopify,Data Entry,Web Design,Conversion Rate Optimization,Shopify Theme,,,,,,,,,,,,,,,,,,,,,,,,,
"Topic Research
Chinese
Market Analysis",Topic Research,Chinese,Market Analysis,,,,,,,,,,,,,,,,,,,,,,,,,,,,,
"Dutch
English
Translation
Voice Acting
Proofreading
Voice-Over
Communications
Researcher",Dutch,English,Translation,Voice Acting,Proofreading,Voice-Over,Communications,Researcher,,,,,,,,,,,,,,,,,,,,,,,,
"SQL
Laravel
API
NodeJS Framework
Database",SQL,Laravel,API,NodeJS Framework,Database,,,,,,,,,,,,,,,,,,,,,,,,,,,
"Videography
Video Production
Video Editing
Cinematography",Videography,Video Production,Video Editing,Cinematography,,,,,,,,,,,,,,,,,,,,,,,,,,,,
"Website
Laravel",Website,Laravel,,,,,,,,,,,,,,,,,,,,,,,,,,,,,,
"Technical Manual
Turkish
English to Turkish Translation
English",Technical Manual,Turkish,English to Turkish Translation,English,,,,,,,,,,,,,,,,,,,,,,,,,,,,
"Web Design
MySQL
PHP
CSS
HTML
CS-Cart",Web Design,MySQL,PHP,CSS,HTML,CS-Cart,,,,,,,,,,,,,,,,,,,,,,,,,,
General Transcription,General Transcription,,,,,,,,,,,,,,,,,,,,,,,,,,,,,,,
"Facebook
Social Media Imagery
Graphic Design
Social Media Marketing",Facebook,Social Media Imagery,Graphic Design,Social Media Marketing,,,,,,,,,,,,,,,,,,,,,,,,,,,,
"Thai
Voice-Over
Voice Acting",Thai,Voice-Over,Voice Acting,,,,,,,,,,,,,,,,,,,,,,,,,,,,,
"Technical Manual
English
Italian
English to Italian Translation",Technical Manual,English,Italian,English to Italian Translation,,,,,,,,,,,,,,,,,,,,,,,,,,,,
"Transcription Timestamping
Audio Transcription
Legal Transcription
Live Transcription
Business Transcription
Academic Transcription
Medical Transcription
General Transcription
Typing",Transcription Timestamping,Audio Transcription,Legal Transcription,Live Transcription,Business Transcription,Academic Transcription,Medical Transcription,General Transcription,Typing,,,,,,,,,,,,,,,,,,,,,,,
"Mobile App Testing
Jira
Appium
Automated Testing
Test Automation Framework",Mobile App Testing,Jira,Appium,Automated Testing,Test Automation Framework,,,,,,,,,,,,,,,,,,,,,,,,,,,
"Mobile App Testing
Jira
Appium
Automated Testing
Test Automation Framework",Mobile App Testing,Jira,Appium,Automated Testing,Test Automation Framework,,,,,,,,,,,,,,,,,,,,,,,,,,,
"Data Entry
Virtual Assistant",Data Entry,Virtual Assistant,,,,,,,,,,,,,,,,,,,,,,,,,,,,,,
"Microsoft Excel
Spreadsheet Software
Macro Programming
Visual Basic for Applications",Microsoft Excel,Spreadsheet Software,Macro Programming,Visual Basic for Applications,,,,,,,,,,,,,,,,,,,,,,,,,,,,
"Flutter
Android
Android App Development
iOS Development
Mobile App Development",Flutter,Android,Android App Development,iOS Development,Mobile App Development,,,,,,,,,,,,,,,,,,,,,,,,,,,
"Documentation
Technical Manual
English
German
English to German Translation",Documentation,Technical Manual,English,German,English to German Translation,,,,,,,,,,,,,,,,,,,,,,,,,,,
"Engineering & Architecture
Customer Service
B2B Lead Generation
B2B Marketing
Autodesk AutoCAD
CAD
3D Printing",Engineering & Architecture,Customer Service,B2B Lead Generation,B2B Marketing,Autodesk AutoCAD,CAD,3D Printing,,,,,,,,,,,,,,,,,,,,,,,,,
"Cypress
End-to-End Testing
Web Testing
Automated Testing",Cypress,End-to-End Testing,Web Testing,Automated Testing,,,,,,,,,,,,,,,,,,,,,,,,,,,,
"Lead Generation
Data Entry
List Building
Lead Generation Analysis
Lead Generation Strategy
Data Cleansing
Social Media Lead Generation
Lead Nurturing
Email Marketing
Prospect List
Researcher
Data Scraping
B2B Marketing
Data Mining
Market Research
Communications",Lead Generation,Data Entry,List Building,Lead Generation Analysis,Lead Generation Strategy,Data Cleansing,Social Media Lead Generation,Lead Nurturing,Email Marketing,Prospect List,Researcher,Data Scraping,B2B Marketing,Data Mining,Market Research,Communications,,,,,,,,,,,,,,,,
"Inventory Management
Logistics Management
Supply Chain Modeling
Third-Party Logistics
Supply Chain & Logistics
Purchase Orders
Import Procedure
Task Coordination
Product Listings",Inventory Management,Logistics Management,Supply Chain Modeling,Third-Party Logistics,Supply Chain & Logistics,Purchase Orders,Import Procedure,Task Coordination,Product Listings,,,,,,,,,,,,,,,,,,,,,,,
"Mystery Shopping
Market Research
Customer Service
Researcher",Mystery Shopping,Market Research,Customer Service,Researcher,,,,,,,,,,,,,,,,,,,,,,,,,,,,
"Interior Design
3D Design
Residential Design
3D Rendering
Architectural Design",Interior Design,3D Design,Residential Design,3D Rendering,Architectural Design,,,,,,,,,,,,,,,,,,,,,,,,,,,
"Graphic Design
Adobe Illustrator
Canva
Adobe Photoshop
Instagram
Social Media Content Creation
Social Media Content
Social Media Management",Graphic Design,Adobe Illustrator,Canva,Adobe Photoshop,Instagram,Social Media Content Creation,Social Media Content,Social Media Management,,,,,,,,,,,,,,,,,,,,,,,,
"Computer Skills
Data Entry
Administrative Support
Accuracy Verification
Transaction Data Entry
Microsoft Excel
PDF Conversion
Typing
Spreadsheet Software
Google Docs",Computer Skills,Data Entry,Administrative Support,Accuracy Verification,Transaction Data Entry,Microsoft Excel,PDF Conversion,Typing,Spreadsheet Software,Google Docs,,,,,,,,,,,,,,,,,,,,,,
"Technical Manual
Product Documentation
English
French
Translation
English to French Translation",Technical Manual,Product Documentation,English,French,Translation,English to French Translation,,,,,,,,,,,,,,,,,,,,,,,,,,
"Accounts Receivable
Medical Billing & Coding
Accounts Receivable Management
Microsoft Excel",Accounts Receivable,Medical Billing & Coding,Accounts Receivable Management,Microsoft Excel,,,,,,,,,,,,,,,,,,,,,,,,,,,,
"Linux
Robotics
C++
Ubuntu",Linux,Robotics,C++,Ubuntu,,,,,,,,,,,,,,,,,,,,,,,,,,,,
"JavaScript
HTML
CSS
Ruby
Shopify
Shopify Templates
Web Development
TypeScript
Front-End Development",JavaScript,HTML,CSS,Ruby,Shopify,Shopify Templates,Web Development,TypeScript,Front-End Development,,,,,,,,,,,,,,,,,,,,,,,
"Landing Page
Ebook
Canva
Graphic Design
Social Media Imagery
Infographic
Brochure",Landing Page,Ebook,Canva,Graphic Design,Social Media Imagery,Infographic,Brochure,,,,,,,,,,,,,,,,,,,,,,,,,
"Technical Manual
English to Spanish Translation",Technical Manual,English to Spanish Translation,,,,,,,,,,,,,,,,,,,,,,,,,,,,,,
iOS,iOS,,,,,,,,,,,,,,,,,,,,,,,,,,,,,,,
Zoho CRM,Zoho CRM,,,,,,,,,,,,,,,,,,,,,,,,,,,,,,,
"WooCommerce
WordPress
CSS
HTML
JavaScript",WooCommerce,WordPress,CSS,HTML,JavaScript,,,,,,,,,,,,,,,,,,,,,,,,,,,
"Adobe Illustrator
Illustration
Adobe Photoshop
Graphic Design
Drawing
Cartoon Art
Sketch
Character Design
Freestyle Drawing
Concept Artistry",Adobe Illustrator,Illustration,Adobe Photoshop,Graphic Design,Drawing,Cartoon Art,Sketch,Character Design,Freestyle Drawing,Concept Artistry,,,,,,,,,,,,,,,,,,,,,,
"Data Analysis
Critical Thinking Skills",Data Analysis,Critical Thinking Skills,,,,,,,,,,,,,,,,,,,,,,,,,,,,,,
"General Transcription
Legal Transcription
Latin American Spanish Accent",General Transcription,Legal Transcription,Latin American Spanish Accent,,,,,,,,,,,,,,,,,,,,,,,,,,,,,
"3D Modeling
3D Design
Character Design
Autodesk Maya
Autodesk 3ds Max
3D Animation
Pixologic Zbrush
Blender
3D Rendering",3D Modeling,3D Design,Character Design,Autodesk Maya,Autodesk 3ds Max,3D Animation,Pixologic Zbrush,Blender,3D Rendering,,,,,,,,,,,,,,,,,,,,,,,
"Flutter Developer
Android
iOS
Mobile App Development",Flutter Developer,Android,iOS,Mobile App Development,,,,,,,,,,,,,,,,,,,,,,,,,,,,
"Market Analysis
Researcher
Market Research",Market Analysis,Researcher,Market Research,,,,,,,,,,,,,,,,,,,,,,,,,,,,,
"Accounting
Financial Accounting
Account Reconciliation
Bookkeeping
Balance Sheet",Accounting,Financial Accounting,Account Reconciliation,Bookkeeping,Balance Sheet,,,,,,,,,,,,,,,,,,,,,,,,,,,
"Male
US English Dialect
Voice-Over
Voice Acting
Audio Editing
Middle-Aged Adult
Young Adult
Audio Production
Narration",Male,US English Dialect,Voice-Over,Voice Acting,Audio Editing,Middle-Aged Adult,Young Adult,Audio Production,Narration,,,,,,,,,,,,,,,,,,,,,,,
"Accounting
Financial Accounting
Account Reconciliation
Bookkeeping
Balance Sheet",Accounting,Financial Accounting,Account Reconciliation,Bookkeeping,Balance Sheet,,,,,,,,,,,,,,,,,,,,,,,,,,,
"Male
US English Dialect
Voice-Over
Voice Acting
Audio Editing
Middle-Aged Adult
Young Adult
Audio Production
Narration",Male,US English Dialect,Voice-Over,Voice Acting,Audio Editing,Middle-Aged Adult,Young Adult,Audio Production,Narration,,,,,,,,,,,,,,,,,,,,,,,
"Recruiting
Human Resource Management
Candidate Interviewing
Candidate Sourcing
Resume Screening
Staff Recruitment & Management
Communications",Recruiting,Human Resource Management,Candidate Interviewing,Candidate Sourcing,Resume Screening,Staff Recruitment & Management,Communications,,,,,,,,,,,,,,,,,,,,,,,,,
Usability Tester,Usability Tester,,,,,,,,,,,,,,,,,,,,,,,,,,,,,,,
"Mystery Shopping
Market Research
Customer Service
Researcher",Mystery Shopping,Market Research,Customer Service,Researcher,,,,,,,,,,,,,,,,,,,,,,,,,,,,
"Computer Science
Artificial Intelligence
Prolog",Computer Science,Artificial Intelligence,Prolog,,,,,,,,,,,,,,,,,,,,,,,,,,,,,
"Translation
English",Translation,English,,,,,,,,,,,,,,,,,,,,,,,,,,,,,,
"English
US English Dialect
British English Accent
Voice Acting",English,US English Dialect,British English Accent,Voice Acting,,,,,,,,,,,,,,,,,,,,,,,,,,,,
SMPP,SMPP,,,,,,,,,,,,,,,,,,,,,,,,,,,,,,,
,,,,,,,,,,,,,,,,,,,,,,,,,,,,,,,,
"Creative Writing
Screenwriting
Copywriting
Researcher
Content Writing
Blog Writing
Article Writing
Article
Writing
English",Creative Writing,Screenwriting,Copywriting,Researcher,Content Writing,Blog Writing,Article Writing,Article,Writing,English,,,,,,,,,,,,,,,,,,,,,,
"Consecutive Interpreting
Live Interpretation
English
Chinese
Translation",Consecutive Interpreting,Live Interpretation,English,Chinese,Translation,,,,,,,,,,,,,,,,,,,,,,,,,,,
"Printable File
3D Mockup
Source File
Vector File Format
Minimalist
Logo Design
Graphic Design",Printable File,3D Mockup,Source File,Vector File Format,Minimalist,Logo Design,Graphic Design,,,,,,,,,,,,,,,,,,,,,,,,,
"Microsoft Dynamics 365
ERP Software
Finance & Law
Cloud Implementation",Microsoft Dynamics 365,ERP Software,Finance & Law,Cloud Implementation,,,,,,,,,,,,,,,,,,,,,,,,,,,,
"English
French
Customer Service",English,French,Customer Service,,,,,,,,,,,,,,,,,,,,,,,,,,,,,
"3D Rendering
Photorealistic Rendering
3D Product Rendering
3D Design
3D Modeling",3D Rendering,Photorealistic Rendering,3D Product Rendering,3D Design,3D Modeling,,,,,,,,,,,,,,,,,,,,,,,,,,,
"Facebook
Social Media Marketing
Facebook Advertising
Retargeting
Social Media Advertising
Instagram",Facebook,Social Media Marketing,Facebook Advertising,Retargeting,Social Media Advertising,Instagram,,,,,,,,,,,,,,,,,,,,,,,,,,
Facebook,Facebook,,,,,,,,,,,,,,,,,,,,,,,,,,,,,,,
"Automation
Robotic Process Automation
Machine Learning
Video Camera
Mechanical Engineering
Artificial Intelligence",Automation,Robotic Process Automation,Machine Learning,Video Camera,Mechanical Engineering,Artificial Intelligence,,,,,,,,,,,,,,,,,,,,,,,,,,
"Welsh
General Transcription
Audio Transcription
Transcription Timestamping
English to Welsh Translation",Welsh,General Transcription,Audio Transcription,Transcription Timestamping,English to Welsh Translation,,,,,,,,,,,,,,,,,,,,,,,,,,,
English,English,,,,,,,,,,,,,,,,,,,,,,,,,,,,,,,
Marketing Strategy,Marketing Strategy,,,,,,,,,,,,,,,,,,,,,,,,,,,,,,,
"Blog Content
Content Writing
SEO Writing
Article Writing
Search Engine Optimization
English
Website Content
Retail & Consumer Goods",Blog Content,Content Writing,SEO Writing,Article Writing,Search Engine Optimization,English,Website Content,Retail & Consumer Goods,,,,,,,,,,,,,,,,,,,,,,,,
"Video Commercial
Video Editing
Video Production
Video Post-Editing
Explainer Video",Video Commercial,Video Editing,Video Production,Video Post-Editing,Explainer Video,,,,,,,,,,,,,,,,,,,,,,,,,,,
"Native
Translation
English
Swedish",Native,Translation,English,Swedish,,,,,,,,,,,,,,,,,,,,,,,,,,,,
Flutter,Flutter,,,,,,,,,,,,,,,,,,,,,,,,,,,,,,,
"Social Media Marketing
Instagram
Influencer Marketing",Social Media Marketing,Instagram,Influencer Marketing,,,,,,,,,,,,,,,,,,,,,,,,,,,,,
"Buying
Sourcing
Partnership Development
Market Research",Buying,Sourcing,Partnership Development,Market Research,,,,,,,,,,,,,,,,,,,,,,,,,,,,
"R
Statistics
Data Analysis
Quantitative Analysis
Data Science
Data Visualization",R,Statistics,Data Analysis,Quantitative Analysis,Data Science,Data Visualization,,,,,,,,,,,,,,,,,,,,,,,,,,
"Python
Back-End Development
SMS
SMS Gateway",Python,Back-End Development,SMS,SMS Gateway,,,,,,,,,,,,,,,,,,,,,,,,,,,,
"Flutter
Android
iOS",Flutter,Android,iOS,,,,,,,,,,,,,,,,,,,,,,,,,,,,,
"Product Photography
Photo Editing
Photography
Video Production
Videography
Video Editing",Product Photography,Photo Editing,Photography,Video Production,Videography,Video Editing,,,,,,,,,,,,,,,,,,,,,,,,,,
"Social Media Marketing Strategy
Marketing Strategy
Social Media Management
YouTube
YouTube Marketing
Influencer Marketing
Social Media Marketing
Internet Marketing
Facebook
Instagram",Social Media Marketing Strategy,Marketing Strategy,Social Media Management,YouTube,YouTube Marketing,Influencer Marketing,Social Media Marketing,Internet Marketing,Facebook,Instagram,,,,,,,,,,,,,,,,,,,,,,
"Java
SQLite
Android
Android App Development",Java,SQLite,Android,Android App Development,,,,,,,,,,,,,,,,,,,,,,,,,,,,
"Kubernetes
Git
Deployment Automation
DevOps
Private Cloud",Kubernetes,Git,Deployment Automation,DevOps,Private Cloud,,,,,,,,,,,,,,,,,,,,,,,,,,,
"SQLite
User Authentication
Location-Based Service
Camera
In-App Search
Offline Functionality
API Integration
QR & Barcode Scanner
Chat & Messaging Software
Flutter
Android
Mobile App Development",SQLite,User Authentication,Location-Based Service,Camera,In-App Search,Offline Functionality,API Integration,QR & Barcode Scanner,Chat & Messaging Software,Flutter,Android,Mobile App Development,,,,,,,,,,,,,,,,,,,,
"Virtual Assistant
Data Entry",Virtual Assistant,Data Entry,,,,,,,,,,,,,,,,,,,,,,,,,,,,,,
"Video Editing
Adobe Premiere Pro
Adobe After Effects",Video Editing,Adobe Premiere Pro,Adobe After Effects,,,,,,,,,,,,,,,,,,,,,,,,,,,,,
"Translation
Italian
German
English
French
Castilian Spanish",Translation,Italian,German,English,French,Castilian Spanish,,,,,,,,,,,,,,,,,,,,,,,,,,
"Brand Research
Consumer Research
Online Research
Data Processing
Ethnographies
Market Research Interview
Market Analysis
Market Research
Company Research
English
Portuguese
Marketing Analytics
Business Services
Manufacturing & Construction
Sales & Marketing",Brand Research,Consumer Research,Online Research,Data Processing,Ethnographies,Market Research Interview,Market Analysis,Market Research,Company Research,English,Portuguese,Marketing Analytics,Business Services,Manufacturing & Construction,Sales & Marketing,,,,,,,,,,,,,,,,,
"Legal Research
Legal Writing
Draft Documentation
Paralegal
File Documentation
Legal Assistance",Legal Research,Legal Writing,Draft Documentation,Paralegal,File Documentation,Legal Assistance,,,,,,,,,,,,,,,,,,,,,,,,,,
"Qualitative Research
English
Article
Article Writing
Blog Content
Kubernetes",Qualitative Research,English,Article,Article Writing,Blog Content,Kubernetes,,,,,,,,,,,,,,,,,,,,,,,,,,
"Flutter Developer
Flutter
Android
iOS
Mobile App Development
Android App Development",Flutter Developer,Flutter,Android,iOS,Mobile App Development,Android App Development,,,,,,,,,,,,,,,,,,,,,,,,,,
"Vue.js
JavaScript
CSS
HTML",Vue.js,JavaScript,CSS,HTML,,,,,,,,,,,,,,,,,,,,,,,,,,,,
"Romanian
Czech
Translation
Documentation
Romanian to English Translation
English to Czech Translation
English to Romanian Translation
Czech to English Translation",Romanian,Czech,Translation,Documentation,Romanian to English Translation,English to Czech Translation,English to Romanian Translation,Czech to English Translation,,,,,,,,,,,,,,,,,,,,,,,,
"Sales & Marketing
Marketing Strategy
Lead Generation
Social Media Marketing",Sales & Marketing,Marketing Strategy,Lead Generation,Social Media Marketing,,,,,,,,,,,,,,,,,,,,,,,,,,,,
"Thai
Thai to English Translation
English to Thai Translation
Proofreading
Translation",Thai,Thai to English Translation,English to Thai Translation,Proofreading,Translation,,,,,,,,,,,,,,,,,,,,,,,,,,,
"Hybrid App Development
Ionic Framework
Angular
Node.js
AngularJS
Mobile App Development
Camera",Hybrid App Development,Ionic Framework,Angular,Node.js,AngularJS,Mobile App Development,Camera,,,,,,,,,,,,,,,,,,,,,,,,,
"Translation
English to Japanese Translation
Japanese
English
Documentation
Proofreading
Japanese to English Translation",Translation,English to Japanese Translation,Japanese,English,Documentation,Proofreading,Japanese to English Translation,,,,,,,,,,,,,,,,,,,,,,,,,
"Lead Generation Content Creation
Lead Generation
Researcher
Email Marketing
Sales
Market Research
Marketing Strategy
Data Entry
List Building
Prospect List",Lead Generation Content Creation,Lead Generation,Researcher,Email Marketing,Sales,Market Research,Marketing Strategy,Data Entry,List Building,Prospect List,,,,,,,,,,,,,,,,,,,,,,
"Kubernetes
Infrastructure Management",Kubernetes,Infrastructure Management,,,,,,,,,,,,,,,,,,,,,,,,,,,,,,
"Content Writing
Copywriting
US English Dialect
English
Researcher
Article Writing
Proofreading
Creative Writing
Article
Writing",Content Writing,Copywriting,US English Dialect,English,Researcher,Article Writing,Proofreading,Creative Writing,Article,Writing,,,,,,,,,,,,,,,,,,,,,,
"DevOps
Node.js
Amazon Web Services
AngularJS
Angular
CI/CD
Docker",DevOps,Node.js,Amazon Web Services,AngularJS,Angular,CI/CD,Docker,,,,,,,,,,,,,,,,,,,,,,,,,
"Logo Design
Graphic Design
Adobe Illustrator
Adobe Photoshop",Logo Design,Graphic Design,Adobe Illustrator,Adobe Photoshop,,,,,,,,,,,,,,,,,,,,,,,,,,,,
"Client Management
English
French
Communications
Project Management
Project Plans",Client Management,English,French,Communications,Project Management,Project Plans,,,,,,,,,,,,,,,,,,,,,,,,,,
"Graphic Design
Banner Ad Design
Adobe Photoshop
Adobe Illustrator
Infographic
Social Media Imagery
Contemporary Style
Brand Identity & Guidelines
Adobe InDesign
Minimalist",Graphic Design,Banner Ad Design,Adobe Photoshop,Adobe Illustrator,Infographic,Social Media Imagery,Contemporary Style,Brand Identity & Guidelines,Adobe InDesign,Minimalist,,,,,,,,,,,,,,,,,,,,,,
"Computer Skills
Problem Solving
Typing
CRM Software
Microsoft Word
Microsoft Office
Data Entry
Microsoft Excel
Product Listings",Computer Skills,Problem Solving,Typing,CRM Software,Microsoft Word,Microsoft Office,Data Entry,Microsoft Excel,Product Listings,,,,,,,,,,,,,,,,,,,,,,,
"Internet Researcher
Business Researcher
Data Entry
Researcher
Microsoft Excel
Company Research
Virtual Assistant
Contact List
Accuracy Verification
Data Mining",Internet Researcher,Business Researcher,Data Entry,Researcher,Microsoft Excel,Company Research,Virtual Assistant,Contact List,Accuracy Verification,Data Mining,,,,,,,,,,,,,,,,,,,,,,
"Java
Game Development
Data Structure
Object-Oriented Programming
Game Design",Java,Game Development,Data Structure,Object-Oriented Programming,Game Design,,,,,,,,,,,,,,,,,,,,,,,,,,,
"PDF
Adobe Photoshop",PDF,Adobe Photoshop,,,,,,,,,,,,,,,,,,,,,,,,,,,,,,
"Male
US English Dialect
Audio Editing
Acting
Adobe Illustrator
Middle-Aged Adult
Female
English",Male,US English Dialect,Audio Editing,Acting,Adobe Illustrator,Middle-Aged Adult,Female,English,,,,,,,,,,,,,,,,,,,,,,,,
"JPG
PDF
Adobe Photoshop
Image Editing
Photo Editing
Graphic Design
Photo Retouching
Portrait Art",JPG,PDF,Adobe Photoshop,Image Editing,Photo Editing,Graphic Design,Photo Retouching,Portrait Art,,,,,,,,,,,,,,,,,,,,,,,,
"SEO Keyword Research
Organic Traffic Growth
On-Page SEO",SEO Keyword Research,Organic Traffic Growth,On-Page SEO,,,,,,,,,,,,,,,,,,,,,,,,,,,,,
"UX & UI
Graphic Design",UX & UI,Graphic Design,,,,,,,,,,,,,,,,,,,,,,,,,,,,,,
"Customer Service
Customer Support
PayPal
Order Tracking
Email Support
Online Chat Support",Customer Service,Customer Support,PayPal,Order Tracking,Email Support,Online Chat Support,,,,,,,,,,,,,,,,,,,,,,,,,,
"Google Display Network
Pay Per Click Advertising
Campaign Reporting
Campaign Optimization
Google Ads
Display Ad
Marketing Audit
Retargeting
Programmatic Campaign",Google Display Network,Pay Per Click Advertising,Campaign Reporting,Campaign Optimization,Google Ads,Display Ad,Marketing Audit,Retargeting,Programmatic Campaign,,,,,,,,,,,,,,,,,,,,,,,
"Computer Network
Network Administration
Network Security",Computer Network,Network Administration,Network Security,,,,,,,,,,,,,,,,,,,,,,,,,,,,,
"Web Application
Custom PHP
Web Development
WordPress
JavaScript
CSS
PHP
HTML5
CSS 3",Web Application,Custom PHP,Web Development,WordPress,JavaScript,CSS,PHP,HTML5,CSS 3,,,,,,,,,,,,,,,,,,,,,,,
"Fluent
Native
Conversational
English
English Tutoring
US English Dialect
Teaching English
ESL Teaching
Proofreading",Fluent,Native,Conversational,English,English Tutoring,US English Dialect,Teaching English,ESL Teaching,Proofreading,,,,,,,,,,,,,,,,,,,,,,,
"Editing & Proofreading
Technical Documentation
English
Software
Help System
IT
RoboHelp
Technical Writing
Content Creation
Content Creation Software",Editing & Proofreading,Technical Documentation,English,Software,Help System,IT,RoboHelp,Technical Writing,Content Creation,Content Creation Software,,,,,,,,,,,,,,,,,,,,,,
"Web Application
Custom PHP
Web Development
WordPress
JavaScript
CSS
PHP
HTML5
CSS 3",Web Application,Custom PHP,Web Development,WordPress,JavaScript,CSS,PHP,HTML5,CSS 3,,,,,,,,,,,,,,,,,,,,,,,
"Fluent
Native
Conversational
English
English Tutoring
US English Dialect
Teaching English
ESL Teaching
Proofreading",Fluent,Native,Conversational,English,English Tutoring,US English Dialect,Teaching English,ESL Teaching,Proofreading,,,,,,,,,,,,,,,,,,,,,,,
"Editing & Proofreading
Technical Documentation
English
Software
Help System
IT
RoboHelp
Technical Writing
Content Creation
Content Creation Software",Editing & Proofreading,Technical Documentation,English,Software,Help System,IT,RoboHelp,Technical Writing,Content Creation,Content Creation Software,,,,,,,,,,,,,,,,,,,,,,
"Computer Network
Network Administration
Linux",Computer Network,Network Administration,Linux,,,,,,,,,,,,,,,,,,,,,,,,,,,,,
"Proofreading
Editor
Error Detection
English",Proofreading,Editor,Error Detection,English,,,,,,,,,,,,,,,,,,,,,,,,,,,,
"Voice Recording
Male
Female
German",Voice Recording,Male,Female,German,,,,,,,,,,,,,,,,,,,,,,,,,,,,
"Google Tag Manager
Google Analytics",Google Tag Manager,Google Analytics,,,,,,,,,,,,,,,,,,,,,,,,,,,,,,
"Facebook
Copywriting
Lead Generation
Content Writing
Instagram
Social Media Marketing
Internet Marketing
Social Media Content",Facebook,Copywriting,Lead Generation,Content Writing,Instagram,Social Media Marketing,Internet Marketing,Social Media Content,,,,,,,,,,,,,,,,,,,,,,,,
"Online Instruction
Tax Law Compliance
Compliance
Compliance Training",Online Instruction,Tax Law Compliance,Compliance,Compliance Training,,,,,,,,,,,,,,,,,,,,,,,,,,,,
"Lead Generation
Market Research",Lead Generation,Market Research,,,,,,,,,,,,,,,,,,,,,,,,,,,,,,
"Lead Generation
Market Research",Lead Generation,Market Research,,,,,,,,,,,,,,,,,,,,,,,,,,,,,,
"Microsoft Azure
Amazon EC2
Amazon Web Services
Linux System Administration",Microsoft Azure,Amazon EC2,Amazon Web Services,Linux System Administration,,,,,,,,,,,,,,,,,,,,,,,,,,,,
"Adobe Photoshop
Graphic Design
Adobe Illustrator
Social Media Imagery",Adobe Photoshop,Graphic Design,Adobe Illustrator,Social Media Imagery,,,,,,,,,,,,,,,,,,,,,,,,,,,,
"Email Campaign Setup
Email Marketing
Mailchimp
Email Template Development
Campaign Monitor
Audience Segmentation & Targeting
Campaign Management
Marketing Campaign Setup & Implementation",Email Campaign Setup,Email Marketing,Mailchimp,Email Template Development,Campaign Monitor,Audience Segmentation & Targeting,Campaign Management,Marketing Campaign Setup & Implementation,,,,,,,,,,,,,,,,,,,,,,,,
"Graphic Design
3D Design
Motion Graphics
Logo Design
Logo Animation",Graphic Design,3D Design,Motion Graphics,Logo Design,Logo Animation,,,,,,,,,,,,,,,,,,,,,,,,,,,
"Resume Writing
Cover Letter Writing
Resume",Resume Writing,Cover Letter Writing,Resume,,,,,,,,,,,,,,,,,,,,,,,,,,,,,
"2D Design
Landscape Design
Autodesk AutoCAD
Landscaping
Graphic Design",2D Design,Landscape Design,Autodesk AutoCAD,Landscaping,Graphic Design,,,,,,,,,,,,,,,,,,,,,,,,,,,
"Voice Acting
Voice-Over
Audio Production
Audio Recording
Audio Editing",Voice Acting,Voice-Over,Audio Production,Audio Recording,Audio Editing,,,,,,,,,,,,,,,,,,,,,,,,,,,
"Web Design
Landing Page",Web Design,Landing Page,,,,,,,,,,,,,,,,,,,,,,,,,,,,,,
"Facebook
Marketing Strategy
Social Media Marketing
Campaign Management
Campaign Optimization
Instagram
Retargeting
Lead Generation
Internet Marketing",Facebook,Marketing Strategy,Social Media Marketing,Campaign Management,Campaign Optimization,Instagram,Retargeting,Lead Generation,Internet Marketing,,,,,,,,,,,,,,,,,,,,,,,
"Affiliate Marketing
Internet Marketing
Marketing Strategy
Campaign Management
Lead Generation
Campaign Optimization
Sales
Social Media Marketing
Advertising Networks
Sales & Marketing",Affiliate Marketing,Internet Marketing,Marketing Strategy,Campaign Management,Lead Generation,Campaign Optimization,Sales,Social Media Marketing,Advertising Networks,Sales & Marketing,,,,,,,,,,,,,,,,,,,,,,
"Customer Experience Research
Report Writing
English
Data Entry
Researcher",Customer Experience Research,Report Writing,English,Data Entry,Researcher,,,,,,,,,,,,,,,,,,,,,,,,,,,
"Communications
Event Management
Social Media Marketing
Project Management
Critical Thinking Skills",Communications,Event Management,Social Media Marketing,Project Management,Critical Thinking Skills,,,,,,,,,,,,,,,,,,,,,,,,,,,
"API
Web Scraping",API,Web Scraping,,,,,,,,,,,,,,,,,,,,,,,,,,,,,,
"React
HTML
CSS
Redux
Web Development",React,HTML,CSS,Redux,Web Development,,,,,,,,,,,,,,,,,,,,,,,,,,,
"Internet Marketing
Social Media Content
Campaign Management",Internet Marketing,Social Media Content,Campaign Management,,,,,,,,,,,,,,,,,,,,,,,,,,,,,
"Social Media Marketing
Marketing Strategy
Content Writing
Internet Marketing
Search Engine Optimization
Social Media Content
Campaign Management",Social Media Marketing,Marketing Strategy,Content Writing,Internet Marketing,Search Engine Optimization,Social Media Content,Campaign Management,,,,,,,,,,,,,,,,,,,,,,,,,
"Instagram
Social Media Marketing
Social Media Management
Content Writing
Graphic Design
Marketing Strategy
Social Media Content
Social Media Advertising",Instagram,Social Media Marketing,Social Media Management,Content Writing,Graphic Design,Marketing Strategy,Social Media Content,Social Media Advertising,,,,,,,,,,,,,,,,,,,,,,,,
"Google Ads
Facebook
Search Engine Marketing
Campaign Management
Facebook Ad Campaign
Instagram Ad Campaign",Google Ads,Facebook,Search Engine Marketing,Campaign Management,Facebook Ad Campaign,Instagram Ad Campaign,,,,,,,,,,,,,,,,,,,,,,,,,,
"MySQL
MariaDB
SQL
PHP",MySQL,MariaDB,SQL,PHP,,,,,,,,,,,,,,,,,,,,,,,,,,,,
"Shopify
Shopify Apps
App Development",Shopify,Shopify Apps,App Development,,,,,,,,,,,,,,,,,,,,,,,,,,,,,
"Virtual Reality
C#
Unity
3D Modeling
VR Application
Microsoft HoloLens
Altspace",Virtual Reality,C#,Unity,3D Modeling,VR Application,Microsoft HoloLens,Altspace,,,,,,,,,,,,,,,,,,,,,,,,,
"Graphic Design
Adobe Illustrator
Adobe Photoshop
Social Media Imagery
Web Design
Adobe InDesign",Graphic Design,Adobe Illustrator,Adobe Photoshop,Social Media Imagery,Web Design,Adobe InDesign,,,,,,,,,,,,,,,,,,,,,,,,,,
"Blender
3D Animation
Animation
Unreal Engine
3D Modeling",Blender,3D Animation,Animation,Unreal Engine,3D Modeling,,,,,,,,,,,,,,,,,,,,,,,,,,,
"Clothing
Adobe Illustrator
Adobe After Effects
Adobe XD
Adobe Photoshop
Freestyle Drawing
Graphic Design
Illustration
Character Design
Concept Artistry",Clothing,Adobe Illustrator,Adobe After Effects,Adobe XD,Adobe Photoshop,Freestyle Drawing,Graphic Design,Illustration,Character Design,Concept Artistry,,,,,,,,,,,,,,,,,,,,,,
"React
CSS
HTML
JavaScript
Python
Flask
API
HTML5
Web Development
Web Application",React,CSS,HTML,JavaScript,Python,Flask,API,HTML5,Web Development,Web Application,,,,,,,,,,,,,,,,,,,,,,
"Technical SEO
Quality Assurance
HubSpot",Technical SEO,Quality Assurance,HubSpot,,,,,,,,,,,,,,,,,,,,,,,,,,,,,
"Content SEO
SEO Strategy
SEO Keyword Research
Google Analytics
Search Engine Optimization
Marketing Audit
SEO Backlinking
Google Ads
On-Page SEO",Content SEO,SEO Strategy,SEO Keyword Research,Google Analytics,Search Engine Optimization,Marketing Audit,SEO Backlinking,Google Ads,On-Page SEO,,,,,,,,,,,,,,,,,,,,,,,
"Flutter
Game Development
Game Design
Mobile Game
Android",Flutter,Game Development,Game Design,Mobile Game,Android,,,,,,,,,,,,,,,,,,,,,,,,,,,
ESP32,ESP32,,,,,,,,,,,,,,,,,,,,,,,,,,,,,,,
"WordPress
Web Design
PHP
Web Development
Facebook Pixel Setup & Optimization",WordPress,Web Design,PHP,Web Development,Facebook Pixel Setup & Optimization,,,,,,,,,,,,,,,,,,,,,,,,,,,
"OpenCV
Computer Vision
C++",OpenCV,Computer Vision,C++,,,,,,,,,,,,,,,,,,,,,,,,,,,,,
"In-App Purchases
TypeScript
Firebase Cloud Firestore
React Native
Firebase
Redux
Tablet",In-App Purchases,TypeScript,Firebase Cloud Firestore,React Native,Firebase,Redux,Tablet,,,,,,,,,,,,,,,,,,,,,,,,,
"Facebook
Facebook Advertising
Social Media Advertising",Facebook,Facebook Advertising,Social Media Advertising,,,,,,,,,,,,,,,,,,,,,,,,,,,,,
"Proofreading
WordPress
Slack
Trello
Basecamp
Marketing
Communications
Time Management
Project Timelines
Virtual Assistant
Task Coordination
Status Reports",Proofreading,WordPress,Slack,Trello,Basecamp,Marketing,Communications,Time Management,Project Timelines,Virtual Assistant,Task Coordination,Status Reports,,,,,,,,,,,,,,,,,,,,
"Whiteboard Animation
Animation
Video Production
Explainer Video
Flipbook Animation",Whiteboard Animation,Animation,Video Production,Explainer Video,Flipbook Animation,,,,,,,,,,,,,,,,,,,,,,,,,,,
"Sales Writing
Outreach Email Copywriting
Email Copywriting
Persuasive Writing
Copywriting
Content Writing
Email Communication",Sales Writing,Outreach Email Copywriting,Email Copywriting,Persuasive Writing,Copywriting,Content Writing,Email Communication,,,,,,,,,,,,,,,,,,,,,,,,,
"API Integration
Scripting
Visual Basic for Applications
Microsoft Excel
Automation
API
Python
JavaScript",API Integration,Scripting,Visual Basic for Applications,Microsoft Excel,Automation,API,Python,JavaScript,,,,,,,,,,,,,,,,,,,,,,,,
"General Transcription
Hindi
Indian English Dialect",General Transcription,Hindi,Indian English Dialect,,,,,,,,,,,,,,,,,,,,,,,,,,,,,
"Social Media Marketing
Acting",Social Media Marketing,Acting,,,,,,,,,,,,,,,,,,,,,,,,,,,,,,
"Social Media Marketing
Acting",Social Media Marketing,Acting,,,,,,,,,,,,,,,,,,,,,,,,,,,,,,
"Video Commercial
Documentary
Testimonial Video
Explainer Video
Content Writing
Creative Writing
Scriptwriting
Scripting
Copywriting
Script",Video Commercial,Documentary,Testimonial Video,Explainer Video,Content Writing,Creative Writing,Scriptwriting,Scripting,Copywriting,Script,,,,,,,,,,,,,,,,,,,,,,
"Pinterest
Facebook
Instagram
Social Media Marketing
Social Media Management
Social Media Advertising
Facebook Advertising",Pinterest,Facebook,Instagram,Social Media Marketing,Social Media Management,Social Media Advertising,Facebook Advertising,,,,,,,,,,,,,,,,,,,,,,,,,
"Initial Coin Offering
Blockchain
Blockchain Architecture
Cryptocurrency",Initial Coin Offering,Blockchain,Blockchain Architecture,Cryptocurrency,,,,,,,,,,,,,,,,,,,,,,,,,,,,
"CSS
HTML
Bootstrap",CSS,HTML,Bootstrap,,,,,,,,,,,,,,,,,,,,,,,,,,,,,
"Mobile App Development
Java
Smartphone
JavaScript
PHP
Firebase
React Native
iOS Development
React
Android",Mobile App Development,Java,Smartphone,JavaScript,PHP,Firebase,React Native,iOS Development,React,Android,,,,,,,,,,,,,,,,,,,,,,
"Search Engine Optimization
Content Writing
Blog Content
Article Writing
Financial Writing
English",Search Engine Optimization,Content Writing,Blog Content,Article Writing,Financial Writing,English,,,,,,,,,,,,,,,,,,,,,,,,,,
"Video Production
Video Post-Editing
Product Photography
Video Shoot",Video Production,Video Post-Editing,Product Photography,Video Shoot,,,,,,,,,,,,,,,,,,,,,,,,,,,,
"English to Italian Translation
Translation",English to Italian Translation,Translation,,,,,,,,,,,,,,,,,,,,,,,,,,,,,,
"English
Creative Writing
Scriptwriting
Explainer Video",English,Creative Writing,Scriptwriting,Explainer Video,,,,,,,,,,,,,,,,,,,,,,,,,,,,
"English to Italian Translation
Translation",English to Italian Translation,Translation,,,,,,,,,,,,,,,,,,,,,,,,,,,,,,
"English
Creative Writing
Scriptwriting
Explainer Video",English,Creative Writing,Scriptwriting,Explainer Video,,,,,,,,,,,,,,,,,,,,,,,,,,,,
"Yii
Custom PHP
API Integration
Web Application
Ecommerce Website
PHP
Full-Stack Development",Yii,Custom PHP,API Integration,Web Application,Ecommerce Website,PHP,Full-Stack Development,,,,,,,,,,,,,,,,,,,,,,,,,
"On-Page SEO
Content Writing
Search Engine Optimization
SEO Keyword Research
Article Writing
Blog Writing
SEO Writing
Copywriting
Writing",On-Page SEO,Content Writing,Search Engine Optimization,SEO Keyword Research,Article Writing,Blog Writing,SEO Writing,Copywriting,Writing,,,,,,,,,,,,,,,,,,,,,,,
"Lead Generation
Sales
Virtual Assistant
Data Entry",Lead Generation,Sales,Virtual Assistant,Data Entry,,,,,,,,,,,,,,,,,,,,,,,,,,,,
"Article Writing
Article
English
Researcher
Search Engine Optimization",Article Writing,Article,English,Researcher,Search Engine Optimization,,,,,,,,,,,,,,,,,,,,,,,,,,,
"React
HTML5
CSS 3
Web Development",React,HTML5,CSS 3,Web Development,,,,,,,,,,,,,,,,,,,,,,,,,,,,
"React
HTML5
CSS 3
Web Development",React,HTML5,CSS 3,Web Development,,,,,,,,,,,,,,,,,,,,,,,,,,,,
"Database Development
Python
PostgreSQL
Business with 1-9 Employees
API Integration
React
Node.js
Database Architecture",Database Development,Python,PostgreSQL,Business with 1-9 Employees,API Integration,React,Node.js,Database Architecture,,,,,,,,,,,,,,,,,,,,,,,,
"Automation
Data Extraction
Scripting
Selenium
Business with 1-9 Employees
Python
Telegram API
Data Scraping
Scraper
Scrapy",Automation,Data Extraction,Scripting,Selenium,Business with 1-9 Employees,Python,Telegram API,Data Scraping,Scraper,Scrapy,,,,,,,,,,,,,,,,,,,,,,
"WordPress
Web Development
CSS",WordPress,Web Development,CSS,,,,,,,,,,,,,,,,,,,,,,,,,,,,,
"Off-Page SEO
SEO Backlinking
Digital Marketing",Off-Page SEO,SEO Backlinking,Digital Marketing,,,,,,,,,,,,,,,,,,,,,,,,,,,,,
Researcher,Researcher,,,,,,,,,,,,,,,,,,,,,,,,,,,,,,,
"Deep Learning
Data Science
Feature Extraction
Cluster Computing
Machine Learning Model
Machine Learning
Natural Language Processing
Python
Artificial Intelligence",Deep Learning,Data Science,Feature Extraction,Cluster Computing,Machine Learning Model,Machine Learning,Natural Language Processing,Python,Artificial Intelligence,,,,,,,,,,,,,,,,,,,,,,,
"Artificial Intelligence
Machine Learning
AI
Videography
Video Camera
Female
Male",Artificial Intelligence,Machine Learning,AI,Videography,Video Camera,Female,Male,,,,,,,,,,,,,,,,,,,,,,,,,
"2D Art
Print Design",2D Art,Print Design,,,,,,,,,,,,,,,,,,,,,,,,,,,,,,
"Microsoft SharePoint Administration
Microsoft SharePoint Development
Windows Server
Microsoft Office SharePoint Server",Microsoft SharePoint Administration,Microsoft SharePoint Development,Windows Server,Microsoft Office SharePoint Server,,,,,,,,,,,,,,,,,,,,,,,,,,,,
"Eagle
Electrical Engineering
PCB Design
Electronic Design
Electronics",Eagle,Electrical Engineering,PCB Design,Electronic Design,Electronics,,,,,,,,,,,,,,,,,,,,,,,,,,,
"Swift
Technical Writing
iOS Development",Swift,Technical Writing,iOS Development,,,,,,,,,,,,,,,,,,,,,,,,,,,,,
"Ghostwriting
Ebook Writing
Creative Writing
Researcher
English
Book Writing
Editor",Ghostwriting,Ebook Writing,Creative Writing,Researcher,English,Book Writing,Editor,,,,,,,,,,,,,,,,,,,,,,,,,
"WeChat
API Integration
API
PHP
Python",WeChat,API Integration,API,PHP,Python,,,,,,,,,,,,,,,,,,,,,,,,,,,
"Blog Content
Content Writing
Article Writing
English
Blog Writing
SEO Writing",Blog Content,Content Writing,Article Writing,English,Blog Writing,SEO Writing,,,,,,,,,,,,,,,,,,,,,,,,,,
"Content Writing
Copywriting
English
Creative Writing
Social Media Content
Writing",Content Writing,Copywriting,English,Creative Writing,Social Media Content,Writing,,,,,,,,,,,,,,,,,,,,,,,,,,
"Data Extraction
Beautiful Soup
Python-Goose
Scrapy
Python
Data Scraping",Data Extraction,Beautiful Soup,Python-Goose,Scrapy,Python,Data Scraping,,,,,,,,,,,,,,,,,,,,,,,,,,
"FPGA
Verilog
Embedded System
Embedded C
Microcontroller Programming
VHDL",FPGA,Verilog,Embedded System,Embedded C,Microcontroller Programming,VHDL,,,,,,,,,,,,,,,,,,,,,,,,,,
"Unity
Game Development",Unity,Game Development,,,,,,,,,,,,,,,,,,,,,,,,,,,,,,
"3D Design
CAD & CAM Software
Mastercam",3D Design,CAD & CAM Software,Mastercam,,,,,,,,,,,,,,,,,,,,,,,,,,,,,
"Digital Product Designer
Figma Expert
User Experience Design
User Interface Design
Web Design
Mobile App Design
Mockup
Prototyping
Wireframing
Interaction Design",Digital Product Designer,Figma Expert,User Experience Design,User Interface Design,Web Design,Mobile App Design,Mockup,Prototyping,Wireframing,Interaction Design,,,,,,,,,,,,,,,,,,,,,,
"Content Writing
Blog Content
Blog Writing",Content Writing,Blog Content,Blog Writing,,,,,,,,,,,,,,,,,,,,,,,,,,,,,
"Social Media Management
Social Media Marketing
Facebook
Social Media Content Creation
Social Media Content
Instagram",Social Media Management,Social Media Marketing,Facebook,Social Media Content Creation,Social Media Content,Instagram,,,,,,,,,,,,,,,,,,,,,,,,,,
"Social Media Management
Social Media Marketing
Facebook
Social Media Content Creation
Social Media Content
Instagram",Social Media Management,Social Media Marketing,Facebook,Social Media Content Creation,Social Media Content,Instagram,,,,,,,,,,,,,,,,,,,,,,,,,,
"2D Animation
Motion Graphics
Animation
Video Production
Video Editing
Explainer Video",2D Animation,Motion Graphics,Animation,Video Production,Video Editing,Explainer Video,,,,,,,,,,,,,,,,,,,,,,,,,,
"Elementor
WordPress
CSS
WordPress Plugin
WordPress Development
WooCommerce",Elementor,WordPress,CSS,WordPress Plugin,WordPress Development,WooCommerce,,,,,,,,,,,,,,,,,,,,,,,,,,
"Email Marketing
Email Campaign Setup
Lead Generation",Email Marketing,Email Campaign Setup,Lead Generation,,,,,,,,,,,,,,,,,,,,,,,,,,,,,
"Desktop Application Testing
Test Execution
Bug Tracking & Reports
Test Management
Business with 10-99 Employees
Mobile App Testing
UX Research
Web Testing
Software QA",Desktop Application Testing,Test Execution,Bug Tracking & Reports,Test Management,Business with 10-99 Employees,Mobile App Testing,UX Research,Web Testing,Software QA,,,,,,,,,,,,,,,,,,,,,,,
"Product Photography
Commercial Photography
Digital Photography
Photography
Model Photography",Product Photography,Commercial Photography,Digital Photography,Photography,Model Photography,,,,,,,,,,,,,,,,,,,,,,,,,,,
"JavaScript
jQuery
Moodle
Articulate Storyline",JavaScript,jQuery,Moodle,Articulate Storyline,,,,,,,,,,,,,,,,,,,,,,,,,,,,
"Technical Writing
Mulesoft",Technical Writing,Mulesoft,,,,,,,,,,,,,,,,,,,,,,,,,,,,,,
"Food & Beverage
Business Change
Strategy
Company Policy
Organizational Plan
Business Development
Financial Analysis
Business Analysis
Investment Strategy",Food & Beverage,Business Change,Strategy,Company Policy,Organizational Plan,Business Development,Financial Analysis,Business Analysis,Investment Strategy,,,,,,,,,,,,,,,,,,,,,,,
"Performance Testing
Web Testing
Usability Testing
Software QA
Functional Testing",Performance Testing,Web Testing,Usability Testing,Software QA,Functional Testing,,,,,,,,,,,,,,,,,,,,,,,,,,,
"Food & Beverage
Business Change
Strategy
Company Policy
Organizational Plan
Business Development
Financial Analysis
Business Analysis
Investment Strategy",Food & Beverage,Business Change,Strategy,Company Policy,Organizational Plan,Business Development,Financial Analysis,Business Analysis,Investment Strategy,,,,,,,,,,,,,,,,,,,,,,,
"Performance Testing
Web Testing
Usability Testing
Software QA
Functional Testing",Performance Testing,Web Testing,Usability Testing,Software QA,Functional Testing,,,,,,,,,,,,,,,,,,,,,,,,,,,
Shopify,Shopify,,,,,,,,,,,,,,,,,,,,,,,,,,,,,,,
"Logo Design
Graphic Design
Illustration",Logo Design,Graphic Design,Illustration,,,,,,,,,,,,,,,,,,,,,,,,,,,,,
"DeepCrawl
Ahrefs
Google Search Console
Google Analytics",DeepCrawl,Ahrefs,Google Search Console,Google Analytics,,,,,,,,,,,,,,,,,,,,,,,,,,,,
"SAP
SAP HANA
ABAP
SAP BASIS",SAP,SAP HANA,ABAP,SAP BASIS,,,,,,,,,,,,,,,,,,,,,,,,,,,,
"WordPress
Web Development
Page Speed Optimization",WordPress,Web Development,Page Speed Optimization,,,,,,,,,,,,,,,,,,,,,,,,,,,,,
"Rust
Technical Writing",Rust,Technical Writing,,,,,,,,,,,,,,,,,,,,,,,,,,,,,,
"Facebook Ads Manager
Facebook Advertising
Facebook
Social Media Advertising
Pixel Setup & Optimization
Campaign Optimization",Facebook Ads Manager,Facebook Advertising,Facebook,Social Media Advertising,Pixel Setup & Optimization,Campaign Optimization,,,,,,,,,,,,,,,,,,,,,,,,,,
"Employee Relations
HR & Business Services
Business Development
Human Resources
H-2B Visa
Human Resources Consulting",Employee Relations,HR & Business Services,Business Development,Human Resources,H-2B Visa,Human Resources Consulting,,,,,,,,,,,,,,,,,,,,,,,,,,
"YouTube Marketing
Search Engine Optimization",YouTube Marketing,Search Engine Optimization,,,,,,,,,,,,,,,,,,,,,,,,,,,,,,
"Presentation Design
Presentations
Business Presentation
Microsoft PowerPoint",Presentation Design,Presentations,Business Presentation,Microsoft PowerPoint,,,,,,,,,,,,,,,,,,,,,,,,,,,,
Microsoft Word,Microsoft Word,,,,,,,,,,,,,,,,,,,,,,,,,,,,,,,
"Lead Generation Strategy
Lead Generation
Market Research
Communications
Researcher
Medical Billing & Coding
Medical Mastermind Medical Billing Services
Healthcare Common Procedure Coding System",Lead Generation Strategy,Lead Generation,Market Research,Communications,Researcher,Medical Billing & Coding,Medical Mastermind Medical Billing Services,Healthcare Common Procedure Coding System,,,,,,,,,,,,,,,,,,,,,,,,
"Android
Mobile App Development
Android App Development",Android,Mobile App Development,Android App Development,,,,,,,,,,,,,,,,,,,,,,,,,,,,,
"API
API Integration",API,API Integration,,,,,,,,,,,,,,,,,,,,,,,,,,,,,,
"PDF
Graphic Design",PDF,Graphic Design,,,,,,,,,,,,,,,,,,,,,,,,,,,,,,
"Podcast Show Notes
Content Writing
Blog Writing
Article Writing
Blog Content
Copywriting
SEO Writing
Creative Writing
Writing",Podcast Show Notes,Content Writing,Blog Writing,Article Writing,Blog Content,Copywriting,SEO Writing,Creative Writing,Writing,,,,,,,,,,,,,,,,,,,,,,,
"AliExpress
Dropshipping
Market Research
Ecommerce Platform
Niche Research
Ecommerce
Dropshipping Plugin
Amazon",AliExpress,Dropshipping,Market Research,Ecommerce Platform,Niche Research,Ecommerce,Dropshipping Plugin,Amazon,,,,,,,,,,,,,,,,,,,,,,,,
"WordPress
Web Design
CSS
HTML
Landing Page
PHP
HTML5
Web Development
Graphic Design
JavaScript",WordPress,Web Design,CSS,HTML,Landing Page,PHP,HTML5,Web Development,Graphic Design,JavaScript,,,,,,,,,,,,,,,,,,,,,,
"WordPress
Web Design
CSS
HTML
Landing Page
PHP
HTML5
Web Development
Graphic Design
JavaScript",WordPress,Web Design,CSS,HTML,Landing Page,PHP,HTML5,Web Development,Graphic Design,JavaScript,,,,,,,,,,,,,,,,,,,,,,
"Chemical Engineering
Mechanical Engineering
Artificial Intelligence",Chemical Engineering,Mechanical Engineering,Artificial Intelligence,,,,,,,,,,,,,,,,,,,,,,,,,,,,,
"Brand Positioning
Brand Guidelines
Corporate Brand Identity
Logo Design
Brand Strategy
Branding
Brand Identity & Guidelines
Brand Identity",Brand Positioning,Brand Guidelines,Corporate Brand Identity,Logo Design,Brand Strategy,Branding,Brand Identity & Guidelines,Brand Identity,,,,,,,,,,,,,,,,,,,,,,,,
"Web Development
WordPress
Web Design
HTML",Web Development,WordPress,Web Design,HTML,,,,,,,,,,,,,,,,,,,,,,,,,,,,
"Project Management
Project Scheduling
Critical Thinking Skills
Communications
Process Infographics
Project Objectives",Project Management,Project Scheduling,Critical Thinking Skills,Communications,Process Infographics,Project Objectives,,,,,,,,,,,,,,,,,,,,,,,,,,
"Product Listings
Automation",Product Listings,Automation,,,,,,,,,,,,,,,,,,,,,,,,,,,,,,
"Video Editing
Explainer Video",Video Editing,Explainer Video,,,,,,,,,,,,,,,,,,,,,,,,,,,,,,
"Sales
Relationship Management
Business Development",Sales,Relationship Management,Business Development,,,,,,,,,,,,,,,,,,,,,,,,,,,,,
"Microsoft Windows
Docker
DevOps
Kubernetes
Containerization
Microsoft Azure
Docker Compose",Microsoft Windows,Docker,DevOps,Kubernetes,Containerization,Microsoft Azure,Docker Compose,,,,,,,,,,,,,,,,,,,,,,,,,
"Network Security
Firewall
Internet Security
Information Security
Security Analysis
Vulnerability Assessment",Network Security,Firewall,Internet Security,Information Security,Security Analysis,Vulnerability Assessment,,,,,,,,,,,,,,,,,,,,,,,,,,
"WordPress
Web Development
HTML
Web Design
CSS
MySQL
WooCommerce
JavaScript
HTML5
PHP",WordPress,Web Development,HTML,Web Design,CSS,MySQL,WooCommerce,JavaScript,HTML5,PHP,,,,,,,,,,,,,,,,,,,,,,
"Java
JavaScript
Web Design
Search Engine Optimization
Affiliate Marketing
Web Development
Business with 1-9 Employees
Campaign Management
Social Media Marketing",Java,JavaScript,Web Design,Search Engine Optimization,Affiliate Marketing,Web Development,Business with 1-9 Employees,Campaign Management,Social Media Marketing,,,,,,,,,,,,,,,,,,,,,,,
"Social Media Management
Facebook Advertising
Social Media Content Creation
Social Media Marketing
Campaign Management
Marketing Strategy
Campaign Optimization
Lead Generation
Internet Marketing
Instagram",Social Media Management,Facebook Advertising,Social Media Content Creation,Social Media Marketing,Campaign Management,Marketing Strategy,Campaign Optimization,Lead Generation,Internet Marketing,Instagram,,,,,,,,,,,,,,,,,,,,,,
"YouTube Marketing
YouTube SEO",YouTube Marketing,YouTube SEO,,,,,,,,,,,,,,,,,,,,,,,,,,,,,,
"Wix
Web Design
Web Development
Graphic Design
Visual Communication
Wireframing
Adobe Photoshop",Wix,Web Design,Web Development,Graphic Design,Visual Communication,Wireframing,Adobe Photoshop,,,,,,,,,,,,,,,,,,,,,,,,,
"Facebook
Instagram
Social Media Marketing
Social Media Management
Social Media Content",Facebook,Instagram,Social Media Marketing,Social Media Management,Social Media Content,,,,,,,,,,,,,,,,,,,,,,,,,,,
"Docker
Jenkins
GitHub
Python
DevOps",Docker,Jenkins,GitHub,Python,DevOps,,,,,,,,,,,,,,,,,,,,,,,,,,,
"Resume Writing
CV
Resume Design
Resume
Graphic Design",Resume Writing,CV,Resume Design,Resume,Graphic Design,,,,,,,,,,,,,,,,,,,,,,,,,,,
"Adobe Premiere Pro
Video Editing
Video Post-Editing
Adobe After Effects",Adobe Premiere Pro,Video Editing,Video Post-Editing,Adobe After Effects,,,,,,,,,,,,,,,,,,,,,,,,,,,,
"Business Plan
English
Spanish
Virtual Assistance",Business Plan,English,Spanish,Virtual Assistance,,,,,,,,,,,,,,,,,,,,,,,,,,,,
"US English Dialect
Voice-Over
Male
American English Accent
Voice Acting",US English Dialect,Voice-Over,Male,American English Accent,Voice Acting,,,,,,,,,,,,,,,,,,,,,,,,,,,
"Travel Itinerary
Microsoft Office
File Management
Scheduler
Administrative Support
Communications
Scheduling
Virtual Assistant
Email Communication
Time Management",Travel Itinerary,Microsoft Office,File Management,Scheduler,Administrative Support,Communications,Scheduling,Virtual Assistant,Email Communication,Time Management,,,,,,,,,,,,,,,,,,,,,,
"Adobe After Effects
Adobe Premiere Pro
Motion Graphics
Video Editing
Video Production
Video Post-Editing",Adobe After Effects,Adobe Premiere Pro,Motion Graphics,Video Editing,Video Production,Video Post-Editing,,,,,,,,,,,,,,,,,,,,,,,,,,
"React
JavaScript
Redux
Node.js
API Integration
MongoDB
Web Application
CSS",React,JavaScript,Redux,Node.js,API Integration,MongoDB,Web Application,CSS,,,,,,,,,,,,,,,,,,,,,,,,
"Researcher
Copywriting
Content Writing
Creative Writing
English",Researcher,Copywriting,Content Writing,Creative Writing,English,,,,,,,,,,,,,,,,,,,,,,,,,,,
"Raspberry Pi
Arduino
Arduino Firmware
Raspberry Pi Firmware",Raspberry Pi,Arduino,Arduino Firmware,Raspberry Pi Firmware,,,,,,,,,,,,,,,,,,,,,,,,,,,,
"PHP
MySQL
Yii2",PHP,MySQL,Yii2,,,,,,,,,,,,,,,,,,,,,,,,,,,,,
"SQL
Microsoft Power BI
Data Modeling
Data Visualization
Data Analysis
Microsoft Power BI Data Visualization
Microsoft Power BI Development
Visualization
Business Intelligence",SQL,Microsoft Power BI,Data Modeling,Data Visualization,Data Analysis,Microsoft Power BI Data Visualization,Microsoft Power BI Development,Visualization,Business Intelligence,,,,,,,,,,,,,,,,,,,,,,,
"iOS
Android
Firebase",iOS,Android,Firebase,,,,,,,,,,,,,,,,,,,,,,,,,,,,,
"Amazon DynamoDB
Java
AWS Application",Amazon DynamoDB,Java,AWS Application,,,,,,,,,,,,,,,,,,,,,,,,,,,,,
"3D Design
Architectural Design
Autodesk AutoCAD
2D Design & Drawings
Interior Design
Floor Plan Design
Landscaping
SketchUp
Architectural Rendering
Engineering & Architecture",3D Design,Architectural Design,Autodesk AutoCAD,2D Design & Drawings,Interior Design,Floor Plan Design,Landscaping,SketchUp,Architectural Rendering,Engineering & Architecture,,,,,,,,,,,,,,,,,,,,,,
"Quantitative Research
Qualitative Research
Market Segmentation Research
Market Research
Market Analysis
Competitive Analysis
Customer Analysis
SWOT Analysis
TAM Analysis
Market Trends",Quantitative Research,Qualitative Research,Market Segmentation Research,Market Research,Market Analysis,Competitive Analysis,Customer Analysis,SWOT Analysis,TAM Analysis,Market Trends,,,,,,,,,,,,,,,,,,,,,,
"Webflow
Web Development
CSS
HTML
Website
Responsive Design
Graphic Design
Landing Page",Webflow,Web Development,CSS,HTML,Website,Responsive Design,Graphic Design,Landing Page,,,,,,,,,,,,,,,,,,,,,,,,
"Mobile App Development
Android App Development",Mobile App Development,Android App Development,,,,,,,,,,,,,,,,,,,,,,,,,,,,,,
"AWS Amplify
Finance & Accounting
DevOps
Terraform
Amazon API Gateway
AWS Lambda
CI/CD",AWS Amplify,Finance & Accounting,DevOps,Terraform,Amazon API Gateway,AWS Lambda,CI/CD,,,,,,,,,,,,,,,,,,,,,,,,,
"Fact-Checking
Researcher
Wikipedia
Content Writing",Fact-Checking,Researcher,Wikipedia,Content Writing,,,,,,,,,,,,,,,,,,,,,,,,,,,,
"Fashion & Beauty
Landing Page
Copywriting
Sales Writing
Content Writing
Sales Funnel Copywriting",Fashion & Beauty,Landing Page,Copywriting,Sales Writing,Content Writing,Sales Funnel Copywriting,,,,,,,,,,,,,,,,,,,,,,,,,,
"Mobile App Development
iOS
Android",Mobile App Development,iOS,Android,,,,,,,,,,,,,,,,,,,,,,,,,,,,,
"Flutter
iOS
Android
Mobile App Development
TestFlight",Flutter,iOS,Android,Mobile App Development,TestFlight,,,,,,,,,,,,,,,,,,,,,,,,,,,
"SQL
Data Analysis
Prototyping
Amplitude
Product Design
Growth Hacking
Market Research
Product Strategy
Product Management
Product Roadmap",SQL,Data Analysis,Prototyping,Amplitude,Product Design,Growth Hacking,Market Research,Product Strategy,Product Management,Product Roadmap,,,,,,,,,,,,,,,,,,,,,,
"Arabic
Voice Acting
Voice-Over",Arabic,Voice Acting,Voice-Over,,,,,,,,,,,,,,,,,,,,,,,,,,,,,
"Web Design
Graphic Design
Web Development
Layout Design
HTML
PHP Developer
UI Graphics
CSS Framework
MySQL Programming",Web Design,Graphic Design,Web Development,Layout Design,HTML,PHP Developer,UI Graphics,CSS Framework,MySQL Programming,,,,,,,,,,,,,,,,,,,,,,,
Facebook,Facebook,,,,,,,,,,,,,,,,,,,,,,,,,,,,,,,
"Mobile App Development
Android App Development",Mobile App Development,Android App Development,,,,,,,,,,,,,,,,,,,,,,,,,,,,,,
"Python
Data Scraping
Web Scraping
Web Scraping Framework",Python,Data Scraping,Web Scraping,Web Scraping Framework,,,,,,,,,,,,,,,,,,,,,,,,,,,,
"Special Effects
Visual Effects
Animation
2D Animation",Special Effects,Visual Effects,Animation,2D Animation,,,,,,,,,,,,,,,,,,,,,,,,,,,,
Node.js,Node.js,,,,,,,,,,,,,,,,,,,,,,,,,,,,,,,
"Graphic Design
Banner Ad Design
Display Ad",Graphic Design,Banner Ad Design,Display Ad,,,,,,,,,,,,,,,,,,,,,,,,,,,,,
"Microsoft Project
Project Scheduling
Project Plans
Milestones
Process Infographics",Microsoft Project,Project Scheduling,Project Plans,Milestones,Process Infographics,,,,,,,,,,,,,,,,,,,,,,,,,,,
"Explainer Video
Film
Movie
Adobe After Effects
Adobe Creative Cloud
Video Editing
Adobe Premiere Pro
Videography
Video Post-Editing
Video Production",Explainer Video,Film,Movie,Adobe After Effects,Adobe Creative Cloud,Video Editing,Adobe Premiere Pro,Videography,Video Post-Editing,Video Production,,,,,,,,,,,,,,,,,,,,,,
"Content Writing
SEO Writing
Ghostwriting
Article Writing",Content Writing,SEO Writing,Ghostwriting,Article Writing,,,,,,,,,,,,,,,,,,,,,,,,,,,,
"webpack
JavaScript
Redux
React
Flux",webpack,JavaScript,Redux,React,Flux,,,,,,,,,,,,,,,,,,,,,,,,,,,
"Content Writing
Creative Writing
Copywriting
English
Narrative",Content Writing,Creative Writing,Copywriting,English,Narrative,,,,,,,,,,,,,,,,,,,,,,,,,,,
"Web Application
Squarespace
Web Development
Graphic Design
Web Design
Search Engine Optimization",Web Application,Squarespace,Web Development,Graphic Design,Web Design,Search Engine Optimization,,,,,,,,,,,,,,,,,,,,,,,,,,
"Russian
English to Russian Translation
Translation",Russian,English to Russian Translation,Translation,,,,,,,,,,,,,,,,,,,,,,,,,,,,,
"Shopify
Sales
Facebook
Lead Generation",Shopify,Sales,Facebook,Lead Generation,,,,,,,,,,,,,,,,,,,,,,,,,,,,
"JavaScript
API
Web Development
WordPress
WordPress Plugin
PHP
DataTables",JavaScript,API,Web Development,WordPress,WordPress Plugin,PHP,DataTables,,,,,,,,,,,,,,,,,,,,,,,,,
"Business Development
Sales
Lead Generation
Partnership Development
Business Planning & Strategy
Business Plan
Sales Management
Sales & Marketing",Business Development,Sales,Lead Generation,Partnership Development,Business Planning & Strategy,Business Plan,Sales Management,Sales & Marketing,,,,,,,,,,,,,,,,,,,,,,,,
"Web Development
Software",Web Development,Software,,,,,,,,,,,,,,,,,,,,,,,,,,,,,,
"Java
MongoDB
Android
iOS
API Development
Microservice
Database
NoSQL Database",Java,MongoDB,Android,iOS,API Development,Microservice,Database,NoSQL Database,,,,,,,,,,,,,,,,,,,,,,,,
"Native
Vietnamese
Translation
Mobile App Localization
English to Vietnamese Translation",Native,Vietnamese,Translation,Mobile App Localization,English to Vietnamese Translation,,,,,,,,,,,,,,,,,,,,,,,,,,,
"Athletic Shoes & Sneakers
Footwear
Product Design
3D Design",Athletic Shoes & Sneakers,Footwear,Product Design,3D Design,,,,,,,,,,,,,,,,,,,,,,,,,,,,
"Native
Turkish
Translation
Mobile App Localization
Turkish to English Translation",Native,Turkish,Translation,Mobile App Localization,Turkish to English Translation,,,,,,,,,,,,,,,,,,,,,,,,,,,
"API Integration
MySQL
NGINX
JavaScript
Node.js
jQuery
ExpressJS
API
MongoDB",API Integration,MySQL,NGINX,JavaScript,Node.js,jQuery,ExpressJS,API,MongoDB,,,,,,,,,,,,,,,,,,,,,,,
"Native
Thai
Translation
Mobile App Localization
Thai to English Translation",Native,Thai,Translation,Mobile App Localization,Thai to English Translation,,,,,,,,,,,,,,,,,,,,,,,,,,,
"Swedish
Swedish to English Translation
English to Swedish Translation",Swedish,Swedish to English Translation,English to Swedish Translation,,,,,,,,,,,,,,,,,,,,,,,,,,,,,
"Native
Russian
Translation
Mobile App Localization
English to Russian Translation",Native,Russian,Translation,Mobile App Localization,English to Russian Translation,,,,,,,,,,,,,,,,,,,,,,,,,,,
"MySQL
Database Management
Database Administration",MySQL,Database Management,Database Administration,,,,,,,,,,,,,,,,,,,,,,,,,,,,,
"Website Content
SEO Writing
Landing Page",Website Content,SEO Writing,Landing Page,,,,,,,,,,,,,,,,,,,,,,,,,,,,,
"Tech & IT
Management Consulting
Business Plan
Consultant
Business Development
Organizational Design & Effectiveness
Business Analysis
JavaScript
Marketing Strategy
Strategy",Tech & IT,Management Consulting,Business Plan,Consultant,Business Development,Organizational Design & Effectiveness,Business Analysis,JavaScript,Marketing Strategy,Strategy,,,,,,,,,,,,,,,,,,,,,,
"Website Content
SEO Writing
Landing Page",Website Content,SEO Writing,Landing Page,,,,,,,,,,,,,,,,,,,,,,,,,,,,,
"Tech & IT
Management Consulting
Business Plan
Consultant
Business Development
Organizational Design & Effectiveness
Business Analysis
JavaScript
Marketing Strategy
Strategy",Tech & IT,Management Consulting,Business Plan,Consultant,Business Development,Organizational Design & Effectiveness,Business Analysis,JavaScript,Marketing Strategy,Strategy,,,,,,,,,,,,,,,,,,,,,,
"Advertising Strategy
Customer Acquisition Strategy
Business with 1-9 Employees
Marketing Strategy
Market Analysis
Social Media Marketing
Lead Generation
Search Engine Optimization",Advertising Strategy,Customer Acquisition Strategy,Business with 1-9 Employees,Marketing Strategy,Market Analysis,Social Media Marketing,Lead Generation,Search Engine Optimization,,,,,,,,,,,,,,,,,,,,,,,,
"Adobe Photoshop
Graphic Design
Product Photography",Adobe Photoshop,Graphic Design,Product Photography,,,,,,,,,,,,,,,,,,,,,,,,,,,,,
"Native
Translation
Mobile App Localization
Portuguese
English to Portuguese Translation",Native,Translation,Mobile App Localization,Portuguese,English to Portuguese Translation,,,,,,,,,,,,,,,,,,,,,,,,,,,
"Native
Translation
Mobile App Localization
Polish
English to Polish Translation",Native,Translation,Mobile App Localization,Polish,English to Polish Translation,,,,,,,,,,,,,,,,,,,,,,,,,,,
"Website Content
SEO Writing
Landing Page",Website Content,SEO Writing,Landing Page,,,,,,,,,,,,,,,,,,,,,,,,,,,,,
"Native
Translation
Mobile App Localization
Malay
English to Malay Translation",Native,Translation,Mobile App Localization,Malay,English to Malay Translation,,,,,,,,,,,,,,,,,,,,,,,,,,,
Webflow,Webflow,,,,,,,,,,,,,,,,,,,,,,,,,,,,,,,
"Native
Korean
Translation
Mobile App Localization
English to Korean Translation",Native,Korean,Translation,Mobile App Localization,English to Korean Translation,,,,,,,,,,,,,,,,,,,,,,,,,,,
"Google Ads
SEO Keyword Research
Search Engine Marketing
PPC Campaign Setup & Management
Digital Marketing
Pay Per Click Advertising",Google Ads,SEO Keyword Research,Search Engine Marketing,PPC Campaign Setup & Management,Digital Marketing,Pay Per Click Advertising,,,,,,,,,,,,,,,,,,,,,,,,,,
"Graphic Design
Adobe Illustrator
Adobe InDesign
Content Writing
Illustration
Infographic
White Paper
Writing",Graphic Design,Adobe Illustrator,Adobe InDesign,Content Writing,Illustration,Infographic,White Paper,Writing,,,,,,,,,,,,,,,,,,,,,,,,
"ClickFunnels
Web Design
Web Development
Kartra",ClickFunnels,Web Design,Web Development,Kartra,,,,,,,,,,,,,,,,,,,,,,,,,,,,
"Native
Japanese
Translation
Mobile App Localization
English to Japanese Translation",Native,Japanese,Translation,Mobile App Localization,English to Japanese Translation,,,,,,,,,,,,,,,,,,,,,,,,,,,
"Virtual Assistant
Customer Service
Communications
Researcher
Email Communication
Photography",Virtual Assistant,Customer Service,Communications,Researcher,Email Communication,Photography,,,,,,,,,,,,,,,,,,,,,,,,,,
"Sales Presentation
Google Slides
Microsoft PowerPoint
Presentations
Graphic Design
Presentation Design",Sales Presentation,Google Slides,Microsoft PowerPoint,Presentations,Graphic Design,Presentation Design,,,,,,,,,,,,,,,,,,,,,,,,,,
"Amazon Web Services
Amazon EC2
Amazon Relational Database Service
DevOps",Amazon Web Services,Amazon EC2,Amazon Relational Database Service,DevOps,,,,,,,,,,,,,,,,,,,,,,,,,,,,
"Native
Hindi
Translation
Mobile App Localization
English to Hindi Translation",Native,Hindi,Translation,Mobile App Localization,English to Hindi Translation,,,,,,,,,,,,,,,,,,,,,,,,,,,
"Education
Google Ads
Google Analytics
Google Search Console
WordPress SEO Plugins
SEO Strategy
SEO Keyword Research
Organic Traffic Growth
Search Engine Optimization
SEO Performance",Education,Google Ads,Google Analytics,Google Search Console,WordPress SEO Plugins,SEO Strategy,SEO Keyword Research,Organic Traffic Growth,Search Engine Optimization,SEO Performance,,,,,,,,,,,,,,,,,,,,,,
"Architectural Design
Animation
3D Animation
3D Modeling
3D Rendering
3D Design
Motion Graphics
Autodesk 3ds Max",Architectural Design,Animation,3D Animation,3D Modeling,3D Rendering,3D Design,Motion Graphics,Autodesk 3ds Max,,,,,,,,,,,,,,,,,,,,,,,,
"Legal Writing
Legal Consulting
Contract Law
Legal Assistance
Contract Drafting
Legal Research",Legal Writing,Legal Consulting,Contract Law,Legal Assistance,Contract Drafting,Legal Research,,,,,,,,,,,,,,,,,,,,,,,,,,
"Native
German
Translation
Mobile App Localization
English to German Translation",Native,German,Translation,Mobile App Localization,English to German Translation,,,,,,,,,,,,,,,,,,,,,,,,,,,
"React
React Native",React,React Native,,,,,,,,,,,,,,,,,,,,,,,,,,,,,,
"Hindi
Graphic Design
Layout Design",Hindi,Graphic Design,Layout Design,,,,,,,,,,,,,,,,,,,,,,,,,,,,,
"Translation
Mobile App Localization
Latin American Spanish Accent
English to Spanish Translation",Translation,Mobile App Localization,Latin American Spanish Accent,English to Spanish Translation,,,,,,,,,,,,,,,,,,,,,,,,,,,,
"B2B Marketing
Lead Generation
Sales
Market Research
Cold Calling
Prospect List",B2B Marketing,Lead Generation,Sales,Market Research,Cold Calling,Prospect List,,,,,,,,,,,,,,,,,,,,,,,,,,
"Smartphone
Android",Smartphone,Android,,,,,,,,,,,,,,,,,,,,,,,,,,,,,,
"Fashion & Beauty
Sales & Marketing
Marketing Strategy
Marketing Automation
Internet Marketing
Market Analysis
Social Media Management
Instagram
Social Media Marketing
Facebook",Fashion & Beauty,Sales & Marketing,Marketing Strategy,Marketing Automation,Internet Marketing,Market Analysis,Social Media Management,Instagram,Social Media Marketing,Facebook,,,,,,,,,,,,,,,,,,,,,,
"Grails
jQuery
JavaScript",Grails,jQuery,JavaScript,,,,,,,,,,,,,,,,,,,,,,,,,,,,,
"Typing
Virtual Assistant
WordPress
Microsoft Word
Data Entry
Microsoft Excel
Email Communication
Researcher
HTML
Accuracy Verification",Typing,Virtual Assistant,WordPress,Microsoft Word,Data Entry,Microsoft Excel,Email Communication,Researcher,HTML,Accuracy Verification,,,,,,,,,,,,,,,,,,,,,,
"Content Writing
Search Engine Optimization
SEO Writing
Website Content
Blog Content",Content Writing,Search Engine Optimization,SEO Writing,Website Content,Blog Content,,,,,,,,,,,,,,,,,,,,,,,,,,,
"Residential Design
Interior Design
Autodesk AutoCAD
3D Design
3D Rendering
CAD
Commercial Design
SketchUp
Adobe Photoshop
3D Modeling",Residential Design,Interior Design,Autodesk AutoCAD,3D Design,3D Rendering,CAD,Commercial Design,SketchUp,Adobe Photoshop,3D Modeling,,,,,,,,,,,,,,,,,,,,,,
Amazon,Amazon,,,,,,,,,,,,,,,,,,,,,,,,,,,,,,,
"Assembly Language
Assembler
X86 Assembly Language
SolidWorks
Firmware
ARM",Assembly Language,Assembler,X86 Assembly Language,SolidWorks,Firmware,ARM,,,,,,,,,,,,,,,,,,,,,,,,,,
"Social Media Account Setup
Ecommerce
Virtual Assistant
Data Entry
Administrative Support
Social Media Marketing",Social Media Account Setup,Ecommerce,Virtual Assistant,Data Entry,Administrative Support,Social Media Marketing,,,,,,,,,,,,,,,,,,,,,,,,,,
"Legal
Mexican Spanish Dialect
Amazon FBA",Legal,Mexican Spanish Dialect,Amazon FBA,,,,,,,,,,,,,,,,,,,,,,,,,,,,,
"Google Docs
Virtual Assistant
Database
Administrative Support
Data Entry
Microsoft Excel
Accuracy Verification
Researcher
Product Listings
Microsoft Word",Google Docs,Virtual Assistant,Database,Administrative Support,Data Entry,Microsoft Excel,Accuracy Verification,Researcher,Product Listings,Microsoft Word,,,,,,,,,,,,,,,,,,,,,,
Android,Android,,,,,,,,,,,,,,,,,,,,,,,,,,,,,,,
"Web Application
Responsive Design
Graphic Design
Web Design
HTML
JavaScript
Web Development",Web Application,Responsive Design,Graphic Design,Web Design,HTML,JavaScript,Web Development,,,,,,,,,,,,,,,,,,,,,,,,,
"Social Media Advertising
Pay Per Click Advertising
Paid Media
Marketing Strategy",Social Media Advertising,Pay Per Click Advertising,Paid Media,Marketing Strategy,,,,,,,,,,,,,,,,,,,,,,,,,,,,
"Social Media Advertising
Social Media Management
Social Media Marketing
Facebook Advertising
Instagram
Facebook
Facebook Ads Manager
Lead Generation",Social Media Advertising,Social Media Management,Social Media Marketing,Facebook Advertising,Instagram,Facebook,Facebook Ads Manager,Lead Generation,,,,,,,,,,,,,,,,,,,,,,,,
"Software
Content Writing
Website Content
Copywriting
Blog Writing
Search Engine Optimization
Blog Content
Article Writing",Software,Content Writing,Website Content,Copywriting,Blog Writing,Search Engine Optimization,Blog Content,Article Writing,,,,,,,,,,,,,,,,,,,,,,,,
Sales Funnel Copywriting,Sales Funnel Copywriting,,,,,,,,,,,,,,,,,,,,,,,,,,,,,,,
"Game Art
Animation
Game Asset
Card Game
2D Game Art
Game Design
Graphic Design
Adobe Illustrator
Illustration",Game Art,Animation,Game Asset,Card Game,2D Game Art,Game Design,Graphic Design,Adobe Illustrator,Illustration,,,,,,,,,,,,,,,,,,,,,,,
"Solar Energy
Energy Simulation
PVSyst
Energy Optimization
Battery Sizing
Graphic Design
Solar Design
Presentation Design",Solar Energy,Energy Simulation,PVSyst,Energy Optimization,Battery Sizing,Graphic Design,Solar Design,Presentation Design,,,,,,,,,,,,,,,,,,,,,,,,
"Robotic Process Automation
Blue Prism",Robotic Process Automation,Blue Prism,,,,,,,,,,,,,,,,,,,,,,,,,,,,,,
"Cartoon Art
Vector Graphic
Children's Book Illustration",Cartoon Art,Vector Graphic,Children's Book Illustration,,,,,,,,,,,,,,,,,,,,,,,,,,,,,
"Contract Law
Legal Writing
Corporate Law
Non-Disclosure Agreement",Contract Law,Legal Writing,Corporate Law,Non-Disclosure Agreement,,,,,,,,,,,,,,,,,,,,,,,,,,,,
"Strategic Plan
Communications
Business Services
Public Relations Consultation
Public Relations Strategy",Strategic Plan,Communications,Business Services,Public Relations Consultation,Public Relations Strategy,,,,,,,,,,,,,,,,,,,,,,,,,,,
"WordPress
Web Development",WordPress,Web Development,,,,,,,,,,,,,,,,,,,,,,,,,,,,,,
"JavaScript
TypeScript",JavaScript,TypeScript,,,,,,,,,,,,,,,,,,,,,,,,,,,,,,
"Influencer Marketing
Affiliate Marketing
Shopify
Search Engine Optimization",Influencer Marketing,Affiliate Marketing,Shopify,Search Engine Optimization,,,,,,,,,,,,,,,,,,,,,,,,,,,,
"Academic Writing
Writing
Editing & Proofreading
Creative Writing
English",Academic Writing,Writing,Editing & Proofreading,Creative Writing,English,,,,,,,,,,,,,,,,,,,,,,,,,,,
"SEO Keyword Research
Search Engine Optimization
SEO Backlinking
SEO Audit
On-Page SEO
Off-Page SEO
Google Analytics
Organic Traffic Growth",SEO Keyword Research,Search Engine Optimization,SEO Backlinking,SEO Audit,On-Page SEO,Off-Page SEO,Google Analytics,Organic Traffic Growth,,,,,,,,,,,,,,,,,,,,,,,,
"Graphic Design
Product Design
3D Modeling",Graphic Design,Product Design,3D Modeling,,,,,,,,,,,,,,,,,,,,,,,,,,,,,
Node.js,Node.js,,,,,,,,,,,,,,,,,,,,,,,,,,,,,,,
"Brand Research
Data Analysis
Data Processing
Market Research",Brand Research,Data Analysis,Data Processing,Market Research,,,,,,,,,,,,,,,,,,,,,,,,,,,,
"Cryptocurrency
Blockchain
Bitcoin
API
Ethereum
JavaScript
RESTful API
Blockchain Architecture",Cryptocurrency,Blockchain,Bitcoin,API,Ethereum,JavaScript,RESTful API,Blockchain Architecture,,,,,,,,,,,,,,,,,,,,,,,,
Mobile App Design,Mobile App Design,,,,,,,,,,,,,,,,,,,,,,,,,,,,,,,
"MATLAB
Mathematics
Statistics",MATLAB,Mathematics,Statistics,,,,,,,,,,,,,,,,,,,,,,,,,,,,,
"MATLAB
Mathematics
Statistics",MATLAB,Mathematics,Statistics,,,,,,,,,,,,,,,,,,,,,,,,,,,,,
"Motion Graphics
2D Animation
Animation
Video Production
Character Animation
Video Editing",Motion Graphics,2D Animation,Animation,Video Production,Character Animation,Video Editing,,,,,,,,,,,,,,,,,,,,,,,,,,
"Figma
Adobe XD
Graphic Design
Adobe Photoshop
Mockup
Website Asset",Figma,Adobe XD,Graphic Design,Adobe Photoshop,Mockup,Website Asset,,,,,,,,,,,,,,,,,,,,,,,,,,
"Ecommerce
Communications
Virtual Assistant
Customer Service",Ecommerce,Communications,Virtual Assistant,Customer Service,,,,,,,,,,,,,,,,,,,,,,,,,,,,
"Content Writing
Researcher
Fact-Checking
Ghostwriting
Business Writing
Travel & Hospitality
Real Estate",Content Writing,Researcher,Fact-Checking,Ghostwriting,Business Writing,Travel & Hospitality,Real Estate,,,,,,,,,,,,,,,,,,,,,,,,,
"Tekla Structures
Autodesk AutoCAD
3D Modeling
Structural Detailing
Steel Structure",Tekla Structures,Autodesk AutoCAD,3D Modeling,Structural Detailing,Steel Structure,,,,,,,,,,,,,,,,,,,,,,,,,,,
"Lisp
JavaScript",Lisp,JavaScript,,,,,,,,,,,,,,,,,,,,,,,,,,,,,,
"Tax Preparation
Bookkeeping
Accounting Basics
Certified Tax Preparer
Tax Return
Accounting",Tax Preparation,Bookkeeping,Accounting Basics,Certified Tax Preparer,Tax Return,Accounting,,,,,,,,,,,,,,,,,,,,,,,,,,
"3D Sculpting
3D Animation
3D Modeling
Medical Animation",3D Sculpting,3D Animation,3D Modeling,Medical Animation,,,,,,,,,,,,,,,,,,,,,,,,,,,,
"API
Facebook
Facebook Development
API Integration
WhatsApp",API,Facebook,Facebook Development,API Integration,WhatsApp,,,,,,,,,,,,,,,,,,,,,,,,,,,
"API
Facebook
Facebook Development
API Integration
WhatsApp",API,Facebook,Facebook Development,API Integration,WhatsApp,,,,,,,,,,,,,,,,,,,,,,,,,,,
"Adobe Illustrator
Adobe Photoshop
Graphic Design
Sketch
Freestyle Drawing
Illustration
Line Drawing
Drawing",Adobe Illustrator,Adobe Photoshop,Graphic Design,Sketch,Freestyle Drawing,Illustration,Line Drawing,Drawing,,,,,,,,,,,,,,,,,,,,,,,,
"Wix
API",Wix,API,,,,,,,,,,,,,,,,,,,,,,,,,,,,,,
"Adobe After Effects
Motion Graphics
Adobe Premiere Pro
Video Editing
Animation
Video Production",Adobe After Effects,Motion Graphics,Adobe Premiere Pro,Video Editing,Animation,Video Production,,,,,,,,,,,,,,,,,,,,,,,,,,
"Ebook
Ghostwriting
Ebook Writing
Researcher",Ebook,Ghostwriting,Ebook Writing,Researcher,,,,,,,,,,,,,,,,,,,,,,,,,,,,
"Responsive Design
React
Redux
HTML5
JavaScript
User Experience Design
CSS
Jest
Flux
Plotly",Responsive Design,React,Redux,HTML5,JavaScript,User Experience Design,CSS,Jest,Flux,Plotly,,,,,,,,,,,,,,,,,,,,,,
"Customer Service
Customer Support
Zendesk
Online Chat Support
Customer Satisfaction
Email Communication
Email Support
Phone Support
Communication Etiquette
Product Knowledge",Customer Service,Customer Support,Zendesk,Online Chat Support,Customer Satisfaction,Email Communication,Email Support,Phone Support,Communication Etiquette,Product Knowledge,,,,,,,,,,,,,,,,,,,,,,
"Content Moderation
English
Content Writing
Gaming
Customer Support
Content Editing
Community Guidelines
Email Support",Content Moderation,English,Content Writing,Gaming,Customer Support,Content Editing,Community Guidelines,Email Support,,,,,,,,,,,,,,,,,,,,,,,,
"Animation
Video Editing
Traditional Animation
Explainer Video",Animation,Video Editing,Traditional Animation,Explainer Video,,,,,,,,,,,,,,,,,,,,,,,,,,,,
"People
Business
Videography",People,Business,Videography,,,,,,,,,,,,,,,,,,,,,,,,,,,,,
"Website
WordPress
Web Design",Website,WordPress,Web Design,,,,,,,,,,,,,,,,,,,,,,,,,,,,,
"Graphic Design
Brand Identity & Guidelines
Adobe Illustrator
Infographic
Adobe Photoshop",Graphic Design,Brand Identity & Guidelines,Adobe Illustrator,Infographic,Adobe Photoshop,,,,,,,,,,,,,,,,,,,,,,,,,,,
"React Native
Android
JavaScript
Mobile App Development
Android App Development
Firebase",React Native,Android,JavaScript,Mobile App Development,Android App Development,Firebase,,,,,,,,,,,,,,,,,,,,,,,,,,
"Data Visualization
Dashboard
Microsoft Power BI
SQL",Data Visualization,Dashboard,Microsoft Power BI,SQL,,,,,,,,,,,,,,,,,,,,,,,,,,,,
"Autodesk Inventor
Autodesk AutoCAD
3D Modeling
Drafting
Tekla Structures",Autodesk Inventor,Autodesk AutoCAD,3D Modeling,Drafting,Tekla Structures,,,,,,,,,,,,,,,,,,,,,,,,,,,
"Stripe
JavaScript
WooCommerce
WordPress
Web Development
PHP",Stripe,JavaScript,WooCommerce,WordPress,Web Development,PHP,,,,,,,,,,,,,,,,,,,,,,,,,,
"Social Media Marketing
Video Editing
Video Production",Social Media Marketing,Video Editing,Video Production,,,,,,,,,,,,,,,,,,,,,,,,,,,,,
"Flask
Python
API",Flask,Python,API,,,,,,,,,,,,,,,,,,,,,,,,,,,,,
"HTML5
CSS 3
webpack
Business with 1000+ Employees
TypeScript
React",HTML5,CSS 3,webpack,Business with 1000+ Employees,TypeScript,React,,,,,,,,,,,,,,,,,,,,,,,,,,
"Business with 1-9 Employees
Business with 10-99 Employees
Business with 100-999 Employees
Blockchain
Cryptocurrency
Bitcoin
Ethereum
Blockchain Architecture
Web Development",Business with 1-9 Employees,Business with 10-99 Employees,Business with 100-999 Employees,Blockchain,Cryptocurrency,Bitcoin,Ethereum,Blockchain Architecture,Web Development,,,,,,,,,,,,,,,,,,,,,,,
"Flask
Python
API",Flask,Python,API,,,,,,,,,,,,,,,,,,,,,,,,,,,,,
"HTML5
CSS 3
webpack
Business with 1000+ Employees
TypeScript
React",HTML5,CSS 3,webpack,Business with 1000+ Employees,TypeScript,React,,,,,,,,,,,,,,,,,,,,,,,,,,
"Business with 1-9 Employees
Business with 10-99 Employees
Business with 100-999 Employees
Blockchain
Cryptocurrency
Bitcoin
Ethereum
Blockchain Architecture
Web Development",Business with 1-9 Employees,Business with 10-99 Employees,Business with 100-999 Employees,Blockchain,Cryptocurrency,Bitcoin,Ethereum,Blockchain Architecture,Web Development,,,,,,,,,,,,,,,,,,,,,,,
"Lead Generation
Telemarketing
Outbound Sales",Lead Generation,Telemarketing,Outbound Sales,,,,,,,,,,,,,,,,,,,,,,,,,,,,,
"Microsoft SQL Server
Java
API
Spring Boot
Spring Framework
RESTful API
J2EE",Microsoft SQL Server,Java,API,Spring Boot,Spring Framework,RESTful API,J2EE,,,,,,,,,,,,,,,,,,,,,,,,,
Affiliate Marketing,Affiliate Marketing,,,,,,,,,,,,,,,,,,,,,,,,,,,,,,,
"Adobe Illustrator
Logo Design
Illustration
Drawing",Adobe Illustrator,Logo Design,Illustration,Drawing,,,,,,,,,,,,,,,,,,,,,,,,,,,,
Flutter,Flutter,,,,,,,,,,,,,,,,,,,,,,,,,,,,,,,
"Responsive Design
MongoDB
Node.js
React
ExpressJS
API Development
Amazon Web Services
JavaScript
API Integration
API",Responsive Design,MongoDB,Node.js,React,ExpressJS,API Development,Amazon Web Services,JavaScript,API Integration,API,,,,,,,,,,,,,,,,,,,,,,
"Thai
Thai to English Translation
Male",Thai,Thai to English Translation,Male,,,,,,,,,,,,,,,,,,,,,,,,,,,,,
"Google Optimize
Google Tag Manager
A/B Testing
Google Analytics
WordPress
Gravity Forms
JavaScript
Analytics & Tracking Setup
Web Analytics
Analytics",Google Optimize,Google Tag Manager,A/B Testing,Google Analytics,WordPress,Gravity Forms,JavaScript,Analytics & Tracking Setup,Web Analytics,Analytics,,,,,,,,,,,,,,,,,,,,,,
"Graphic Design
Presentation Design
Video Production
Video Commercial
Videography",Graphic Design,Presentation Design,Video Production,Video Commercial,Videography,,,,,,,,,,,,,,,,,,,,,,,,,,,
"WooCommerce
WordPress
PHP
Web Development
Ecommerce Website
CSS
WordPress Plugin
JavaScript
HTML
Web Design",WooCommerce,WordPress,PHP,Web Development,Ecommerce Website,CSS,WordPress Plugin,JavaScript,HTML,Web Design,,,,,,,,,,,,,,,,,,,,,,
"Adobe Photoshop
Photo Editing
Graphic Design
Cover Art Design
YouTube
Poster",Adobe Photoshop,Photo Editing,Graphic Design,Cover Art Design,YouTube,Poster,,,,,,,,,,,,,,,,,,,,,,,,,,
"Ages 12+
Game Development
Mobile Game
Game Design",Ages 12+,Game Development,Mobile Game,Game Design,,,,,,,,,,,,,,,,,,,,,,,,,,,,
"Microservice
TypeScript
Docker
Kubernetes
Database Design
Business with 1000+ Employees
Amazon Web Services
Node.js
RESTful API
NoSQL Database",Microservice,TypeScript,Docker,Kubernetes,Database Design,Business with 1000+ Employees,Amazon Web Services,Node.js,RESTful API,NoSQL Database,,,,,,,,,,,,,,,,,,,,,,
Tetum,Tetum,,,,,,,,,,,,,,,,,,,,,,,,,,,,,,,
"Content SEO
Competitive Analysis
Tech & IT
Ahrefs
SEO Writing
Search Engine Optimization
Content Writing
SEO Keyword Research
Researcher",Content SEO,Competitive Analysis,Tech & IT,Ahrefs,SEO Writing,Search Engine Optimization,Content Writing,SEO Keyword Research,Researcher,,,,,,,,,,,,,,,,,,,,,,,
"Lead Generation
Data Entry
Virtual Assistant
List Building
Data Scraping",Lead Generation,Data Entry,Virtual Assistant,List Building,Data Scraping,,,,,,,,,,,,,,,,,,,,,,,,,,,
"Chemistry
Chemical Engineering
Polymer Engineering",Chemistry,Chemical Engineering,Polymer Engineering,,,,,,,,,,,,,,,,,,,,,,,,,,,,,
"Java
Web Service
Database Architecture
API Development",Java,Web Service,Database Architecture,API Development,,,,,,,,,,,,,,,,,,,,,,,,,,,,
"Adobe Photoshop
YouTube
Social Media Imagery
Illustration",Adobe Photoshop,YouTube,Social Media Imagery,Illustration,,,,,,,,,,,,,,,,,,,,,,,,,,,,
"Facebook
Google Ads
Google Analytics
Pay Per Click Advertising
PPC Campaign Setup & Management
Campaign Optimization
Marketing Strategy
Digital Marketing",Facebook,Google Ads,Google Analytics,Pay Per Click Advertising,PPC Campaign Setup & Management,Campaign Optimization,Marketing Strategy,Digital Marketing,,,,,,,,,,,,,,,,,,,,,,,,
"SEO Backlinking
Search Engine Optimization
SEO Keyword Research
SEO Audit
SEO Performance
On-Page SEO
Off-Page SEO
SEO Writing",SEO Backlinking,Search Engine Optimization,SEO Keyword Research,SEO Audit,SEO Performance,On-Page SEO,Off-Page SEO,SEO Writing,,,,,,,,,,,,,,,,,,,,,,,,
"Business Writing
Pitch Deck
About Us Page",Business Writing,Pitch Deck,About Us Page,,,,,,,,,,,,,,,,,,,,,,,,,,,,,
"German
Voice Acting
English to German Translation
Voice-Over",German,Voice Acting,English to German Translation,Voice-Over,,,,,,,,,,,,,,,,,,,,,,,,,,,,
Japanese to English Translation,Japanese to English Translation,,,,,,,,,,,,,,,,,,,,,,,,,,,,,,,
"Legal
Legal Consulting",Legal,Legal Consulting,,,,,,,,,,,,,,,,,,,,,,,,,,,,,,
"Android
Mobile App Development
Android App Development",Android,Mobile App Development,Android App Development,,,,,,,,,,,,,,,,,,,,,,,,,,,,,
ERPNext,ERPNext,,,,,,,,,,,,,,,,,,,,,,,,,,,,,,,
ERPNext,ERPNext,,,,,,,,,,,,,,,,,,,,,,,,,,,,,,,
"Administrative Assistant
Correspondence Clerk
Virtual Assistant
Virtual Assistance
Communications
Customer Service
Administrative Support",Administrative Assistant,Correspondence Clerk,Virtual Assistant,Virtual Assistance,Communications,Customer Service,Administrative Support,,,,,,,,,,,,,,,,,,,,,,,,,
"Office 365
Microsoft Active Directory
Antivirus & Security Software",Office 365,Microsoft Active Directory,Antivirus & Security Software,,,,,,,,,,,,,,,,,,,,,,,,,,,,,
"Kotlin
Websockets
Room",Kotlin,Websockets,Room,,,,,,,,,,,,,,,,,,,,,,,,,,,,,
"Computer Vision
Image Processing
Python",Computer Vision,Image Processing,Python,,,,,,,,,,,,,,,,,,,,,,,,,,,,,
Researcher,Researcher,,,,,,,,,,,,,,,,,,,,,,,,,,,,,,,
Data Entry,Data Entry,,,,,,,,,,,,,,,,,,,,,,,,,,,,,,,
"CSS
HTML5
Bootstrap",CSS,HTML5,Bootstrap,,,,,,,,,,,,,,,,,,,,,,,,,,,,,
"Canva
Graphic Design",Canva,Graphic Design,,,,,,,,,,,,,,,,,,,,,,,,,,,,,,
WordPress,WordPress,,,,,,,,,,,,,,,,,,,,,,,,,,,,,,,
"Python
GitHub
CI/CD
PySpark
Ansible
Jenkins
Scala",Python,GitHub,CI/CD,PySpark,Ansible,Jenkins,Scala,,,,,,,,,,,,,,,,,,,,,,,,,
"Accounting
Tax Preparation
Financial Accounting
Bookkeeping
Goods & Services Tax",Accounting,Tax Preparation,Financial Accounting,Bookkeeping,Goods & Services Tax,,,,,,,,,,,,,,,,,,,,,,,,,,,
"Google Ads
PPC Campaign Setup & Management
Search Engine Marketing
App Store Optimization
Display Ad
SEO Performance",Google Ads,PPC Campaign Setup & Management,Search Engine Marketing,App Store Optimization,Display Ad,SEO Performance,,,,,,,,,,,,,,,,,,,,,,,,,,
"Web Design
Game Design
Wireframing",Web Design,Game Design,Wireframing,,,,,,,,,,,,,,,,,,,,,,,,,,,,,
"JavaScript
Web Application
MySQL
Node.js",JavaScript,Web Application,MySQL,Node.js,,,,,,,,,,,,,,,,,,,,,,,,,,,,
"PNG
Background Removal
Image Editing
Accuracy Verification
Data Entry
Photo Editing",PNG,Background Removal,Image Editing,Accuracy Verification,Data Entry,Photo Editing,,,,,,,,,,,,,,,,,,,,,,,,,,
"Video Editing
Adobe Premiere Pro
Video Post-Editing
YouTube Marketing
Video Intro & Outro",Video Editing,Adobe Premiere Pro,Video Post-Editing,YouTube Marketing,Video Intro & Outro,,,,,,,,,,,,,,,,,,,,,,,,,,,
"Joomla
PHP
MySQL
CSS
Web Development
JavaScript
HTML5
HTML",Joomla,PHP,MySQL,CSS,Web Development,JavaScript,HTML5,HTML,,,,,,,,,,,,,,,,,,,,,,,,
"CSS 3
Responsive Design
React
TypeScript
Business with 1-9 Employees
Vector Graphic
Web Design
CSS
HTML5
Web Development",CSS 3,Responsive Design,React,TypeScript,Business with 1-9 Employees,Vector Graphic,Web Design,CSS,HTML5,Web Development,,,,,,,,,,,,,,,,,,,,,,
"Adobe Premiere Pro
Adobe After Effects
Video Editing
Motion Graphics
Video Production",Adobe Premiere Pro,Adobe After Effects,Video Editing,Motion Graphics,Video Production,,,,,,,,,,,,,,,,,,,,,,,,,,,
"Web Design
Web Development",Web Design,Web Development,,,,,,,,,,,,,,,,,,,,,,,,,,,,,,
"Bug Tracking & Reports
Test Execution
Web Testing
Software QA
Manual Testing
Functional Testing
Software Testing
Test Case Design
Quality Assurance
Mobile App Testing",Bug Tracking & Reports,Test Execution,Web Testing,Software QA,Manual Testing,Functional Testing,Software Testing,Test Case Design,Quality Assurance,Mobile App Testing,,,,,,,,,,,,,,,,,,,,,,
"Design Simulation
Driver Development
Hardware Design
PCB Design
Telecommunications Engineering
Electronics
Consumer Electronics
Digital Electronics
Android
Mobile App Design",Design Simulation,Driver Development,Hardware Design,PCB Design,Telecommunications Engineering,Electronics,Consumer Electronics,Digital Electronics,Android,Mobile App Design,,,,,,,,,,,,,,,,,,,,,,
"Elearning Video
Photo Slideshow
Video Editing
Video Editing & Production
Elearning Multimedia",Elearning Video,Photo Slideshow,Video Editing,Video Editing & Production,Elearning Multimedia,,,,,,,,,,,,,,,,,,,,,,,,,,,
"Microsoft Power BI Data Visualization
Angular 10",Microsoft Power BI Data Visualization,Angular 10,,,,,,,,,,,,,,,,,,,,,,,,,,,,,,
"Python
Data Science
Data Mining
Data Analysis
Machine Learning
Algorithm Development
R
Microsoft Excel
SQL
Career Coaching",Python,Data Science,Data Mining,Data Analysis,Machine Learning,Algorithm Development,R,Microsoft Excel,SQL,Career Coaching,,,,,,,,,,,,,,,,,,,,,,
"Content Writing
Creative Writing
Article Writing",Content Writing,Creative Writing,Article Writing,,,,,,,,,,,,,,,,,,,,,,,,,,,,,
"Website Content
Content Writing
SEO Writing
Blog Content
Copywriting",Website Content,Content Writing,SEO Writing,Blog Content,Copywriting,,,,,,,,,,,,,,,,,,,,,,,,,,,
"Instagram
Social Media Marketing
Social Media Management
Social Media Content",Instagram,Social Media Marketing,Social Media Management,Social Media Content,,,,,,,,,,,,,,,,,,,,,,,,,,,,
"Chemistry
Researcher
Product Formulation
Chemical Analysis
Cosmetic Raw Materials
Cosmetic Regulation",Chemistry,Researcher,Product Formulation,Chemical Analysis,Cosmetic Raw Materials,Cosmetic Regulation,,,,,,,,,,,,,,,,,,,,,,,,,,
"Chemistry
Researcher
Product Formulation
Chemical Analysis
Cosmetic Raw Materials
Cosmetic Regulation",Chemistry,Researcher,Product Formulation,Chemical Analysis,Cosmetic Raw Materials,Cosmetic Regulation,,,,,,,,,,,,,,,,,,,,,,,,,,
"XAML
Syncfusion
Xamarin",XAML,Syncfusion,Xamarin,,,,,,,,,,,,,,,,,,,,,,,,,,,,,
"Translation
Singing
Voice Recording
Voice Acting
English to Bulgarian Translation
Bulgarian",Translation,Singing,Voice Recording,Voice Acting,English to Bulgarian Translation,Bulgarian,,,,,,,,,,,,,,,,,,,,,,,,,,
"HTML
CSS
React
Web Development",HTML,CSS,React,Web Development,,,,,,,,,,,,,,,,,,,,,,,,,,,,
"Web Development
NodeJS Framework
React",Web Development,NodeJS Framework,React,,,,,,,,,,,,,,,,,,,,,,,,,,,,,
Medical Writing,Medical Writing,,,,,,,,,,,,,,,,,,,,,,,,,,,,,,,
"LinkedIn Campaign Manager
Mobile Advertising
Display Ad
Google Analytics
Facebook
Social Media Management
Facebook Advertising
Social Media Marketing
Social Media Content
LinkedIn Marketing",LinkedIn Campaign Manager,Mobile Advertising,Display Ad,Google Analytics,Facebook,Social Media Management,Facebook Advertising,Social Media Marketing,Social Media Content,LinkedIn Marketing,,,,,,,,,,,,,,,,,,,,,,
".NET Framework
MySQL
Microsoft VBScript
.NET Core
C#
HTML
Java
Team Building",.NET Framework,MySQL,Microsoft VBScript,.NET Core,C#,HTML,Java,Team Building,,,,,,,,,,,,,,,,,,,,,,,,
"Contract Law
Legal Consulting",Contract Law,Legal Consulting,,,,,,,,,,,,,,,,,,,,,,,,,,,,,,
"Web Application
Web Design
Web Development
PHP
HTML
CSS
HTML5
API
JavaScript
CSS 3",Web Application,Web Design,Web Development,PHP,HTML,CSS,HTML5,API,JavaScript,CSS 3,,,,,,,,,,,,,,,,,,,,,,
"Virtual Assistant
Virtual Assistance
Communications
Email Communication",Virtual Assistant,Virtual Assistance,Communications,Email Communication,,,,,,,,,,,,,,,,,,,,,,,,,,,,
"Android
Smartphone
Android App Development
Mobile App Development",Android,Smartphone,Android App Development,Mobile App Development,,,,,,,,,,,,,,,,,,,,,,,,,,,,
"Hybrid App Development
Android
iOS
In-App Purchases
User Authentication
User Profile Creation
Review or Feedback Collection
Social Media Account Integration
In-App Search
Mobile App Development",Hybrid App Development,Android,iOS,In-App Purchases,User Authentication,User Profile Creation,Review or Feedback Collection,Social Media Account Integration,In-App Search,Mobile App Development,,,,,,,,,,,,,,,,,,,,,,
"Office Design
Industrial Design
Hotel Design
Electrical Engineering
Architectural Design
Interior Design
Product Design
Autodesk AutoCAD
3D Modeling
3D Design",Office Design,Industrial Design,Hotel Design,Electrical Engineering,Architectural Design,Interior Design,Product Design,Autodesk AutoCAD,3D Modeling,3D Design,,,,,,,,,,,,,,,,,,,,,,
"Photography
Photo Editing
Photo Manipulation",Photography,Photo Editing,Photo Manipulation,,,,,,,,,,,,,,,,,,,,,,,,,,,,,
"PLC Programming
PLC",PLC Programming,PLC,,,,,,,,,,,,,,,,,,,,,,,,,,,,,,
"Blockchain
Smart Contract
DApps
Binance Coin",Blockchain,Smart Contract,DApps,Binance Coin,,,,,,,,,,,,,,,,,,,,,,,,,,,,
"Google Chrome Extension
JavaScript
HTML
CSS
API
HTML5
API Integration
React
CSS 3
Browser Extension",Google Chrome Extension,JavaScript,HTML,CSS,API,HTML5,API Integration,React,CSS 3,Browser Extension,,,,,,,,,,,,,,,,,,,,,,
"Android App Development
Android
Mobile App Development
Android Studio",Android App Development,Android,Mobile App Development,Android Studio,,,,,,,,,,,,,,,,,,,,,,,,,,,,
"Workday
SAP ERP HCM
Workday Adaptive Planning",Workday,SAP ERP HCM,Workday Adaptive Planning,,,,,,,,,,,,,,,,,,,,,,,,,,,,,
"Workday
SAP ERP HCM
Workday Adaptive Planning",Workday,SAP ERP HCM,Workday Adaptive Planning,,,,,,,,,,,,,,,,,,,,,,,,,,,,,
"Android
Android App Development
Mobile App Development",Android,Android App Development,Mobile App Development,,,,,,,,,,,,,,,,,,,,,,,,,,,,,
"Website
Theme Installation
All in One SEO Pack
Contact Form 7
Yoast SEO
WordPress",Website,Theme Installation,All in One SEO Pack,Contact Form 7,Yoast SEO,WordPress,,,,,,,,,,,,,,,,,,,,,,,,,,
"Spring MVC
HTML5
Azure DevOps
Sass
ASP.NET Web API
.NET Framework
DevOps
Jira",Spring MVC,HTML5,Azure DevOps,Sass,ASP.NET Web API,.NET Framework,DevOps,Jira,,,,,,,,,,,,,,,,,,,,,,,,
"Android
Android App Development
Smartphone
Mobile App Development",Android,Android App Development,Smartphone,Mobile App Development,,,,,,,,,,,,,,,,,,,,,,,,,,,,
"React Native
Android
iOS
JavaScript",React Native,Android,iOS,JavaScript,,,,,,,,,,,,,,,,,,,,,,,,,,,,
"Logo Design
Graphic Design
Social Media Imagery
Brand Identity & Guidelines",Logo Design,Graphic Design,Social Media Imagery,Brand Identity & Guidelines,,,,,,,,,,,,,,,,,,,,,,,,,,,,
"Android
Android App Development
Smartphone
Mobile App Development",Android,Android App Development,Smartphone,Mobile App Development,,,,,,,,,,,,,,,,,,,,,,,,,,,,
"Social Media Management
Social Media Marketing",Social Media Management,Social Media Marketing,,,,,,,,,,,,,,,,,,,,,,,,,,,,,,
"Shopify
Shopify Apps
JavaScript
Web Development
Node.js
CSS
HTML5
API
React
HTML",Shopify,Shopify Apps,JavaScript,Web Development,Node.js,CSS,HTML5,API,React,HTML,,,,,,,,,,,,,,,,,,,,,,
"Spark AR Studio
Microsoft Windows
AR Application
AR Filters & Lenses",Spark AR Studio,Microsoft Windows,AR Application,AR Filters & Lenses,,,,,,,,,,,,,,,,,,,,,,,,,,,,
"Information Security Consultation
PHP
Website Security
Network Security
FTP",Information Security Consultation,PHP,Website Security,Network Security,FTP,,,,,,,,,,,,,,,,,,,,,,,,,,,
"Angular
TypeScript
Node.js
Google Cloud Platform
CSS
HTML
JavaScript
Web Development
Web Service",Angular,TypeScript,Node.js,Google Cloud Platform,CSS,HTML,JavaScript,Web Development,Web Service,,,,,,,,,,,,,,,,,,,,,,,
"SEO Backlinking
Article Writing
Content Writing
Researcher
Search Engine Optimization
Copywriting
SEO Writing",SEO Backlinking,Article Writing,Content Writing,Researcher,Search Engine Optimization,Copywriting,SEO Writing,,,,,,,,,,,,,,,,,,,,,,,,,
"Content Writing
SaaS",Content Writing,SaaS,,,,,,,,,,,,,,,,,,,,,,,,,,,,,,
Google Ads,Google Ads,,,,,,,,,,,,,,,,,,,,,,,,,,,,,,,
"Web Development
WordPress
JavaScript
HTML
CSS
PHP
Web Design
HTML5
API
Web Application",Web Development,WordPress,JavaScript,HTML,CSS,PHP,Web Design,HTML5,API,Web Application,,,,,,,,,,,,,,,,,,,,,,
"Data Scraping
Data Mining
Scrapy
Python
Web Crawling
Data Extraction",Data Scraping,Data Mining,Scrapy,Python,Web Crawling,Data Extraction,,,,,,,,,,,,,,,,,,,,,,,,,,
"Website
Landing Page
React",Website,Landing Page,React,,,,,,,,,,,,,,,,,,,,,,,,,,,,,
"Process Infographics
Adobe Photoshop
Adobe InDesign
Microsoft PowerPoint
Typesetting
Book
Statistical Infographic
Graphic Design
Adobe Illustrator
Data Visualization
Isometric Style
Desktop Publishing
Chart Presentation",Process Infographics,Adobe Photoshop,Adobe InDesign,Microsoft PowerPoint,Typesetting,Book,Statistical Infographic,Graphic Design,Adobe Illustrator,Data Visualization,Isometric Style,Desktop Publishing,Chart Presentation,,,,,,,,,,,,,,,,,,,
"Process Infographics
Adobe Photoshop
Adobe InDesign
Microsoft PowerPoint
Typesetting
Book
Statistical Infographic
Graphic Design
Adobe Illustrator
Data Visualization
Isometric Style
Desktop Publishing
Chart Presentation",Process Infographics,Adobe Photoshop,Adobe InDesign,Microsoft PowerPoint,Typesetting,Book,Statistical Infographic,Graphic Design,Adobe Illustrator,Data Visualization,Isometric Style,Desktop Publishing,Chart Presentation,,,,,,,,,,,,,,,,,,,
"Academic Researcher
Critical Thinking Skills
Microsoft Excel
Researcher",Academic Researcher,Critical Thinking Skills,Microsoft Excel,Researcher,,,,,,,,,,,,,,,,,,,,,,,,,,,,
"Polish
Male",Polish,Male,,,,,,,,,,,,,,,,,,,,,,,,,,,,,,
"SEO Backlinking
Search Engine Optimization
Competitor Backlink Analysis
Guest Post
Backlink Analysis",SEO Backlinking,Search Engine Optimization,Competitor Backlink Analysis,Guest Post,Backlink Analysis,,,,,,,,,,,,,,,,,,,,,,,,,,,
"Marketing Strategy
Social Media Marketing
Facebook
Instagram
Social Media Management
Social Media Content
Content Writing
Social Media Content Creation",Marketing Strategy,Social Media Marketing,Facebook,Instagram,Social Media Management,Social Media Content,Content Writing,Social Media Content Creation,,,,,,,,,,,,,,,,,,,,,,,,
"Web Application
Database Development
BootstrapVue
Vue.js
API Integration
Responsive Design
Git
SQL
Custom PHP
SQLite
JavaScript
HTML
CSS
Redux
Web Design
Web Development
Graphic Design
HTML5
PHP",Web Application,Database Development,BootstrapVue,Vue.js,API Integration,Responsive Design,Git,SQL,Custom PHP,SQLite,JavaScript,HTML,CSS,Redux,Web Design,Web Development,Graphic Design,HTML5,PHP,,,,,,,,,,,,,
"Business Planning & Strategy
Microsoft PowerPoint
Microsoft Project
Business with 1-9 Employees
Virtual Assistant
Communications
Email Communication
Data Entry
Microsoft Excel
Administrative Support",Business Planning & Strategy,Microsoft PowerPoint,Microsoft Project,Business with 1-9 Employees,Virtual Assistant,Communications,Email Communication,Data Entry,Microsoft Excel,Administrative Support,,,,,,,,,,,,,,,,,,,,,,
"Mobile App
Web Design
App Design
App Development
App Feature Development",Mobile App,Web Design,App Design,App Development,App Feature Development,,,,,,,,,,,,,,,,,,,,,,,,,,,
"Tech & IT
LinkedIn
Pinterest
Twitter
Snapchat
Reddit
Quora
WeChat
Facebook
Instagram",Tech & IT,LinkedIn,Pinterest,Twitter,Snapchat,Reddit,Quora,WeChat,Facebook,Instagram,,,,,,,,,,,,,,,,,,,,,,
"Content Writing
Creative Writing
Landing Page
Website Content
Product Page",Content Writing,Creative Writing,Landing Page,Website Content,Product Page,,,,,,,,,,,,,,,,,,,,,,,,,,,
"Apache Spark
Python
PySpark",Apache Spark,Python,PySpark,,,,,,,,,,,,,,,,,,,,,,,,,,,,,
"Magento 2
PHP
Ecommerce Website",Magento 2,PHP,Ecommerce Website,,,,,,,,,,,,,,,,,,,,,,,,,,,,,
"Figma
Webflow
Website
Web Design
HTML
Web Development
JavaScript
CSS
Graphic Design",Figma,Webflow,Website,Web Design,HTML,Web Development,JavaScript,CSS,Graphic Design,,,,,,,,,,,,,,,,,,,,,,,
"CorelDRAW
Graphic Design",CorelDRAW,Graphic Design,,,,,,,,,,,,,,,,,,,,,,,,,,,,,,
"Autodesk Revit
Building Information Modeling
C++
API
JavaScript
C#
.NET Framework",Autodesk Revit,Building Information Modeling,C++,API,JavaScript,C#,.NET Framework,,,,,,,,,,,,,,,,,,,,,,,,,
"Java
Android App Development
Android
Mobile App Development
Android Studio",Java,Android App Development,Android,Mobile App Development,Android Studio,,,,,,,,,,,,,,,,,,,,,,,,,,,
"Translation
Portuguese
English to Portuguese Translation
English
WordPress
Website Localization",Translation,Portuguese,English to Portuguese Translation,English,WordPress,Website Localization,,,,,,,,,,,,,,,,,,,,,,,,,,
"Business Planning & Strategy
Media & Entertainment
Business with 10-99 Employees
Business Development
Sales
Brand Licensing",Business Planning & Strategy,Media & Entertainment,Business with 10-99 Employees,Business Development,Sales,Brand Licensing,,,,,,,,,,,,,,,,,,,,,,,,,,
"Landing Page
User Flow
Web Design
WordPress
Web Development",Landing Page,User Flow,Web Design,WordPress,Web Development,,,,,,,,,,,,,,,,,,,,,,,,,,,
"MERN Stack
API Integration
Amazon Web Services
Crypto Exchange Platform",MERN Stack,API Integration,Amazon Web Services,Crypto Exchange Platform,,,,,,,,,,,,,,,,,,,,,,,,,,,,
"MERN Stack
API Integration
Amazon Web Services
Crypto Exchange Platform",MERN Stack,API Integration,Amazon Web Services,Crypto Exchange Platform,,,,,,,,,,,,,,,,,,,,,,,,,,,,
"Video Editing
Adobe Premiere Pro
Adobe After Effects
Video Intro & Outro",Video Editing,Adobe Premiere Pro,Adobe After Effects,Video Intro & Outro,,,,,,,,,,,,,,,,,,,,,,,,,,,,
"Blog Content
Website Content
Guest Post
Article Submission
SEO Writing
Content Writing
Article Writing",Blog Content,Website Content,Guest Post,Article Submission,SEO Writing,Content Writing,Article Writing,,,,,,,,,,,,,,,,,,,,,,,,,
"Ecommerce Website
Web Application
Shopify
Shopify Apps
Web Development
Shopify Templates
JavaScript
App Development
Web Design",Ecommerce Website,Web Application,Shopify,Shopify Apps,Web Development,Shopify Templates,JavaScript,App Development,Web Design,,,,,,,,,,,,,,,,,,,,,,,
"Pinterest Ads Manager
Pinterest
Social Media Management
Social Media Content Creation
Canva
Research Post Ideas
Content Creation
Image Editing",Pinterest Ads Manager,Pinterest,Social Media Management,Social Media Content Creation,Canva,Research Post Ideas,Content Creation,Image Editing,,,,,,,,,,,,,,,,,,,,,,,,
"Writing
Content Writing
Pages
Creative Writing",Writing,Content Writing,Pages,Creative Writing,,,,,,,,,,,,,,,,,,,,,,,,,,,,
"Etsy Listing
Search Engine Optimization
Manage Etsy Site",Etsy Listing,Search Engine Optimization,Manage Etsy Site,,,,,,,,,,,,,,,,,,,,,,,,,,,,,
"WordPress
Web Development
Web Design",WordPress,Web Development,Web Design,,,,,,,,,,,,,,,,,,,,,,,,,,,,,
"Animated Cartoon
Character Design
Adobe Illustrator
Graphic Design
Animation
Cartoon Art
2D Animation
Illustration",Animated Cartoon,Character Design,Adobe Illustrator,Graphic Design,Animation,Cartoon Art,2D Animation,Illustration,,,,,,,,,,,,,,,,,,,,,,,,
,,,,,,,,,,,,,,,,,,,,,,,,,,,,,,,,
"Android
Smartphone
Android App Development
Mobile App Development",Android,Smartphone,Android App Development,Mobile App Development,,,,,,,,,,,,,,,,,,,,,,,,,,,,
"SaaS
Lead Generation",SaaS,Lead Generation,,,,,,,,,,,,,,,,,,,,,,,,,,,,,,
"PHP
Laravel
Custom PHP
API
MySQL
JavaScript
Web Development
PHP Script
MySQL Programming",PHP,Laravel,Custom PHP,API,MySQL,JavaScript,Web Development,PHP Script,MySQL Programming,,,,,,,,,,,,,,,,,,,,,,,
"Voice Acting
German
Proofreading
Creative Writing
Writing",Voice Acting,German,Proofreading,Creative Writing,Writing,,,,,,,,,,,,,,,,,,,,,,,,,,,
"Python
Data Analysis
ETL Pipeline
SQL
Data Mining",Python,Data Analysis,ETL Pipeline,SQL,Data Mining,,,,,,,,,,,,,,,,,,,,,,,,,,,
"Screen Scraping
Web Scraping
Data Scraping
Data Mining
Data Extraction
Scrapy
Python
Data Entry",Screen Scraping,Web Scraping,Data Scraping,Data Mining,Data Extraction,Scrapy,Python,Data Entry,,,,,,,,,,,,,,,,,,,,,,,,
"Blockchain
Cryptocurrency
Bitcoin
Blockchain Architecture
Ethereum
Blockchain Security
Data Analysis
Digital Forensics
Forensic Accounting
Blockchain, NFT & Cryptocurrency",Blockchain,Cryptocurrency,Bitcoin,Blockchain Architecture,Ethereum,Blockchain Security,Data Analysis,Digital Forensics,Forensic Accounting,"Blockchain, NFT & Cryptocurrency",,,,,,,,,,,,,,,,,,,,,,
"Academic Editing
Editing & Proofreading
Proofreading
Male
Female
French
Creative Writing
Translation
Content Writing
Writing",Academic Editing,Editing & Proofreading,Proofreading,Male,Female,French,Creative Writing,Translation,Content Writing,Writing,,,,,,,,,,,,,,,,,,,,,,
"Video Editing
Motion Graphics
Graphic Design",Video Editing,Motion Graphics,Graphic Design,,,,,,,,,,,,,,,,,,,,,,,,,,,,,
"Legal
Legal Consulting
Contract Law
Contract Drafting
Trademark",Legal,Legal Consulting,Contract Law,Contract Drafting,Trademark,,,,,,,,,,,,,,,,,,,,,,,,,,,
"Legal
Legal Consulting
Contract Law
Contract Drafting
Trademark",Legal,Legal Consulting,Contract Law,Contract Drafting,Trademark,,,,,,,,,,,,,,,,,,,,,,,,,,,
"Webflow
Website
CSS
Web Design
Web Development
Responsive Design
HTML",Webflow,Website,CSS,Web Design,Web Development,Responsive Design,HTML,,,,,,,,,,,,,,,,,,,,,,,,,
"Content Writing
LinkedIn Marketing
LinkedIn Lead Generation
Copywriting",Content Writing,LinkedIn Marketing,LinkedIn Lead Generation,Copywriting,,,,,,,,,,,,,,,,,,,,,,,,,,,,
"3D Rendering
CAD Drafting
Illustration
RhinoGold
Gemvision Matrix
Autodesk 3ds Max
Jewelry Design
3D Modeling
Rhinoceros 3D
Adobe Illustrator",3D Rendering,CAD Drafting,Illustration,RhinoGold,Gemvision Matrix,Autodesk 3ds Max,Jewelry Design,3D Modeling,Rhinoceros 3D,Adobe Illustrator,,,,,,,,,,,,,,,,,,,,,,
"Marketing Strategy
Social Media Marketing
Facebook",Marketing Strategy,Social Media Marketing,Facebook,,,,,,,,,,,,,,,,,,,,,,,,,,,,,
"Python
SQL
Scala
Architecture
Cloud Architecture
Database Design
API Development
Data Warehousing",Python,SQL,Scala,Architecture,Cloud Architecture,Database Design,API Development,Data Warehousing,,,,,,,,,,,,,,,,,,,,,,,,
"OCR Algorithm
Tesseract OCR
Data Entry
Computer Vision
Data Scraping
Image Processing
Data Collection
Accuracy Verification
Data Mining
Image Processing Framework",OCR Algorithm,Tesseract OCR,Data Entry,Computer Vision,Data Scraping,Image Processing,Data Collection,Accuracy Verification,Data Mining,Image Processing Framework,,,,,,,,,,,,,,,,,,,,,,
Norwegian,Norwegian,,,,,,,,,,,,,,,,,,,,,,,,,,,,,,,
"Zendesk
Zendesk API
Customer Support
Customer Service
Ticketing System
API",Zendesk,Zendesk API,Customer Support,Customer Service,Ticketing System,API,,,,,,,,,,,,,,,,,,,,,,,,,,
Norwegian,Norwegian,,,,,,,,,,,,,,,,,,,,,,,,,,,,,,,
"Thai
Thai to English Translation",Thai,Thai to English Translation,,,,,,,,,,,,,,,,,,,,,,,,,,,,,,
"Photography
Photo Editing
Business
Image Editing
People",Photography,Photo Editing,Business,Image Editing,People,,,,,,,,,,,,,,,,,,,,,,,,,,,
"Native
Translation
English
Czech",Native,Translation,English,Czech,,,,,,,,,,,,,,,,,,,,,,,,,,,,
"Native
Translation
English
Danish",Native,Translation,English,Danish,,,,,,,,,,,,,,,,,,,,,,,,,,,,
"Native
Translation
English
Norwegian",Native,Translation,English,Norwegian,,,,,,,,,,,,,,,,,,,,,,,,,,,,
Thai to English Translation,Thai to English Translation,,,,,,,,,,,,,,,,,,,,,,,,,,,,,,,
"Website
User Interface Design
Web Design
Responsive Design
User Experience Design
Mobile App Design
Mockup
User Flow",Website,User Interface Design,Web Design,Responsive Design,User Experience Design,Mobile App Design,Mockup,User Flow,,,,,,,,,,,,,,,,,,,,,,,,
"Electronics
Embedded System
Electronic Design
Electrical Engineering
Circuit Design
Digital Electronics
Analog Circuit
Altium Designer",Electronics,Embedded System,Electronic Design,Electrical Engineering,Circuit Design,Digital Electronics,Analog Circuit,Altium Designer,,,,,,,,,,,,,,,,,,,,,,,,
"Marketing Strategy
Search Engine Optimization
Social Media Marketing",Marketing Strategy,Search Engine Optimization,Social Media Marketing,,,,,,,,,,,,,,,,,,,,,,,,,,,,,
"Landing Page
Shopify
WordPress
Web Design",Landing Page,Shopify,WordPress,Web Design,,,,,,,,,,,,,,,,,,,,,,,,,,,,
"Urdu
Data Annotation
Data Entry",Urdu,Data Annotation,Data Entry,,,,,,,,,,,,,,,,,,,,,,,,,,,,,
"VoIP
Vtiger Development
API
VoIP Administration",VoIP,Vtiger Development,API,VoIP Administration,,,,,,,,,,,,,,,,,,,,,,,,,,,,
"English to Spanish Translation
Spanish to English Translation",English to Spanish Translation,Spanish to English Translation,,,,,,,,,,,,,,,,,,,,,,,,,,,,,,
"Native
Russian
English to Russian Translation
Translation
English",Native,Russian,English to Russian Translation,Translation,English,,,,,,,,,,,,,,,,,,,,,,,,,,,
"Drupal
Web Development
JavaScript
PHP",Drupal,Web Development,JavaScript,PHP,,,,,,,,,,,,,,,,,,,,,,,,,,,,
"Web Application
Python
API Integration
React
LevelDB
MongoDB
Data Analysis
Data Visualization
R
Google Analytics",Web Application,Python,API Integration,React,LevelDB,MongoDB,Data Analysis,Data Visualization,R,Google Analytics,,,,,,,,,,,,,,,,,,,,,,
"WordPress Development
WordPress
Web Development",WordPress Development,WordPress,Web Development,,,,,,,,,,,,,,,,,,,,,,,,,,,,,
"Mobile App Testing
Manual Testing
Software Testing
iOS",Mobile App Testing,Manual Testing,Software Testing,iOS,,,,,,,,,,,,,,,,,,,,,,,,,,,,
"Shopify
Shopify Apps",Shopify,Shopify Apps,,,,,,,,,,,,,,,,,,,,,,,,,,,,,,
"STM32
Embedded System
PCB Design
Electronics
Electrical Engineering
Microcontroller Programming
Digital Electronics
Electronic Design
ARM Cortex-M
Schematic",STM32,Embedded System,PCB Design,Electronics,Electrical Engineering,Microcontroller Programming,Digital Electronics,Electronic Design,ARM Cortex-M,Schematic,,,,,,,,,,,,,,,,,,,,,,
"Web Development
Web Design
WordPress
HTML",Web Development,Web Design,WordPress,HTML,,,,,,,,,,,,,,,,,,,,,,,,,,,,
"Adobe XD
Web Design
Prototyping
Mockup
Wireframing
Sketching
Sketch
Mobile App Design
Figma
User Flow",Adobe XD,Web Design,Prototyping,Mockup,Wireframing,Sketching,Sketch,Mobile App Design,Figma,User Flow,,,,,,,,,,,,,,,,,,,,,,
"Video Intro & Outro
Dialogue Editing
Audio Editing
Color Grading
360-Degree Video Editing
Prezi
Adobe Premiere Pro
Footage-Based Video
Video Editing
Final Cut Pro X",Video Intro & Outro,Dialogue Editing,Audio Editing,Color Grading,360-Degree Video Editing,Prezi,Adobe Premiere Pro,Footage-Based Video,Video Editing,Final Cut Pro X,,,,,,,,,,,,,,,,,,,,,,
"Testimonial Video
Concept Video
Video Editing
Video Production
Videography",Testimonial Video,Concept Video,Video Editing,Video Production,Videography,,,,,,,,,,,,,,,,,,,,,,,,,,,
"Accounting Principles & Practices
C-Corporation
Tax Preparation
Tax Law
IRS Income Tax Audits",Accounting Principles & Practices,C-Corporation,Tax Preparation,Tax Law,IRS Income Tax Audits,,,,,,,,,,,,,,,,,,,,,,,,,,,
"CSS
JavaScript
Web Design
Web Development
Graphic Design
HTML5",CSS,JavaScript,Web Design,Web Development,Graphic Design,HTML5,,,,,,,,,,,,,,,,,,,,,,,,,,
"Tailwind CSS
React
Next.js
Landing Page
CSS
JavaScript",Tailwind CSS,React,Next.js,Landing Page,CSS,JavaScript,,,,,,,,,,,,,,,,,,,,,,,,,,
"WooCommerce
WordPress
Elementor
PHP",WooCommerce,WordPress,Elementor,PHP,,,,,,,,,,,,,,,,,,,,,,,,,,,,
"HTML5
LeSS Framework
Angular 10
Angular Material
CSS",HTML5,LeSS Framework,Angular 10,Angular Material,CSS,,,,,,,,,,,,,,,,,,,,,,,,,,,
"Prezi
Business Presentation
Presentations
Presentation Design",Prezi,Business Presentation,Presentations,Presentation Design,,,,,,,,,,,,,,,,,,,,,,,,,,,,
"Data Cleansing
Lead Generation
Prospect List
Data Entry
List Building
Data Scraping
Data Mining",Data Cleansing,Lead Generation,Prospect List,Data Entry,List Building,Data Scraping,Data Mining,,,,,,,,,,,,,,,,,,,,,,,,,
Sports & Fitness,Sports & Fitness,,,,,,,,,,,,,,,,,,,,,,,,,,,,,,,
"Call of Duty
Game Design",Call of Duty,Game Design,,,,,,,,,,,,,,,,,,,,,,,,,,,,,,
"Contract Manufacturing
Supply Chain & Logistics
Retail & Consumer Goods
Business with 100-999 Employees
Supply Chain Management",Contract Manufacturing,Supply Chain & Logistics,Retail & Consumer Goods,Business with 100-999 Employees,Supply Chain Management,,,,,,,,,,,,,,,,,,,,,,,,,,,
"Business with 1-9 Employees
Web Development
WordPress
Web Design
HTML",Business with 1-9 Employees,Web Development,WordPress,Web Design,HTML,,,,,,,,,,,,,,,,,,,,,,,,,,,
"Digital Forensics
Blockchain
Data Analysis",Digital Forensics,Blockchain,Data Analysis,,,,,,,,,,,,,,,,,,,,,,,,,,,,,
"Web Design
UI/UX Prototyping
Wireframing",Web Design,UI/UX Prototyping,Wireframing,,,,,,,,,,,,,,,,,,,,,,,,,,,,,
"Google Ads
Facebook Ads Manager
Snapchat Ads Manager
Social Media Marketing
TikTok Ad
Campaign Optimization
Lead Generation
Facebook Advertising
Instagram",Google Ads,Facebook Ads Manager,Snapchat Ads Manager,Social Media Marketing,TikTok Ad,Campaign Optimization,Lead Generation,Facebook Advertising,Instagram,,,,,,,,,,,,,,,,,,,,,,,
"Custom PHP
Website Redesign
Web Application
Apache Tomcat
WordPress
Web Development
CSS
Web Design
PHP
HTML5",Custom PHP,Website Redesign,Web Application,Apache Tomcat,WordPress,Web Development,CSS,Web Design,PHP,HTML5,,,,,,,,,,,,,,,,,,,,,,
"Video Editing
Video Post-Editing",Video Editing,Video Post-Editing,,,,,,,,,,,,,,,,,,,,,,,,,,,,,,
"Brand Guidelines
Logo Design
Brand Positioning
Corporate Brand Identity
Digital Marketing Materials",Brand Guidelines,Logo Design,Brand Positioning,Corporate Brand Identity,Digital Marketing Materials,,,,,,,,,,,,,,,,,,,,,,,,,,,
"Adobe Photoshop
Graphic Design
Social Media Imagery
YouTube
Illustration
Logo Design
Adobe Illustrator",Adobe Photoshop,Graphic Design,Social Media Imagery,YouTube,Illustration,Logo Design,Adobe Illustrator,,,,,,,,,,,,,,,,,,,,,,,,,
"Ahrefs
Off-Page SEO
SEO Backlinking
SEO Keyword Research
Search Engine Optimization
HTML
Media & Entertainment
Business with 1-9 Employees",Ahrefs,Off-Page SEO,SEO Backlinking,SEO Keyword Research,Search Engine Optimization,HTML,Media & Entertainment,Business with 1-9 Employees,,,,,,,,,,,,,,,,,,,,,,,,
"MetaTrader 4
MQL 4
Forex Trading",MetaTrader 4,MQL 4,Forex Trading,,,,,,,,,,,,,,,,,,,,,,,,,,,,,
"Influencer Marketing
Tech & IT
Twitter
YouTube
Facebook Advertising
Social Media Management
Social Media Advertising
Social Media Marketing
Social Media Marketing Strategy
Twitter Ads Manager
NFT Marketing
Social Media Strategy
Twitter Marketing
Blockchain
Initial Coin Offering
ICO Marketing
Blockchain, NFT & Cryptocurrency
NFT
Influencer Shoutout
Influencer Research",Influencer Marketing,Tech & IT,Twitter,YouTube,Facebook Advertising,Social Media Management,Social Media Advertising,Social Media Marketing,Social Media Marketing Strategy,Twitter Ads Manager,NFT Marketing,Social Media Strategy,Twitter Marketing,Blockchain,Initial Coin Offering,ICO Marketing,"Blockchain, NFT & Cryptocurrency",NFT,Influencer Shoutout,Influencer Research,,,,,,,,,,,,
"Data Scraping
Data Entry",Data Scraping,Data Entry,,,,,,,,,,,,,,,,,,,,,,,,,,,,,,
"Voice-Over
Male
British English Accent",Voice-Over,Male,British English Accent,,,,,,,,,,,,,,,,,,,,,,,,,,,,,
"Content Marketing Strategy
Business Writing
Blog Writing
Content Writing
Website Content
Landing Page",Content Marketing Strategy,Business Writing,Blog Writing,Content Writing,Website Content,Landing Page,,,,,,,,,,,,,,,,,,,,,,,,,,
"Ethical Hacking
Penetration Testing
HackerRank
Information Security
Kali Linux
Metasploit
Cybersecurity Management
Network Security",Ethical Hacking,Penetration Testing,HackerRank,Information Security,Kali Linux,Metasploit,Cybersecurity Management,Network Security,,,,,,,,,,,,,,,,,,,,,,,,
"TikTok
LinkedIn
Canva
YouTube
Social Media Marketing
Copywriting
Instagram
Email & Newsletter
Email
Webinar",TikTok,LinkedIn,Canva,YouTube,Social Media Marketing,Copywriting,Instagram,Email & Newsletter,Email,Webinar,,,,,,,,,,,,,,,,,,,,,,
"Video Intro & Outro
English
Creative Writing
Content Writing
Scriptwriting
Writing
Scripting
Copywriting
Script",Video Intro & Outro,English,Creative Writing,Content Writing,Scriptwriting,Writing,Scripting,Copywriting,Script,,,,,,,,,,,,,,,,,,,,,,,
"Mobile App Testing
Web Testing
API Testing
Usability Testing
Manual Testing
Bug Tracking & Reports",Mobile App Testing,Web Testing,API Testing,Usability Testing,Manual Testing,Bug Tracking & Reports,,,,,,,,,,,,,,,,,,,,,,,,,,
"ASP.NET
.NET Compact Framework
ASP.NET Core
C#",ASP.NET,.NET Compact Framework,ASP.NET Core,C#,,,,,,,,,,,,,,,,,,,,,,,,,,,,
"iOS
Unity
C#
Game Development
Mobile App Development
Game Design",iOS,Unity,C#,Game Development,Mobile App Development,Game Design,,,,,,,,,,,,,,,,,,,,,,,,,,
"Google Analytics
Google Ads
Google Analytics API
Search Engine Optimization
SEO Keyword Research
Search Engine Marketing
Marketing Analytics
Analytics
Google Tag Manager",Google Analytics,Google Ads,Google Analytics API,Search Engine Optimization,SEO Keyword Research,Search Engine Marketing,Marketing Analytics,Analytics,Google Tag Manager,,,,,,,,,,,,,,,,,,,,,,,
"Web Design
Landing Page
HTML
JADE
Modern Style",Web Design,Landing Page,HTML,JADE,Modern Style,,,,,,,,,,,,,,,,,,,,,,,,,,,
"Wix
Web Design
WordPress
Web Development
Website Builder
Graphic Design
Hebrew",Wix,Web Design,WordPress,Web Development,Website Builder,Graphic Design,Hebrew,,,,,,,,,,,,,,,,,,,,,,,,,
"Unity
iOS
Game Design
Graphic Design
UI Graphics
Game Development",Unity,iOS,Game Design,Graphic Design,UI Graphics,Game Development,,,,,,,,,,,,,,,,,,,,,,,,,,
"Resume Writing
English
LinkedIn Development
Career Coaching",Resume Writing,English,LinkedIn Development,Career Coaching,,,,,,,,,,,,,,,,,,,,,,,,,,,,
"British English Accent
Canadian English Dialect
Voice-Over
Voice Acting
Male
Audio Editing
US English Dialect",British English Accent,Canadian English Dialect,Voice-Over,Voice Acting,Male,Audio Editing,US English Dialect,,,,,,,,,,,,,,,,,,,,,,,,,
"Graphic Design
Brand Guidelines
Adobe Illustrator
Adobe Photoshop
Branding
Corporate Brand Identity
Brand Identity
Brand Marketing
Brand Identity & Guidelines",Graphic Design,Brand Guidelines,Adobe Illustrator,Adobe Photoshop,Branding,Corporate Brand Identity,Brand Identity,Brand Marketing,Brand Identity & Guidelines,,,,,,,,,,,,,,,,,,,,,,,
"Search Engine Optimization
Website Content
Content Writing",Search Engine Optimization,Website Content,Content Writing,,,,,,,,,,,,,,,,,,,,,,,,,,,,,
"Database
Business with 1-9 Employees
Python
Django",Database,Business with 1-9 Employees,Python,Django,,,,,,,,,,,,,,,,,,,,,,,,,,,,
"Communications
Communication Etiquette
Live Interpretation
Virtual Assistant
Zoom Video Conferencing
Communication Skills",Communications,Communication Etiquette,Live Interpretation,Virtual Assistant,Zoom Video Conferencing,Communication Skills,,,,,,,,,,,,,,,,,,,,,,,,,,
"Videography
Video Production
Video Commercial",Videography,Video Production,Video Commercial,,,,,,,,,,,,,,,,,,,,,,,,,,,,,
"Moodle
MySQL
JavaScript
Web Development",Moodle,MySQL,JavaScript,Web Development,,,,,,,,,,,,,,,,,,,,,,,,,,,,
"Wix
Web Design
Web Development
Graphic Design",Wix,Web Design,Web Development,Graphic Design,,,,,,,,,,,,,,,,,,,,,,,,,,,,
"Golang
API
RESTful API
Kubernetes
Microservice",Golang,API,RESTful API,Kubernetes,Microservice,,,,,,,,,,,,,,,,,,,,,,,,,,,
"Videography
Video Production
Video Commercial",Videography,Video Production,Video Commercial,,,,,,,,,,,,,,,,,,,,,,,,,,,,,
"SQL
Vue.js
Laravel
MariaDB
Git
PHP
JavaScript
HTML",SQL,Vue.js,Laravel,MariaDB,Git,PHP,JavaScript,HTML,,,,,,,,,,,,,,,,,,,,,,,,
ERPNext,ERPNext,,,,,,,,,,,,,,,,,,,,,,,,,,,,,,,
"Facebook Ads Manager
Ad Creative
Google Analytics
LinkedIn Campaign Manager
Google Ads
Pay Per Click Advertising
PPC Campaign Setup & Management",Facebook Ads Manager,Ad Creative,Google Analytics,LinkedIn Campaign Manager,Google Ads,Pay Per Click Advertising,PPC Campaign Setup & Management,,,,,,,,,,,,,,,,,,,,,,,,,
"Qualitative Research
Researcher
Writing
Content Writing
English
Article Writing
Human Resource Management
Construction Management
Civil Engineering",Qualitative Research,Researcher,Writing,Content Writing,English,Article Writing,Human Resource Management,Construction Management,Civil Engineering,,,,,,,,,,,,,,,,,,,,,,,
"Data Scraping
Symfony
PHP",Data Scraping,Symfony,PHP,,,,,,,,,,,,,,,,,,,,,,,,,,,,,
"Contract Law
Contract Drafting
Legal Writing
Legal Consulting
Legal",Contract Law,Contract Drafting,Legal Writing,Legal Consulting,Legal,,,,,,,,,,,,,,,,,,,,,,,,,,,
"Spring Boot
Java
JavaScript",Spring Boot,Java,JavaScript,,,,,,,,,,,,,,,,,,,,,,,,,,,,,
"Animated Environment
3D Sculpting
Autodesk 3ds Max
Blender
Character Design
Animation
3D Animation
Motion Graphics",Animated Environment,3D Sculpting,Autodesk 3ds Max,Blender,Character Design,Animation,3D Animation,Motion Graphics,,,,,,,,,,,,,,,,,,,,,,,,
"Video Editing
Adobe Premiere Pro
Video Post-Editing
Video Intro & Outro
YouTube Development
Video Production
Adobe After Effects",Video Editing,Adobe Premiere Pro,Video Post-Editing,Video Intro & Outro,YouTube Development,Video Production,Adobe After Effects,,,,,,,,,,,,,,,,,,,,,,,,,
"Network Security
Malware",Network Security,Malware,,,,,,,,,,,,,,,,,,,,,,,,,,,,,,
"Microsoft Windows
System Administration
Windows Server
Microsoft Active Directory",Microsoft Windows,System Administration,Windows Server,Microsoft Active Directory,,,,,,,,,,,,,,,,,,,,,,,,,,,,
